Date,Close,High,Low,Open,Volume
1986-03-13,0.05970705300569534,0.0623729953457476,0.05437639459528293,0.05437639459528293,1031788800
1986-03-14,0.061839282512664795,0.0629060267455476,0.05970702031591987,0.05970702031591987,308160000
1986-03-17,0.06290605664253235,0.06343912244506557,0.06183931190266415,0.06183931190266415,133171200
1986-03-18,0.061306245625019073,0.06343912195342431,0.06077317982661701,0.06290605615502226,67766400
1986-03-19,0.060240089893341064,0.06183928664783752,0.05970702430850892,0.061306221063005366,47894400
1986-03-20,0.05864090844988823,0.060240105621932404,0.05810784272587351,0.060240105621932404,58435200
1986-03-21,0.05704168975353241,0.059707017367861936,0.0559755587078006,0.058640886322130124,59990400
1986-03-24,0.05544251576066017,0.057041712980437524,0.054909450020734385,0.057041712980437524,65289600
1986-03-25,0.0565086305141449,0.0565086305141449,0.05490943376772447,0.05544249934986461,32083200
1986-03-26,0.058107852935791016,0.058640918753468774,0.05597558966507997,0.056508655482757734,22752000
1986-03-27,0.05917394533753395,0.059173945337533944,0.058107814409046415,0.058107814409046415,16848000
1986-03-31,0.05864090844988823,0.05917397417390295,0.057574777001858785,0.05917397417390295,12873600
1986-04-01,0.058107852935791016,0.058640918753468774,0.058107852935791016,0.058640918753468774,11088000
1986-04-02,0.05864090844988823,0.05970703989791768,0.05810784272587351,0.05810784272587351,27014400
1986-04-03,0.05917394533753395,0.06077314173026525,0.059173945337533944,0.059173945337533944,23040000
1986-04-04,0.05917394533753395,0.05970701080177771,0.059173945337533944,0.059173945337533944,26582400
1986-04-07,0.058107852935791016,0.0597070503888243,0.05704172130043549,0.05917398457114654,16560000
1986-04-08,0.05864090844988823,0.05970703989791768,0.05810784272587351,0.05810784272587351,10252800
1986-04-09,0.05970705300569534,0.060240118846736586,0.05864092132361286,0.05864092132361286,12153600
1986-04-10,0.060240089893341064,0.06077315547817322,0.058640893138844616,0.05970702430850892,13881600
1986-04-11,0.061306245625019073,0.062372990356620195,0.06077317982661701,0.06077317982661701,17222400
1986-04-14,0.061839282512664795,0.062372961196361376,0.06130621696347856,0.06130621696347856,12153600
1986-04-15,0.061839282512664795,0.06183928251266479,0.05970702031591987,0.06183928251266479,9302400
1986-04-16,0.06397215276956558,0.06450521827646835,0.06130621210058996,0.06183927760749274,31910400
1986-04-17,0.0645052120089531,0.0645052120089531,0.06397214655384452,0.06397214655384452,22003200
1986-04-18,0.06237295642495155,0.06450521845858258,0.06183927778208034,0.06450521845858258,21628800
1986-04-21,0.06237295642495155,0.06290602193335931,0.06077314676526483,0.06237295642495155,22924800
1986-04-22,0.061306245625019073,0.062372990356620195,0.06130624562501907,0.062372990356620195,15552000
1986-04-23,0.06157275289297104,0.06183928797893982,0.060773156786326846,0.06130622238263333,15609600
1986-04-24,0.06770361959934235,0.06876975074355629,0.061306219599521976,0.061572750097760025,62352000
1986-04-25,0.07196872681379318,0.07490058850581267,0.0682366562559826,0.0682366562559826,85795200
1986-04-28,0.0725017860531807,0.07303485135449965,0.07143504231631752,0.07196872075186173,28886400
1986-04-29,0.0703689455986023,0.07250182096515186,0.06983588004059503,0.07250182096515186,30326400
1986-04-30,0.06876973807811737,0.07090199997384297,0.06717054165632316,0.07036893449991156,30902400
1986-05-01,0.06770361959934235,0.06876975074355629,0.0666374884551284,0.06876975074355629,54345600
1986-05-02,0.06770361959934235,0.06876975074355629,0.06717055402723537,0.06770361959934235,20246400
1986-05-05,0.06717055290937424,0.06770361847260986,0.06717055290937424,0.06770361847260986,3254400
1986-05-06,0.06770361959934235,0.06876975074355629,0.06770361959934235,0.06770361959934235,9734400
1986-05-07,0.06770361959934235,0.06823668517144932,0.0666374884551284,0.06770361959934235,5155200
1986-05-08,0.06823670864105225,0.06823670864105225,0.06717057713014883,0.06770364288560055,3542400
1986-05-09,0.06770361959934235,0.06823668517144932,0.06770361959934235,0.06823668517144932,6076800
1986-05-12,0.06823670864105225,0.06983590590740739,0.06770364288560055,0.06770364288560055,10483200
1986-05-13,0.06876973807811737,0.06930280355204876,0.06823667260418596,0.06823667260418596,3830400
1986-05-14,0.06823670864105225,0.06876977439650396,0.06823670864105225,0.06876977439650396,9302400
1986-05-15,0.06823670864105225,0.06930284015195567,0.06823670864105225,0.06823670864105225,3801600
1986-05-16,0.06876973807811737,0.07036893449991156,0.06823667260418596,0.06823667260418596,11952000
1986-05-19,0.06770361959934235,0.06876975074355629,0.06717055402723537,0.06876975074355629,11001600
1986-05-20,0.06717055290937424,0.06770361847260986,0.06663748734613861,0.06770361847260986,61977600
1986-05-21,0.0661044642329216,0.06770366194957837,0.0661044642329216,0.06717059604402612,8092800
1986-05-22,0.0661044642329216,0.06663753013847386,0.0661044642329216,0.0661044642329216,4406400
1986-05-23,0.0661044642329216,0.06717059604402612,0.0661044642329216,0.0661044642329216,4089600
1986-05-27,0.06823670864105225,0.06823670864105225,0.0661044456192454,0.0661044456192454,13881600
1986-05-28,0.0703689455986023,0.0703689455986023,0.06823668336657324,0.06823668336657324,15523200
1986-05-29,0.07196872681379318,0.07303485750623137,0.0698358522946399,0.070368917640859,45676800
1986-05-30,0.07463408261537552,0.07570021372307909,0.07250182039996839,0.07250182039996839,27072000
1986-06-02,0.0725017860531807,0.07463404725845653,0.0725017860531807,0.07463404725845653,19728000
1986-06-03,0.0725017860531807,0.0725017860531807,0.07143504231631752,0.0725017860531807,5011200
1986-06-04,0.07196872681379318,0.07303485750623137,0.07143504833329718,0.07250179216001228,4723200
1986-06-05,0.07303491979837418,0.07303491979837418,0.07143510926094712,0.07196878819662271,13708800
1986-06-06,0.07303491979837418,0.07303491979837418,0.07196878819662271,0.07303491979837418,3427200
1986-06-09,0.0698358565568924,0.07303486196372697,0.0698358565568924,0.07303486196372697,12672000
1986-06-10,0.0698358565568924,0.0698358565568924,0.06876972579938564,0.0698358565568924,3427200
1986-06-11,0.0698358565568924,0.0698358565568924,0.06876972579938564,0.0698358565568924,2304000
1986-06-12,0.06717055290937424,0.06983588072555236,0.06663748734613861,0.06983588072555236,13708800
1986-06-13,0.06717055290937424,0.06770361847260986,0.06663748734613861,0.06717055290937424,7891200
1986-06-16,0.06663748621940613,0.06770361732785082,0.06610442066518378,0.06717055177362848,9590400
1986-06-17,0.06770361959934235,0.06876975074355629,0.06717055402723537,0.06717055402723537,13075200
1986-06-18,0.06717055290937424,0.06770361847260986,0.06610442178290299,0.06770361847260986,4348800
1986-06-19,0.06663748621940613,0.06770361732785082,0.06610442066518378,0.06717055177362848,8467200
1986-06-20,0.06690406799316406,0.06717059866853729,0.06663753274215692,0.06663753274215692,3801600
1986-06-23,0.06770361959934235,0.06770361959934235,0.06557135731091446,0.06690402352899733,46195200
1986-06-24,0.06717055290937424,0.06823668403584549,0.06663748734613861,0.06770361847260986,14572800
1986-06-25,0.0661044642329216,0.06770366194957837,0.0661044642329216,0.06717059604402612,15235200
1986-06-26,0.06397215276956558,0.06663748030407947,0.06397215276956558,0.0661044147971767,19152000
1986-06-27,0.06343909353017807,0.0645052246493129,0.06290602797061065,0.06397215908974548,10396800
1986-06-30,0.06557133048772812,0.0671705265498678,0.06290600371749533,0.06343906907154188,62352000
1986-07-01,0.06557133048772812,0.06557133048772812,0.06503826513368156,0.06557133048772812,47577600
1986-07-02,0.06557133048772812,0.06557133048772812,0.06503826513368156,0.06557133048772812,52617600
1986-07-03,0.06663748621940613,0.06717055177362848,0.06610442066518378,0.06610442066518378,14140800
1986-07-07,0.06397215276956558,0.06663748030407947,0.06397215276956558,0.06663748030407947,14054400
1986-07-08,0.06237295642495155,0.06397215295017482,0.06183927778208034,0.06397215295017482,14256000
1986-07-09,0.05970705300569534,0.0623729953457476,0.0591739871646541,0.0623729953457476,46137600
1986-07-10,0.058107852935791016,0.06024011620650206,0.05544252384740221,0.0597070503888243,46886400
1986-07-11,0.05970705300569534,0.06077318468777782,0.058107855482571615,0.058107855482571615,17395200
1986-07-14,0.05890742316842079,0.060240089407570155,0.05810782708543594,0.05810782708543594,28598400
1986-07-15,0.05970705300569534,0.06077318468777782,0.058107855482571615,0.058907451956316886,13190400
1986-07-16,0.061839282512664795,0.06183928251266479,0.060240085865106104,0.060240085865106104,9360000
1986-07-17,0.06290605664253235,0.06290605664253235,0.06130624610013093,0.06183931190266415,6940800
1986-07-18,0.06343909353017807,0.06397215908974548,0.06130621815738612,0.06290602797061065,12326400
1986-07-21,0.06343909353017807,0.0645052246493129,0.06343909353017807,0.06343909353017807,3513600
1986-07-22,0.06557133048772812,0.06557133048772812,0.06343906907154188,0.06343906907154188,10512000
1986-07-23,0.06397215276956558,0.06663748030407947,0.06397215276956558,0.06557134929027392,20793600
1986-07-24,0.0661044642329216,0.06717059604402612,0.06503833242181709,0.06503833242181709,14140800
1986-07-25,0.06663748621940613,0.06717055177362848,0.06610442066518378,0.06610442066518378,20448000
1986-07-28,0.06503830850124359,0.06663750562972835,0.06503830850124359,0.06663750562972835,11808000
1986-07-29,0.06343909353017807,0.0655713557684477,0.062372962411043245,0.0650382902088803,14054400
1986-07-30,0.061306245625019073,0.06343912195342431,0.059173982431410824,0.06343912195342431,26409600
1986-07-31,0.060773152858018875,0.06183928398171834,0.06077315285801888,0.061306218419868615,15638400
1986-08-01,0.060240089893341064,0.061306221063005366,0.05970702430850892,0.06077315547817322,12902400
1986-08-04,0.060240089893341064,0.060240089893341064,0.058640893138844616,0.060240089893341064,12441600
1986-08-05,0.05970705300569534,0.06077318468777782,0.05970705300569534,0.060240118846736586,2822400
1986-08-06,0.05917394533753395,0.06024007626602148,0.058107814409046415,0.05970701080177771,18316800
1986-08-07,0.05864090844988823,0.05970703989791768,0.05810784272587351,0.05917397417390295,3657600
1986-08-08,0.05917394533753395,0.06024007626602148,0.05864087987329018,0.05864087987329018,4147200
1986-08-11,0.061306245625019073,0.06183931142342113,0.06024011402821495,0.06024011402821495,7948800
1986-08-12,0.06290605664253235,0.06290605664253235,0.06130624610013093,0.06130624610013093,9993600
1986-08-13,0.06343909353017807,0.06343909353017807,0.062372962411043245,0.06290602797061065,6883200
1986-08-14,0.06503830850124359,0.06557137421073851,0.06343911137275883,0.06343911137275883,20131200
1986-08-15,0.06530480086803436,0.06557133126038378,0.06450520053972798,0.06503826590005589,6105600
1986-08-18,0.0645052120089531,0.06557134291917024,0.0645052120089531,0.06530481247943089,12787200
1986-08-19,0.0645052120089531,0.06477174702432231,0.06343908109873593,0.0645052120089531,20390400
1986-08-20,0.06397215276956558,0.06450521827646835,0.06397215276956558,0.06450521827646835,20764800
1986-08-21,0.06397215276956558,0.06503828378337113,0.06397215276956558,0.06397215276956558,49536000
1986-08-22,0.06290605664253235,0.06450525405013202,0.06183931190266415,0.0639721882475988,5760000
1986-08-25,0.06290605664253235,0.06290605664253235,0.06183931190266415,0.06290605664253235,2419200
1986-08-26,0.06237295642495155,0.06290602193335931,0.06237295642495155,0.06290602193335931,10857600
1986-08-27,0.06237295642495155,0.06290602193335931,0.06183927778208034,0.06237295642495155,9532800
1986-08-28,0.06237295642495155,0.06290602193335931,0.06237295642495155,0.06237295642495155,3427200
1986-08-29,0.060773152858018875,0.06290602823994272,0.05970702173431942,0.062372962678092995,25430400
1986-09-02,0.05917394533753395,0.06077314173026525,0.05837434485335333,0.06077314173026525,5212800
1986-09-03,0.05757475644350052,0.05864088751084395,0.05597555984248537,0.05864088751084395,18316800
1986-09-04,0.06237295642495155,0.06237295642495155,0.05864088473163381,0.05864088473163381,39427200
1986-09-05,0.06503830850124359,0.06503830850124359,0.061839301109579324,0.06237297995376899,26352000
1986-09-08,0.0645052120089531,0.06557134291917024,0.0645052120089531,0.06503827746406167,9619200
1986-09-09,0.06557133048772812,0.0671705265498678,0.06450519977963501,0.06450519977963501,37526400
1986-09-10,0.0645052120089531,0.06610440837427883,0.0645052120089531,0.06557134291917024,10886400
1986-09-11,0.061839282512664795,0.06503828894229252,0.06183928251266479,0.0645052233931063,35654400
1986-09-12,0.060240089893341064,0.06237296536722102,0.060240089893341064,0.06183928664783752,24451200
1986-09-15,0.061306245625019073,0.06130624562501907,0.059173982431410824,0.06024011402821495,22492800
1986-09-16,0.061306245625019073,0.06183931142342113,0.06024011402821495,0.06130624562501907,5184000
1986-09-17,0.06290605664253235,0.0639721882475988,0.06077318029759771,0.06130624610013093,8035200
1986-09-18,0.06343909353017807,0.0645052246493129,0.06290602797061065,0.06290602797061065,5356800
1986-09-19,0.06343909353017807,0.06397215908974548,0.06290602797061065,0.06343909353017807,2505600
1986-09-22,0.06290605664253235,0.06343912244506557,0.06290605664253235,0.06343912244506557,4492800
1986-09-23,0.06397215276956558,0.06450521827646835,0.06290602175576002,0.06290602175576002,5961600
1986-09-24,0.06317257881164551,0.06397217506283084,0.0629060436774958,0.06397217506283084,4780800
1986-09-25,0.061839282512664795,0.06343909229473384,0.06183928251266479,0.06317256180795605,5155200
1986-09-26,0.061839282512664795,0.062372961196361376,0.06130621696347856,0.06183928251266479,2332800
1986-09-29,0.060240089893341064,0.06183928664783752,0.060240089893341064,0.06183928664783752,6192000
1986-09-30,0.060240089893341064,0.061306221063005366,0.060240089893341064,0.060240089893341064,5184000
1986-10-01,0.05970705300569534,0.061306250528819065,0.05864092132361286,0.060240118846736586,32428800
1986-10-02,0.05970705300569534,0.06077318468777782,0.0591739871646541,0.05970705300569534,22723200
1986-10-03,0.060240089893341064,0.06077315547817322,0.05970702430850892,0.05970702430850892,14716800
1986-10-06,0.06503830850124359,0.06610443992023343,0.061839301109579324,0.061839301109579324,85334400
1986-10-07,0.06637094169855118,0.06770360301455218,0.06503827580692043,0.06503827580692043,59788800
1986-10-08,0.06823670864105225,0.0690363049864136,0.06557137986379369,0.06637098078478748,119606400
1986-10-09,0.0703689455986023,0.07196875540714459,0.06823668336657324,0.06823668336657324,92563200
1986-10-10,0.0735679492354393,0.07516714584760159,0.0693028118018431,0.07036894287661795,76752000
1986-10-13,0.0703689455986023,0.07356795208116637,0.0703689455986023,0.07356795208116637,27129600
1986-10-14,0.07143507152795792,0.07196875018173707,0.07090200600865473,0.07090200600865473,12873600
1986-10-15,0.07463408261537552,0.0751671481692273,0.07143507615774909,0.07143507615774909,63532800
1986-10-16,0.07463408261537552,0.0751671481692273,0.07410101706152374,0.07463408261537552,21859200
1986-10-17,0.07676632702350616,0.07729938787807455,0.07463406530271399,0.07463406530271399,124444800
1986-10-20,0.07729938626289368,0.07836551710101282,0.07516712916228496,0.07676632541946367,43545600
1986-10-21,0.08049780875444412,0.08049780875444412,0.07783248524221567,0.07783248524221567,112377600
1986-10-22,0.08049780875444412,0.08129740946861766,0.07996474771250343,0.08049780875444412,54576000
1986-10-23,0.08049780875444412,0.08103087894764732,0.0796982171915331,0.08049780875444412,70444800
1986-10-24,0.07996472716331482,0.08049778806827049,0.0778324652409718,0.08049778806827049,101376000
1986-10-27,0.08263065665960312,0.08263065665960312,0.08049777285467082,0.08049777285467082,125654400
1986-10-28,0.084496408700943,0.08582907948833175,0.08263068607086976,0.08263068607086976,142646400
1986-10-29,0.0820976123213768,0.08476294462787806,0.08103086809452167,0.08449640499134503,53222400
1986-10-30,0.08369681239128113,0.08476294346905391,0.08156455023573554,0.08209761119899135,44380800
1986-10-31,0.08263065665960312,0.08476291817896141,0.08209758670413432,0.08369678741928226,63734400
1986-11-03,0.08422986418008804,0.0847629342365422,0.08316373321843991,0.08316373321843991,42192000
1986-11-04,0.08742828667163849,0.08742828667163849,0.08422989270359395,0.08422989270359395,54403200
1986-11-05,0.09275951981544495,0.09329258984206024,0.08689518214457759,0.08742825217119289,45100800
1986-11-06,0.09489177912473679,0.09702404087262272,0.09222645651550908,0.09275951737685086,72576000
1986-11-07,0.09435872733592987,0.09542485831238069,0.09275952629562349,0.09489178824852514,44323200
1986-11-10,0.09062667191028595,0.09435874889045888,0.09009360172466027,0.09435874889045888,28684800
1986-11-11,0.0911603644490242,0.09222649577682501,0.09116036444902419,0.09116036444902419,11894400
1986-11-12,0.0911603644490242,0.09329262710462582,0.09009361083531776,0.09116036444902419,34156800
1986-11-13,0.08982706069946289,0.09169340553851352,0.08956053021346011,0.09116034456650797,30211200
1986-11-14,0.09062667191028595,0.09062667191028595,0.0879613392846823,0.08982707120747863,18720000
1986-11-17,0.0911603644490242,0.09222649577682501,0.08956054974704901,0.09062668107484982,24307200
1986-11-18,0.08636211603879929,0.09169338336016924,0.08636211603879929,0.09116032251709782,59673600
1986-11-19,0.08956055343151093,0.09009361454170946,0.08636215931652867,0.08636215931652867,48729600
1986-11-20,0.09649099409580231,0.09649099409580231,0.08956053318751264,0.08956053318751264,98179200
1986-11-21,0.09968934953212738,0.10075610254243825,0.09702402729586336,0.09702402729586336,91065600
1986-11-24,0.10768594592809677,0.10821900670618538,0.09649095579011256,0.0996893479124182,173836800
1986-11-25,0.10875210165977478,0.10928516256052258,0.10715290065501117,0.10768597070701907,95788800
1986-11-26,0.10768594592809677,0.10928513741362059,0.10768594592809677,0.10875207663553198,38793600
1986-11-28,0.10608675330877304,0.10821901488478815,0.10502063167202416,0.10768595406641371,41328000
1986-12-01,0.10395454615354538,0.10661986970861473,0.10342147595177392,0.10608679950684326,40291200
1986-12-02,0.1044875979423523,0.1066198602579107,0.10448759794235228,0.10448759794235228,28771200
1986-12-03,0.10368796437978745,0.10555369560160803,0.10342143396274421,0.10448756478217612,35164800
1986-12-04,0.10502064228057861,0.1060867640250207,0.10288838048917522,0.10368797179750679,42508800
1986-12-05,0.1044875979423523,0.1055537291001315,0.10448759794235228,0.10502066809687283,107510400
1986-12-08,0.10342144966125488,0.10555371162377823,0.10182225776499255,0.10448758064251656,22665600
1986-12-09,0.10288843512535095,0.10395456658719349,0.10235536481879744,0.10342149628063999,16099200
1986-12-10,0.10368796437978745,0.10395450394808964,0.10182224230922583,0.10288837312865774,27590400
1986-12-11,0.1044875979423523,0.10502066809687283,0.10342146678457308,0.10368799728620241,11635200
1986-12-12,0.10075611621141434,0.10448756967865944,0.10075611621141434,0.10448756967865944,25286400
1986-12-15,0.09809020161628723,0.1012892083466359,0.09649100024276579,0.10075614732297022,50774400
1986-12-16,0.09915629774332047,0.10075611168555607,0.09862322775693932,0.09862322775693932,77299200
1986-12-17,0.10022244602441788,0.10075612923812227,0.09915631501718557,0.09915631501718557,23356800
1986-12-18,0.10102268308401108,0.10128921360969302,0.09968939901847612,0.1002224692211027,12672000
1986-12-19,0.10342144966125488,0.10448758064251656,0.10128918769873156,0.10128918769873156,56592000
1986-12-22,0.1044875979423523,0.1055537291001315,0.10342146678457308,0.10342146678457308,18316800
1986-12-23,0.10555372387170792,0.10555372387170792,0.10448759276673769,0.10448759276673769,23788800
1986-12-24,0.10528714954853058,0.1055536799259918,0.10502061917106936,0.1055536799259918,7027200
1986-12-26,0.10502064228057861,0.1060867640250207,0.10502064228057861,0.10528717271668914,3715200
1986-12-29,0.10075611621141434,0.10608676140711894,0.10075611621141434,0.10502063968898552,41702400
1986-12-30,0.10182228684425354,0.10235534791149024,0.09968940198689975,0.10075615555851718,25401600
1986-12-31,0.10288843512535095,0.10448762774248253,0.1018223036635084,0.1018223036635084,23356800
1987-01-02,0.10182228684425354,0.10395454941572628,0.10128921662575388,0.10288841812998992,12643200
1987-01-05,0.10768594592809677,0.10875207663553198,0.10128916168348552,0.10182223161283213,48499200
1987-01-06,0.10928519815206528,0.10981826837768124,0.10715293555212757,0.10768600577774354,40032000
1987-01-07,0.11514951288700104,0.11514951288700104,0.1092851743064891,0.1092851743064891,60998400
1987-01-08,0.11888096481561661,0.11994771814869012,0.11568257167362175,0.11568257167362175,61488000
1987-01-09,0.12367912381887436,0.12421219370947605,0.11834785753490314,0.1188809182742475,63705600
1987-01-12,0.1316758245229721,0.13274195598905497,0.12261308935091364,0.1236792208169965,128793600
1987-01-13,0.12794367969036102,0.13060962467004064,0.12581141787464184,0.13060962467004064,76320000
1987-01-14,0.12794367969036102,0.12847674056866096,0.1252783478450822,0.12794367969036102,69465600
1987-01-15,0.1348741203546524,0.13807251263251485,0.12794366186059764,0.12794366186059764,117014400
1987-01-16,0.1316758245229721,0.1348742097699562,0.12900987814741086,0.1348742097699562,65433600
1987-01-19,0.1364734172821045,0.1364734172821045,0.12900988357103294,0.13167583005867153,88243200
1987-01-20,0.13860568404197693,0.14180469179570906,0.1359403506172044,0.13647342096266496,95760000
1987-01-21,0.1444699913263321,0.1482014556516854,0.13594032733516656,0.13860566030345658,108489600
1987-01-22,0.15886400640010834,0.1593970675396111,0.14020548467661798,0.14447000124643264,116035200
1987-01-23,0.143936887383461,0.16526073444742337,0.143936887383461,0.15886394820892064,317894400
1987-01-26,0.14660221338272095,0.14820141455043528,0.1402054361656468,0.14500302136626766,116553600
1987-01-27,0.1524665653705597,0.1545988185300373,0.1466022263058522,0.1466022263058522,114105600
1987-01-28,0.1529996544122696,0.15513191698624504,0.14820144591057458,0.15246658419314427,76723200
1987-01-29,0.14660221338272095,0.15459880490199854,0.14340382934981438,0.15299962203680628,79228800
1987-01-30,0.15593142807483673,0.15619794930424857,0.14446989875668684,0.14660216010455873,104169600
1987-02-02,0.15566492080688477,0.1588639266260026,0.15566492080688477,0.1559314603940565,46915200
1987-02-03,0.1529996544122696,0.15726417956022046,0.15033432161916885,0.1556649780541074,59328000
1987-02-04,0.15353265404701233,0.15406571490158072,0.15140039232622016,0.15299959319244394,31737600
1987-02-05,0.1524665653705597,0.1545988185300373,0.15086737321313604,0.1535326965259294,42652800
1987-02-06,0.1468687802553177,0.15326618094484434,0.14606917952313653,0.15246658021266318,45619200
1987-02-09,0.1455361247062683,0.14660225607815025,0.1447365330408046,0.14660225607815025,136080000
1987-02-10,0.14606912434101105,0.14606912434101105,0.14233767091927535,0.14553605433718636,44668800
1987-02-11,0.1529996544122696,0.1529996544122696,0.14660224440446154,0.14660224440446154,60307200
1987-02-12,0.16366156935691833,0.1644611701006501,0.1529996526280222,0.1529996526280222,185731200
1987-02-13,0.1620623618364334,0.16579380701016083,0.15833089836018302,0.16366154478123532,81763200
1987-02-17,0.1631285548210144,0.16366161603469423,0.1583309672928341,0.16206243239365475,70732800
1987-02-18,0.1529996544122696,0.16579383383947802,0.15246658419314427,0.16312851019764021,128592000
1987-02-19,0.14660221338272095,0.15246655193048117,0.14500302136626766,0.15246655193048117,317750400
1987-02-20,0.1450030505657196,0.14660224290420432,0.14287078801356473,0.14660224290420432,87897600
1987-02-23,0.15406574308872223,0.156198005199623,0.14180462739218752,0.1450030205585387,125913600
1987-02-24,0.1615292727947235,0.1620623520466451,0.15406574230981815,0.15406574230981815,120816000
1987-02-25,0.15886400640010834,0.1644611941212083,0.1577972618351374,0.16152933040015052,65001600
1987-02-26,0.16472770273685455,0.16952591097736067,0.15566496958053558,0.15886397640198066,145209600
1987-02-27,0.16366156935691833,0.1657938319060278,0.16099624574616295,0.16472770978273593,37555200
1987-03-02,0.15886400640010834,0.16366159326068996,0.1577972618351374,0.16366159326068996,79516800
1987-03-03,0.15886400640010834,0.160463208121145,0.1567311212536035,0.15886400640010834,81100800
1987-03-04,0.1700589954853058,0.1705920565977166,0.1583309372136969,0.15886399832610773,98179200
1987-03-05,0.17805559933185577,0.18178706393265948,0.1700590050045587,0.1700590050045587,128188800
1987-03-06,0.1775224804878235,0.17912168169729734,0.17325733384514191,0.17805554145680727,63561600
1987-03-09,0.1743234246969223,0.17805549101074147,0.1732572847584873,0.17752243019278266,38275200
1987-03-10,0.1796547770500183,0.181787039636565,0.17379042807549788,0.17432350744902908,74102400
1987-03-11,0.18232007324695587,0.18338619522838945,0.1801878109815654,0.18232007324695584,43862400
1987-03-12,0.18311966955661774,0.1844523311531765,0.17805554450818067,0.1823200689381779,71337600
1987-03-13,0.17645573616027832,0.1844523278836643,0.17272427277454214,0.18311966631072765,105120000
1987-03-16,0.17538964748382568,0.1759227086092123,0.17005899962490337,0.1759227086092123,88473600
1987-03-17,0.18125393986701965,0.18232006178140808,0.17485653118736988,0.17538959214456412,54547200
1987-03-18,0.19084972143173218,0.19244890420979688,0.18232005111958655,0.18232005111958655,119347200
1987-03-19,0.19458124041557312,0.19458124041557312,0.1876513908271876,0.1908497942079982,62812800
1987-03-20,0.1924489587545395,0.19458122136548223,0.19138283660033126,0.19458122136548223,38246400
1987-03-23,0.19111624360084534,0.19511422801772402,0.18925052120013952,0.19244890507313822,67478400
1987-03-24,0.1924489587545395,0.193515099211274,0.1865846280154491,0.1865846280154491,69609600
1987-03-25,0.19164933264255524,0.19351507361947026,0.19031667097477242,0.1924489333037297,33840000
1987-03-26,0.19031661748886108,0.19191581836177624,0.18978355663206228,0.1916492787821175,33379200
1987-03-27,0.19564732909202576,0.19991245758375661,0.19138280458356022,0.19138280458356022,120873600
1987-03-30,0.20630989968776703,0.20630989968776703,0.1887175115782242,0.19564736043916883,186134400
1987-03-31,0.20630989968776703,0.21110748595284207,0.20364395373267338,0.20364395373267338,125337600
1987-04-01,0.19404816627502441,0.21057443286457858,0.19298202578539805,0.2063099075111268,259430400
1987-04-02,0.20257775485515594,0.20684290110261205,0.19724710905423207,0.19724710905423207,159955200
1987-04-03,0.21270665526390076,0.2137727772491231,0.2025777826058779,0.2025777826058779,155606400
1987-04-06,0.21164056658744812,0.213239768257791,0.2079091204266851,0.21270670713518597,98956800
1987-04-07,0.20044556260108948,0.21164054028030435,0.20044556260108948,0.21164054028030435,73728000
1987-04-08,0.20630989968776703,0.20844216228363663,0.20044556899013208,0.20044556899013208,106214400
1987-04-09,0.20257775485515594,0.20630984018302384,0.20097857209639128,0.20630984018302384,71568000
1987-04-10,0.2039104551076889,0.20417697644301686,0.2020447142477799,0.20257777522095846,43372800
1987-04-13,0.19724714756011963,0.20364393475149883,0.19618040322698846,0.20364393475149883,50256000
1987-04-14,0.20044556260108948,0.20364394724168483,0.19404815273150486,0.19724715965796857,87379200
1987-04-15,0.20471006631851196,0.2068429511006549,0.20204474277378848,0.20204474277378848,95961600
1987-04-16,0.21004128456115723,0.21430578984144477,0.20417693777351467,0.20470999864573572,188092800
1987-04-20,0.20417694747447968,0.2121735381309447,0.20364388657693155,0.2100412945407522,100310400
1987-04-21,0.2073759287595749,0.20897512956435224,0.19991239988920162,0.20417692316692926,113184000
1987-04-22,0.21004128456115723,0.21057434543337827,0.20737594359501357,0.20737594359501357,74678400
1987-04-23,0.21004128456115723,0.2121735280500414,0.20684288272279253,0.21004128456115723,48326400
1987-04-24,0.21110744774341583,0.21217356969712464,0.20737598430038934,0.210041325789707,54172800
1987-04-27,0.21110744774341583,0.21270664897650188,0.20737598430038934,0.21110744774341583,53107200
1987-04-28,0.22656755149364471,0.2271006307283996,0.2089751680408399,0.2111074300722956,111081600
1987-04-29,0.22017019987106323,0.2324313172522961,0.22017019987106323,0.2265675910660026,85161600
1987-04-30,0.22176934778690338,0.22656755514510174,0.21697176271443852,0.22017016496442948,88041600
1987-05-01,0.22390158474445343,0.22443466392802028,0.21910400020998855,0.22176932291774465,37843200
1987-05-04,0.22816675901412964,0.2297659601583578,0.22283549065099048,0.2239016125454614,34531200
1987-05-05,0.24682529270648956,0.24682529270648954,0.22869982880771564,0.22869982880771564,110995200
1987-05-06,0.24096091091632843,0.24895751980331565,0.2398947891308311,0.246825257929801,153504000
1987-05-07,0.25215601921081543,0.25268908034825793,0.23936183811359077,0.24096102152591828,289699200
1987-05-08,0.2697482407093048,0.273480325228014,0.2526889222920744,0.2526889222920744,150048000
1987-05-11,0.2622847557067871,0.26974828539242973,0.2620182344118897,0.26974828539242973,127382400
1987-05-12,0.2532220184803009,0.26495067474101996,0.24949055599545078,0.262284729953019,148464000
1987-05-13,0.25961944460868835,0.2606855847437447,0.2548218597572367,0.2548218597572367,73382400
1987-05-14,0.2617517411708832,0.2665499489421982,0.2596194789214793,0.2596194789214793,59961600
1987-05-15,0.2542887330055237,0.2612185780304279,0.2542887330055237,0.2612185780304279,84326400
1987-05-18,0.24575915932655334,0.2542888305461194,0.2388287076602255,0.2542888305461194,172598400
1987-05-19,0.23722945153713226,0.24575910248122365,0.23722945153713226,0.24575910248122365,78336000
1987-05-20,0.23349738121032715,0.23616332626210476,0.2286997965708427,0.23616332626210476,228355200
1987-05-21,0.23776254057884216,0.24042786349444006,0.23403047353230128,0.23403047353230128,93312000
1987-05-22,0.2308320254087448,0.23882863315080988,0.22976590377589048,0.23776249321543824,64627200
1987-05-26,0.23349738121032715,0.23456352129827923,0.23029899755151081,0.23083205844422688,46886400
1987-05-27,0.23349738121032715,0.23882866733072497,0.232431259424895,0.23349738121032715,48758400
1987-05-28,0.24789132177829742,0.24842440084897513,0.23296426588360214,0.2334973266517642,108662400
1987-05-29,0.24575915932655334,0.25215594602689106,0.2452260983438226,0.24789142155999924,80380800
1987-06-01,0.24096091091632843,0.24575911784178375,0.24096091091632843,0.24575911784178375,30326400
1987-06-02,0.23989485204219818,0.2446930602259624,0.23669646754442394,0.24096097410728134,51552000
1987-06-03,0.24149401485919952,0.24469302113171373,0.24096093560930254,0.24096093560930254,21628800
1987-06-04,0.23989485204219818,0.24149405344234764,0.2382956506420487,0.24149405344234764,20390400
1987-06-05,0.2329644113779068,0.24096100508756488,0.22816682486315884,0.2398948828854107,59270400
1987-06-08,0.23403044044971466,0.23456350129697645,0.22923285621932166,0.23296430045267266,111571200
1987-06-09,0.23243141174316406,0.2345636750138751,0.23136527095654258,0.23403061377183032,25833600
1987-06-10,0.22070328891277313,0.23349746894345458,0.21590570247066843,0.23243134675744323,176256000
1987-06-11,0.20790909230709076,0.22550147966328166,0.20737601295405664,0.2244347352764025,268704000
1987-06-12,0.2095082402229309,0.21643870990739694,0.20737597807698022,0.20790905734035958,196156800
1987-06-15,0.2095082402229309,0.21270664259311806,0.2052431119477949,0.2095082402229309,125222400
1987-06-16,0.21377278864383698,0.2164387343373128,0.20897520284956445,0.20950826387058932,73526400
1987-06-17,0.22123625874519348,0.22176931961831003,0.2148388693771019,0.2148388693771019,71078400
1987-06-18,0.22363506257534027,0.22390158386355558,0.2175048167111156,0.2207032002873356,56188800
1987-06-19,0.22283555567264557,0.2265676239805446,0.22176941516456147,0.22443475728350815,40809600
1987-06-22,0.22123625874519348,0.2239015814132955,0.21963707612584382,0.2239015814132955,87436800
1987-06-23,0.21910405158996582,0.22123631391669085,0.21430584364465577,0.22123631391669085,100771200
1987-06-24,0.22336862981319427,0.22603457607114458,0.22017024470731023,0.22017024470731023,82684800
1987-06-25,0.22283555567264557,0.22390167787820253,0.22070329295900454,0.22283555567264557,44035200
1987-06-26,0.22336862981319427,0.22443477038350776,0.2212363669750955,0.22336862981319427,21945600
1987-06-29,0.2223023623228073,0.2233684838941315,0.21857090021814016,0.2233684838941315,25632000
1987-06-30,0.21750475466251373,0.2233684592632371,0.21697167563311814,0.22283539853635573,38332800
1987-07-01,0.21857094764709473,0.22017014865361698,0.21643868573923847,0.21697174664057248,21945600
1987-07-02,0.21323977410793304,0.2191041055084751,0.2105744501192581,0.2191041055084751,56880000
1987-07-06,0.20790909230709076,0.21537200192179,0.20684295190354784,0.21270667836672066,65491200
1987-07-07,0.1924489587545395,0.20737602330039756,0.19084977552322713,0.20737602330039756,197078400
1987-07-08,0.19884628057479858,0.20204466391969506,0.18871742911157846,0.1940480741205786,193449600
1987-07-09,0.20417694747447968,0.20897515444313589,0.1988463018939583,0.19991242368905454,92707200
1987-07-10,0.20684289932250977,0.2079090394550318,0.2004455094517571,0.20311083232928112,75830400
1987-07-13,0.21164056658744812,0.21217362771005313,0.20471009480005364,0.20684297987894726,48326400
1987-07-14,0.22390158474445343,0.22443466392802028,0.21217353156315116,0.21323967162776533,152812800
1987-07-15,0.21803799271583557,0.22550152615516064,0.2180379927158356,0.22390170208541,96768000
1987-07-16,0.21750475466251373,0.21963701587255338,0.21323960995695068,0.21857087611627643,72979200
1987-07-17,0.21803799271583557,0.22176943914123864,0.21697185209248535,0.21750493155542502,51264000
1987-07-20,0.21217350661754608,0.2175047919944331,0.21164044579917163,0.2175047919944331,42019200
1987-07-21,0.21164056658744812,0.2153720310507389,0.21004138321963303,0.21217362771005313,36547200
1987-07-22,0.21323977410793304,0.2143058963823917,0.21004138898202876,0.21164057239371675,53366400
1987-07-23,0.2084420919418335,0.2132396765878941,0.20044550134689426,0.2132396765878941,148492800
1987-07-24,0.21004128456115723,0.2121735280500414,0.20844208364197486,0.2089751445141959,57744000
1987-07-27,0.21270665526390076,0.21270665526390078,0.20684292943760788,0.2100413319983216,41817600
1987-07-28,0.21217350661754608,0.21697171287354128,0.21164044579917163,0.21377270737518675,38160000
1987-07-29,0.21164056658744812,0.21270670713518597,0.20844218154929015,0.21217362771005313,27676800
1987-07-30,0.20684289932250977,0.21164048416255712,0.2047100150742831,0.21164048416255712,55555200
1987-07-31,0.20044556260108948,0.20577620976959027,0.1961804152594103,0.20577620976959027,186624000
1987-08-03,0.19564732909202576,0.201511658850062,0.19458118881364778,0.2004455368742072,116352000
1987-08-04,0.1999124139547348,0.1999124139547348,0.1956472863938283,0.1956472863938283,135072000
1987-08-05,0.2073759287595749,0.2100412695350431,0.19991239988920162,0.200445479025806,211190400
1987-08-06,0.21537189185619354,0.21670517523821659,0.2079089860554051,0.2079089860554051,152553600
1987-08-07,0.22070328891277313,0.22283555158732266,0.21483895799874592,0.2153720190917516,171014400
1987-08-10,0.22070328891277313,0.2217694110987845,0.2185710262382236,0.22123635000577882,56448000
1987-08-11,0.21643874049186707,0.2228355278336347,0.21537199613365673,0.22176938745874433,68544000
1987-08-12,0.21323977410793304,0.21697184265702946,0.21323977410793304,0.21643878151980012,42364800
1987-08-13,0.21963703632354736,0.22283541928515976,0.213239629812265,0.213239629812265,80640000
1987-08-14,0.22070328891277313,0.22123635000577882,0.2185710262382236,0.21963716672676178,50832000
1987-08-17,0.2223023623228073,0.2223023623228073,0.2196370400919806,0.22070316166330478,33667200
1987-08-18,0.21857094764709473,0.221769331357619,0.21643868573923847,0.22070320955495099,46944000
1987-08-19,0.21857094764709473,0.21910400854842874,0.21430580154569479,0.21857094764709473,48902400
1987-08-20,0.2244347780942917,0.22550152268468543,0.21857105051243111,0.21857105051243111,82051200
1987-08-21,0.22816675901412964,0.2308320820528287,0.2239016125454614,0.2239016125454614,68976000
1987-08-24,0.23829561471939087,0.23936175492627992,0.22496775483069875,0.22816676113206877,97747200
1987-08-25,0.24469317495822906,0.24895770182317178,0.23776270109219816,0.24042802580715403,185961600
1987-08-26,0.24629229307174683,0.25162294068280827,0.2436263469802961,0.24469309146741758,114105600
1987-08-27,0.24682529270648956,0.2478914146421992,0.24362628631107308,0.24629223173863474,72432000
1987-08-28,0.2564210593700409,0.2585533213256708,0.24735832834854235,0.24735832834854235,114796800
1987-08-31,0.2532220184803009,0.2564210241082752,0.24895749515547735,0.2553548841258103,84326400
1987-09-01,0.24202710390090942,0.253222098893646,0.2409609635798804,0.2516228975633644,93859200
1987-09-02,0.24522612988948822,0.24575919094079143,0.2393617994342397,0.23989486048554293,78393600
1987-09-03,0.24575915932655334,0.2510898240614296,0.24256015284186358,0.24789142155999924,70934400
1987-09-04,0.2388286590576172,0.24629218849034,0.23829557988084724,0.24575910931357006,48355200
1987-09-08,0.23776254057884216,0.23882868072659388,0.23083207139156706,0.23829560150145757,96336000
1987-09-09,0.24042773246765137,0.24309305393071914,0.23776241100458353,0.23882855057131724,60710400
1987-09-10,0.24415938556194305,0.24682533140751214,0.24096098264827495,0.24149406200223655,58176000
1987-09-11,0.24789132177829742,0.24842440084897513,0.24309311597427571,0.24415925581311546,41040000
1987-09-14,0.2542887330055237,0.2558879336428142,0.24842440555410808,0.24842440555410808,94464000
1987-09-15,0.2513562738895416,0.25482181903089507,0.2478913510337936,0.25482181903089507,39052800
1987-09-16,0.24895761907100677,0.25588809063338647,0.24895761907100677,0.2516229429000234,57715200
1987-09-17,0.24735824763774872,0.2505566303763295,0.24256004209312185,0.2494905088976408,69436800
1987-09-18,0.24522612988948822,0.24735839239722646,0.24309324509588756,0.24735839239722646,31651200
1987-09-21,0.22816675901412964,0.24415933783458688,0.226034496922666,0.22816675901412964,85550400
1987-09-22,0.24415938556194305,0.24629227035607593,0.2260345411070459,0.22816680361531616,82008000
1987-09-23,0.2569540739059448,0.25748713472301055,0.24629216206897164,0.24629216206897164,107697600
1987-09-24,0.2612186670303345,0.2697483195816979,0.25588802082651435,0.25588802082651435,118440000
1987-09-25,0.2644178569316864,0.27721206095112827,0.2612188483634526,0.2622849710232897,82454400
1987-09-28,0.272946834564209,0.27827810525347374,0.26335103783133057,0.2644177824769816,95544000
1987-09-29,0.2740134000778198,0.2782779233335671,0.27134745533300153,0.27507954004301555,57412800
1987-09-30,0.2825426757335663,0.28414248181064367,0.27294687749152297,0.27294687749152297,85680000
1987-10-01,0.2921382486820221,0.2932049926727834,0.28147631783249066,0.28254245784014004,127224000
1987-10-02,0.3091975450515747,0.3102637033434712,0.29320498764794517,0.2942711276373234,131644800
1987-10-05,0.3369188606739044,0.3369188606739044,0.31346275142202,0.31346275142202,184320000
1987-10-06,0.31452885270118713,0.33798492108088474,0.3129296518494667,0.3369187993814167,203040000
1987-10-07,0.31132984161376953,0.3209256328023363,0.3049330562443206,0.3155949874790551,125640000
1987-10-08,0.30706530809402466,0.31666109897196293,0.2964033955069496,0.3123965755303786,96940800
1987-10-09,0.3059993088245392,0.32092575082572306,0.3059993088245392,0.3081315530959887,93888000
1987-10-12,0.3049331307411194,0.3113299176733377,0.2942712152041409,0.3070653930518588,117187200
1987-10-13,0.3123966157436371,0.31559501788779903,0.3028008236304804,0.30813146946738895,96811200
1987-10-14,0.30386701226234436,0.31879343429144785,0.30173412764105517,0.3123966655875407,114220800
1987-10-15,0.300667941570282,0.3102637520568359,0.29853567955926513,0.300667941570282,128822400
1987-10-16,0.2761456072330475,0.31772714416031317,0.274013346025785,0.3006678282337612,210240000
1987-10-19,0.19298198819160461,0.2708144749584181,0.19191586621219062,0.26228480362722256,146880000
1987-10-20,0.20471006631851196,0.22176939255797562,0.1833862150864806,0.19618041235004274,324000000
1987-10-21,0.24149401485919952,0.2580202769169659,0.2132396981608285,0.22070322861738795,262080000
1987-10-22,0.22710061073303223,0.24735831536591046,0.21750481930189267,0.24202704762220678,223200000
1987-10-23,0.2057761698961258,0.22603449938956624,0.20257776757276266,0.22390161498908373,112766400
1987-10-26,0.16739298403263092,0.2047100110251816,0.15886393635123955,0.1983132435666584,148320000
1987-10-27,0.17592258751392365,0.1833861153253935,0.16739293818553905,0.17379032617757884,234720000
1987-10-28,0.17592258751392365,0.18125387229156398,0.16419453702976416,0.17059194332431923,149760000
1987-10-29,0.20364399254322052,0.2079091408337014,0.17592272495864802,0.17592272495864802,167040000
1987-10-30,0.21217350661754608,0.2228354367832122,0.20684286182876696,0.21217350661754608,168480000
1987-11-02,0.21430587768554688,0.21750490312084733,0.20684296750784345,0.21004137065723544,84772800
1987-11-03,0.20471006631851196,0.21323973858950643,0.186584617982169,0.2100413539963433,116150400
1987-11-04,0.20790909230709076,0.21643874630866913,0.19618041311154738,0.20044556040653,95342400
1987-11-05,0.21537189185619354,0.21857089711278468,0.2079089860554051,0.2089751076115823,81432000
1987-11-06,0.20257775485515594,0.2153719490261069,0.20044551117680307,0.21430580888440962,75355200
1987-11-09,0.20044556260108948,0.20257780682646936,0.19404815273150486,0.199379422185874,86587200
1987-11-10,0.20044556260108948,0.20684295416814855,0.19404815273150486,0.19831330007318407,91166400
1987-11-11,0.2089751958847046,0.21004133619374565,0.20151166464570558,0.20257778665222292,54619200
1987-11-12,0.21323977410793304,0.22176942949715006,0.20897524840504178,0.21643878151980012,99172800
1987-11-13,0.2057761698961258,0.21430582233829057,0.2057761698961258,0.21323970043218418,58492800
1987-11-16,0.20364399254322052,0.2121736485356459,0.20257785189083719,0.2079091408337014,59472000
1987-11-17,0.19937938451766968,0.20257776855400303,0.19298197585673005,0.19937938451766968,69321600
1987-11-18,0.20471006631851196,0.20471006631851194,0.19191588735747506,0.20257780382222812,89308800
1987-11-19,0.19724714756011963,0.20684294148175641,0.19618040322698846,0.20577619714862525,75024000
1987-11-20,0.20257775485515594,0.2036438949968532,0.19084971912842308,0.19404810294847322,82468800
1987-11-23,0.20364399254322052,0.2079091408337014,0.20044560719112975,0.20151172954098345,44640000
1987-11-24,0.20257775485515594,0.20897516308348577,0.19404810294847322,0.20684290110261205,72230400
1987-11-25,0.19618040323257446,0.20364393475729736,0.19618040323257446,0.20257779440744159,32155200
1987-11-27,0.19298198819160461,0.19724713500009766,0.19191586621219062,0.1961803907348931,18316800
1987-11-30,0.19084972143173218,0.1919158432837753,0.17272425895539778,0.18871745942512483,164160000
1987-12-01,0.18658453226089478,0.19511418231064434,0.1833861308346264,0.18978353767021952,73540800
1987-12-02,0.18765127658843994,0.19084967802212083,0.18232000965008635,0.18551839278125032,68515200
1987-12-03,0.17219115793704987,0.19084967699502806,0.1716580971351441,0.18871741548488827,127670400
1987-12-04,0.17912167310714722,0.18072085593740642,0.1705920025166084,0.17165814270596952,121752000
1987-12-07,0.1844523698091507,0.18658463247101095,0.18018784448543015,0.1833862293269572,66211200
1987-12-08,0.20257775485515594,0.20257775485515592,0.18338617075839597,0.18445231090009326,112521600
1987-12-09,0.19724714756011963,0.20577619714862525,0.19618040322698846,0.20151167235437242,83793600
1987-12-10,0.20257775485515594,0.21110742506435948,0.18871745714754937,0.19404810294847322,165600000
1987-12-11,0.20471006631851196,0.2068429511006549,0.199379419229065,0.20364394422163265,72475200
1987-12-14,0.21643874049186707,0.21750488086675743,0.20364393953916698,0.2047100616115325,95112000
1987-12-15,0.21857094764709473,0.221236270456285,0.21323967974302677,0.21857094764709473,112219200
1987-12-16,0.23136529326438904,0.2334975567406893,0.21430595918423048,0.21537210007364746,105537600
1987-12-17,0.22176934778690338,0.23349740228338672,0.22070322590525412,0.23349740228338672,94017600
1987-12-18,0.22176934778690338,0.2292328964542681,0.22176934778690338,0.2239016098527235,52488000
1987-12-21,0.21963703632354736,0.22816668594089407,0.21643863505941907,0.22390154083819191,51163200
1987-12-22,0.22390158474445343,0.22603446885682593,0.21323967162776533,0.2196370793935554,41774400
1987-12-23,0.22710061073303223,0.22923287257675015,0.2228354647599277,0.22710061073303223,60710400
1987-12-24,0.22710061073303223,0.22923287257675015,0.22603447065991342,0.22710061073303223,12672000
1987-12-28,0.21857094764709473,0.22710061756420719,0.21323967974302677,0.22603447745901895,50716800
1987-12-29,0.23243141174316406,0.2345636750138751,0.21537207930783736,0.2185710873487231,79459200
1987-12-30,0.23776254057884216,0.23882868072659388,0.23136513231418246,0.23243127246193418,70704000
1987-12-31,0.23136529326438904,0.23776270597943494,0.22923304809062248,0.2356304425031347,61545600
1988-01-04,0.2388286590576172,0.24096090255461983,0.23243125137339568,0.233497373121897,110347200
1988-01-05,0.24309319257736206,0.24735833895724693,0.24096093053028364,0.24415933275216198,155520000
1988-01-06,0.2494906187057495,0.2548218873361678,0.2430932098248884,0.24415935007533127,121680000
1988-01-07,0.258020281791687,0.2585533427491333,0.24522608671209215,0.24735834884439914,90676800
1988-01-08,0.2388286590576172,0.2633508868696518,0.23722945813234594,0.25695410147108605,145440000
1988-01-11,0.24682529270648956,0.24735835367434436,0.23349741412345398,0.2377625607571026,143568000
1988-01-12,0.24202710390090942,0.24949063522383028,0.23136516991742537,0.24735837288429616,168480000
1988-01-13,0.24202710390090942,0.24949063522383028,0.23349743225695951,0.23882871954287016,96148800
1988-01-14,0.23989485204219818,0.24735838369119503,0.23882872997711502,0.24415937690758027,40608000
1988-01-15,0.24629229307174683,0.2526890628840098,0.24629229307174683,0.25162294068280827,92174400
1988-01-18,0.24415938556194305,0.24735839245894836,0.23989486054540252,0.24735839245894836,30038400
1988-01-19,0.24415938556194305,0.24842453286434618,0.23776259803713226,0.23882873844253008,47419200
1988-01-20,0.23029902577400208,0.24415934278395923,0.22390161708418788,0.24202708064927236,208800000
1988-01-21,0.23456363379955292,0.23989490417441162,0.23136523030420023,0.23136523030420023,125107200
1988-01-22,0.22976602613925934,0.23936182144090817,0.2249678173454751,0.23722955873713203,75297600
1988-01-25,0.23776254057884216,0.23989480257182466,0.23136513231418246,0.23136513231418246,75499200
1988-01-26,0.23243141174316406,0.23829574429680564,0.23136527095654258,0.2345636750138751,43560000
1988-01-27,0.23776254057884216,0.23989480257182466,0.23349739430716496,0.23349739430716496,100411200
1988-01-28,0.24096091091632843,0.2420270510043457,0.23882866734533373,0.23882866734533373,29318400
1988-01-29,0.23776254057884216,0.24309318641003794,0.23243127246193418,0.24096092441705544,66700800
1988-02-01,0.23563043773174286,0.24309335059640685,0.23456369288031548,0.24202722803111199,48729600
1988-02-02,0.23776254057884216,0.23882868072659388,0.23349739430716496,0.2356302785858597,60753600
1988-02-03,0.22496777772903442,0.23776257796786118,0.22283551540074603,0.23776257796786118,75801600
1988-02-04,0.21750475466251373,0.22710054324191878,0.21217347020067376,0.22603440348564183,114710400
1988-02-05,0.21963703632354736,0.22816668594089407,0.2185708964679993,0.22176927942961167,94104000
1988-02-08,0.22070328891277313,0.223901673773334,0.2164387635636741,0.2164387635636741,72878400
1988-02-09,0.22496777772903442,0.2260345220277268,0.22176937508533992,0.22283551540074603,49939200
1988-02-10,0.22923289239406586,0.23029901425683186,0.22390160588694974,0.2260344902007254,77025600
1988-02-11,0.23349738121032715,0.23349738121032715,0.22923287576607868,0.23029899755151081,69436800
1988-02-12,0.23563043773174286,0.23989496459798895,0.23243142944719242,0.23349755201248729,80222400
1988-02-16,0.24522612988948822,0.24629227029462003,0.23243132857385942,0.23456359108159763,67334400
1988-02-17,0.24522612988948822,0.25055677700757106,0.24415938550101934,0.24735839239722646,101318400
1988-02-18,0.24735824763774872,0.2516227701575329,0.2430931028324662,0.24415924261366959,84153600
1988-02-19,0.25055673718452454,0.25055673718452454,0.24629223114936655,0.24842449331820676,53164800
1988-02-22,0.25055673718452454,0.25162287742020584,0.24735835308252543,0.25055673718452454,52228800
1988-02-23,0.25375524163246155,0.25588812694476937,0.2505568379417556,0.2505568379417556,91728000
1988-02-24,0.25535494089126587,0.259086404205621,0.25375513573009284,0.25375513573009284,79560000
1988-02-25,0.24789132177829742,0.25802019017148664,0.24682520024197332,0.25482178895748303,61560000
1988-02-26,0.24842455983161926,0.25055680426882604,0.2441594120662208,0.24842455983161926,29923200
1988-02-29,0.2532220184803009,0.2537550793202743,0.24735829433303902,0.24949055599545078,39326400
1988-03-01,0.2516227960586548,0.2558879413029756,0.24949053457927556,0.2548218014120277,43300800
1988-03-02,0.25375524163246155,0.2590865123329455,0.2505568379417556,0.2516229786061675,67896000
1988-03-03,0.26015257835388184,0.2622848409183942,0.2548219310938638,0.2558880715273829,83664000
1988-03-04,0.2590864598751068,0.26121872246967665,0.2548219346859671,0.2601525820211287,68356800
1988-03-07,0.2670831084251404,0.26761618791097536,0.25908651348195755,0.26015263584856774,78004800
1988-03-08,0.2724136412143707,0.2761457082509185,0.2676160563186365,0.2686821781610126,96897600
1988-03-09,0.272946834564209,0.27507971987202834,0.26974843088023387,0.2708145715424022,81734400
1988-03-10,0.26761627197265625,0.2772120717824473,0.2660170696178812,0.27401366707289715,97948800
1988-03-11,0.2665499448776245,0.2686822070945139,0.26015253594117876,0.2665499448776245,84297600
1988-03-14,0.2713475525379181,0.27188061356021564,0.2622848196629333,0.26548384468759606,46281600
1988-03-15,0.2665499448776245,0.27188059126858655,0.26548382292044126,0.27188059126858655,43761600
1988-03-16,0.2761456072330475,0.2761456072330475,0.26441755745887774,0.26761595842102864,54547200
1988-03-17,0.2724136412143707,0.2793440920805677,0.27188056199066174,0.27721184839581553,125308800
1988-03-18,0.24842455983161926,0.2729467984566311,0.24842455983161926,0.27188065793550037,169920000
1988-03-21,0.25055673718452454,0.25055673718452454,0.24202708452592256,0.24949061525136565,198720000
1988-03-22,0.2569540739059448,0.2590863354767251,0.2505566669080149,0.2505566669080149,115833600
1988-03-23,0.2516227960586548,0.26601679188870186,0.2505566561677069,0.2633508473295446,151200000
1988-03-24,0.24096091091632843,0.2505567024815617,0.23776252725731645,0.2505567024815617,159840000
1988-03-25,0.23936179280281067,0.24575918413212505,0.23776259139068096,0.2420271162880103,47332800
1988-03-28,0.2425602227449417,0.24309328388129456,0.23456362850610255,0.23669651364000394,67147200
1988-03-29,0.24096091091632843,0.24842445891056697,0.2398947891308311,0.24415931287786033,80712000
1988-03-30,0.23349738121032715,0.24309317277497344,0.23136511933694295,0.2420270509895413,100713600
1988-03-31,0.24096091091632843,0.24096091091632843,0.23243125943911247,0.23243125943911247,50256000
1988-04-04,0.23563043773174286,0.2409610871632838,0.23243142944719242,0.23882884203269408,47721600
1988-04-05,0.2388286590576172,0.2388286590576172,0.23243125137339568,0.23669639725809527,41760000
1988-04-06,0.24789132177829742,0.24842440084897513,0.23776247168762388,0.23882861152646362,75297600
1988-04-07,0.24415938556194305,0.25055677707009105,0.24415938556194303,0.24842453286434618,74923200
1988-04-08,0.24735824763774872,0.2494905088976408,0.24362618187432522,0.24522598637785661,57974400
1988-04-11,0.24522612988948822,0.24949065490496464,0.24309324509588756,0.24949065490496464,40406400
1988-04-12,0.23776254057884216,0.2462922108364844,0.23456353445491668,0.24415932655778966,52444800
1988-04-13,0.24309319257736206,0.24309319257736206,0.23669642473864821,0.23882868678572663,42206400
1988-04-14,0.2260345220565796,0.24096096233979,0.22496777775775106,0.23669645598519268,110030400
1988-04-15,0.23136529326438904,0.23456369763010626,0.22496789885187685,0.22710078461432223,114220800
1988-04-18,0.23349738121032715,0.2356302653693887,0.22923287576607868,0.23029899755151081,48052800
1988-04-19,0.23136529326438904,0.2430933555189187,0.23029917067750577,0.2334975567406893,75772800
1988-04-20,0.23243141174316406,0.2345636750138751,0.22923302598836345,0.23136527095654258,65404800
1988-04-21,0.231898233294487,0.23669644093891593,0.22923291012884603,0.234563556460128,63979200
1988-04-22,0.23563043773174286,0.2377627011648659,0.23243142944719242,0.23243142944719242,33926400
1988-04-25,0.23509730398654938,0.23776262788080402,0.2334974800430448,0.23563036510489477,23385600
1988-04-26,0.23776254057884216,0.24096092441705544,0.2356302785858597,0.23776254057884216,46454400
1988-04-27,0.23669642210006714,0.23882868412337607,0.23136513560481303,0.237762543960461,47894400
1988-04-28,0.2361632138490677,0.23776241406852094,0.23456340964674452,0.23669629279055956,28468800
1988-04-29,0.23243141174316406,0.2345636750138751,0.23136527095654258,0.2345636750138751,64771200
1988-05-02,0.23456363379955292,0.2356303783822938,0.22816684511137625,0.23243137090349403,49262400
1988-05-03,0.24096091091632843,0.24309317278984308,0.23563026538380183,0.23563026538380183,62740800
1988-05-04,0.24362622201442719,0.24629216673840565,0.23882863796484383,0.2420270212303935,75153600
1988-05-05,0.24309319257736206,0.24415933275216198,0.23989480865800514,0.24202707070508356,24883200
1988-05-06,0.24415938556194305,0.24735839245894836,0.24202712305367277,0.24202712305367277,43977600
1988-05-09,0.24415938556194305,0.24842453286434618,0.24202712305367277,0.24415938556194303,34790400
1988-05-10,0.24309319257736206,0.24575913784630776,0.23989480865800514,0.24415933275216198,46828800
1988-05-11,0.23776254057884216,0.24096092441705544,0.23456353445491668,0.24096092441705544,59486400
1988-05-12,0.2388286590576172,0.24096090255461983,0.23669639725809527,0.2377625190065966,26409600
1988-05-13,0.24202710390090942,0.2430932259194145,0.23989484156137528,0.2409609635798804,17913600
1988-05-16,0.24842455983161926,0.2510898836806551,0.24202714932648667,0.24202714932648667,59788800
1988-05-17,0.24735824763774872,0.2526888916362216,0.24735824763774872,0.2516227701575329,70430400
1988-05-18,0.24202710390090942,0.24895757421457773,0.2409609635798804,0.24735837288429616,81374400
1988-05-19,0.24309319257736206,0.24415933275216198,0.23776254661092672,0.23882868678572663,57729600
1988-05-20,0.23989485204219818,0.24629226162611187,0.23882872997711502,0.24415937690758027,42523200
1988-05-23,0.23456363379955292,0.2409610264711767,0.23243137090349403,0.23989490417441162,50227200
1988-05-24,0.24202710390090942,0.2420271039009094,0.23349743225695951,0.23456357257798852,55324800
1988-05-25,0.23776254057884216,0.24309318641003794,0.2366964187336114,0.24096092441705544,53582400
1988-05-26,0.23936179280281067,0.2430932383610802,0.23776259139068096,0.23882873176627573,43387200
1988-05-27,0.23669642210006714,0.23989480598376997,0.23669642210006714,0.23989480598376997,33148800
1988-05-31,0.24735824763774872,0.2484243874189521,0.2356301975741012,0.23669633735530457,44049600
1988-06-01,0.2526889741420746,0.25588799851318655,0.24629220657629483,0.24842446853239497,95788800
1988-06-02,0.2516227960586548,0.2558879413029756,0.2505566561677069,0.253755057538034,63230400
1988-06-03,0.25375524163246155,0.25482198628035746,0.2505568379417556,0.2516229786061675,34833600
1988-06-06,0.2590864598751068,0.2601525820211287,0.2526890498055094,0.2537551902540574,81748800
1988-06-07,0.26015257835388184,0.2644177257687856,0.2574872547238728,0.26015257835388184,82166400
1988-06-08,0.2644178569316864,0.26655012055389543,0.2590865847412436,0.2590865847412436,66283200
1988-06-09,0.2633509933948517,0.26814920209467236,0.2628179323049784,0.2654838783427791,69264000
1988-06-10,0.2654837667942047,0.26761602856031014,0.2612186209763479,0.26335088274245333,45014400
1988-06-13,0.2660168409347534,0.26868216369975917,0.26548378004225626,0.2665499018272506,31118400
1988-06-14,0.26868221163749695,0.27081447389043944,0.2676160896622873,0.26868221163749695,60379200
1988-06-15,0.272946834564209,0.272946834564209,0.26655004549878847,0.2676161861609568,51033600
1988-06-16,0.2708144783973694,0.2718806003903216,0.2686822161089415,0.2697483381018937,73713600
1988-06-17,0.26868221163749695,0.2740134804043797,0.2676160896622873,0.27081447389043944,42105600
1988-06-20,0.26761627197265625,0.26868239467414917,0.2644178672631061,0.26761627197265625,28137600
1988-06-21,0.272946834564209,0.272946834564209,0.26655004549878847,0.26655004549878847,39715200
1988-06-22,0.2857415974140167,0.28787386012576494,0.27454660046704826,0.27721194258362886,127324800
1988-06-23,0.2814764082431793,0.2868076956744379,0.28041028619560837,0.2857415553243425,41054400
1988-06-24,0.27827805280685425,0.2825425780467397,0.2772119306481461,0.28147643758550517,28555200
1988-06-27,0.272946834564209,0.27827810525347374,0.272946834564209,0.27827810525347374,23630400
1988-06-28,0.2804102897644043,0.2814764118255439,0.27188061777935074,0.272946758143015,32140800
1988-06-29,0.2804102897644043,0.28360929653618594,0.27934414940074004,0.2814764118255439,49809600
1988-06-30,0.2857415974140167,0.2857415974140167,0.28147644970459823,0.2825425902117359,31550400
1988-07-01,0.2900061011314392,0.2900061011314392,0.2846754539023149,0.28574157602712946,42940800
1988-07-05,0.29693660140037537,0.2974696625153178,0.28574160418801037,0.28787386695030753,48096000
1988-07-06,0.29320502281188965,0.30066793042248763,0.2921382787114757,0.2974695466758086,89380800
1988-07-07,0.29320502281188965,0.2942711629291296,0.2889398766622762,0.2910721385942357,68428800
1988-07-08,0.2921382486820221,0.2932049926727834,0.28893984696159253,0.2900059869692419,40089600
1988-07-11,0.28467538952827454,0.2932050417914216,0.28467538952827454,0.2932050417914216,65764800
1988-07-12,0.27987727522850037,0.2868077469706458,0.2761458107895723,0.2857416064298688,90000000
1988-07-13,0.28467538952827454,0.28467538952827454,0.27721185914885843,0.2793441029163203,57427200
1988-07-14,0.2857415974140167,0.2857415974140167,0.28147644970459823,0.28467547520940617,34848000
1988-07-15,0.2857415974140167,0.2868077379211544,0.2825425902117359,0.2857415974140167,31579200
1988-07-18,0.287873774766922,0.2889398966554116,0.28574151268742104,0.28680765287843235,20102400
1988-07-19,0.2814764082431793,0.28787381772200893,0.28041028619560837,0.2868076956744379,36460800
1988-07-20,0.272946834564209,0.28360937594273844,0.27188069390204067,0.28360937594273844,111096000
1988-07-21,0.26015257835388184,0.2729467760268351,0.2580203340918953,0.271880635593316,128937600
1988-07-22,0.2633509933948517,0.26655000052252575,0.25802034589106526,0.25908646807081187,68817600
1988-07-25,0.258020281791687,0.26654993430414575,0.2569541415742725,0.26441767217183876,52704000
1988-07-26,0.24735824763774872,0.2516227701575329,0.24202698135377748,0.24735824763774872,228960000
1988-07-27,0.24575915932655334,0.2516228850441603,0.2452260983438226,0.24842450084525297,68140800
1988-07-28,0.24842455983161926,0.24949068205022265,0.24309327154509006,0.24522615657075436,57945600
1988-07-29,0.25375524163246155,0.25588812694476937,0.24842459321799135,0.24949071557987346,59385600
1988-08-01,0.2494906187057495,0.2558880275866106,0.2494906187057495,0.2548218873361678,51825600
1988-08-02,0.24522612988948822,0.25055677700757106,0.24202712299328114,0.24949065490496464,65476800
1988-08-03,0.23989485204219818,0.245226121258504,0.23669646754442394,0.24415937690758027,91987200
1988-08-04,0.23669642210006714,0.24096092784416384,0.23669642210006714,0.23989480598376997,53496000
1988-08-05,0.22816675901412964,0.2366964296657251,0.22070322855952687,0.2366964296657251,201600000
1988-08-08,0.22710061073303223,0.22923287257675015,0.2249677266036456,0.22923287257675015,148320000
1988-08-09,0.22070328891277313,0.22710069922233284,0.21750490405221226,0.2260345587337947,138830400
1988-08-10,0.21537189185619354,0.2207031585276551,0.21323963044132313,0.21857089711278468,113169600
1988-08-11,0.22070328891277313,0.2217694110987845,0.21323975641720208,0.21750490405221226,123105600
1988-08-12,0.22176934778690338,0.22283548797107425,0.21963710402360484,0.22070322590525412,58262400
1988-08-15,0.21643874049186707,0.2228355278336347,0.21323973368640084,0.22176938745874433,41083200
1988-08-16,0.22390158474445343,0.22496772480906757,0.21430579338985994,0.2153719334544741,90878400
1988-08-17,0.22390158474445343,0.22976593162919617,0.21910400020998855,0.22390158474445343,59112000
1988-08-18,0.22496777772903442,0.22710066234313292,0.2239016374136283,0.22496777772903442,32025600
1988-08-19,0.21537189185619354,0.22603442519911668,0.21430575199750035,0.22496768135739595,67377600
1988-08-22,0.20471006631851196,0.21537200108579024,0.20364394422163265,0.21430586068638569,110174400
1988-08-23,0.21057429909706116,0.21217348136182845,0.20364383209000744,0.20577609341221237,88315200
1988-08-24,0.21963703632354736,0.22017009710006344,0.21004124685065262,0.21110736840368477,102585600
1988-08-25,0.21643874049186707,0.2196371433140133,0.21323973368640084,0.21430585575876637,72633600
1988-08-26,0.21910405158996582,0.22070325291064055,0.21643872825719046,0.21643872825719046,24451200
1988-08-29,0.2223023623228073,0.22390154467979356,0.22070316166330478,0.22176928323462897,35035200
1988-08-30,0.21857094764709473,0.22283547146280724,0.2175048258444267,0.221769331357619,20966400
1988-08-31,0.21323977410793304,0.22070330722269138,0.21004138898202876,0.21963718494823273,71884800
1988-09-01,0.2084420919418335,0.21217353649848067,0.2047100067969882,0.21110741471158717,82382400
1988-09-02,0.21963703632354736,0.22070315787657951,0.21110736840368477,0.21217348995671692,115329600
1988-09-06,0.22176934778690338,0.2239016098527235,0.218570963839434,0.21963710402360484,67752000
1988-09-07,0.22070328891277313,0.22496781426187218,0.2164387635636741,0.22283555158732266,72115200
1988-09-08,0.22176934778690338,0.22710063438844796,0.218570963839434,0.21963710402360484,69206400
1988-09-09,0.23029902577400208,0.2334974098247713,0.2196371111173363,0.22070323303341866,111124800
1988-09-12,0.22923289239406586,0.2345635383129383,0.22816675222877864,0.22923289239406588,43257600
1988-09-13,0.23029902577400208,0.23136514769008443,0.2249677573027924,0.22710064172323285,40608000
1988-09-14,0.23029902577400208,0.23563029424521176,0.22923290385791972,0.23403048908533464,79214400
1988-09-15,0.22283555567264557,0.23136521051060516,0.22176941516456147,0.2302990883050482,72921600
1988-09-16,0.22176934778690338,0.2239016098527235,0.22070322590525412,0.22283548797107425,48700800
1988-09-19,0.22070328891277313,0.223901673773334,0.21750490405221226,0.223901673773334,44697600
1988-09-20,0.22710061073303223,0.22710061073303223,0.22070320291620973,0.22176932468680888,53625600
1988-09-21,0.22923289239406586,0.23029901425683186,0.22816675222877864,0.22816675222877864,16056000
1988-09-22,0.23243141174316406,0.2345636750138751,0.22923302598836345,0.23029914847245303,59688000
1988-09-23,0.22923289239406586,0.23243127628488508,0.22923289239406588,0.23243127628488508,35092800
1988-09-26,0.22336862981319427,0.2302991017473421,0.22070330584120285,0.22923297947955681,50212800
1988-09-27,0.22176934778690338,0.22283548797107425,0.21963710402360484,0.22176934778690338,35366400
1988-09-28,0.2260345220565796,0.2260345220565796,0.22070325310062988,0.22283551542919047,25516800
1988-09-29,0.2260345220565796,0.22816678438514018,0.22390163744220884,0.22496777775775106,56462400
1988-09-30,0.22283555567264557,0.22603456287776613,0.22070329295900454,0.22496781838628663,37252800
1988-10-03,0.21910405158996582,0.22070325291064055,0.2153719839592802,0.2185709905839155,41097600
1988-10-04,0.21803799271583557,0.22176943914123864,0.21697185209248535,0.2196371944995964,29260800
1988-10-05,0.21430587768554688,0.21857102530229353,0.2132397555041007,0.21857102530229353,67089600
1988-10-06,0.21323977410793304,0.21643878151980012,0.21323977410793304,0.2143058963823917,33609600
1988-10-07,0.21217350661754608,0.21430576819356117,0.20417691714878689,0.21323964655681232,208065600
1988-10-10,0.21004128456115723,0.2132396680970027,0.20364387690129365,0.2132396680970027,106358400
1988-10-11,0.21217350661754608,0.21537190813282742,0.20897512340478208,0.21217350661754608,65952000
1988-10-12,0.21590572595596313,0.2207033129199287,0.20897525379953089,0.21110751670601877,137534400
1988-10-13,0.21963703632354736,0.22283541928515976,0.21430575136529714,0.21483883044432917,82468800
1988-10-14,0.21857094764709473,0.22283547146280724,0.2175048258444267,0.221769331357619,56764800
1988-10-17,0.22176934778690338,0.2239016098527235,0.218570963839434,0.218570963839434,25675200
1988-10-18,0.22390158474445343,0.22496772480906757,0.21857093932894123,0.22070320115565,37224000
1988-10-19,0.22710061073303223,0.22923287257675015,0.2228354647599277,0.22816673250363137,80683200
1988-10-20,0.22816675901412964,0.23029902110559325,0.22496775274245412,0.22496775274245412,73296000
1988-10-21,0.2260345220565796,0.22816678438514018,0.22390163744220884,0.2260345220565796,24264000
1988-10-24,0.22176934778690338,0.22710063438844796,0.22123628684607877,0.22710063438844796,28627200
1988-10-25,0.21537189185619354,0.2228354199425255,0.21323963044132313,0.22176928008383232,74548800
1988-10-26,0.21217350661754608,0.21537190813282742,0.20684286182876696,0.21430576819356117,157420800
1988-10-27,0.21110744774341583,0.21110744774341583,0.2036439168741101,0.210041325789707,114336000
1988-10-28,0.21110744774341583,0.21217356969712464,0.20684292332353493,0.210041325789707,46540800
1988-10-31,0.2089751958847046,0.21004133619374565,0.20684293356914615,0.21004133619374565,41284800
1988-11-01,0.20790909230709076,0.21217359901368651,0.20790909230709076,0.20897521440810837,53280000
1988-11-02,0.2015116959810257,0.2079091062083126,0.19937943333389777,0.2079091062083126,221803200
1988-11-03,0.2015116959810257,0.2036439586281536,0.1967141096006195,0.2015116959810257,118339200
1988-11-04,0.19831323623657227,0.20364388168914954,0.19831323623657227,0.19831323623657227,106603200
1988-11-07,0.19937938451766968,0.20044552473146218,0.1961803781955855,0.19831326260639923,55065600
1988-11-08,0.2073759287595749,0.20897512956435224,0.200445479025806,0.20151160069397897,56606400
1988-11-09,0.21217350661754608,0.21323964655681232,0.20364385633041243,0.2047099779671613,124732800
1988-11-10,0.2089751958847046,0.21537198283137984,0.20897519588470456,0.21217358020678034,78796800
1988-11-11,0.20311085879802704,0.2089751885179994,0.20257777951103653,0.2068429262776066,54936000
1988-11-14,0.20684289932250977,0.2079090394550318,0.20257775311175977,0.2047100150742831,34329600
1988-11-15,0.20044556260108948,0.20684295416814855,0.19831330007318407,0.20684295416814855,93902400
1988-11-16,0.19724714756011963,0.20151167235437242,0.19404814082986205,0.20097861133072195,199008000
1988-11-17,0.19618040323257446,0.19937940996292314,0.19511426288271871,0.19724714756573603,65865600
1988-11-18,0.19884628057479858,0.19937934141519498,0.19511419580137138,0.1972470797510913,34430400
1988-11-21,0.19618040323257446,0.19724714756573603,0.19298200048553157,0.19618040323257446,47102400
1988-11-22,0.19618040323257446,0.19831328791559177,0.19404814083538735,0.19618040323257446,30312000
1988-11-23,0.1999124139547348,0.20044549312884583,0.19618034726542014,0.19724709129425647,56548800
1988-11-25,0.19778020679950714,0.19831328612087293,0.19511426111695074,0.19724714578066563,11462400
1988-11-28,0.20044556260108948,0.20257780682646936,0.19724715965796857,0.19724715965796857,58737600
1988-11-29,0.20257775485515594,0.20257775485515592,0.19937937103510578,0.20044551117680307,21873600
1988-11-30,0.2015116959810257,0.2036439586281536,0.2015116959810257,0.2015116959810257,35193600
1988-12-01,0.2089751958847046,0.211107458200263,0.20044554263918823,0.20257778665222292,82008000
1988-12-02,0.21217350661754608,0.21430576819356117,0.20684286182876696,0.20684286182876696,91497600
1988-12-05,0.21110744774341583,0.21537197216329673,0.20790906357976655,0.21217356969712464,70142400
1988-12-06,0.21217350661754608,0.21217350661754608,0.20897512340478208,0.2111073849807972,44366400
1988-12-07,0.21004128456115723,0.2132396680970027,0.20950820538641696,0.21110740630559932,30888000
1988-12-08,0.2089751958847046,0.211107458200263,0.20790907387818722,0.21004133619374565,40176000
1988-12-09,0.2089751958847046,0.21004133619374565,0.20684293356914615,0.20790907387818722,22305600
1988-12-12,0.20204472541809082,0.2089751956459118,0.20204472541809085,0.2079090736406127,38894400
1988-12-13,0.20364399254322052,0.20364399254322052,0.20151172954098345,0.20151172954098345,39168000
1988-12-14,0.20630989968776703,0.20790910121030076,0.20257781328347554,0.20364395373267338,28008000
1988-12-15,0.2089751958847046,0.21004133619374565,0.20684293356914615,0.20897519588470456,23198400
1988-12-16,0.21217350661754608,0.21430576819356117,0.2079090017680332,0.2079090017680332,51796800
1988-12-19,0.21643874049186707,0.2196371433140133,0.21537199613365673,0.21590567945568429,83534400
1988-12-20,0.21857094764709473,0.22390159326547526,0.2175048258444267,0.21910400854842874,92188800
1988-12-21,0.22283555567264557,0.22390167787820253,0.21857103024536348,0.21963717075344757,46440000
1988-12-22,0.22176934778690338,0.22603449420427713,0.22070322590525412,0.2239016098527235,74592000
1988-12-23,0.22176934778690338,0.22176934778690338,0.21963710402360484,0.22070322590525412,17121600
1988-12-27,0.22070328891277313,0.223901673773334,0.22070328891277313,0.2217694110987845,30772800
1988-12-28,0.22283555567264557,0.22283555567264557,0.22070329295900454,0.22176941516456147,21268800
1988-12-29,0.22710061073303223,0.22816673250363137,0.22176932468680888,0.22176932468680888,38275200
1988-12-30,0.22710061073303223,0.23136511611794844,0.22710061073303223,0.22816673250363137,63820800
1989-01-03,0.22869977355003357,0.22923285269161006,0.22496770708849181,0.22816671271097513,51825600
1989-01-04,0.23136529326438904,0.23403063633666463,0.22816690720120553,0.22816690720120553,53899200
1989-01-05,0.22763369977474213,0.2334974068433689,0.22710063882350734,0.2334974068433689,47246400
1989-01-06,0.2260345220565796,0.22923292470068238,0.2260345220565796,0.22816678438514018,59054400
1989-01-09,0.22390158474445343,0.22710060892144007,0.2223024021013115,0.22603446885682593,46008000
1989-01-10,0.22176934778690338,0.2239016098527235,0.22070322590525412,0.22283548797107425,54129600
1989-01-11,0.22390158474445343,0.22390158474445343,0.2196370793935554,0.22123626203669733,48297600
1989-01-12,0.22390158474445343,0.22923287074814885,0.2228354629823588,0.2228354629823588,54590400
1989-01-13,0.2260345220565796,0.22710066237212181,0.22390163744220884,0.22390163744220884,35568000
1989-01-16,0.22656755149364471,0.23083207555655608,0.22496774641122042,0.2271006307283996,27532800
1989-01-17,0.21963703632354736,0.22550136375579774,0.2185708964679993,0.2244346199172239,41745600
1989-01-18,0.21963703632354736,0.22070315787657951,0.21430575136529714,0.22070315787657951,63633600
1989-01-19,0.22816675901412964,0.22923289921112233,0.22283549065099048,0.22283549065099048,84297600
1989-01-20,0.2308320254087448,0.23189816534411647,0.22710058139123732,0.22816670302409167,61027200
1989-01-23,0.2260345220565796,0.23029904671370077,0.2255014610500704,0.23029904671370077,52228800
1989-01-24,0.22496777772903442,0.2281667843560152,0.2239016374136283,0.2260345220277268,56217600
1989-01-25,0.2260345220565796,0.22710066237212181,0.22390163744220884,0.2260345220565796,49046400
1989-01-26,0.23136529326438904,0.23243143415380602,0.2239017579624599,0.2244348375584352,87134400
1989-01-27,0.2361632138490677,0.24096079620491623,0.2292327666519153,0.23083194856885736,166420800
1989-01-30,0.2494906187057495,0.2505567406536697,0.23563030128187937,0.2366964415323222,110088000
1989-01-31,0.2542887330055237,0.2569540551993305,0.24949052711062444,0.2516227885261731,125092800
1989-02-01,0.2526889741420746,0.25482185838387617,0.25162285231528486,0.253755114271385,131212800
1989-02-02,0.25961944460868835,0.2686821756810287,0.2526889755039399,0.2537551156389963,180028800
1989-02-03,0.26015257835388184,0.26654998833329796,0.2558880715273829,0.2580203340918953,91324800
1989-02-06,0.258020281791687,0.2601525256214719,0.2548218794419655,0.2590864037065795,87580800
1989-02-07,0.26495081186294556,0.2665500135130304,0.2580203584658711,0.25855341958172356,127094400
1989-02-08,0.2665499448776245,0.27294673152829263,0.26228479815806816,0.2644176826607351,133315200
1989-02-09,0.27188050746917725,0.2761456528741242,0.2633508572473863,0.2644176011615538,199036800
1989-02-10,0.26388463377952576,0.27081448172647365,0.26281788948766166,0.268682219411834,129038400
1989-02-13,0.2612186670303345,0.2644176733778778,0.2601525268080571,0.26228478895008955,94075200
1989-02-14,0.2569540739059448,0.265483742474655,0.2558879522718133,0.26388454172094045,62956800
1989-02-15,0.2654837667942047,0.2654837667942047,0.2569540974441371,0.2580202374784493,81936000
1989-02-16,0.26761627197265625,0.27081465837967067,0.26121885856987964,0.2665501309686277,61387200
1989-02-17,0.2665499448776245,0.26974832905169716,0.26548382292044126,0.2686822070945139,29692800
1989-02-21,0.2633509933948517,0.267616141004799,0.2622848529125784,0.2654838783427791,33753600
1989-02-22,0.2558879852294922,0.2633508925371668,0.2558879852294922,0.26228475246320204,95515200
1989-02-23,0.2574872076511383,0.25908640885779477,0.2526890000479261,0.25695414668309363,75945600
1989-02-24,0.25055673718452454,0.2590864081456489,0.25055673718452454,0.2569541459768087,76017600
1989-02-27,0.25482189655303955,0.2569541588285262,0.24949062772979005,0.2505567497162717,68788800
1989-02-28,0.25375524163246155,0.2569542493066515,0.2516229786061675,0.25588812694476937,43444800
1989-03-01,0.2526889741420746,0.25695412033997633,0.2526889741420746,0.25588799851318655,59889600
1989-03-02,0.2590864598751068,0.2601525820211287,0.2526890498055094,0.2526890498055094,92304000
1989-03-03,0.2633509933948517,0.2644177378605058,0.25802034589106526,0.25908646807081187,68947200
1989-03-06,0.2644178569316864,0.26548399789405835,0.26015270740108065,0.26335111198566163,56635200
1989-03-07,0.22816675901412964,0.2558880147578579,0.22710063711965872,0.25482187456086514,788688000
1989-03-08,0.22390158474445343,0.23243125433695228,0.2233685238634061,0.22923287074814885,253612800
1989-03-09,0.22070328891277313,0.22496781426187218,0.21963716672676178,0.22496781426187218,123307200
1989-03-10,0.22070328891277313,0.223901673773334,0.21750490405221226,0.21963716672676178,66902400
1989-03-13,0.22496777772903442,0.22496777772903442,0.2207032530724576,0.22176937508533992,60206400
1989-03-14,0.22496777772903442,0.22710066234313292,0.22283551540074603,0.22710066234313292,63720000
1989-03-15,0.21430587768554688,0.22496781329855076,0.21430587768554688,0.22496781329855076,104889600
1989-03-16,0.21857094764709473,0.21963708775228297,0.21537194165088303,0.21643868573923847,102888000
1989-03-17,0.19831323623657227,0.21537193495199936,0.19618035210936938,0.21430579487997212,245577600
1989-03-20,0.19831323623657227,0.19831323623657227,0.19511421203734214,0.19778015704929883,238996800
1989-03-21,0.21270665526390076,0.21323971625651195,0.19724713607471953,0.19937939834768753,224467200
1989-03-22,0.2089751958847046,0.21217358020678034,0.20684293356914615,0.211107458200263,167025600
1989-03-23,0.21430587768554688,0.21430587768554688,0.20790910799181636,0.20790910799181636,87811200
1989-03-27,0.21217350661754608,0.2159055912367924,0.2111073849807972,0.21323964655681232,75542400
1989-03-28,0.21217350661754608,0.21537190813282742,0.21004126334404832,0.21430576819356117,70804800
1989-03-29,0.21110744774341583,0.21217356969712464,0.210041325789707,0.21217356969712464,30009600
1989-03-30,0.21270665526390076,0.21323971625651195,0.20950825270318707,0.21217357596876626,46742400
1989-03-31,0.21270665526390076,0.21430583824173427,0.2111074539835439,0.21323971625651195,29736000
1989-04-03,0.21430587768554688,0.21643876263687445,0.2116405539294047,0.2132397555041007,35049600
1989-04-04,0.21323977410793304,0.2143058963823917,0.2111075112564874,0.2143058963823917,25027200
1989-04-05,0.21483883261680603,0.21537189339871246,0.2121734921022415,0.21323963196857054,19641600
1989-04-06,0.21857094764709473,0.21963708775228297,0.21430580154569479,0.21537194165088303,51681600
1989-04-07,0.21857094764709473,0.22070320955495099,0.2175048258444267,0.21857094764709473,29448000
1989-04-10,0.21910405158996582,0.2228355152373656,0.2185709905839155,0.2185709905839155,28670400
1989-04-11,0.21910405158996582,0.22176937492274118,0.21483892295322987,0.21963713089853992,28728000
1989-04-12,0.20524314045906067,0.22070326485820085,0.20311087801690764,0.22070326485820085,71020800
1989-04-13,0.20790909230709076,0.2148389408712812,0.2025778046085652,0.20364394501210814,92880000
1989-04-14,0.21643874049186707,0.21857100293912293,0.21004134916677944,0.21004134916677944,62625600
1989-04-17,0.21963703632354736,0.22336848006167584,0.21643863505941907,0.2185708964679993,51638400
1989-04-18,0.22710061073303223,0.22710061073303223,0.22176932468680888,0.2239015865305268,69336000
1989-04-19,0.23403044044971466,0.23776250696868992,0.23243123960541087,0.23456350129697645,168969600
1989-04-20,0.2388286590576172,0.24096090255461983,0.23243125137339568,0.2345635131729176,138801600
1989-04-21,0.23563043773174286,0.23882884203269408,0.23456369288031548,0.23882884203269408,58190400
1989-04-24,0.23509730398654938,0.23669650564411324,0.232431357806354,0.23456362058226324,29332800
1989-04-25,0.23349738121032715,0.2377625272427729,0.232431259424895,0.23669640545734075,24897600
1989-04-26,0.23029902577400208,0.2345635500433758,0.22869982459735638,0.2345635500433758,44510400
1989-04-27,0.23349738121032715,0.23403046040556316,0.23029899755151081,0.23029899755151081,34588800
1989-04-28,0.23829561471939087,0.23989481587846348,0.22923290133895785,0.23349740725894821,69782400
1989-05-01,0.2329644113779068,0.23882876068325654,0.23136520977214844,0.23616341857281695,33739200
1989-05-02,0.23029902577400208,0.2345635500433758,0.2281667636393152,0.2334974098247713,34372800
1989-05-03,0.23029902577400208,0.2334974098247713,0.23029902577400208,0.23029902577400208,28857600
1989-05-04,0.22390158474445343,0.23136511427233813,0.2228354629823588,0.23136511427233813,37425600
1989-05-05,0.22176934778690338,0.22710063438844796,0.22070322590525412,0.22710063438844796,35827200
1989-05-08,0.21963703632354736,0.22283541928515976,0.21750477491496714,0.22176927942961167,49003200
1989-05-09,0.2260345220565796,0.22816678438514018,0.21963713108761151,0.22070325310062988,54590400
1989-05-10,0.23029902577400208,0.2334974098247713,0.22710064172323285,0.2281667636393152,58752000
1989-05-11,0.23029902577400208,0.23136514769008443,0.2281667636393152,0.23136514769008443,34401600
1989-05-12,0.23136529326438904,0.23456369763010626,0.22816690720120553,0.23296449544724765,71092800
1989-05-15,0.23349738121032715,0.23456352129827923,0.23029899755151081,0.23083205844422688,74736000
1989-05-16,0.23989485204219818,0.24096097410728134,0.2324313203932013,0.23349744245828447,83433600
1989-05-17,0.24469317495822906,0.24735849967318493,0.24042802580715403,0.24042802580715403,89812800
1989-05-18,0.24842455983161926,0.25002374315952436,0.2441594120662208,0.2441594120662208,52574400
1989-05-19,0.24842455983161926,0.2537552075296909,0.2478914804197902,0.2478914804197902,62568000
1989-05-22,0.2526889741420746,0.253755114271385,0.24629220657629483,0.24842446853239497,74275200
1989-05-23,0.24149401485919952,0.25162286835515685,0.23989481371455212,0.2484244843683838,97545600
1989-05-24,0.24522612988948822,0.24522612988948825,0.23776259797780472,0.2393617994342397,69364800
1989-05-25,0.24522612988948822,0.24949065490496464,0.24309324509588756,0.24522612988948825,33840000
1989-05-26,0.2510899007320404,0.251622961877542,0.24629231381746877,0.24735843610847197,37886400
1989-05-30,0.2516227960586548,0.25428874061781204,0.24949053457927556,0.2516227960586548,63907200
1989-05-31,0.258020281791687,0.2601525256214719,0.25162287310901316,0.25162287310901316,80971200
1989-06-01,0.2558879852294922,0.2590863688463471,0.25482184515552747,0.2569541070009373,62798400
1989-06-02,0.24842455983161926,0.25695421477395863,0.24842455983161926,0.2564211536646569,54043200
1989-06-05,0.24202710390090942,0.24949063522383028,0.2409609635798804,0.24949063522383028,61416000
1989-06-06,0.2494906187057495,0.25002367967970957,0.24096094762652545,0.24202708787696828,53899200
1989-06-07,0.25482189655303955,0.25588803684204453,0.2505567497162717,0.2505567497162717,44928000
1989-06-08,0.25482189655303955,0.2569541588285262,0.25375515228076323,0.25482189655303955,29217600
1989-06-09,0.25482189655303955,0.2564210978352853,0.25268901199175825,0.25482189655303955,36144000
1989-06-12,0.2516227960586548,0.25695406289140693,0.2500235953734912,0.2548218014120277,51681600
1989-06-13,0.24415938556194305,0.24949065496721862,0.24415938556194303,0.2489575939157824,40564800
1989-06-14,0.24629229307174683,0.2473584152729483,0.2409610048722383,0.24629229307174683,47304000
1989-06-15,0.24202710390090942,0.24629225086579104,0.23989484156137528,0.24629225086579104,52113600
1989-06-16,0.24202710390090942,0.2430932259194145,0.23989484156137528,0.24149404289165685,47361600
1989-06-19,0.24096091091632843,0.24309317278984308,0.2366964054718191,0.24309317278984308,27158400
1989-06-20,0.23243141174316406,0.24202720959618293,0.23243141174316406,0.24096106880956145,45806400
1989-06-21,0.23456363379955292,0.2388287818776465,0.22710072281461116,0.22710072281461116,80496000
1989-06-22,0.23669642210006714,0.23669642210006714,0.23456353779103709,0.23563028193715205,36072000
1989-06-23,0.2361632138490677,0.2388285536489935,0.235630153210087,0.23669629279055956,33537600
1989-06-26,0.23349738121032715,0.23669640545734075,0.23136511933694295,0.2356302653693887,30240000
1989-06-27,0.22976602613925934,0.23563035713366814,0.22923296503894708,0.23349747214397232,35899200
1989-06-28,0.22496777772903442,0.23029904668430362,0.22176937508533992,0.23029904668430362,57456000
1989-06-29,0.22176934778690338,0.22550143326345248,0.218570963839434,0.22550143326345248,77198400
1989-06-30,0.2260345220565796,0.22816678438514018,0.21857099077206932,0.22176937511364828,67248000
1989-07-03,0.23029902577400208,0.23136514769008443,0.22656756246266951,0.22656756246266951,14688000
1989-07-05,0.23563043773174286,0.23669657859957105,0.23029916601406938,0.23243142944719242,26539200
1989-07-06,0.22496777772903442,0.2388287182832673,0.22336857640718716,0.23776257796786118,94780800
1989-07-07,0.22816675901412964,0.23136514300006417,0.22443469179521866,0.22496775274245412,41457600
1989-07-10,0.23403044044971466,0.23456350129697645,0.2281667162222797,0.22923285621932166,27259200
1989-07-11,0.22816675901412964,0.2366964296657251,0.22710063711965872,0.23403048434128504,43488000
1989-07-12,0.22710061073303223,0.22816673250363137,0.22176932468680888,0.22603447065991342,52156800
1989-07-13,0.2260345220565796,0.22923292470068238,0.22390163744220884,0.2265675830630888,33408000
1989-07-14,0.22496777772903442,0.2281667843560152,0.2207032530724576,0.22710066234313292,42768000
1989-07-17,0.22710061073303223,0.22816673250363137,0.2239015865305268,0.2249677266036456,31291200
1989-07-18,0.22816675901412964,0.23136514300006417,0.22710063711965872,0.22710063711965872,42984000
1989-07-19,0.2308320254087448,0.23243122616054362,0.22710058139123732,0.23029896459231763,29764800
1989-07-20,0.22816675901412964,0.23563028946873238,0.22816675901412964,0.23136514300006417,44524800
1989-07-21,0.23563043773174286,0.2409610871632838,0.2249678942963959,0.2260346391478233,99763200
1989-07-24,0.23563043773174286,0.2377627011648659,0.23136528857936425,0.23349755201248729,38361600
1989-07-25,0.22176934778690338,0.24309319471404994,0.21963710402360484,0.23456354246755756,326030400
1989-07-26,0.22496777772903442,0.22710066234313292,0.22176937508533992,0.22496777772903442,123638400
1989-07-27,0.22923289239406586,0.23029901425683186,0.22710063036601266,0.22869981316016164,45561600
1989-07-28,0.23136529326438904,0.23243143415380602,0.22710078461432223,0.23029917067750577,29217600
1989-07-31,0.23349738121032715,0.23456352129827923,0.22923287576607868,0.23029899755151081,33336000
1989-08-01,0.23136529326438904,0.2356304425031347,0.23029917067750577,0.2334975567406893,62136000
1989-08-02,0.23136529326438904,0.2334975567406893,0.23029917067750577,0.23029917067750577,28368000
1989-08-03,0.23456363379955292,0.2356303783822938,0.23136523030420023,0.23189830975511147,27590400
1989-08-04,0.24309319257736206,0.2452260769101685,0.23243127835876334,0.23349740023104185,178128000
1989-08-07,0.24629229307174683,0.2473584152729483,0.2430932675771683,0.24629229307174683,93571200
1989-08-08,0.2516227960586548,0.2526889176470861,0.2452260116205171,0.2452260116205171,110548800
1989-08-09,0.25055673718452454,0.25588802404364985,0.25055673718452454,0.25108981645362644,113774400
1989-08-10,0.2494906187057495,0.2516228809041125,0.24842449675782938,0.2516228809041125,48340800
1989-08-11,0.24629229307174683,0.25375520338773827,0.24629229307174683,0.25162294068280827,61473600
1989-08-14,0.24309319257736206,0.24629221708496843,0.24309319257736206,0.24629221708496843,68990400
1989-08-15,0.24522612988948822,0.24735839239722646,0.24149406194197792,0.24309324509588756,17856000
1989-08-16,0.23829561471939087,0.24735834640234586,0.23669643186284023,0.24629222449797875,46670400
1989-08-17,0.24096091091632843,0.2420270510043457,0.23563026538380183,0.23776252725731645,39960000
1989-08-18,0.24522612988948822,0.24629227029462003,0.24096098258814935,0.24096098258814935,24912000
1989-08-21,0.23936179280281067,0.24682532450771982,0.23882873176627573,0.2452261230955901,32097600
1989-08-22,0.24895761907100677,0.2505568023869004,0.23882876257431254,0.23882876257431254,64771200
1989-08-23,0.2526889741420746,0.25428879747048133,0.24735832840308458,0.2500236512725796,46094400
1989-08-24,0.2516227960586548,0.2580202027823548,0.24842441299084422,0.25535486220624337,92764800
1989-08-25,0.2510899007320404,0.2526890841685452,0.24629231381746877,0.2505568212840102,85147200
1989-08-28,0.25215601921081543,0.25375522092567127,0.2484245729461896,0.2505568174959596,28540800
1989-08-29,0.2494906187057495,0.2558880275866106,0.24895755773178946,0.25535494831012784,54417600
1989-08-30,0.2526889741420746,0.25428879747048133,0.24949059035918472,0.2505567121859745,40377600
1989-08-31,0.25055673718452454,0.2548218838079685,0.25055673718452454,0.25375513958904605,14198400
1989-09-01,0.25535494089126587,0.25695414206920697,0.25055673337421064,0.25162287359367874,44409600
1989-09-05,0.2558879852294922,0.2601524906177922,0.2542887842698049,0.25482184515552747,93340800
1989-09-06,0.2526889741420746,0.25588799851318655,0.2505567121859745,0.25482185838387617,42379200
1989-09-07,0.24842455983161926,0.25268906700856014,0.2473584193104885,0.2516229447899568,41904000
1989-09-08,0.2516227960586548,0.253755057538034,0.246292151511465,0.24735827309989633,39787200
1989-09-11,0.2532220184803009,0.2537550793202743,0.24949055599545078,0.2505566776753976,27907200
1989-09-12,0.2569540739059448,0.2601524571108566,0.2526889284787952,0.25375506841544404,67795200
1989-09-13,0.2654837667942047,0.2708144120582087,0.2580202374784493,0.2601524809420357,181022400
1989-09-14,0.27188050746917725,0.2750795312455425,0.2654837410926527,0.2676160026523333,78163200
1989-09-15,0.26761627197265625,0.2750798080769258,0.2665501309686277,0.2729469220851922,89150400
1989-09-18,0.2708144783973694,0.2708144783973694,0.2665499538205136,0.2665499538205136,39110400
1989-09-19,0.2665499448776245,0.27294673152829263,0.2665499448776245,0.27188059126858655,49204800
1989-09-20,0.27721187472343445,0.27721187472343445,0.26548381954513484,0.267616081734915,72129600
1989-09-21,0.2793441116809845,0.2846753984602125,0.2750796057097365,0.2804102519006881,89352000
1989-09-22,0.2814764082431793,0.2814764082431793,0.2761457614002755,0.2793441458455129,43948800
1989-09-25,0.2857415974140167,0.29000612283751315,0.27934418699285,0.28147644970459823,69940800
1989-09-26,0.28680774569511414,0.287873867928622,0.28360934238953506,0.28574160515907854,39988800
1989-09-27,0.284142404794693,0.28734080811477475,0.2804103363720262,0.28254259915123814,69235200
1989-09-28,0.2900061011314392,0.2900061011314392,0.2836093134749746,0.2836093134749746,41428800
1989-09-29,0.2921382486820221,0.29640339439321295,0.28893984696159253,0.2900059869692419,64324800
1989-10-02,0.29693660140037537,0.2985357847452026,0.2900061297126047,0.29107225194248953,50428800
1989-10-03,0.2942711412906647,0.30066790831365303,0.29373806211998305,0.30066790831365303,68918400
1989-10-04,0.321992427110672,0.32305854902079517,0.29213830485395664,0.2942711892624753,260020800
1989-10-05,0.3379851281642914,0.3507799507836569,0.32092581613420224,0.32199256077289157,284760000
1989-10-06,0.34011733531951904,0.34331636057115156,0.3337205659930509,0.3395842559568753,87609600
1989-10-09,0.3486468493938446,0.3497129710297623,0.33691877929805636,0.3390510591749264,58536000
1989-10-10,0.346514493227005,0.353978038530885,0.3443822504246125,0.3518457591234659,68299200
1989-10-11,0.3411841094493866,0.34331639048067325,0.33691896170594077,0.3422502316625027,106401600
1989-10-12,0.334786593914032,0.34331626397189424,0.33372047209377165,0.3411839837263326,58881600
1989-10-13,0.31346267461776733,0.33265425498863976,0.31132980906778407,0.3315881333564421,102643200
1989-10-16,0.323058545589447,0.3251908259920897,0.2942711861368904,0.3017340943360523,253065600
1989-10-17,0.3353196382522583,0.34758075304683306,0.31666113361236536,0.3209256575204573,177206400
1989-10-18,0.3433164656162262,0.3443825880626655,0.33478679054852367,0.33638599252071383,134784000
1989-10-19,0.3593088984489441,0.36677241164089663,0.3422501770547475,0.3454485797888288,179424000
1989-10-20,0.36357420682907104,0.3646403293451185,0.3518461270512501,0.3582429353576649,93542400
1989-10-23,0.3545112907886505,0.3657062859263203,0.3518459674053579,0.36144176119204247,60912000
1989-10-24,0.3449154794216156,0.3518459494717613,0.33585276541553566,0.3518459494717613,157089600
1989-10-25,0.34011733531951904,0.3529121551492522,0.33798505447399546,0.34758084905209613,71481600
1989-10-26,0.33158811926841736,0.3422500306330638,0.33052137539595405,0.335852642221058,135460800
1989-10-27,0.32838910818099976,0.33265425358238254,0.3251907432979274,0.3315881319546918,97041600
1989-10-30,0.33958423137664795,0.3401173107007056,0.3321213404701323,0.3326543831891413,45921600
1989-10-31,0.3486468493938446,0.3497129710297623,0.3411839247323517,0.34225004636826933,56563200
1989-11-01,0.3502466380596161,0.3539781187166255,0.3486468516124866,0.3486468516124866,74649600
1989-11-02,0.32519078254699707,0.34491540772874135,0.3241246607906302,0.34491540772874135,226051200
1989-11-03,0.33372044563293457,0.3358526891043887,0.32519077625139337,0.32625689798712043,98755200
1989-11-06,0.3294554054737091,0.34011732174656417,0.326257002635587,0.3337205526753698,88027200
1989-11-07,0.34544846415519714,0.35131281062215675,0.3294552844767067,0.3305214061628495,131544000
1989-11-08,0.355044424533844,0.3603756944035074,0.34971315466418057,0.3502468197454397,106488000
1989-11-09,0.3571764826774597,0.36037550648753136,0.3518458378733508,0.3582426409223094,111528000
1989-11-10,0.3603755831718445,0.36250786351023684,0.35717655868105247,0.35824271715277,59169600
1989-11-13,0.3758351802825928,0.3763682230263622,0.35717663436784,0.3603756595365149,178905600
1989-11-14,0.3689047396183014,0.38063340137655766,0.3667724586539144,0.3785005347313167,95241600
1989-11-15,0.37743428349494934,0.3806332712260222,0.36783849166303834,0.36997135757898514,94492800
1989-11-16,0.37316977977752686,0.38063329177711364,0.367838511523316,0.3795671699044257,68054400
1989-11-17,0.3705045282840729,0.3763682180178077,0.36997144894234707,0.37370289451927824,31651200
1989-11-20,0.3689047396183014,0.3699714840838756,0.3603756889708603,0.3699714840838756,56937600
1989-11-21,0.3758351802825928,0.3774343817240019,0.36890470948733006,0.36890470948733006,67118400
1989-11-22,0.37636807560920715,0.37743423388925024,0.37316971058418597,0.37636807560920715,38232000
1989-11-24,0.3737029433250427,0.3795672927155623,0.37316990051875115,0.37903421330421605,17971200
1989-11-27,0.36997148394584656,0.37423600926797607,0.36570633633780986,0.3731698870887071,37281600
1989-11-28,0.37103769183158875,0.3763683405643207,0.3678387022689357,0.37103769183158875,56664000
1989-11-29,0.36464014649391174,0.37530206180413245,0.35930887769590547,0.3731698178412653,85896000
1989-11-30,0.37103769183158875,0.3721038508621846,0.35717674591235904,0.3582429049429549,111211200
1989-12-01,0.3625078797340393,0.37423591628815345,0.3619748004743229,0.3715705931996602,52070400
1989-12-04,0.3678385019302368,0.37210364820052644,0.35984249658100265,0.3625078561007753,40536000
1989-12-05,0.36997148394584656,0.37210376490943803,0.3667724585170789,0.36997148394584656,44049600
1989-12-06,0.36357420682907104,0.3710377233325721,0.3603758026758636,0.3689048560143734,57384000
1989-12-07,0.36464014649391174,0.367838549043259,0.3582427557144719,0.3582427557144719,40348800
1989-12-08,0.36144182085990906,0.36677246850649314,0.35397830651078893,0.3646402240898812,107625600
1989-12-11,0.3539781868457794,0.36144169867180276,0.34971304056344216,0.36144169867180276,103377600
1989-12-12,0.3518458902835846,0.3571765358817355,0.3433162570038824,0.3571765358817355,93628800
1989-12-13,0.3411841094493866,0.35184602707658336,0.33798508391905685,0.34438251269378933,95788800
1989-12-14,0.33265432715415955,0.34011725340860827,0.33265432715415955,0.3369188512131242,61516800
1989-12-15,0.32838910818099976,0.3347865334427986,0.31985947626885386,0.33372041181510775,107164800
1989-12-18,0.33372044563293457,0.33691881084011577,0.32838914145857456,0.3294552997993398,78436800
1989-12-19,0.3427833020687103,0.34331638146379484,0.3315883053264542,0.33372058630173856,70473600
1989-12-20,0.35291215777397156,0.35397827990213676,0.3443824852526692,0.3465147295089996,111009600
1989-12-21,0.35611045360565186,0.35611045360565186,0.3465146608573084,0.3529120878548183,55022400
1989-12-22,0.36570629477500916,0.36783857549626525,0.35291213458183285,0.3561105007561432,54892800
1989-12-26,0.36464014649391174,0.36837159173145256,0.3614417439445644,0.36623934776858535,23817600
1989-12-27,0.3678385019302368,0.3710374897506006,0.3635739779456592,0.36677234348031096,62798400
1989-12-28,0.36357420682907104,0.365706451861166,0.35397840868841,0.356110653720505,123091200
1989-12-29,0.37103769183158875,0.3763683405643207,0.3635741759617378,0.3646402983872718,77630400
1990-01-02,0.3785005509853363,0.3785005509853363,0.3673055538195453,0.3721037810275845,53035200
1990-01-03,0.38063323497772217,0.3848977584371501,0.3774342475512939,0.3816993932963572,113774400
1990-01-04,0.39182841777801514,0.39236149719719926,0.37850055377708713,0.3806334205296519,125740800
1990-01-05,0.3822324872016907,0.39236135863986105,0.3816994445757989,0.39022907832116704,69566400
1990-01-08,0.38809633255004883,0.38809633255004883,0.37743441518303433,0.3816995628223979,58982400
1990-01-09,0.38703012466430664,0.39236139331028674,0.3848978441571969,0.38809624661533876,70300800
1990-01-10,0.37636807560920715,0.38916289009562577,0.3758350330742216,0.38383162282994154,103766400
1990-01-11,0.3689047396183014,0.3816995601612778,0.36250796993524725,0.3785005347313167,95774400
1990-01-12,0.3673054575920105,0.37210368354299933,0.3582427438564441,0.3630409332023876,148910400
1990-01-15,0.3673054575920105,0.37103752499180964,0.3635740124779825,0.36570625637027127,62467200
1990-01-16,0.3785005509853363,0.3806334177221694,0.3603757044465413,0.3646402299533942,80092800
1990-01-17,0.37316977977752686,0.38596393774559623,0.3710374994271081,0.37530202352290276,97588800
1990-01-18,0.4051555097103119,0.40515550971031183,0.38169943825684616,0.38223248087391354,292363200
1990-01-19,0.40142419934272766,0.40942079300658835,0.3987588755500798,0.40622180413252623,99259200
1990-01-22,0.38703012466430664,0.40089106441440875,0.38596396610822903,0.40089106441440875,167688000
1990-01-23,0.3827657401561737,0.3891631330914358,0.3806334588697142,0.3880963884647341,139348800
1990-01-24,0.38703012466430664,0.38703012466430664,0.3715706059709076,0.3753020511020428,180345600
1990-01-25,0.38703012466430664,0.394493637212351,0.38596396610822903,0.390229112803177,112752000
1990-01-26,0.38703012466430664,0.3891629908521449,0.3838317222061648,0.38596396610822903,68083200
1990-01-29,0.39022907614707947,0.3934274783047801,0.3848978080018911,0.3902290761470795,55080000
1990-01-30,0.389163076877594,0.39449372441615277,0.3838318070531237,0.3912953578560497,73108800
1990-01-31,0.3944936990737915,0.3944936990737915,0.3891630518776747,0.3923614548373653,112939200
1990-02-01,0.3998248279094696,0.4019571080008753,0.39449356030286026,0.39449356030286026,89193600
1990-02-02,0.3998248279094696,0.407287753321832,0.39662584039426596,0.39662584039426596,71395200
1990-02-05,0.40195727348327637,0.40195727348327637,0.39769212586392555,0.39929194972550686,59731200
1990-02-06,0.40089112520217896,0.4019572473148689,0.3934275749173789,0.40089112520217896,81964800
1990-02-07,0.3976920247077942,0.40408941506411206,0.39662590279687365,0.39875876890446527,134150400
1990-02-08,0.40195727348327637,0.4051556400295677,0.39769212586392555,0.39929194972550686,95227200
1990-02-09,0.4030233919620514,0.40408951413435207,0.40089114761745004,0.4019572697897507,62380800
1990-02-12,0.40408945083618164,0.40728785345712637,0.40089108482028435,0.40302332883088254,56088000
1990-02-13,0.40408945083618164,0.4062217314518273,0.40302332883088254,0.4051555728414808,58752000
1990-02-14,0.4051555097103119,0.40622166815453,0.403023266031959,0.40622166815453,35870400
1990-02-15,0.4136851727962494,0.41795031897026375,0.40515550273391865,0.40515550273391865,89496000
1990-02-16,0.4179503917694092,0.42114879439400865,0.4168836474770854,0.41901651377592647,70876800
1990-02-20,0.42754602432250977,0.42861214592755653,0.4136850890706561,0.4168834904908302,132652800
1990-02-21,0.4099539816379547,0.4264796304835119,0.40835477961525335,0.4211489814778832,103348800
1990-02-22,0.41101983189582825,0.41901642239413817,0.41048678931134264,0.41261903285936397,60811200
1990-02-23,0.41581761837005615,0.4168837406147602,0.4072879449163674,0.4083546894470168,56851200
1990-02-26,0.42328113317489624,0.426479536515582,0.4147514597171589,0.41581761856742455,69220800
1990-02-27,0.4179503917694092,0.4243471604135607,0.4179503917694091,0.4243471604135607,62020800
1990-02-28,0.4211485981941223,0.42541312083853217,0.4179501970595573,0.4179501970595573,39312000
1990-03-01,0.4264795482158661,0.4339430630280961,0.4200827779640575,0.4200827779640575,76867200
1990-03-02,0.44247251749038696,0.445137840158489,0.4270130017667177,0.4275460809423535,100209600
1990-03-05,0.44887009263038635,0.4510023368314322,0.436075273037237,0.44140654243076344,75528000
1990-03-06,0.44567111134529114,0.44780397804232763,0.43714206049072696,0.44673785583677067,68630400
1990-03-07,0.43820810317993164,0.44993617741399095,0.43820810317993164,0.4467377747726415,47606400
1990-03-08,0.4531346261501312,0.4573997738678065,0.4339430354379278,0.4392743419673318,88977600
1990-03-09,0.45420053601264954,0.46059792463723825,0.44886989129597166,0.45206825616295787,75744000
1990-03-12,0.4616640508174896,0.46379633068823295,0.4520682606261431,0.45313438225899744,68875200
1990-03-13,0.4531346261501312,0.4648627025246362,0.4531346261501313,0.462730421506233,85204800
1990-03-14,0.4600648581981659,0.46379633888666866,0.45206826861726407,0.4573995357663984,130968000
1990-03-15,0.4733920991420746,0.4765910861793329,0.4595317864507223,0.4600648289401556,81676800
1990-03-16,0.48618704080581665,0.4915176871380762,0.47659124780096984,0.477657406351458,118900800
1990-03-19,0.4968491196632385,0.4989813641004453,0.48192201761071185,0.4851210431575069,81172800
1990-03-20,0.48192182183265686,0.4979150396066313,0.4797895782616622,0.49684891782113394,92145600
1990-03-21,0.48298802971839905,0.49258382226698116,0.47872350553435383,0.48138882857375165,69840000
1990-03-22,0.47445839643478394,0.48512093400368117,0.4701938719148479,0.48405418973916864,92419200
1990-03-23,0.4701940417289734,0.48298824219529374,0.4648627710190962,0.4776575937714314,53596800
1990-03-26,0.4755250811576843,0.4797896051436493,0.4707268922659127,0.47125993488600715,55929600
1990-03-27,0.47978970408439636,0.4819219482145627,0.47232615413287476,0.47392535553302423,52516800
1990-03-28,0.4733920991420746,0.47872336595216486,0.46273015120242084,0.47872336595216486,99532800
1990-03-29,0.4712601602077484,0.48085595689862143,0.4691279154978052,0.4707271173327923,64785600
1990-03-30,0.4723259210586548,0.47339207920268034,0.46592915521965805,0.4691275564416721,36691200
1990-04-02,0.4755250811576843,0.479256525918513,0.46592928905481135,0.4680615693503148,74059200
1990-04-03,0.49471649527549744,0.4957826167541861,0.47978944018777075,0.4808555616664595,84643200
1990-04-04,0.498981237411499,0.506444786542803,0.49258384683316064,0.4947167130147731,79646400
1990-04-05,0.4883192777633667,0.49951427099075874,0.4883192777633667,0.4984481125353289,66369600
1990-04-06,0.4872531592845917,0.49151764671565146,0.48298801296277005,0.48938540300012157,72878400
1990-04-09,0.4883192777633667,0.49151764331453,0.48512087560716133,0.48512087560716133,31176000
1990-04-10,0.5032455921173096,0.5032455921173096,0.4883191577786092,0.48885220027030835,45187200
1990-04-11,0.516040563583374,0.516040563583374,0.5043124904186717,0.5053786123335641,70372800
1990-04-12,0.5149744153022766,0.5203050615877681,0.5117754272082434,0.5192389396516788,48254400
1990-04-16,0.5181729197502136,0.5267025924143809,0.5128416501291642,0.5203051640422574,39470400
1990-04-17,0.528834879398346,0.537364552751099,0.5096432882286639,0.5171068393493288,66780000
1990-04-18,0.5171064138412476,0.5267022015300635,0.5011132025280622,0.525636080175248,97797600
1990-04-19,0.5075110793113708,0.5224375237071793,0.5053787980927912,0.5117756051434724,58003200
1990-04-20,0.5053785443305969,0.5160404941457513,0.5011133983541416,0.5117753481692958,44661600
1990-04-23,0.5032455921173096,0.5075107373616304,0.4883191577786092,0.5021794705288782,64879200
1990-04-24,0.49471649527549744,0.5096429280777257,0.4819216831451482,0.5096429280777257,47916000
1990-04-25,0.49471649527549744,0.501113260752659,0.4861868279504307,0.4968487748379042,53870400
1990-04-26,0.48938557505607605,0.5011136151105856,0.4883194528234887,0.49898137064541087,46296000
1990-04-27,0.47978970408439636,0.4883193761010011,0.47445843486809053,0.48725325403591796,57124800
1990-04-30,0.49471649527549744,0.49471649527549744,0.4755249176679866,0.47978944018777075,51451200
1990-05-01,0.4872531592845917,0.5011134389313401,0.484054134820535,0.5011134389313401,52473600
1990-05-02,0.4968491196632385,0.4989813641004453,0.48831944641837177,0.48831944641837177,33264000
1990-05-03,0.5032455921173096,0.5096429805384931,0.49684882598168845,0.4989810691585511,45892800
1990-05-04,0.5267025232315063,0.5267025232315063,0.5032457892171647,0.5075109361319612,47815200
1990-05-07,0.5458941459655762,0.5629534535616889,0.5245702768570464,0.5288348017644137,97351200
1990-05-08,0.5352325439453125,0.5416293167593413,0.5309673942480574,0.5352325439453125,50824800
1990-05-09,0.5352325439453125,0.5394970347512842,0.5288351122400002,0.5362986666468054,35164800
1990-05-10,0.5501585006713867,0.5544236465451001,0.5352320641300445,0.5394965511130653,48801600
1990-05-11,0.558688223361969,0.5629533699214934,0.539496637861017,0.5544237356932432,49168800
1990-05-14,0.5608205795288086,0.5672179707865337,0.5586882988014801,0.5650857266642545,47232000
1990-05-15,0.552291214466095,0.5608202592951451,0.548026069766087,0.5586879797853684,54122400
1990-05-16,0.552291214466095,0.552291214466095,0.5416286821613306,0.5501583492758637,38556000
1990-05-17,0.552291214466095,0.5565557368806201,0.548026069766087,0.552291214466095,41731200
1990-05-18,0.582145094871521,0.5906747677480433,0.5501587209206664,0.5512248430932305,101822400
1990-05-21,0.5992036461830139,0.6162629504297408,0.5864094516870492,0.5864094516870492,159595200
1990-05-22,0.6098662614822388,0.6162630301119334,0.5885418081224768,0.6056011145749549,142437600
1990-05-23,0.6471826434135437,0.6482494608949158,0.6130646533903777,0.6141307753758622,141184800
1990-05-24,0.6525142192840576,0.6717058139688828,0.648249729574619,0.6546464641387769,146649600
1990-05-25,0.6333226561546326,0.6503820068347234,0.6311904111936739,0.6333226561546326,104688000
1990-05-29,0.6418519616127014,0.6439842786765977,0.6311900834528629,0.6333223273066697,61480800
1990-05-30,0.6439842581748962,0.6525138922093809,0.6375867947162497,0.6493154899254494,65073600
1990-05-31,0.6226603388786316,0.6439842403493791,0.618395192534057,0.6375867770678146,69436800
1990-06-01,0.6407859325408936,0.6418520179563363,0.6226604305956833,0.6247927478467605,69069600
1990-06-04,0.6525142192840576,0.6589116127393294,0.6311903797445131,0.6386539322322065,59162400
1990-06-05,0.6258587837219238,0.6610435529916354,0.6205281374363735,0.6589113091194333,80258400
1990-06-06,0.6226603388786316,0.63545453334091,0.618395192534057,0.6247926558156213,86292000
1990-06-07,0.6141306161880493,0.6290577111073787,0.6056009470192478,0.6247925653801616,90122400
1990-06-08,0.6269248723983765,0.6290577749236976,0.6098661546158426,0.6141306784900521,63770400
1990-06-11,0.6386537551879883,0.6439844024521145,0.622660495613747,0.622660495613747,58240800
1990-06-12,0.6471826434135437,0.6482494608949158,0.635454606077327,0.643984314062137,46656000
1990-06-13,0.6525142192840576,0.6631761756588918,0.6407861770869256,0.6471829116510835,80265600
1990-06-14,0.6439842581748962,0.6546461359953062,0.6333223071443991,0.6525138922093809,58204800
1990-06-15,0.6482494473457336,0.6567784230513438,0.6354545927955725,0.6354545927955725,51552000
1990-06-18,0.6386537551879883,0.6503817941339353,0.6354546932965606,0.6461166467157443,52790400
1990-06-19,0.6397198438644409,0.6439844056228008,0.6290579636028664,0.6375869406993784,41716800
1990-06-20,0.6621096134185791,0.6631757718017373,0.6397196284815436,0.6429180304209391,39564000
1990-06-21,0.6567782163619995,0.6631756782288327,0.6482492433404733,0.6610433617633823,34308000
1990-06-22,0.6461164355278015,0.6631757750528344,0.6439841919611112,0.6589112147093745,34034400
1990-06-25,0.6354548335075378,0.6525141823726305,0.6333225887734354,0.6450506303071354,68983200
1990-06-26,0.6375867128372192,0.6450502606253143,0.6354544693251172,0.6418518587521224,50198400
1990-06-27,0.6503815650939941,0.6525138086067279,0.6354544695133815,0.6375867130261152,35762400
1990-06-28,0.6525142192840576,0.6589116127393294,0.6493158153969167,0.6535803783164791,30052800
1990-06-29,0.6482494473457336,0.6525139351985387,0.6418519834656071,0.6525139351985387,34956000
1990-07-02,0.6290577054023743,0.6482492869841999,0.6279908882072053,0.6482492869841999,35474400
1990-07-03,0.6141306161880493,0.6269248087984352,0.609866092746465,0.6258586504842611,79257600
1990-07-05,0.6162629723548889,0.6183952161632678,0.6034688140087814,0.6098662043247085,61855200
1990-07-06,0.6247925758361816,0.6311899650887338,0.6119983830116826,0.615196784797656,41803200
1990-07-09,0.6333226561546326,0.6375871460765501,0.624793017419651,0.6269252623806096,37317600
1990-07-10,0.6290577054023743,0.6397195812877182,0.6269248031127742,0.6333221922002462,29700000
1990-07-11,0.6439842581748962,0.6461165019608215,0.6247926731099144,0.6311900633584738,28922400
1990-07-12,0.6610435247421265,0.6631758417332946,0.6418519397207435,0.6418519397207435,89042400
1990-07-13,0.6685073375701904,0.6866328444666833,0.6610437858920525,0.6631761037256076,93628800
1990-07-16,0.6759702563285828,0.6887651155530077,0.6695735222124974,0.6717057669178592,48729600
1990-07-17,0.6631755828857422,0.6781026013086324,0.6567781219386558,0.6770365164392445,54475200
1990-07-18,0.6482494473457336,0.6631758869314703,0.6439843006021015,0.6589113258685734,41853600
1990-07-19,0.6546462774276733,0.6546462774276733,0.6290579554767136,0.6429182385754854,63136800
1990-07-20,0.6247925758361816,0.6674408857888793,0.622660259172149,0.6567782775276563,87724800
1990-07-23,0.6141306161880493,0.6311899545256523,0.6077332270425586,0.6247925653801616,74203200
1990-07-24,0.5928067564964294,0.6183950670171914,0.569350030379155,0.6183950670171914,137102400
1990-07-25,0.6098662614822388,0.6119985420955019,0.5864095275092137,0.5970714430461922,60148800
1990-07-26,0.5864095091819763,0.6311901094344636,0.5629533982278373,0.6077333761945392,303321600
1990-07-27,0.5885417461395264,0.5970713801649336,0.5778797951203761,0.5842772219671708,51019200
1990-07-30,0.5800122022628784,0.5885418747573734,0.5608206130242595,0.5842773496530637,87955200
1990-07-31,0.567218005657196,0.5853434728027357,0.5629534805454197,0.5821450698176405,42307200
1990-08-01,0.5693500638008118,0.5736152095300516,0.5437616785679051,0.565085540357205,111117600
1990-08-02,0.5629534721374512,0.5693502780121023,0.5480264081999492,0.5586883248035002,91771200
1990-08-03,0.5394964814186096,0.5608203411755069,0.5149742568376252,0.5586880613544151,117180000
1990-08-06,0.516040563583374,0.5288347220579247,0.4989812219534123,0.5245701977933107,113184000
1990-08-07,0.522437334060669,0.5309670049145546,0.511775419367273,0.522437334060669,91065600
1990-08-08,0.5416289567947388,0.545894103657393,0.528834760778373,0.5330999076410272,86263200
1990-08-09,0.5554898977279663,0.5608205443038978,0.5394966768235265,0.545894104284481,77054400
1990-08-10,0.5501585006713867,0.5608204136246697,0.5352320641300445,0.5554897682908553,73188000
1990-08-13,0.5544237494468689,0.5586882372213842,0.5394966512443453,0.5437617979096755,53942400
1990-08-14,0.5480262041091919,0.5618871407739762,0.5437616806492619,0.5565558733146875,33710400
1990-08-15,0.5480262041091919,0.5608203967746175,0.5480262041091919,0.5522913498547575,51408000
1990-08-16,0.5267025232315063,0.5501586349600419,0.5267025232315063,0.5458941103310515,53330400
1990-08-17,0.5139081478118896,0.5267023395221604,0.5117752822580376,0.5203049142217132,95227200
1990-08-20,0.4733920991420746,0.5160404033711504,0.4733920991420746,0.5139081235983185,113601600
1990-08-21,0.4627305865287781,0.46699573576752373,0.4328770676072066,0.46273058652877813,165650400
1990-08-22,0.4584657847881317,0.4733922229677055,0.4552667603090688,0.46912769891159906,79236000
1990-08-23,0.44140657782554626,0.4584659237937647,0.4350091858185134,0.4478039698325792,107445600
1990-08-24,0.4883192777633667,0.49258380176995986,0.4456709628739011,0.4456709628739011,95443200
1990-08-27,0.5181729197502136,0.5224374449393533,0.503245855318975,0.503245855318975,110116800
1990-08-28,0.5362984538078308,0.5394968206429844,0.5117755915218071,0.5139084583645412,79826400
1990-08-29,0.516040563583374,0.5437617832530572,0.5117754170330072,0.5330998686082915,77954400
1990-08-30,0.5117753148078918,0.5320330181361339,0.5117753148078918,0.5181727039101901,65383200
1990-08-31,0.524570107460022,0.5288346309902662,0.5053785253051505,0.5117753289030358,40737600
1990-09-04,0.5309669375419617,0.5330998033965956,0.5181727440274229,0.5203049875963799,47376000
1990-09-05,0.5032455921173096,0.5373642283245935,0.4989810691585511,0.5330997053658351,54676800
1990-09-06,0.490451842546463,0.49898151842945637,0.47978992156678496,0.49471699163102095,115617600
1990-09-07,0.4925838112831116,0.5032457254886996,0.4819218604724807,0.4861870068471608,53704800
1990-09-10,0.4755250811576843,0.5117753835930026,0.4755250811576843,0.5011134330398569,74246400
1990-09-11,0.4733920991420746,0.48192173070386346,0.4648624309752528,0.47765724436826534,78868800
1990-09-12,0.48938557505607605,0.4925839783588933,0.47552525393133666,0.47978977946674123,75016800
1990-09-13,0.490451842546463,0.49898151842945637,0.4861873157480276,0.49471699163102095,49867200
1990-09-14,0.5096432566642761,0.5139084042194628,0.4808558716926789,0.48618714141392416,67672800
1990-09-17,0.5181729197502136,0.5267025924143809,0.5053787218969066,0.5075110027940026,70394400
1990-09-18,0.5267025232315063,0.5320331698664825,0.5096431801439326,0.5171067296817338,60638400
1990-09-19,0.528834879398346,0.5394967972152751,0.5267026349341698,0.537364552751099,52696800
1990-09-20,0.5096432566642761,0.528834846645341,0.5096432566642761,0.5245703213760537,52444800
1990-09-21,0.516040563583374,0.518172807413159,0.4989812219534123,0.5096431365981781,79891200
1990-09-24,0.498981237411499,0.5117754328874491,0.49045156633227494,0.5075109084907231,81439200
1990-09-25,0.5149744153022766,0.516040573843411,0.50111347574645,0.5085770247949305,53308800
1990-09-26,0.5139081478118896,0.5181726709534502,0.507510759116477,0.5160404276851872,39268800
1990-09-27,0.5053785443305969,0.5245701272079534,0.49684891126839476,0.520304981231498,65728800
1990-09-28,0.5373644232749939,0.5416289477808789,0.49471672567803787,0.4968490062335036,97984800
1990-10-01,0.5725492835044861,0.5757476865360753,0.5501587052408609,0.5522915718111046,131623200
1990-10-02,0.5618871450424194,0.584277128797152,0.5586881209862753,0.5821448487484702,83469600
1990-10-03,0.5608205795288086,0.5746815207104476,0.556556054679201,0.5586882988014801,57600000
1990-10-04,0.5469602942466736,0.5608206139942659,0.545894172120015,0.5565560888825801,69292800
1990-10-05,0.552291214466095,0.5608202592951451,0.5309667721420492,0.5373641597468056,82101600
1990-10-08,0.5629534721374512,0.5672179971855349,0.5501586890265165,0.5629534721374512,38678400
1990-10-09,0.5373644232749939,0.5629534005626218,0.5330998987691089,0.5565560098205293,66376800
1990-10-10,0.5075110793113708,0.5309671976573642,0.5032459311932875,0.5288349164387846,115596000
1990-10-11,0.49471649527549744,0.5139080728830082,0.4861868279504307,0.5096429280777257,83815200
1990-10-12,0.48618704080581665,0.501113480142923,0.46059806423264993,0.4989812362520374,109252800
1990-10-15,0.48192182183265686,0.4947166376450994,0.47339218865796084,0.4925837717884273,130334400
1990-10-16,0.4659293591976166,0.491517714931959,0.46059809027811877,0.48405420200100335,300888000
1990-10-17,0.48192182183265686,0.4840541020086914,0.4563334713841664,0.466995384734897,135820800
1990-10-18,0.5213713645935059,0.5245703535739334,0.4840543045069313,0.4861871712558623,123739200
1990-10-19,0.528834879398346,0.5394967972152751,0.5160407171172408,0.528834879398346,170337600
1990-10-22,0.5458941459655762,0.5522915373099488,0.5267025576132549,0.5288348017644137,80294400
1990-10-23,0.5480262041091919,0.5608203967746175,0.5394965349036963,0.5437616806492619,71884800
1990-10-24,0.5576223134994507,0.5586884358220611,0.5394968430228596,0.5416291242731386,54734400
1990-10-25,0.552291214466095,0.5650854039951532,0.5458938268613387,0.5586879797853684,51501600
1990-10-26,0.5405628681182861,0.5501586621421657,0.5394967094545765,0.5437618565801045,59126400
1990-10-29,0.533099889755249,0.5480263292567293,0.5288347430356927,0.5437618048229507,67881600
1990-10-30,0.5448278188705444,0.5480261838937334,0.5288346027632304,0.5330997483514642,52567200
1990-10-31,0.5437616109848022,0.5565558020110898,0.5437616109848022,0.5501584136576845,61200000
1990-11-01,0.5416289567947388,0.5480263476432974,0.5352321882319786,0.537364432217883,49442400
1990-11-02,0.5544237494468689,0.560820517713687,0.5394966512443453,0.5416289317366482,74764800
1990-11-05,0.5597545504570007,0.5629535394576904,0.5522916215791446,0.5565561471371974,50702400
1990-11-06,0.5480262041091919,0.5672177859476294,0.54162881493618,0.5608203967746175,59212800
1990-11-07,0.5437616109848022,0.5522912790975125,0.5416287455449742,0.5437616109848022,63100800
1990-11-08,0.5416289567947388,0.5522914945059516,0.537364432217883,0.5416289567947388,43466400
1990-11-09,0.552291214466095,0.5586879797853684,0.5501583492758637,0.552291214466095,43344000
1990-11-12,0.5874757170677185,0.5906747423387535,0.5629534805565551,0.5629534805565551,87660000
1990-11-13,0.5853434205055237,0.5928069702214446,0.5778798707896027,0.5864095425369527,67658400
1990-11-14,0.5928067564964294,0.5970712430846675,0.5821448079251325,0.5842770878242866,59724000
1990-11-15,0.5789458155632019,0.5906744713580886,0.5736151707701512,0.5885416057972912,63129600
1990-11-16,0.5800122022628784,0.5864095939026928,0.5736154329089396,0.5757476771585687,67075200
1990-11-19,0.5928067564964294,0.5949389997905485,0.5800119423454169,0.5800119423454169,45554400
1990-11-20,0.582145094871521,0.6013366849696937,0.5810789726989569,0.5906747677480433,68868000
1990-11-21,0.5864095091819763,0.5885417897285986,0.5714830694900196,0.5800121184664163,60739200
1990-11-23,0.5864095091819763,0.599203704932357,0.5842772652404002,0.5906746559559601,22060800
1990-11-26,0.5992036461830139,0.6013365122012572,0.5778797812611643,0.5842772079545304,47577600
1990-11-27,0.6130648255348206,0.6162631923893537,0.5949393557003004,0.6013367483003925,63417600
1990-11-28,0.6002705693244934,0.6205282818155132,0.5992038248544262,0.6162631341879211,77623200
1990-11-29,0.6077334880828857,0.6077334880828857,0.5949392899769962,0.5992038152503261,65865600
1990-11-30,0.6162629723548889,0.6333223138135885,0.6013365335953587,0.6077333382305831,72165600
1990-12-03,0.6301238536834717,0.6354544993203874,0.6205280619303256,0.6247926223659069,68241600
1990-12-04,0.6354548335075378,0.6418522266009219,0.6226606330017269,0.6269251956800515,54547200
1990-12-05,0.6418519616127014,0.6461165225304044,0.6333223273066697,0.6354545711604765,68630400
1990-12-06,0.6375867128372192,0.6546460519255115,0.6311899823009129,0.6503815649013074,108201600
1990-12-07,0.6333226561546326,0.6418522948896143,0.6162633054745419,0.6333226561546326,81921600
1990-12-10,0.6311903595924377,0.6429184014151272,0.6205284035580089,0.6247929663414161,55526400
1990-12-11,0.6151970624923706,0.6354547388355052,0.6141309036790993,0.6247928578623566,61768800
1990-12-12,0.6183950901031494,0.6205279923675258,0.6013364110126599,0.6119983599819893,71560800
1990-12-13,0.6205280423164368,0.6269248461625755,0.6119984092443143,0.6226602858617901,50709600
1990-12-14,0.6279910206794739,0.6333223257971329,0.6183952278643657,0.6226603744526179,48636000
1990-12-17,0.6311903595924377,0.6333226043790806,0.6183954998802731,0.6226606483446517,27288000
1990-12-18,0.6418519616127014,0.6461165225304044,0.6333223273066697,0.6354545711604765,51876000
1990-12-19,0.6386537551879883,0.6461166467157443,0.6375869375601904,0.6429182437152479,34264800
1990-12-20,0.6439842581748962,0.6482494046375303,0.6311900633584738,0.6333223071443991,46994400
1990-12-21,0.6461164355278015,0.6482493379852076,0.6418518751843415,0.6461164355278015,33472800
1990-12-24,0.6418519616127014,0.6439842786765977,0.6375868150142833,0.6439842786765977,13550400
1990-12-26,0.6397198438644409,0.6461166498969287,0.6354546964252504,0.6418520881385689,16214400
1990-12-27,0.6375867128372192,0.6418518587521224,0.6354544693251172,0.6397196152400203,22629600
1990-12-28,0.6397198438644409,0.6418520881385689,0.6333224521511224,0.6354546964252504,20268000
1990-12-31,0.6418519616127014,0.6418519616127014,0.6354545711604765,0.6397197177588947,23702400
1991-01-02,0.6375867128372192,0.6418518587521224,0.6375867128372192,0.6397196152400203,38109600
1991-01-03,0.6418519616127014,0.6482494252750158,0.6375868150142833,0.6375868150142833,52826400
1991-01-04,0.6471826434135437,0.6525139488368537,0.6397197529101056,0.6397197529101056,58485600
1991-01-07,0.6386537551879883,0.6631759918167488,0.6375869375601904,0.6418520849783813,87552000
1991-01-08,0.6269248723983765,0.6418518956219402,0.6226603119191261,0.6375867494620348,76442400
1991-01-09,0.6311903595924377,0.6461168052001524,0.626925211128059,0.6311903595924376,115624800
1991-01-10,0.6674408912658691,0.6717053782087774,0.6333222137397044,0.6333222137397044,123890400
1991-01-11,0.6653081774711609,0.6738378126652074,0.654646224991224,0.6695733245136207,62006400
1991-01-14,0.6546462774276733,0.6610436690583505,0.6439843973038286,0.6589114248117668,58658400
1991-01-15,0.6685073375701904,0.6781031338717677,0.6546463931306922,0.6546463931306922,83440800
1991-01-16,0.70155930519104,0.7068905391591779,0.667441267331943,0.6695735120047985,139917600
1991-01-17,0.7164860367774963,0.7356776218190302,0.7143531341033934,0.7335447191449272,163526400
1991-01-18,0.7271484136581421,0.729280658690237,0.7015594233893664,0.7036916684214614,103032000
1991-01-21,0.7633988857269287,0.7676633731351012,0.7218166560182437,0.7218166560182437,154512000
1991-01-22,0.7580677270889282,0.7761931564539081,0.7452735302974788,0.7644651183250466,113716800
1991-01-23,0.7591336965560913,0.769795573365154,0.7527362337042851,0.7527362337042851,77083200
1991-01-24,0.7719279527664185,0.7751270142005441,0.7570015129536924,0.7612660740814414,86083200
1991-01-25,0.7633988857269287,0.7761930068422047,0.7591337394279978,0.7740607631381184,86889600
1991-01-28,0.7868550419807434,0.8017821405042902,0.759133820967685,0.759133820967685,130989600
1991-01-29,0.788987398147583,0.8049805843076767,0.7676635647913725,0.7868551539111568,146980800
1991-01-30,0.8209738731384277,0.8231061174513693,0.780457790317595,0.7889874264603078,148586400
1991-01-31,0.8369660973548889,0.8486941323174817,0.818840672883309,0.8231058188528696,111420000
1991-02-01,0.8508273363113403,0.8614892898882379,0.8295028434767087,0.8444299445348881,117878400
1991-02-04,0.8454962372779846,0.859357181780147,0.8359004409330256,0.8529597157797484,88236000
1991-02-05,0.8636212348937988,0.8700186244532233,0.835900018780497,0.8465618954523961,88740000
1991-02-06,0.9020048379898071,0.9084022306493313,0.8572242607349719,0.8614894088049987,106351200
1991-02-07,0.8785481452941895,0.9297254207127279,0.8721506838753593,0.9062686966642363,133466400
1991-02-08,0.8870773911476135,0.8934748545383722,0.8678858062862871,0.8785484160944194,74232000
1991-02-11,0.8892101645469666,0.8913424080003243,0.8721508259286674,0.8881440794253255,152337600
1991-02-12,0.8806807994842529,0.8934749961933485,0.8742834082893135,0.8806807994842529,96206400
1991-02-13,0.899872362613678,0.9009384480299547,0.8678859199902931,0.8742833842192002,95493600
1991-02-14,0.8593571186065674,0.8998725456410875,0.8444300162801376,0.8977403011647554,133704000
1991-02-15,0.8806807994842529,0.8892104347805451,0.8636214556815708,0.8657536997829235,115452000
1991-02-19,0.8742831349372864,0.8828127675667167,0.8657534290977812,0.8721508182925226,66564000
1991-02-20,0.8764156699180603,0.8870775495289315,0.8657537170970896,0.867885961241085,52552800
1991-02-21,0.8529596328735352,0.8828131779282962,0.852959632873535,0.8785486890766392,68277600
1991-02-22,0.8721511960029602,0.8913427862180606,0.8508273614297405,0.8508273614297405,105343200
1991-02-25,0.8785481452941895,0.8870771177184467,0.8657532956665929,0.8806803884002538,88524000
1991-02-26,0.867885947227478,0.8742834116571592,0.8572240677887624,0.8657537031179117,55540800
1991-02-27,0.8977401852607727,0.9020046736628644,0.8636214960601893,0.8721511317552845,87674400
1991-02-28,0.8849450349807739,0.9062688608968991,0.8806805479958415,0.9041366174044329,55008000
1991-03-01,0.9020048379898071,0.9062693271688019,0.8700190460540204,0.8785487565131568,77724000
1991-03-04,0.9126664996147156,0.9169316463134909,0.8913425963731166,0.902004547993916,47023200
1991-03-05,0.9510498046875,0.9595794403854268,0.9126666270720829,0.9147988712738365,76356000
1991-03-06,0.914798378944397,0.9638434100642654,0.910533819625904,0.9595789239558344,101088000
1991-03-07,0.8870773911476135,0.9169315858170723,0.8828129036210165,0.8892102938016887,165391200
1991-03-08,0.8742831349372864,0.9041365929050297,0.86788567253247,0.8913424001961469,134697600
1991-03-11,0.8465622663497925,0.8742835678184803,0.8337680673061593,0.8678861022461074,160970400
1991-03-12,0.8167083263397217,0.8433633804979501,0.8156421680994341,0.8380321500360963,152884800
1991-03-13,0.85722416639328,0.8625553995662701,0.818840986022225,0.818840986022225,110268000
1991-03-14,0.8359001874923706,0.8657536531873109,0.8273704794450568,0.8657536531873109,100216800
1991-03-15,0.8241721391677856,0.8422976420209564,0.8209738095511475,0.8380324948344773,76932000
1991-03-18,0.8465622663497925,0.850827414221634,0.8188410380912159,0.8209739414726372,66218400
1991-03-19,0.8444297909736633,0.861489133224738,0.825238204815171,0.8380324003605892,92505600
1991-03-20,0.8444297909736633,0.861489133224738,0.8422975470662457,0.8444297909736633,83217600
1991-03-21,0.8081789016723633,0.8593569309021233,0.8017821696405687,0.8486943198573313,119188800
1991-03-22,0.799649178981781,0.8145762031995114,0.7932523744419075,0.8060465692023484,95688000
1991-03-25,0.8380322456359863,0.8422973915541755,0.8017819828100706,0.8017819828100706,59824800
1991-03-26,0.8966731429100037,0.8977399602390875,0.8422974519329809,0.8422974519329809,89928000
1991-03-27,0.9190641045570374,0.931858303065614,0.8956073662602678,0.8956073662602678,91936800
1991-03-28,0.9052028656005859,0.9233282914719917,0.9041367071434939,0.9147986577648347,30492000
1991-04-01,0.9105340242385864,0.91906373047284,0.8913424414467904,0.9041366347477787,59205600
1991-04-02,0.9574471712112427,0.9595794153573824,0.9105342859113937,0.9169317504508075,96256800
1991-04-03,0.9702413082122803,0.9958302862669245,0.9617116000540021,0.9617116000540021,91778400
1991-04-04,0.9702413082122803,0.9958302862669245,0.9617116000540021,0.9723735522266125,73850400
1991-04-05,0.9382559657096863,0.9745069129681183,0.9297262535440358,0.9723740090608652,108914400
1991-04-08,0.9499833583831787,0.9659765394414231,0.9339901773249342,0.9382553233281213,46526400
1991-04-09,0.9403880834579468,0.9659770700715428,0.9361235940029047,0.9510500391967461,60768000
1991-04-10,0.9169315695762634,0.9403876415487301,0.8998722287803929,0.9361231540976661,74340000
1991-04-11,0.9467847347259521,0.9510492940498324,0.921195768161306,0.9254602542751241,47937600
1991-04-12,0.914798378944397,0.9382551024225022,0.8849448530935832,0.9339899574235137,176731200
1991-04-15,0.9702413082122803,0.9745064551317989,0.8956072037434388,0.904136838691622,88819200
1991-04-16,0.9574471712112427,0.9766387595183903,0.938255582904095,0.9702413681890759,81331200
1991-04-17,0.9510498046875,1.002227106404351,0.9478514017798187,0.9723736376969622,128383200
1991-04-18,0.9382559657096863,0.9553153168308576,0.9211966145885149,0.9489178496812966,88084800
1991-04-19,0.914798378944397,0.9339899574235137,0.8956068004652803,0.9062686746269154,96588000
1991-04-22,0.8710848093032837,0.9062689155374838,0.8678857483759759,0.9041366719164607,139708800
1991-04-23,0.8668203949928284,0.8785490991970442,0.8572245951010954,0.8721516308320304,103910400
1991-04-24,0.8785481452941895,0.8934745791372769,0.8572236643517621,0.8657532956665929,82130400
1991-04-25,0.8593571186065674,0.8849454433146579,0.8572242152392382,0.8742835620420002,65707200
1991-04-26,0.8593571186065674,0.8721512443555572,0.8422977718038055,0.8550919707629061,88372800
1991-04-29,0.8337677717208862,0.8657535508308956,0.8337677717208862,0.8636213070963932,71258400
1991-04-30,0.8444297909736633,0.846562034881081,0.8188408142020969,0.8337678393356627,115178400
1991-05-01,0.8593571186065674,0.8593571186065674,0.8273706694773757,0.8401655273274733,111628800
1991-05-02,0.85722416639328,0.874283512223974,0.8550919220384465,0.8636215583487402,66888000
1991-05-03,0.8636212348937988,0.8636212348937988,0.8508270414555833,0.8572238453343743,23047200
1991-05-06,0.8764156699180603,0.8806808170969453,0.8550918374862183,0.8572240816302137,44755200
1991-05-07,0.8636212348937988,0.884945061447676,0.8636212348937988,0.8806805743352015,50904000
1991-05-08,0.8785481452941895,0.8806803884002538,0.8550914212456978,0.8614888094544643,57592800
1991-05-09,0.9020048379898071,0.9041370825793045,0.8764158530326274,0.8806810011026542,76298400
1991-05-10,0.8764156699180603,0.9126666023497579,0.8700188642759746,0.9062691378167781,52070400
1991-05-13,0.879614531993866,0.8849451781927362,0.8636213488257448,0.8806806905176755,68745600
1991-05-14,0.8636212348937988,0.8806805743352015,0.8593567477813242,0.8753492699488561,58816800
1991-05-15,0.8359001874923706,0.8572240183500911,0.8241720768601195,0.8550917743634976,111160800
1991-05-16,0.8476282954216003,0.8529595281173433,0.8401654042427009,0.8465621367345719,70243200
1991-05-17,0.8465622663497925,0.8486945108402125,0.8359003850066906,0.8444300218593723,44812800
1991-05-20,0.8454962372779846,0.8529597157797484,0.8337681230898305,0.848694567622545,65937600
1991-05-21,0.8700184226036072,0.8806803700119482,0.8486939421064277,0.8508268440585313,83570400
1991-05-22,0.9105340242385864,0.9105340242385864,0.8721508586549944,0.8764154189318076,88783200
1991-05-23,0.9339902997016907,0.9361232024281058,0.9126664703538433,0.9126664703538433,67752000
1991-05-24,0.9382559657096863,0.9595798068630362,0.9339908167863438,0.9382559657096862,67932000
1991-05-28,0.9446518421173096,0.9531815465298908,0.9382551128833442,0.942519599039321,43941600
1991-05-29,0.9403880834579468,0.9553151875428628,0.9361235940029047,0.9489177212591057,64202400
1991-05-30,0.9403880834579468,0.9531822839242672,0.9297261277191475,0.9393219244891267,61833600
1991-05-31,0.9361228346824646,0.9467847085629432,0.9211957427054106,0.9425195636764276,81784800
1991-06-03,0.9553146362304688,0.9574468797274714,0.9297255911742,0.9339901513782823,46951200
1991-06-04,0.9638436436653137,0.9681087896980204,0.9425198169638526,0.9553146693813349,35035200
1991-06-05,0.9553146362304688,0.9745062186949582,0.9553146362304688,0.959579123224474,41385600
1991-06-06,0.9478511810302734,0.9638437043148143,0.9425198762715593,0.961711460609649,32680800
1991-06-07,0.9403880834579468,0.9403880834579469,0.9275938829916265,0.9361235940029047,51984000
1991-06-10,0.9425203204154968,0.9467854687264524,0.9361235862856672,0.9403880757055536,29498400
1991-06-11,0.9435858130455017,0.963843477871847,0.9425196548383574,0.9467848001374043,41846400
1991-06-12,0.9478511810302734,0.9574469731993183,0.9403876325663939,0.9446521199767246,51069600
1991-06-13,0.9467847347259521,0.9574466821111179,0.9425195897215756,0.9467847347259521,38001600
1991-06-14,0.9681088924407959,0.9702412094481674,0.9467850634762945,0.9489173072735785,46360800
1991-06-17,0.9681088924407959,0.9787708435280904,0.959579258360873,0.9702412094481674,29419200
1991-06-18,0.9510498046875,0.9681090760833535,0.9361233631742109,0.9659768318815999,46850400
1991-06-19,0.8817468881607056,0.9361233225250718,0.8785485586020063,0.9361233225250718,157039200
1991-06-20,0.8593571186065674,0.867886096511896,0.8444300162801376,0.8614893630828995,187999200
1991-06-21,0.8721511960029602,0.8785486611783849,0.8636215596795229,0.8636215596795229,67680000
1991-06-24,0.8369660973548889,0.8657534716243876,0.8316354519012832,0.8614889845455345,79696800
1991-06-25,0.8422971963882446,0.8550913866069907,0.8358998084386285,0.8465616824276241,97228800
1991-06-26,0.8593571186065674,0.8657538520355638,0.8380326239601442,0.8444300162801376,96638400
1991-06-27,0.8700184226036072,0.873216823800954,0.8540252452558781,0.8668194357257628,56510400
1991-06-28,0.8716176748275757,0.8796142639750725,0.8380321175441954,0.8668194870668646,61526400
1991-07-01,0.9131993055343628,0.9163982928467422,0.8668195534703449,0.879614331358708,72388800
1991-07-02,0.8716176748275757,0.9243942261122032,0.8700184741341828,0.9116000348845277,43920000
1991-07-03,0.8188409209251404,0.8316357038188873,0.7900535379354189,0.8252383123720138,191630400
1991-07-05,0.7900533676147461,0.8156423422049315,0.786854965421228,0.8156423422049315,78758400
1991-07-08,0.85722416639328,0.8604231552114365,0.7740609993765625,0.7772594025138662,109185600
1991-07-09,0.8684195876121521,0.8796145821964894,0.8508272022593033,0.8636213981155824,76948800
1991-07-10,0.834834098815918,0.8796146671594142,0.831635695963097,0.8732172757729716,67310400
1991-07-11,0.8476282954216003,0.8540256868043719,0.8316356954858724,0.8412314897196294,51148800
1991-07-12,0.8700184226036072,0.8764152249983008,0.8444294559833402,0.8572236464532249,35174400
1991-07-15,0.8940078616142273,0.8988060504790384,0.876415478577698,0.8796144663811277,36763200
1991-07-16,0.8636212348937988,0.8956070113296543,0.8636212348937988,0.8956070113296543,42734400
1991-07-17,0.8668203949928284,0.8668203949928284,0.8316361858439046,0.8412319857356376,40526400
1991-07-18,0.85722416639328,0.8860115516715714,0.8540257632559765,0.8700189503042003,25656000
1991-07-19,0.8668203949928284,0.8700193854108366,0.8444303904725,0.863621990255966,24441600
1991-07-22,0.8636212348937988,0.8796144159520433,0.8508270414555833,0.8540254433949788,35136000
1991-07-23,0.8508273363113403,0.8732173290076684,0.8508273363113403,0.8700189259598605,35596800
1991-07-24,0.8380322456359863,0.8604228158074442,0.8316354418846742,0.8572238282511664,54321600
1991-07-25,0.8444297909736633,0.8700187677452298,0.8428305897405772,0.8572239865190816,90211200
1991-07-26,0.9084017872810364,0.9179975787463973,0.8540254404171146,0.8572238423453576,149294400
1991-07-29,0.8988063335418701,0.9116005317428901,0.8796147433999146,0.908402128612848,136468800
1991-07-30,0.9307924509048462,0.9339908551654721,0.8924092570530999,0.9020050555160365,78038400
1991-07-31,0.9403880834579468,0.9467854765315846,0.9307922866879678,0.933990690384309,111628800
1991-08-01,0.9371894598007202,0.9467852543185404,0.933990471174235,0.9435862656920552,53942400
1991-08-02,0.9371894598007202,0.9563810488363608,0.9371894598007202,0.9435862656920552,81369600
1991-08-05,0.9243949055671692,0.937189691879887,0.917998098091773,0.937189691879887,28252800
1991-08-06,0.9531818628311157,0.9595792530785382,0.9243944852387596,0.9243944852387596,53097600
1991-08-07,0.9723734855651855,0.978770876060461,0.9531818997600785,0.9563808878480758,69235200
1991-08-08,1.0107566118240356,1.0139555997684984,0.9723734419360256,0.9723734419360256,91852800
1991-08-09,1.0331472158432007,1.0491398133246304,1.0011608495189201,1.0075582399199183,114806400
1991-08-12,1.0619343519210815,1.0715301424936197,1.0203522023196983,1.0203522023196983,56899200
1991-08-13,1.0555377006530762,1.071530891344512,1.0523392967871834,1.071530891344512,94497600
1991-08-14,1.0555377006530762,1.0683319017976332,1.0491403072403045,1.058736104518969,67008000
1991-08-15,1.0427429676055908,1.0651329546076853,1.0363455774561263,1.0555371622238323,45460800
1991-08-16,1.0459412336349487,1.053937823860272,1.0267496513664176,1.0331470406827983,52075200
1991-08-19,1.0267499685287476,1.0395441654330162,0.9851683893292804,0.9915651949410187,85425600
1991-08-20,1.029948115348816,1.047540497770227,1.0235513113269548,1.0315479020349279,57326400
1991-08-21,1.0747288465499878,1.0811262372920802,1.0459414667316844,1.04913986926236,73214400
1991-08-22,1.0747288465499878,1.090722030564848,1.06513305327722,1.077927249080663,43627200
1991-08-23,1.0907220840454102,1.1067146831636818,1.0747288992463682,1.0747288992463682,43161600
1991-08-26,1.0907220840454102,1.0907220840454102,1.0683315081905973,1.0843246929896393,44136000
1991-08-27,1.084324598312378,1.0875230007206111,1.0747288054069586,1.084324598312378,34204800
1991-08-28,1.09552001953125,1.1099140073415088,1.081126617401939,1.0843250210571307,41558400
1991-08-29,1.097118854522705,1.1067146479607484,1.0875230610846618,1.1003178427892208,27974400
1991-08-30,1.0907220840454102,1.1035162804761816,1.081126290302139,1.0971188894204107,22032000
1991-09-03,1.0635336637496948,1.08752284984478,1.055537073157787,1.08752284984478,33494400
1991-09-04,1.0571366548538208,1.0683316514419663,1.036345863235715,1.065133248325596,38467200
1991-09-05,1.029948115348816,1.0619344781807076,1.0235513113269548,1.0619344781807076,58459200
1991-09-06,1.0331472158432007,1.0523388013654849,1.0267498254422025,1.0363456182033446,50788800
1991-09-09,1.0331472158432007,1.0427430086043428,1.0267498254422025,1.0331472158432007,31915200
1991-09-10,1.023551344871521,1.055537123071027,1.023551344871521,1.0491397331588597,65937600
1991-09-11,1.0491396188735962,1.0523386063215396,1.0299480369083438,1.0299480369083438,64032000
1991-09-12,1.09552001953125,1.0971192213588459,1.0619350241088923,1.0619350241088923,53808000
1991-09-13,1.0619343519210815,1.0971185269000034,1.055536962979197,1.0939201252693498,51360000
1991-09-16,1.0619343519210815,1.068331155182389,1.0523385613485434,1.0619343519210815,21686400
1991-09-17,1.08112633228302,1.0843247350947163,1.049139961442883,1.0587357555587653,23366400
1991-09-18,1.084324598312378,1.093920391217797,1.0715304029987254,1.0747288054069586,26942400
1991-09-19,1.1035163402557373,1.1163105373795943,1.0843247517295505,1.0875231545903143,51364800
1991-09-20,1.1067142486572266,1.1131116372013223,1.1003174457936713,1.1099132357695447,30316800
1991-09-23,1.085923433303833,1.1067142133073853,1.081125831309408,1.1035158119777686,49771200
1991-09-24,1.125906229019165,1.1291052172691511,1.0907220437153076,1.0907220437153076,47625600
1991-09-25,1.1227082014083862,1.1307047961829053,1.1067150118593478,1.125906605045816,25766400
1991-09-26,1.1418992280960083,1.151495019928748,1.1163102546484849,1.119509242379834,48000000
1991-09-27,1.1291052103042603,1.1450978087325456,1.122707819524499,1.1450978087325456,33273600
1991-09-30,1.1387008428573608,1.1450976470531953,1.1131118690320356,1.1291050508829468,27700800
1991-10-01,1.1371022462844849,1.1418998519817363,1.1259066616289504,1.1387014481835687,19627200
1991-10-02,1.113112211227417,1.1578927827681111,1.1035164163030429,1.1323038010761657,67219200
1991-10-03,1.1195096969604492,1.1291054926895934,1.1035165088515784,1.106714912200996,34632000
1991-10-04,1.1275066137313843,1.1387016143394857,1.119510017388152,1.1259068259178904,26457600
1991-10-07,1.1323033571243286,1.1371015455456703,1.109913372973035,1.11631017662734,27187200
1991-10-08,1.1418992280960083,1.1450976301467035,1.1259060464812245,1.1259060464812245,37708800
1991-10-09,1.145098090171814,1.167488670563705,1.1418996868362106,1.145098090171814,60931200
1991-10-10,1.1482970714569092,1.1578928670800008,1.1323038835247952,1.1578928670800008,42048000
1991-10-11,1.146697759628296,1.1642895618463873,1.122707980034997,1.1610911588396122,69921600
1991-10-14,1.1802829504013062,1.1802829504013062,1.1514955613671278,1.1514955613671278,50625600
1991-10-15,1.169087529182434,1.1802825232529524,1.161090937509002,1.1802825232529524,57854400
1991-10-16,1.1610909700393677,1.170686763180189,1.1498959756551985,1.170686763180189,100200000
1991-10-17,1.1418992280960083,1.1610908117614875,1.1323034362632687,1.1610908117614875,95563200
1991-10-18,1.151495099067688,1.1674882817816372,1.1482966967971757,1.151495099067688,37843200
1991-10-21,1.1642895936965942,1.1706869855659796,1.1482969925443982,1.1514953956386684,28704000
1991-10-22,1.169087529182434,1.1866799137278414,1.167488327983891,1.1706867303809771,32496000
1991-10-23,1.154693603515625,1.1770841784326074,1.148296798408555,1.1738851901983265,36724800
1991-10-24,1.154693603515625,1.1578925917499059,1.1418994076207392,1.1578925917499059,26942400
1991-10-25,1.145098090171814,1.1610912782116092,1.1418996868362106,1.1546938858595133,28080000
1991-10-28,1.154693603515625,1.154693603515625,1.1227078209380377,1.1450978101742741,37953600
1991-10-29,1.1610909700393677,1.1610909700393677,1.1482967744118506,1.1546935793852424,36523200
1991-10-30,1.209070086479187,1.2122684893646303,1.161091114793505,1.161091114793505,65592000
1991-10-31,1.201073169708252,1.2186655521959127,1.1930765789701654,1.2090697604463385,41092800
1991-11-01,1.1850805282592773,1.1994739224888302,1.1770839378292475,1.1962755205890687,34296000
1991-11-04,1.1642895936965942,1.1834811836239052,1.161091190602324,1.180282780529635,28838400
1991-11-05,1.1994742155075073,1.2090700092315674,1.164289443292364,1.1674884316542302,51739200
1991-11-06,1.2186657190322876,1.2218641214931267,1.1930767423033877,1.202672535366634,38308800
1991-11-07,1.2122679948806763,1.2250627725650745,1.2090695932998607,1.221863785303691,20894400
1991-11-08,1.2186657190322876,1.2378573051587805,1.2154673165714485,1.2154673165714485,36494400
1991-11-11,1.247452735900879,1.253850124645172,1.2234635530507567,1.2282611553485576,40564800
1991-11-12,1.2778398990631104,1.2890348952878568,1.2538507051073442,1.2570491081198918,80035200
1991-11-13,1.2922335863113403,1.301829378819393,1.2634462087871818,1.2730420012952346,57523200
1991-11-14,1.2698431015014648,1.2986304810242746,1.2634462965057756,1.2986304810242746,44371200
1991-11-15,1.2154675722122192,1.2858365409159946,1.2122685833978302,1.2666449507530693,71592000
1991-11-18,1.2442547082901,1.2506515132761904,1.215467328810489,1.2186657313035343,72432000
1991-11-19,1.2314599752426147,1.245853958387183,1.2058715829334499,1.2314599752426147,71976000
1991-11-20,1.2346590757369995,1.2474532730542083,1.2282616842379896,1.2410558815551984,36441600
1991-11-21,1.2442547082901,1.2442547082901,1.2250631219703594,1.2314599269564497,35558400
1991-11-22,1.2282612323760986,1.2474528141319752,1.2186654414981604,1.2410554249864845,38102400
1991-11-25,1.223463773727417,1.2410555710062854,1.2186655848836059,1.2250629747817992,33724800
1991-11-26,1.209070086479187,1.2314600780389031,1.186680094919471,1.2298608765961814,58809600
1991-11-27,1.2186657190322876,1.2218641214931267,1.202672535366634,1.2058715235082023,15009600
1991-11-29,1.2442547082901,1.2506515132761904,1.212268340636709,1.212268340636709,20524800
1991-12-02,1.2954320907592773,1.2986304932873247,1.2282615379050925,1.2314599404331399,55852800
1991-12-03,1.2970311641693115,1.3146235477008974,1.2730419762121916,1.292233560850161,64996800
1991-12-04,1.3050284385681152,1.3178226397976687,1.2794394504280182,1.3018300346809744,36297600
1991-12-05,1.301829218864441,1.3082260226300413,1.2890344399719937,1.301829218864441,24892800
1991-12-06,1.3338147401809692,1.346608930951072,1.2922331809177523,1.2986299834625479,51580800
1991-12-09,1.3050284385681152,1.3274184371400812,1.2954326412257027,1.3210216293657997,57720000
1991-12-10,1.301829218864441,1.305027620747241,1.2794386486429699,1.305027620747241,46252800
1991-12-11,1.2890347242355347,1.3146237019827984,1.2730421256141529,1.3066271098317315,39134400
1991-12-12,1.3050284385681152,1.3210216293657997,1.28583684388329,1.2922342373385618,36979200
1991-12-13,1.3050284385681152,1.3146242359105278,1.2986310451128433,1.3082268424552561,26193600
1991-12-16,1.3066269159317017,1.3082261169884473,1.2890345329461685,1.305027714874956,27225600
1991-12-17,1.3034285306930542,1.3242193160612468,1.2826377453248619,1.305027731770504,27480000
1991-12-18,1.31622314453125,1.3210213349736653,1.295432352536122,1.3050281477400933,33561600
1991-12-19,1.3146238327026367,1.3210212241957666,1.2954322439040582,1.3098262283433975,38116800
1991-12-20,1.3210211992263794,1.3434111905079116,1.3082264164819617,1.330616993444293,35356800
1991-12-23,1.365801215171814,1.365801215171814,1.311425437061805,1.3210212315142553,46113600
1991-12-24,1.3594046831130981,1.3753972866342745,1.3562056938641176,1.365801490249196,23995200
1991-12-26,1.3801952600479126,1.3849928646435337,1.3530070769635407,1.3594044687718752,24326400
1991-12-27,1.4121813774108887,1.4265753659198017,1.3785963803583845,1.384993187979256,36657600
1991-12-30,1.416979432106018,1.423376239109765,1.400986243234812,1.4137804429232252,35524800
1991-12-31,1.4233754873275757,1.4329712784459203,1.3913897121599639,1.4169786837024194,40512000
1992-01-02,1.458560585975647,1.468156379304434,1.400985826002924,1.416979010111151,74265600
1992-01-03,1.445766568183899,1.4617591685813145,1.429773382105666,1.4585607656379949,38246400
1992-01-06,1.4905471801757812,1.5065403729929616,1.4377705809687893,1.4489655816683897,63057600
1992-01-07,1.5353268384933472,1.5385252408466386,1.480950484403138,1.4905462771437215,64363200
1992-01-08,1.589702844619751,1.608894425900148,1.5193333228045742,1.5225323101383612,90763200
1992-01-09,1.6280862092971802,1.6504761950103588,1.586504054240437,1.589703041971358,88348800
1992-01-10,1.6024969816207886,1.6344827540909566,1.5865038025454241,1.6248869637818502,64641600
1992-01-13,1.6264876127243042,1.6488776067582853,1.5705120419584802,1.5865046438338075,52804800
1992-01-14,1.640880823135376,1.6440792260042218,1.6120934402733518,1.6312850288480345,44006400
1992-01-15,1.6824615001678467,1.7048520652750476,1.6408799424666711,1.6472773304516557,65294400
1992-01-16,1.6344834566116333,1.68885982029504,1.6312850536940726,1.6792640258615454,58761600
1992-01-17,1.6184906959533691,1.6568738698836405,1.5833059246237018,1.6344832946371457,85027200
1992-01-20,1.5673129558563232,1.6280867133930341,1.5673129558563232,1.6280867133930341,58862400
1992-01-21,1.527329683303833,1.5737094287147357,1.4841489247464192,1.5641136395152557,120019200
1992-01-22,1.6056958436965942,1.6056958436965942,1.5225326942858495,1.5353268898073344,56131200
1992-01-23,1.5992988348007202,1.6552743847992468,1.5833056531780973,1.6056956389052461,75590400
1992-01-24,1.5945008993148804,1.6056958939566865,1.5865043072333767,1.592901698034729,37756800
1992-01-27,1.5433235168457031,1.605695880326635,1.5417243155791267,1.5961000870464346,46233600
1992-01-28,1.5449224710464478,1.5577166648137384,1.4841493185510066,1.5481208730681084,95539200
1992-01-29,1.592901587486267,1.6088947705393366,1.5577168190417967,1.5673126117374971,97344000
1992-01-30,1.58010733127594,1.5960999280291248,1.5545183565178866,1.5929015258146246,41923200
1992-01-31,1.5385247468948364,1.5833052938674221,1.5321279442419822,1.5801068925409951,49948800
1992-02-03,1.5992988348007202,1.6056956389052461,1.50334091642629,1.5129367082637333,80265600
1992-02-04,1.592901587486267,1.612093172877668,1.5673126117374971,1.6024973801819675,58440000
1992-02-05,1.6280862092971802,1.6440788052291704,1.5801072501399025,1.5960998460718925,71212800
1992-02-06,1.615291953086853,1.6504767297622203,1.6088951469137633,1.6184909418542415,62356800
1992-02-07,1.6088945865631104,1.6312845717325597,1.5865040157130212,1.6152913905083017,36499200
1992-02-10,1.592901587486267,1.612093172877668,1.5609158070608347,1.607295569370171,41371200
1992-02-11,1.5673129558563232,1.5961003402639753,1.554518758013201,1.5897035341828316,41078400
1992-02-12,1.6088945865631104,1.6216887801341329,1.5177342735377357,1.5177342735377357,83342400
1992-02-13,1.5673129558563232,1.6184909185904834,1.554518758013201,1.6056961350665258,97358400
1992-02-14,1.5161354541778564,1.5673128270244416,1.5097380629417383,1.5641144242467762,82632000
1992-02-18,1.5129365921020508,1.5641139494121852,1.5097376046147486,1.5257307850094322,73694400
1992-02-19,1.4729547500610352,1.5097381409470798,1.452163373889596,1.5097381409470798,145372800
1992-02-20,1.5033411979675293,1.5257311878878086,1.4809506223664861,1.4841496106985002,74323200
1992-02-21,1.4649580717086792,1.516135444219105,1.4553622777579251,1.4969438563175974,91118400
1992-02-24,1.4697554111480713,1.490546196683591,1.4457662234319109,1.4649578078771102,59049600
1992-02-25,1.480950951576233,1.4905467473438563,1.44896516091112,1.4713551558086098,57388800
1992-02-26,1.560915470123291,1.560915470123291,1.4841491451283846,1.4841491451283846,100670400
1992-02-27,1.5976989269256592,1.6024965278815142,1.570510764467963,1.570510764467963,79579200
1992-02-28,1.58010733127594,1.6184905005726777,1.5641141488420711,1.599298915924309,58276800
1992-03-02,1.5737100839614868,1.6088948542363186,1.5577169000764293,1.583305877156374,34876800
1992-03-03,1.576907992362976,1.6024969614249565,1.5673122021748027,1.5801069795460696,27734400
1992-03-04,1.5673129558563232,1.5897035341828316,1.5577171610537728,1.576908750658874,33086400
1992-03-05,1.5513204336166382,1.5769088306000838,1.5257314509523274,1.5673130353110754,55689600
1992-03-06,1.5129365921020508,1.5609155476054921,1.4937450099006744,1.5449223672108086,61867200
1992-03-09,1.52253258228302,1.5417241669938115,1.5129367899276243,1.5193335943774309,30427200
1992-03-10,1.5577170848846436,1.5705118677829628,1.5257312990004583,1.5289297018846348,45480000
1992-03-11,1.5385247468948364,1.5769079055340467,1.5257305559086067,1.564113714547817,39532800
1992-03-12,1.5497204065322876,1.554518008780841,1.5161348480702028,1.5385248299245575,50025600
1992-03-13,1.5481209754943848,1.573709950402624,1.5417241710278404,1.5673125602553923,36763200
1992-03-16,1.589702844619751,1.589702844619751,1.5417238914187583,1.54812069472517,55132800
1992-03-17,1.637682318687439,1.6472781123795905,1.5961001555676044,1.6040967479245254,94473600
1992-03-18,1.6168911457061768,1.6504761228066966,1.6120929571600293,1.644078733305376,69230400
1992-03-19,1.631284475326538,1.6664692376682924,1.6152912950474487,1.6248870860787814,111576000
1992-03-20,1.6440786123275757,1.6504760013581512,1.63128441994701,1.63128441994701,35774400
1992-03-23,1.6440786123275757,1.6536744030331465,1.634482821622005,1.644078612327576,37843200
1992-03-24,1.631284475326538,1.6616710493123237,1.6184902825116296,1.6504760573892032,70228800
1992-03-25,1.6440786123275757,1.6536744030331465,1.6248870309164345,1.63128441994701,36739200
1992-03-26,1.5992988348007202,1.6504761960401984,1.5897030429632772,1.6472777939879353,60403200
1992-03-27,1.5513204336166382,1.5992994100616797,1.528929854155042,1.5929020179753859,89971200
1992-03-30,1.5353268384933472,1.560915814361806,1.5353268384933472,1.554518423974514,40713600
1992-03-31,1.5161354541778564,1.5609160214691105,1.5065396601640726,1.5417244334415425,86702400
1992-04-01,1.5417242050170898,1.5449226073208748,1.496943644360599,1.500142046664384,74203200
1992-04-02,1.4969443082809448,1.5545190893686733,1.4937459045586132,1.541724888798387,56918400
1992-04-03,1.5033411979675293,1.5257311878878086,1.4937454043330147,1.5033411979675293,59534400
1992-04-06,1.5513204336166382,1.5561180384207098,1.5065398603743108,1.5065398603743108,40123200
1992-04-07,1.4841498136520386,1.567312979402997,1.4809508248825713,1.5609161732257502,72758400
1992-04-08,1.5001429319381714,1.5033419218104647,1.448965536472984,1.4809513354285955,105388800
1992-04-09,1.5353268384933472,1.5385252408466386,1.4921460640010764,1.512936850658889,70008000
1992-04-10,1.4841498136520386,1.5609161732257502,1.45856083190052,1.5513203782790363,126446400
1992-04-13,1.5033411979675293,1.5113377902764187,1.4617590350974572,1.4937454043330147,45552000
1992-04-14,1.4969443082809448,1.5385258993950954,1.4905469151553217,1.5129374982545227,72806400
1992-04-15,1.6488773822784424,1.6536749864836287,1.6184907986032224,1.6472781808767138,223305600
1992-04-16,1.6328842639923096,1.6504766514957527,1.6248876709743065,1.6504766514957527,66393600
1992-04-20,1.5113378763198853,1.5992992253639553,1.4777523038466092,1.592901834016475,226118400
1992-04-21,1.485748529434204,1.5161351058838346,1.4777519386462692,1.5129367038409218,99244800
1992-04-22,1.5049400329589844,1.5161350251940267,1.464957666827853,1.4905460531706292,61790400
1992-04-23,1.480950951576233,1.5225331236898634,1.4361709617812535,1.5161357312844832,115334400
1992-04-24,1.4361705780029297,1.4937453372233491,1.4329715898146371,1.484149544019946,90393600
1992-04-27,1.4489649534225464,1.4905465339008925,1.4393691590290196,1.4393691590290196,99585600
1992-04-28,1.3945879936218262,1.4649575128706493,1.3689996099682173,1.455361722580406,199876800
1992-04-29,1.4249757528305054,1.4265749542742656,1.3849927883324675,1.4009859741316828,137308800
1992-04-30,1.4105818271636963,1.4425676144121198,1.404184435441679,1.4329718196695096,95870400
1992-05-01,1.455362319946289,1.458560722795662,1.410581751651068,1.413780154500441,62083200
1992-05-04,1.458560585975647,1.484149563412661,1.4393689993180725,1.452163195196207,73920000
1992-05-05,1.4905471801757812,1.5033419687019511,1.4489655816683897,1.4553629759314746,59246400
1992-05-06,1.4841498136520386,1.5001424147759992,1.477752421793948,1.496944011687376,50016000
1992-05-07,1.4713547229766846,1.4905463088662967,1.4617589300318787,1.484149504023574,40579200
1992-05-08,1.4649580717086792,1.4969438563175974,1.4489648865638283,1.4841496596101866,59822400
1992-05-11,1.458560585975647,1.4745537700838738,1.4489647926468596,1.468156379304434,41112000
1992-05-12,1.4617588520050049,1.4745536323689246,1.4425672671398158,1.4681562421869647,49905600
1992-05-13,1.4425673484802246,1.461758934427548,1.4201773601019219,1.455362129565589,64320000
1992-05-14,1.416979432106018,1.4457668206656376,1.3977878397329386,1.4425678314828447,72307200
1992-05-15,1.407382845878601,1.4265744274783976,1.4009854567851387,1.4105812475850368,40814400
1992-05-18,1.4425673484802246,1.4521631414538863,1.4137799695592397,1.4169789576709426,37526400
1992-05-19,1.4649580717086792,1.464958071708679,1.4489648865638283,1.4489648865638283,51240000
1992-05-20,1.4937456846237183,1.496944087875126,1.4649582983184273,1.4649582983184273,58800000
1992-05-21,1.4921467304229736,1.4969443360956152,1.4745543382613462,1.4969443360956152,48566400
1992-05-22,1.480950951576233,1.4969441397492365,1.4713551558086098,1.4969441397492365,36969600
1992-05-26,1.4777525663375854,1.4969441581082035,1.4713551738537458,1.4841499588214253,38217600
1992-05-27,1.4713547229766846,1.4873479064449353,1.4681563205553232,1.4809505159214906,31166400
1992-05-28,1.52253258228302,1.5289293867328266,1.4649578281506457,1.4681562303755489,62702400
1992-05-29,1.5481209754943848,1.56411415802212,1.528929390733377,1.5321283786473365,89918400
1992-06-01,1.589702844619751,1.589702844619751,1.5353265024317655,1.5417238914187583,68529600
1992-06-02,1.5721107721328735,1.5929015583126618,1.5641141807527945,1.5897031560329085,42585600
1992-06-03,1.5737100839614868,1.5897032678465444,1.5673126932713164,1.5673126932713164,28190400
1992-06-04,1.568912386894226,1.5801073806756556,1.5673126000562771,1.57690839268046,41755200
1992-06-05,1.5481209754943848,1.573709950402624,1.5449225732611125,1.5673125602553923,40939200
1992-06-08,1.5129365921020508,1.5481207690175016,1.5129365921020508,1.5449223672108086,40228800
1992-06-09,1.4713547229766846,1.522532675802798,1.4585605276105171,1.5161352852793535,84604800
1992-06-10,1.4393692016601562,1.4777523803710937,1.4329718099813908,1.4745539773721248,65457600
1992-06-11,1.3817938566207886,1.4745533616671007,1.3753964676132757,1.4393686006466548,130732800
1992-06-12,1.4393692016601562,1.4457665933389217,1.3929894297709688,1.4105818176269531,138028800
1992-06-15,1.4537630081176758,1.4969437860281087,1.4393690250270275,1.4393690250270275,54940800
1992-06-16,1.3961886167526245,1.4681567942169202,1.3913904258918526,1.4489652021356534,57376000
1992-06-17,1.3889914751052856,1.4057842628049373,1.372198687405634,1.3913902774392792,70032000
1992-06-18,1.3865925073623657,1.4345714767229878,1.3626027298416656,1.4009859053301632,53356800
1992-06-19,1.4105818271636963,1.4249758121180274,1.3961884278901968,1.4105818271636963,43110400
1992-06-22,1.4249757528305054,1.4297733571617857,1.3721985911015797,1.40578416414377,54080000
1992-06-23,1.4105818271636963,1.453763196345858,1.3961884278901968,1.4345716068606376,57420800
1992-06-24,1.3865925073623657,1.415379888978739,1.3769967134902414,1.415379888978739,34096000
1992-06-25,1.3434112071990967,1.3865925745566139,1.2762406468391418,1.3865925745566139,165340800
1992-06-26,1.281038522720337,1.3386132746250563,1.2618469387520972,1.3338150857926647,140982400
1992-06-29,1.3865925073623657,1.3961883012344902,1.3098261563853706,1.3146237604810436,90963200
1992-06-30,1.3434112071990967,1.4009859732219152,1.3338154128619604,1.3961883688937502,74048000
1992-07-01,1.3841928243637085,1.396188003405688,1.3338150637016164,1.3482090442797305,45136000
1992-07-02,1.3410123586654663,1.4009859247786,1.319421968573664,1.396188320616327,80563200
1992-07-06,1.3338147401809692,1.3482087172677821,1.3002297697792582,1.3434105296786742,36224000
1992-07-07,1.3050284385681152,1.3386140221070544,1.2906350353949914,1.3386140221070544,54396800
1992-07-08,1.317022442817688,1.324219433987803,1.2570488829884217,1.3050278479879798,93417600
1992-07-09,1.3242192268371582,1.3578047899233447,1.3098258324292449,1.3242192268371582,61174400
1992-07-10,1.3338147401809692,1.3434105296786742,1.2978303831444484,1.3290171382723726,28905600
1992-07-13,1.3434112071990967,1.367400985882341,1.3146238241876875,1.338613602870932,35113600
1992-07-14,1.3650016784667969,1.3721986710639158,1.3482094766479744,1.3530070812588262,41116800
1992-07-15,1.3721987009048462,1.4057842766345525,1.3626029057936235,1.3769968913008845,80172800
1992-07-16,1.3865925073623657,1.3865925073623657,1.3578051257459927,1.3626027298416656,42291200
1992-07-17,1.3482089042663574,1.3817938793263544,1.3386131134377022,1.3769962767523232,59865600
1992-07-20,1.3290176391601562,1.3482092253886009,1.3146236566484568,1.3338152428769015,48707200
1992-07-21,1.376996397972107,1.3961879813188913,1.3338150426015198,1.343410834274912,45907200
1992-07-22,1.3434112071990967,1.3769967802194776,1.3338154128619604,1.3769967802194776,59008000
1992-07-23,1.362602710723877,1.3865924879079923,1.3194219317455476,1.338613519220532,68441600
1992-07-24,1.3961886167526245,1.4153802088338916,1.362603037769952,1.3650018403598827,76259200
1992-07-27,1.4009853601455688,1.4105811502835521,1.3865919677788692,1.3961877579168525,30512000
1992-07-28,1.420177698135376,1.4297734933930475,1.3961885028316288,1.4105819028777045,45363200
1992-07-29,1.420177698135376,1.4345716838623146,1.3817945171046901,1.4297734933930475,145273600
1992-07-30,1.403384804725647,1.4297733861246626,1.4009860025114145,1.4105817970491639,32035200
1992-07-31,1.3961886167526245,1.4105820179731194,1.386592820711991,1.4105820179731194,35312000
1992-08-03,1.415379524230957,1.4249753156302156,1.3817939614932384,1.3961879414324398,31516800
1992-08-04,1.417778491973877,1.4297730862098257,1.4105815011600293,1.4201772936849275,31430400
1992-08-05,1.3817938566207886,1.415379416809502,1.3674004634546135,1.415379416809502,60150400
1992-08-06,1.3721987009048462,1.3817944960160689,1.3482095059672163,1.3721987009048462,3705600
1992-08-07,1.3578052520751953,1.4153800206646558,1.3530070618523238,1.372198651382144,55008000
1992-08-10,1.3602038621902466,1.3913900443503249,1.357805060258106,1.3626026641223872,42067200
1992-08-11,1.3697998523712158,1.3793956471589637,1.3434112702847005,1.3674010500944873,33436800
1992-08-12,1.362602710723877,1.3913900919363533,1.3578051066955161,1.3769966941705003,30441600
1992-08-13,1.3602038621902466,1.376996647076731,1.3530068707130745,1.3674008536674185,28227200
1992-08-14,1.362602710723877,1.3769966941705003,1.3578051066955161,1.362602710723877,33942400
1992-08-17,1.3338147401809692,1.3626021086740838,1.3338147401809692,1.357804506765487,63318400
1992-08-18,1.3338147401809692,1.357804506765487,1.3050273716878549,1.3242189506832645,66313600
1992-08-19,1.3290176391601562,1.353006829105346,1.319421846045934,1.3338152428769015,27433600
1992-08-20,1.3506077527999878,1.3578047425933906,1.3242191806779195,1.3338149718422523,36534400
1992-08-21,1.338613510131836,1.36020389947441,1.3242195267829426,1.3530069077999631,52710400
1992-08-24,1.3242192268371582,1.343410809834798,1.319421623928065,1.3362138197905247,42800000
1992-08-25,1.3506077527999878,1.3578047425933906,1.3146233895135868,1.3194215779360596,37123200
1992-08-26,1.374597430229187,1.3865926127415442,1.3482094343359765,1.3482094343359765,50016000
1992-08-27,1.4129804372787476,1.4201774287771984,1.3817942550264632,1.3817942550264632,88028800
1992-08-28,1.427374243736267,1.4297730453788133,1.4105814608770844,1.4105814608770844,49468800
1992-08-31,1.4297728538513184,1.4393686448167635,1.4105812719204283,1.4249752512088962,25651200
1992-09-01,1.4297728538513184,1.4321716551725294,1.4057836692780061,1.4201770628858734,30825600
1992-09-02,1.446565866470337,1.4537628572688694,1.4153796872509548,1.4297730831673254,61955200
1992-09-03,1.4705543518066406,1.4825495259627655,1.44896397541428,1.4537621622128127,85296000
1992-09-04,1.458560585975647,1.468156379304434,1.4489647926468596,1.463358775480413,28585600
1992-09-08,1.4729547500610352,1.475353552268226,1.4441673665322932,1.4585607654562556,49376000
1992-09-09,1.4993431568145752,1.5041413482254156,1.4681569625275355,1.4729551539383758,60982400
1992-09-10,1.5161354541778564,1.5161354541778567,1.4873480721365049,1.5017420559975743,53302400
1992-09-11,1.5113378763198853,1.5209336705007075,1.4969438922082536,1.5065396863890756,30796800
1992-09-14,1.568912386894226,1.5737099903659664,1.5305292163974953,1.5305292163974953,95100800
1992-09-15,1.5593163967132568,1.5689121881217059,1.5353266253518207,1.5641139995771673,44614400
1992-09-16,1.5425245761871338,1.568913165418324,1.5257317843417406,1.5305299758751356,35708800
1992-09-17,1.5569175481796265,1.5641145406457502,1.5401253466664453,1.544922951189974,23590400
1992-09-18,1.5329275131225586,1.5641136824569408,1.5041401447337805,1.5593160805657325,71683200
1992-09-21,1.5185346603393555,1.5257316541849921,1.5017424556074606,1.5113382521746617,31811200
1992-09-22,1.4921467304229736,1.5185347329844439,1.4873485390693613,1.516135930148123,30777600
1992-09-23,1.5185346603393555,1.530529845309064,1.4873484679161872,1.4921466590402592,37654400
1992-09-24,1.5401256084442139,1.5449232137831996,1.5209340157264102,1.5209340157264102,36953600
1992-09-25,1.5113378763198853,1.542524060987358,1.458560715484965,1.5401252588623517,41817600
1992-09-28,1.4777525663375854,1.5017423488913086,1.4633591653500726,1.4681567704522764,52854400
1992-09-29,1.5113378763198853,1.5161354805698979,1.4777523038466092,1.4777523038466092,39392000
1992-09-30,1.5449224710464478,1.5449224710464478,1.5113374927770666,1.530529076268327,59843200
1992-10-01,1.5281304121017456,1.5545189983080707,1.5257316094505138,1.5353274057363662,47804800
1992-10-02,1.5113378763198853,1.5305294646815295,1.4969438922082536,1.5209336705007075,36803200
1992-10-05,1.568912386894226,1.568912386894226,1.4537628754040335,1.5065394419966873,71347200
1992-10-06,1.583306074142456,1.6024976629199403,1.5593168810110056,1.57850846978849,74316800
1992-10-07,1.5569175481796265,1.6168917044895497,1.554518745917862,1.583306130101526,58153600
1992-10-08,1.6000988483428955,1.6216892391300468,1.5689126632413652,1.5785084575557442,59532800
1992-10-09,1.5809071063995361,1.6024974950928759,1.5641143215577171,1.6024974950928759,40182400
1992-10-12,1.6096947193145752,1.612093521587205,1.5881043274992406,1.5929019320445001,34700800
1992-10-13,1.6168911457061768,1.6384815299622701,1.597699562882843,1.6264869371178436,86643200
1992-10-14,1.6024969816207886,1.631284352548108,1.592901191311682,1.619289761081865,47456000
1992-10-15,1.6216896772384644,1.6264878685323145,1.5881046809053685,1.5977004778121051,35942400
1992-10-16,1.638481855392456,1.6408806573016586,1.6072956735305932,1.6264872601657003,47644800
1992-10-19,1.686460256576538,1.6936572455720225,1.6312843170787379,1.6312843170787379,83280000
1992-10-20,1.686460256576538,1.722444615873412,1.6696674774805904,1.6936572455720225,84150400
1992-10-21,1.7272424697875977,1.7272424697875977,1.6840617008832244,1.6936574923820444,60396800
1992-10-22,1.722444772720337,1.732040563694599,1.6936573997975508,1.7272423753671673,49174400
1992-10-23,1.7008541822433472,1.7320409491098563,1.6936577766717513,1.7320409491098563,46006400
1992-10-26,1.7272424697875977,1.7320406583773242,1.6840617008832244,1.6984550952911377,40121600
1992-10-27,1.6888595819473267,1.7320409436442994,1.6792637888680804,1.7272427542643114,49116800
1992-10-28,1.6984556913375854,1.703253881611162,1.6744664970122198,1.693658086744848,36172800
1992-10-29,1.7272424697875977,1.7272424697875977,1.6984550952911377,1.7032532838808643,32774400
1992-10-30,1.7032537460327148,1.7272429384485486,1.6984555561410728,1.7248441363431237,24998400
1992-11-02,1.720045804977417,1.7272427963825303,1.684062019313339,1.7080512097560576,31091200
1992-11-03,1.6936579942703247,1.7224453772974624,1.6816628120817456,1.7176471872858692,35267200
1992-11-04,1.6984556913375854,1.7224454713437902,1.6888598964712715,1.693658086744848,23657600
1992-11-05,1.7632273435592651,1.7704243356820744,1.6936579815209178,1.7080513800857333,90361600
1992-11-06,1.7800194025039673,1.7896151928525588,1.7512320314581935,1.7608278218067848,61155200
1992-11-09,1.7632273435592651,1.780020129952219,1.736838762896167,1.780020129952219,54796800
1992-11-10,1.7824190855026245,1.7896160782448394,1.756030502568405,1.7656262976644073,38710400
1992-11-11,1.799211859703064,1.8232010544208082,1.7704244746332616,1.780020269656529,60748800
1992-11-12,1.794413447380066,1.8088074309748396,1.765626065871295,1.7992116371385827,46960000
1992-11-13,1.789616346359253,1.7992121428928658,1.7752223587183635,1.794413951785589,25811200
1992-11-16,1.7800194025039673,1.7944127951865727,1.770423612155376,1.7848170048379814,19312000
1992-11-17,1.7272424697875977,1.8040088017781575,1.7128490753796843,1.782418417325971,56649600
1992-11-18,1.765626311302185,1.7752221064723057,1.724844328249387,1.7368389257918233,33273600
1992-11-19,1.8040096759796143,1.8232012682772696,1.7704246822991758,1.7704246822991758,46857600
1992-11-20,1.8232005834579468,1.8232005834579468,1.7992113949370068,1.8040089983689158,41113600
1992-11-23,1.6984556913375854,1.7608286508090463,1.6744664970122198,1.7320412662101041,309884800
1992-11-24,1.7560299634933472,1.780019736709276,1.712849191657618,1.7512323602585655,145513600
1992-11-25,1.7488330602645874,1.7752216364152602,1.732040862423889,1.7656258437859886,53152000
1992-11-27,1.760827898979187,1.7752212922926165,1.7464339199851688,1.7560297107543181,17593600
1992-11-30,1.7872161865234375,1.7896155738818644,1.7608281967069337,1.775221592454055,35251200
1992-12-01,1.7872161865234375,1.7944131772373422,1.7656258000624117,1.7800197814902208,33593600
1992-12-02,1.7416369915008545,1.7944135683168239,1.736838801418958,1.7848177738338462,49881600
1992-12-03,1.7584292888641357,1.7752220765490003,1.7368388965155084,1.7416370868601188,26048000
1992-12-04,1.760827898979187,1.7752212922926165,1.751232108210038,1.7560297107543181,23548800
1992-12-07,1.792014479637146,1.794413281454204,1.7464343167094392,1.765625902607345,46422400
1992-12-08,1.775221347808838,1.8040087210165487,1.7560297656703638,1.799211118322234,26908800
1992-12-09,1.765626311302185,1.7896160920679154,1.751232911387433,1.7608287065575536,26048000
1992-12-10,1.7080514430999756,1.7608286063732521,1.6984556484758184,1.72724303234829,89296000
1992-12-11,1.6576738357543945,1.7080516162169777,1.6456792376787097,1.6984558206202531,112934400
1992-12-14,1.6720668077468872,1.693657781566266,1.660072212745499,1.6648704021544942,51286400
1992-12-15,1.6576738357543945,1.684062420065608,1.6408810470399056,1.6744666244688835,45289600
1992-12-16,1.669668197631836,1.6936579760703947,1.6360832106348142,1.6600724033925724,73792000
1992-12-17,1.7272424697875977,1.7320406583773242,1.6696677207946777,1.6744659093844043,51859200
1992-12-18,1.7272424697875977,1.7320406583773242,1.6984550952911377,1.7080508867899575,74387200
1992-12-21,1.7368385791778564,1.7656259589432355,1.7128493888804113,1.7224451821355375,64928000
1992-12-22,1.684061884880066,1.7560300361439785,1.6696679032188648,1.7464342435967437,56928000
1992-12-23,1.6744660139083862,1.6936575981040085,1.6504762408235232,1.688859409214768,59974400
1992-12-24,1.6744660139083862,1.6744660139083862,1.6504762408235232,1.6744660139083862,32723200
1992-12-28,1.6792633533477783,1.6840615414833469,1.6504759815761023,1.674465750892788,45731200
1992-12-29,1.6600722074508667,1.6792637936641717,1.6552746037379065,1.6744661899512112,60035200
1992-12-30,1.6480776071548462,1.6696679951547686,1.636083012230526,1.6648703914573324,50860800
1992-12-31,1.638481855392456,1.6552746401183611,1.636083053483254,1.650476450619212,30851200
1993-01-04,1.6336840391159058,1.6456792227637607,1.621689441148929,1.631285236658686,72646400
1993-01-05,1.6600722074508667,1.6648703968445588,1.6264872244179491,1.6312848281309096,71529600
1993-01-06,1.7080514430999756,1.7128496332524663,1.6648706601316805,1.669668264603347,87440000
1993-01-07,1.6744660139083862,1.7248437760017274,1.6696678250191457,1.7080509934103902,58748800
1993-01-08,1.6720668077468872,1.693657781566266,1.655274609017237,1.6744661952917514,43977600
1993-01-11,1.7104498147964478,1.7128492021091528,1.6552744488564195,1.6744660332739971,58348800
1993-01-12,1.722444772720337,1.7512321456431232,1.703253190771813,1.7080507934186433,85129600
1993-01-13,1.7512325048446655,1.7704240907296442,1.6936577471897294,1.717646936705592,83696000
1993-01-14,1.7512325048446655,1.804009073187996,1.7368385225905707,1.7704240907296442,121264000
1993-01-15,1.722444772720337,1.7464339573156915,1.669667629521595,1.6792634204958572,181958400
1993-01-18,1.7128487825393677,1.7224445723976258,1.6936572028228511,1.7176463846282302,50611200
1993-01-19,1.6960563659667969,1.7128491482240567,1.6936575644102334,1.7080509594302717,52960000
1993-01-20,1.6960563659667969,1.7080509594302717,1.6840617725033218,1.6984551675233601,47968000
1993-01-21,1.7176467180252075,1.727242509746019,1.6648701564010695,1.6840617398426918,73363200
1993-01-22,1.715248703956604,1.7320414935974688,1.703254105219236,1.722445697471391,49088000
1993-01-25,1.6984556913375854,1.7320412662101041,1.684062291878534,1.712849676477476,49609600
1993-01-26,1.6888595819473267,1.7272427542643114,1.6792637888680804,1.6984553750265727,42345600
1993-01-27,1.6552748680114746,1.6840622519274933,1.640880883213053,1.6792640617677443,64192000
1993-01-28,1.669668197631836,1.6720669997714515,1.6264874163955507,1.6552747991133412,77030400
1993-01-29,1.6600722074508667,1.688859586770824,1.6456788106312539,1.6792637936641717,39424000
1993-02-01,1.6792633533477783,1.6888591439383371,1.6408801909855435,1.6552741697116706,42854400
1993-02-02,1.7080514430999756,1.7176472377241327,1.6744664547558377,1.6768652569916709,70371200
1993-02-03,1.6960563659667969,1.7320407320378801,1.6888593756164485,1.7176467513371834,71728000
1993-02-04,1.631284475326538,1.6840616188391697,1.6216886842952054,1.6840616188391697,124214400
1993-02-05,1.7080514430999756,1.7176472377241327,1.578508508514266,1.6264874816350519,177216000
1993-02-08,1.6456787586212158,1.7080511190028742,1.6312847765757787,1.6984553261994872,92665600
1993-02-09,1.6096947193145752,1.6744664804414122,1.6024977268158525,1.6648706856700597,64550400
1993-02-10,1.640880823135376,1.6552748074067898,1.6120934402733518,1.621689234560693,39193600
1993-02-11,1.6360834836959839,1.6600726804575219,1.6264876878551888,1.6552750753775736,31635200
1993-02-12,1.604896903038025,1.6360836825722311,1.5977004945433337,1.6360836825722311,34752000
1993-02-16,1.5377259254455566,1.607295874977788,1.5305295188160026,1.5905030881471929,91180800
1993-02-17,1.5401256084442139,1.5593172011620176,1.4825508302908026,1.5545190101421016,121913600
1993-02-18,1.5665132999420166,1.5881042767482016,1.5161355254225468,1.5593168933541026,138553600
1993-02-19,1.530529260635376,1.5737100358519291,1.5257310713442485,1.571311234046725,97094400
1993-02-22,1.4729547500610352,1.554518710552062,1.4729547500610352,1.530529517118519,76256000
1993-02-23,1.525730848312378,1.5449224313100178,1.4729542879091846,1.496943473815918,105974400
1993-02-24,1.6096947193145752,1.612093521587205,1.5113379693284212,1.5161355738736808,77548800
1993-02-25,1.6192902326583862,1.6312848276177456,1.5833058620995766,1.5833058620995766,60806400
1993-02-26,1.6000988483428955,1.6312850334444258,1.59290185618691,1.61689163481326,29833600
1993-03-01,1.5641149282455444,1.6072963080621363,1.559317322533132,1.6072963080621363,26432000
1993-03-02,1.6240873336791992,1.6264867204729934,1.5593161895383088,1.5689119796718352,38380800
1993-03-03,1.6264876127243042,1.640881012980186,1.6024978313900062,1.6264876127243042,42352000
1993-03-04,1.6072955131530762,1.6264870978732282,1.5689123437127719,1.6264870978732282,56659200
1993-03-05,1.5881048440933228,1.6312856417702588,1.5833066523064276,1.6024982480919603,35724800
1993-03-08,1.604896903038025,1.6216896942209098,1.5737107091847882,1.5857053090235762,48022400
1993-03-09,1.6168911457061768,1.6312845399833629,1.6072953542945099,1.6120929571600293,41312000
1993-03-10,1.631284475326538,1.6456784547138394,1.6024971022325403,1.6216886842952054,26592000
1993-03-11,1.6600722074508667,1.6840619830578636,1.6312848281309096,1.6360830175246015,57779200
1993-03-12,1.7080514430999756,1.7128496332524663,1.636083276259209,1.6504766753550326,73580800
1993-03-15,1.681663155555725,1.712849932798856,1.6696685565980969,1.712849932798856,35347200
1993-03-16,1.684061884880066,1.7032534699745356,1.6696679032188648,1.6936576774273007,36336000
1993-03-17,1.638481855392456,1.6792638305718728,1.636083053483254,1.6648704334359146,39644800
1993-03-18,1.6360834836959839,1.6648708712183686,1.6312852929351371,1.6456792795367787,34406400
1993-03-19,1.6168911457061768,1.6456785199411772,1.6120929571600293,1.6456785199411772,45404800
1993-03-22,1.6000988483428955,1.6120934448156679,1.583306061872531,1.5977000461845021,34083200
1993-03-23,1.5953006744384766,1.6312850499006046,1.5929018722558845,1.6024976666670645,34409600
1993-03-24,1.6552748680114746,1.6648706626501475,1.5929019100196888,1.5977001001794378,50576000
1993-03-25,1.6768648624420166,1.6936576455033225,1.6576732777092917,1.6600720793807107,43833600
1993-03-26,1.662470817565918,1.693657580826155,1.6504762239861843,1.688859391985863,28380800
1993-03-29,1.669668197631836,1.6984555803496262,1.6648705933526045,1.6648705933526045,48262400
1993-03-30,1.7464345693588257,1.7512327593677972,1.674466404670706,1.6984555976731437,140777600
1993-03-31,1.775221347808838,1.8088069093914707,1.741636371906812,1.751232162976049,179660800
1993-04-01,1.784818172454834,1.8184037534866615,1.7752223758287327,1.7752223758287327,100412800
1993-04-02,1.722444772720337,1.7656255392642155,1.7224447727203371,1.7608279366173851,73251200
1993-04-05,1.7560299634933472,1.7704239445590393,1.6888594184416892,1.703253399507381,61187200
1993-04-06,1.722444772720337,1.7848171212127395,1.712848981746075,1.7608279366173851,55699200
1993-04-07,1.7320410013198853,1.7368386051788998,1.7128494145223283,1.7272428117801213,39417600
1993-04-08,1.7080514430999756,1.7320412225007806,1.693658044004152,1.72724303234829,40185600
1993-04-12,1.729641079902649,1.7512320476469938,1.6984549074015758,1.7032530954605087,48976000
1993-04-13,1.7056519985198975,1.770423734260292,1.703253197187447,1.7320405702186663,53337600
1993-04-14,1.7080514430999756,1.7320412225007806,1.6840622493799948,1.7080514430999756,38592000
1993-04-15,1.6720668077468872,1.7248439628421686,1.6504764196082418,1.6888595921572707,109152000
1993-04-16,1.669668197631836,1.6840621818311314,1.6408808149140457,1.674466387591868,49600000
1993-04-19,1.669668197631836,1.674466387591868,1.6312850206747822,1.669668197631836,45673600
1993-04-20,1.6648706197738647,1.6792640185207808,1.6312850465630442,1.6648706197738647,46009600
1993-04-21,1.628886342048645,1.6648707195946686,1.6168917447602522,1.6648707195946686,92528000
1993-04-22,1.5976989269256592,1.6312838906578289,1.590501939811482,1.621688103065724,79872000
1993-04-23,1.561716079711914,1.5977004642264319,1.5497214801007277,1.5929022729733822,89296000
1993-04-26,1.5425245761871338,1.5833065686565233,1.5305299758751356,1.5641149738849291,65376000
1993-04-27,1.583306074142456,1.588104264177232,1.5401252922335213,1.5449228965874875,58208000
1993-04-28,1.6504769325256348,1.6504769325256348,1.5881045505904143,1.5929021558096241,55372800
1993-04-29,1.640880823135376,1.6456790131194483,1.6120934402733518,1.6456790131194483,49660800
1993-04-30,1.640880823135376,1.6648706016941313,1.6312850288480345,1.6312850288480345,46825600
1993-05-03,1.652875542640686,1.6696683303140563,1.6312851503068366,1.6408809453086415,38096000
1993-05-04,1.6888595819473267,1.6984553750265727,1.660072202709588,1.6648703920895762,49664000
1993-05-05,1.7128487825393677,1.7272421744864883,1.679263225195197,1.6888590150534553,51868800
1993-05-06,1.6744660139083862,1.7224449743974422,1.664870221810575,1.7080509934103902,47244800
1993-05-07,1.669668197631836,1.6840621818311314,1.6600724033925724,1.674466387591868,31798400
1993-05-10,1.7104498147964478,1.7272425975819976,1.6888594287468421,1.698455220955631,69091200
1993-05-11,1.684061884880066,1.7032534699745356,1.674466092332831,1.6936576774273007,38220800
1993-05-12,1.6552748680114746,1.688859856406417,1.645679073372802,1.6792640617677443,48272000
1993-05-13,1.6456787586212158,1.6504763621825527,1.6216889837723918,1.6456787586212158,43708800
1993-05-14,1.640880823135376,1.6648706016941313,1.6264874245447656,1.6504766174227172,49116800
1993-05-17,1.6600722074508667,1.662471009307347,1.6360830175246015,1.6456788106312539,27763200
1993-05-18,1.6984556913375854,1.703253881611162,1.6600725118723294,1.664870702145906,84185600
1993-05-19,1.775221347808838,1.7848171388780747,1.717646601393416,1.741636371906812,181017600
1993-05-20,1.8064078092575073,1.8279987818528254,1.7656258371564066,1.7704240262933775,150256000
1993-05-21,1.775221347808838,1.8088069093914707,1.7656255567396009,1.7944129299473117,75500800
1993-05-24,1.7680249214172363,1.8040092958124165,1.7656261193057694,1.7704243092094971,64252800
1993-05-25,1.7512325048446655,1.7656259014180387,1.7272427296480812,1.7608282977871548,36716800
1993-05-26,1.8279986381530762,1.8279986381530764,1.7512323034417798,1.7560299065209086,87484800
1993-05-27,1.8064078092575073,1.832796385309096,1.7848174223428892,1.8232005927158546,95052800
1993-05-28,1.7776204347610474,1.7992114073962442,1.760828236952385,1.7944132182504111,35136000
1993-06-01,1.8471908569335938,1.880775847076678,1.7800202909665694,1.7848178956952148,173088000
1993-06-02,1.837594747543335,1.871179731942959,1.8279989540461916,1.837594747543335,70710400
1993-06-03,1.8160032033920288,1.842391773653564,1.813604402190227,1.8375941712499602,23936000
1993-06-04,1.8040096759796143,1.813605472128442,1.7944138798307865,1.8040096759796143,32652800
1993-06-07,1.789616346359253,1.837595329027317,1.7848181552519762,1.8088079394264787,52761600
1993-06-08,1.7704243659973145,1.7896159548662238,1.74163698269395,1.7848177648085901,48131200
1993-06-09,1.7464345693588257,1.7848177467073714,1.741636965030661,1.7800201423792066,62480000
1993-06-10,1.7488330602645874,1.7752216364152602,1.7176468806396301,1.7512324476824324,56544000
1993-06-11,1.715248703956604,1.77522228332436,1.7080517104418167,1.7608288819757016,67542400
1993-06-14,1.7704243659973145,1.7704243659973142,1.7320411882594953,1.746434587070771,40489600
1993-06-15,1.775221347808838,1.7848171388780747,1.7560297656703638,1.7848171388780747,42345600
1993-06-16,1.7512325048446655,1.7896156766146227,1.712849333074708,1.7800198836721335,66966400
1993-06-17,1.744036078453064,1.7608288679602655,1.7368390849955617,1.7560306770949603,28083200
1993-06-18,1.6792633533477783,1.751232075617258,1.6696675627572197,1.7368380968911308,75910400
1993-06-21,1.7008541822433472,1.712849362890804,1.6696680010575697,1.7032535697812776,68102400
1993-06-22,1.6888595819473267,1.722445150565053,1.6744661851688223,1.712849357485807,41062400
1993-06-23,1.7008541822433472,1.712849362890804,1.684061983562225,1.6888595872766223,33129600
1993-06-24,1.6984556913375854,1.7176472810702137,1.6744664970122198,1.693658086744848,35782400
1993-06-25,1.6984556913375854,1.712849676477476,1.664870702145906,1.6984556913375854,45484800
1993-06-28,1.7320410013198853,1.7320410013198853,1.6984554315837859,1.7032536211235498,52224000
1993-06-29,1.7080514430999756,1.7608286063732521,1.6984556484758184,1.7320412225007806,42361600
1993-06-30,1.6888595819473267,1.7320409436442994,1.6744661851688223,1.712849357485807,56422400
1993-07-01,1.6720668077468872,1.6984553852945279,1.660072212745499,1.693657781566266,57907200
1993-07-02,1.6744660139083862,1.6792636171169568,1.6600720329213343,1.6744660139083862,25404800
1993-07-06,1.6504769325256348,1.6840625117837653,1.6360835311870898,1.664870919545095,47721600
1993-07-07,1.6000988483428955,1.61689163481326,1.559316868926986,1.5761090697165454,182569600
1993-07-08,1.628886342048645,1.6408809393370378,1.6120935544363881,1.6120935544363881,70105600
1993-07-09,1.6240873336791992,1.6312843226994815,1.6024969522989023,1.6312843226994815,50000000
1993-07-12,1.6072955131530762,1.6264870978732282,1.602497324132695,1.6264870978732282,26540800
1993-07-13,1.5881048440933228,1.6120940459847264,1.5833066523064276,1.6120940459847264,36476800
1993-07-14,1.6168911457061768,1.6408803313950298,1.5833055829250287,1.5929013743366955,43491200
1993-07-15,1.6024969816207886,1.6168909599247288,1.588103588997409,1.6168909599247288,34432000
1993-07-16,1.5569175481796265,1.5977001150337735,1.5497211413943333,1.5977001150337735,86217600
1993-07-19,1.5113378763198853,1.5401252588623517,1.4969438922082536,1.52573127475072,122435200
1993-07-20,1.5449224710464478,1.5449224710464478,1.4969435123182973,1.5209332845226968,74822400
1993-07-21,1.5161354541778564,1.5161354541778567,1.4729546739562225,1.5065396601640726,178963200
1993-07-22,1.4897470474243164,1.5689127965027831,1.4729548452084495,1.5497212062439163,147584000
1993-07-23,1.4897470474243164,1.5017422305967496,1.4729548452084495,1.4777524499327386,92790400
1993-07-26,1.501741647720337,1.5209332305303052,1.4921458563153527,1.501741647720337,65801600
1993-07-27,1.4489649534225464,1.5113379098208757,1.4489649534225464,1.5065397197837072,112220800
1993-07-28,1.501741647720337,1.5257308333924835,1.4345711078854477,1.458560293557594,113459200
1993-07-29,1.5161354541778564,1.5497210260664938,1.4873480721365049,1.4969438661502887,96534400
1993-07-30,1.420177698135376,1.424975888604643,1.3817945171046901,1.4009861076200332,287936000
1993-08-02,1.3961886167526245,1.4537633929964253,1.386592820711991,1.4345718009151585,148208000
1993-08-03,1.4009853601455688,1.4057835480548357,1.3817937798696023,1.4009853601455688,85136000
1993-08-04,1.4009853601455688,1.415379338192819,1.3769961776408857,1.4057835480548357,94416000
1993-08-05,1.4345715045928955,1.439369108781773,1.40578412241726,1.4105817266061378,67910400
1993-08-06,1.4057843685150146,1.4561621497213546,1.3961885727766217,1.4345717557301934,71760000
1993-08-09,1.4009853601455688,1.4201769404215356,1.3865919677788692,1.4057835480548357,70876800
1993-08-10,1.362602710723877,1.4057840753829765,1.3506081149722045,1.4009858856738453,192028800
1993-08-11,1.3889914751052856,1.4009860724561018,1.365001694722805,1.3674010827376468,95974400
1993-08-12,1.420177698135376,1.4297734933930475,1.3865927075739573,1.3913903123623617,77366400
1993-08-13,1.4441678524017334,1.4537636501396818,1.4009864697404588,1.4201780652163556,61900800
1993-08-16,1.4921467304229736,1.5017425274492275,1.4489653509643454,1.4537635423179578,78451200
1993-08-17,1.4825501441955566,1.5065393311506192,1.4585603715598352,1.4969435392324624,54272000
1993-08-18,1.4825501441955566,1.520933311868184,1.468156163477992,1.4921459361137135,66012800
1993-08-19,1.4249757528305054,1.4945451153997193,1.4153799584871378,1.4825505188907115,114742400
1993-08-20,1.4633581638336182,1.4729539531516076,1.4057834279256824,1.4105810297444268,73683200
1993-08-23,1.4777525663375854,1.5017423488913086,1.4489651786816586,1.4489651786816586,59472000
1993-08-24,1.4561614990234375,1.4777518833667551,1.4537626975809868,1.4681560919163217,39417600
1993-08-25,1.4249757528305054,1.4585607401918887,1.3985871719660425,1.4393691515051534,68800000
1993-08-26,1.3841928243637085,1.4153795870560708,1.3721982310023824,1.4105813983031483,136256000
1993-08-27,1.3793959617614746,1.3913905615615914,1.367401361961358,1.3865929559139318,67763200
1993-08-30,1.3937890529632568,1.4057842357641896,1.3769968512674573,1.391390250675405,54012800
1993-08-31,1.4417673349380493,1.4489643240271977,1.410581163125815,1.4153793510787656,93020800
1993-09-01,1.4729547500610352,1.4825505445706157,1.4393691764370944,1.4441673665322932,86035200
1993-09-02,1.4705543518066406,1.5065387029141852,1.4609585638899898,1.4825495259627655,55497600
1993-09-03,1.4537630081176758,1.472954595118036,1.4441672146174955,1.4681564055275682,26800000
1993-09-07,1.4345715045928955,1.463358886768531,1.4249757105343503,1.4537630927099858,38659200
1993-09-08,1.4297728538513184,1.4345710421743414,1.4057836692780061,1.4201770628858734,54777600
1993-09-09,1.4633581638336182,1.4681557656523627,1.4297726083804054,1.4393683976983949,29856000
1993-09-10,1.4969443082809448,1.501742499545402,1.463359312153583,1.4777527145850353,56540800
1993-09-13,1.4657574892044067,1.5065394619778985,1.4633586874367213,1.5065394619778985,33481600
1993-09-14,1.4441678524017334,1.4633594478776302,1.4249762569258368,1.458561256168149,57756800
1993-09-15,1.4681570529937744,1.4729552447002743,1.4273750590530898,1.4537636492363033,60428800
1993-09-16,1.458560585975647,1.4825503621379874,1.4537629821516258,1.4729545688092,25641600
1993-09-17,1.458560585975647,1.468156379304434,1.4441671888228387,1.4489647926468596,25286400
1993-09-20,1.4513638019561768,1.4921463686918375,1.4393692050013727,1.46335898459181,34691200
1993-09-21,1.458560585975647,1.4849491640499979,1.4345713954940515,1.4489647926468596,57846400
1993-09-22,1.4825501441955566,1.4969435392324624,1.4441669765229295,1.4585603715598352,72051200
1993-09-23,1.5113378763198853,1.5209336705007075,1.4729546995965968,1.482550493777419,72214400
1993-09-24,1.5353268384933472,1.549720820444577,1.506539460271597,1.506539460271597,91481600
1993-09-27,1.5785086154937744,1.5833062202905865,1.5593170249447974,1.568912820219286,73472000
1993-09-28,1.6120935678482056,1.6168917582119882,1.5785085780251262,1.5785085780251262,84012800
1993-09-29,1.592901587486267,1.612093172877668,1.5497208131959685,1.607295569370171,87529600
1993-09-30,1.583306074142456,1.5977000585659742,1.57850846978849,1.588104264177232,38400000
1993-10-01,1.5737100839614868,1.5976998597890733,1.5737100839614868,1.583305877156374,46048000
1993-10-04,1.5857048034667969,1.6120933832436597,1.5833060014000229,1.5833060014000229,40505600
1993-10-05,1.5976989269256592,1.6264862897019738,1.5833049526973044,1.5881031393335543,86931200
1993-10-06,1.628886342048645,1.6408809393370378,1.5929019645026214,1.5977001548264858,77321600
1993-10-07,1.6144920587539673,1.645678825900499,1.6072956531177556,1.6312848432666018,41596800
1993-10-08,1.6216896772384644,1.6264878685323145,1.578508883998632,1.616892071625578,38086400
1993-10-11,1.6120935678482056,1.6264875532587038,1.5785085780251262,1.621689362894921,36457600
1993-10-12,1.6168911457061768,1.6360827285295103,1.5785079800595094,1.6168911457061768,79296000
1993-10-13,1.5976989269256592,1.616890502109869,1.5593157765572399,1.607294714517764,62409600
1993-10-14,1.5761091709136963,1.6120935483232655,1.573710368601283,1.607295943698439,63257600
1993-10-15,1.5497204065322876,1.592901169491479,1.540124616354628,1.5785077770652662,126425600
1993-10-18,1.592901587486267,1.5976997766744705,1.5497208131959685,1.5545184167034654,67750400
1993-10-19,1.5401256084442139,1.6120937882955126,1.525731621065396,1.5737106028599053,91392000
1993-10-20,1.5545188188552856,1.5689128044628933,1.5209338285722982,1.5449230236771667,81590400
1993-10-21,1.525730848312378,1.5353266398111978,1.496943473815918,1.5113374539044646,127142400
1993-10-22,1.5425245761871338,1.5497215706467298,1.5209341784893384,1.5209341784893384,47625600
1993-10-25,1.5449224710464478,1.5593164515052174,1.5161350958095574,1.5449224710464478,48553600
1993-10-26,1.525730848312378,1.5497206198997446,1.5209332454032847,1.5449224313100178,66944000
1993-10-27,1.5329275131225586,1.5449221035310887,1.5257305246052368,1.5257305246052368,45564800
1993-10-28,1.5161354541778564,1.5449228362192082,1.5113378500113581,1.5305294380389258,56009600
1993-10-29,1.5377259254455566,1.5401253133362258,1.5209337242957794,1.5257313287154821,39843200
1993-11-01,1.5521196126937866,1.564114207125802,1.530529225580018,1.5401250182617714,30163200
1993-11-02,1.5401256084442139,1.5641148065010035,1.525731621065396,1.5593172011620176,42422400
1993-11-03,1.5065391063690186,1.544922268314726,1.492145713479664,1.5353264778282991,56796800
1993-11-04,1.4681570529937744,1.5161360416537017,1.4681570529937746,1.511338435628216,63177600
1993-11-05,1.5113378763198853,1.5161354805698979,1.458560715484965,1.4633589054157747,56432000
1993-11-08,1.5065391063690186,1.5257306873418721,1.492145713479664,1.5161348968554453,28819200
1993-11-09,1.501741647720337,1.5353266247974675,1.4969434591775308,1.5161350419874993,36320000
1993-11-10,1.561716079711914,1.5665136852840051,1.5161358983722555,1.535327492022537,57177600
1993-11-11,1.5665132999420166,1.5833060866754445,1.5545187032813454,1.5593168933541026,31158400
1993-11-12,1.571311116218567,1.5833057100258667,1.5689123145932418,1.5689123145932418,34339200
1993-11-15,1.5449224710464478,1.573709846283338,1.5449224710464478,1.573709846283338,29244800
1993-11-16,1.5785086154937744,1.5881044107682627,1.544923039192633,1.5545188344671212,47664000
1993-11-17,1.5497204065322876,1.592901169491479,1.5497204065322876,1.5881035672429256,72217600
1993-11-18,1.5401256084442139,1.5641148065010035,1.535327417424298,1.5497214048031156,48438400
1993-11-19,1.5377259254455566,1.5401253133362258,1.5257313287154821,1.5305295188160026,38403200
1993-11-22,1.4777525663375854,1.5305297365472357,1.4681567704522764,1.5305297365472357,80355200
1993-11-23,1.4849486351013184,1.5065390159802645,1.4825498340437768,1.4921456239544792,98256000
1993-11-24,1.5113378763198853,1.5305294646815295,1.4873480980274314,1.4873480980274314,32467200
1993-11-26,1.5161354541778564,1.520933644025142,1.5113378500113581,1.5161354541778567,6403200
1993-11-29,1.525730848312378,1.5353266398111978,1.5161350568135579,1.5161350568135579,32105600
1993-11-30,1.5353268384933472,1.5449226312339306,1.5017418567416598,1.506539460271597,44153600
1993-12-01,1.5641149282455444,1.5785089167447337,1.5449233340339428,1.5449233340339428,58886400
1993-12-02,1.5905027389526367,1.5929015406358318,1.5689123524425042,1.573709955808894,51936000
1993-12-03,1.6456787586212158,1.6600721549859396,1.6024973981656179,1.607295587407668,114502400
1993-12-06,1.628886342048645,1.6408809393370378,1.6120935544363881,1.6312851443701546,59337600
1993-12-07,1.640880823135376,1.6504766174227172,1.6312850288480345,1.6312850288480345,32780800
1993-12-08,1.6024969816207886,1.6072951696156221,1.5785077986883027,1.592901191311682,105900800
1993-12-09,1.5569175481796265,1.6024977195573022,1.544922951189974,1.6024977195573022,61465600
1993-12-10,1.571311116218567,1.5785081067752167,1.549720730229292,1.5593165224112668,19916800
1993-12-13,1.561716079711914,1.5737106793231006,1.5497214801007277,1.5641148824979596,20112000
1993-12-14,1.5353268384933472,1.5641142167150974,1.5209334422228267,1.554518423974514,47414400
1993-12-15,1.530529260635376,1.554518450048857,1.530529260635376,1.5353268642457847,35219200
1993-12-16,1.5353268384933472,1.554518423974514,1.53052923496341,1.5353268384933472,29113600
1993-12-17,1.5449224710464478,1.5449224710464478,1.530529076268327,1.5449224710464478,26112000
1993-12-20,1.5737100839614868,1.5737100839614868,1.5449227043768254,1.5545184975717126,35462400
1993-12-21,1.583306074142456,1.583306074142456,1.5641144853649718,1.573710279753714,31008000
1993-12-22,1.5569175481796265,1.583306130101526,1.554518745917862,1.5785085255779974,24169600
1993-12-23,1.5521196126937866,1.578508188988785,1.5497208109435248,1.5545184144440487,31820800
1993-12-27,1.5449224710464478,1.5593164515052174,1.530529076268327,1.5497206597595872,24537600
1993-12-28,1.5881048440933228,1.592902450199194,1.5449234607353628,1.5449234607353628,27776000
1993-12-29,1.5641149282455444,1.6024981166687482,1.5449233340339428,1.5881047138505346,48988800
1993-12-30,1.5593163967132568,1.5785079795301546,1.549720605304808,1.5689121881217059,25328000
1993-12-31,1.5473214387893677,1.5641142225684088,1.5401250334675314,1.5545184297919157,22995200
1994-01-03,1.5377259254455566,1.5497211078564488,1.5209337242957794,1.5449229177559283,36646400
1994-01-04,1.5449224710464478,1.5497206597595872,1.5209332845226968,1.540124868013957,45302400
1994-01-05,1.5785086154937744,1.5833062202905865,1.5353272439181445,1.5401254343958206,53974400
1994-01-06,1.6240873336791992,1.6264867204729934,1.5833053720318497,1.5857041731450938,82006400
1994-01-07,1.6360834836959839,1.6456792795367787,1.597700300332804,1.616891892014394,70832000
1994-01-10,1.6456787586212158,1.6600721549859396,1.6312847765757787,1.6312847765757787,74185600
1994-01-11,1.6360834836959839,1.6504768846167268,1.6192906945543681,1.6312852929351371,35360000
1994-01-12,1.640880823135376,1.6456790131194483,1.6072958359700829,1.6312850288480345,39488000
1994-01-13,1.638481855392456,1.6408806573016586,1.6120932773489978,1.6264872601657003,40755200
1994-01-14,1.6432793140411377,1.6504763048136963,1.626487116479425,1.6408805123438492,45216000
1994-01-17,1.6264876127243042,1.650476808377731,1.6216894221850962,1.6360834081218492,30755200
1994-01-18,1.6240873336791992,1.640880112833008,1.6120927424324287,1.6360825106065198,43686400
1994-01-19,1.5976989269256592,1.616890502109869,1.5833049526973044,1.607294714517764,76563200
1994-01-20,1.6552748680114746,1.6576736702509367,1.5977001001794378,1.5977001001794378,145004800
1994-01-21,1.6552748680114746,1.6696682671290715,1.6312850885743801,1.6552748680114748,99078400
1994-01-24,1.6360834836959839,1.6696684762983167,1.6312852929351371,1.6504768846167268,38374400
1994-01-25,1.6336840391159058,1.6384822297112234,1.6120936456391721,1.6360834272540037,70361600
1994-01-26,1.6168911457061768,1.6312845399833629,1.6120929571600293,1.6312845399833629,50489600
1994-01-27,1.6168911457061768,1.6264869371178436,1.597699562882843,1.6120929571600293,51129600
1994-01-28,1.628886342048645,1.6408809393370378,1.6168917447602522,1.6216893494032714,41875200
1994-01-31,1.6336840391159058,1.6480780252209803,1.6264876317442467,1.6360834272540037,62566400
1994-02-01,1.6336840391159058,1.6456792227637607,1.621689441148929,1.631285236658686,44003200
1994-02-02,1.6120935678482056,1.6408809529883521,1.6120935678482056,1.6264875532587038,40924800
1994-02-03,1.6216896772384644,1.6216896772384644,1.6024980834249916,1.616892071625578,31792000
1994-02-04,1.5593163967132568,1.6216887480278608,1.559316396713257,1.6120929566194118,78217600
1994-02-07,1.5497204065322876,1.5593161967099471,1.5257306382478624,1.5305288261769685,118851200
1994-02-08,1.5113378763198853,1.5449228631123642,1.4969438922082536,1.5449228631123642,149875200
1994-02-09,1.5281304121017456,1.5401255967197551,1.496944220592957,1.5065400168788092,98585600
1994-02-10,1.5233324766159058,1.5497210571024878,1.5161354845412383,1.5305294686905733,66620800
1994-02-11,1.5113378763198853,1.52573127475072,1.4969438922082536,1.5209336705007075,53747200
1994-02-14,1.5185346603393555,1.5257316541849921,1.5113382521746617,1.5161358576177908,55270400
1994-02-15,1.530529260635376,1.5401250535369122,1.52093346773384,1.530529260635376,28876800
1994-02-16,1.5113378763198853,1.5401252588623517,1.5113378763198853,1.5401252588623517,43731200
1994-02-17,1.5089387893676758,1.5257315789524755,1.4969441906703533,1.5161357828584348,85017600
1994-02-18,1.5353268384933472,1.549720820444577,1.506539460271597,1.506539460271597,79465600
1994-02-22,1.525730848312378,1.5401248284009246,1.5065392653147378,1.5353266398111978,63235200
1994-02-23,1.5545188188552856,1.573710409211524,1.5017422382160601,1.5305296237504171,139462400
1994-02-24,1.5329275131225586,1.5497202911028065,1.5209329227140285,1.5353263140681628,82553600
1994-02-25,1.5545188188552856,1.5593170092847743,1.5305296237504171,1.5401254189285363,52995200
1994-02-28,1.583306074142456,1.5929018685311982,1.5545186909762296,1.5593168810110056,55494400
1994-03-01,1.5976989269256592,1.5976989269256592,1.5785073517414494,1.5929007402894093,48070400
1994-03-02,1.5881048440933228,1.592902450199194,1.5545192586281291,1.5689132483077903,68499200
1994-03-03,1.5545188188552856,1.5977001899972505,1.5449230236771667,1.592901999567762,31564800
1994-03-04,1.5545188188552856,1.5641146140334048,1.5449230236771667,1.5545188188552859,25705600
1994-03-07,1.5593163967132568,1.5785079795301546,1.549720605304808,1.559316396713257,30540800
1994-03-08,1.5545188188552856,1.5593170092847743,1.5305296237504171,1.5593170092847743,24723200
1994-03-09,1.5521196126937866,1.5689123963070315,1.535326829080542,1.5593166036252781,37024000
1994-03-10,1.5521196126937866,1.578508188988785,1.5449226217622953,1.564114207125802,46588800
1994-03-11,1.568912386894226,1.5785081795184088,1.5497208016458606,1.5545184051176009,34857600
1994-03-14,1.6096947193145752,1.6168917118132977,1.578508532727888,1.5833061372731476,69203200
1994-03-15,1.628886342048645,1.6360833346940187,1.6024977594695047,1.6120935544363881,62934400
1994-03-16,1.6264876127243042,1.6360834081218492,1.6216894221850962,1.6312852175826411,41286400
1994-03-17,1.6216896772384644,1.636083665439051,1.6216896772384644,1.6264878685323145,30992000
1994-03-18,1.6264876127243042,1.6312852175826411,1.6024978313900062,1.6216894221850962,36857600
1994-03-21,1.5976989269256592,1.6384808777720061,1.5929007402894093,1.6312838906578289,65078400
1994-03-22,1.6264876127243042,1.6456792035193941,1.5785086357365796,1.5785086357365796,89024000
1994-03-23,1.6552748680114746,1.6792640617677443,1.6312850885743801,1.636083278734129,116441600
1994-03-24,1.6744660139083862,1.6744660139083862,1.631284656627901,1.6456786376149526,60166400
1994-03-25,1.6792633533477783,1.712848913255023,1.6696675627572197,1.6696675627572197,102051200
1994-03-28,1.6576738357543945,1.6888600250235286,1.6072960552918114,1.6792642294268039,118403200
1994-03-29,1.583306074142456,1.6600724292523934,1.583306074142456,1.6600724292523934,78339200
1994-03-30,1.604896903038025,1.631285491228134,1.5833065061920124,1.5881046975361095,86860800
1994-03-31,1.6264876127243042,1.6456792035193941,1.5833062405949163,1.6024978313900062,72297600
1994-04-04,1.6216896772384644,1.6456794623457873,1.5737106927047821,1.5833064896115185,73996800
1994-04-05,1.684061884880066,1.684061884880066,1.6312847330299254,1.6360829221438915,101878400
1994-04-06,1.7080514430999756,1.7128496332524663,1.6744664547558377,1.679264059227504,80780800
1994-04-07,1.722444772720337,1.7296411766905824,1.703253190771813,1.712848981746075,76630400
1994-04-08,1.669668197631836,1.7272429630674164,1.6648705933526045,1.7224453587881852,118710400
1994-04-11,1.669668197631836,1.674466387591868,1.650476609153309,1.669668197631836,40400000
1994-04-12,1.6264876127243042,1.664870794314484,1.6120936267875512,1.664870794314484,84969600
1994-04-13,1.628886342048645,1.6408809393370378,1.5929019645026214,1.6264875397271354,69644800
1994-04-14,1.6144920587539673,1.6360830327048133,1.6072956531177556,1.6216890500709158,53088000
1994-04-15,1.628886342048645,1.6360833346940187,1.6024977594695047,1.6024977594695047,35241600
1994-04-18,1.592901587486267,1.6456787401529727,1.5785081912830696,1.6264871547615718,78006400
1994-04-19,1.691258192062378,1.7176467664588673,1.6456786193637716,1.6696678065019157,291273600
1994-04-20,1.7176467180252075,1.7200455195352486,1.6696677594211515,1.6984551345835852,104732800
1994-04-21,1.7560299634933472,1.7608281524088023,1.712849191657618,1.7176467948923997,141980800
1994-04-22,1.760827898979187,1.7800194805174856,1.7416363174408886,1.7656255015234672,66060800
1994-04-25,1.799211859703064,1.8088076547263314,1.7560304892579364,1.7656262842812036,142745600
1994-04-26,1.822001576423645,1.8279990942395115,1.8040093158164459,1.813605110049512,113193600
1994-04-28,1.7680249214172363,1.8279990739694678,1.7608285150828353,1.8279990739694678,141382400
1994-04-29,1.775221347808838,1.7944129299473117,1.751232162976049,1.7656255567396009,56803200
1994-05-02,1.8327964544296265,1.833995782128837,1.765625903743724,1.7800198860167786,79260800
1994-05-03,1.794413447380066,1.8327966227250942,1.7896158433023255,1.8279990186473538,41929600
1994-05-04,1.8255996704101562,1.8279990581816945,1.7800200879627628,1.7992116760503356,68889600
1994-05-05,1.8112057447433472,1.8471901083487308,1.804008754886147,1.827998525849942,56374400
1994-05-06,1.775221347808838,1.8088069093914707,1.7440351732539694,1.7896153272529969,96403200
1994-05-09,1.7704243659973145,1.7968123614314555,1.7584291836936363,1.7608285715628595,47600000
1994-05-10,1.8040096759796143,1.813605472128442,1.7800204784480036,1.7848180836819587,65305600
1994-05-11,1.794413447380066,1.8088074309748396,1.7800200494660685,1.8040092412163231,57433600
1994-05-12,1.8136049509048462,1.8288981002016145,1.7896157602676432,1.7944133641227842,58998400
1994-05-13,1.851987361907959,1.871178940787834,1.8136042041482086,1.871178940787834,179920000
1994-05-16,1.8232005834579468,1.8567861502040999,1.8184029800260377,1.8471903576595843,56633600
1994-05-17,1.8160032033920288,1.8279983807621814,1.794412821214669,1.823200192678006,122464000
1994-05-18,1.8627830743789673,1.8711795392444688,1.8184029732856133,1.8279987657945593,96953600
1994-05-19,1.8879728317260742,1.8999674291769273,1.8615842487895147,1.8663824391783679,89651200
1994-05-20,1.8759777545928955,1.9047651325226023,1.8663819619496602,1.8807753580741617,78140800
1994-05-23,1.940748691558838,1.9575414731654652,1.8615835578142168,1.8807751408844666,74947200
1994-05-24,1.9623401165008545,1.9911274977770472,1.9287545455049107,1.9671377205398344,85144000
1994-05-25,2.0151166915893555,2.0247124853588283,1.9287545476640973,1.9575419289725167,86003200
1994-05-26,1.995924949645996,2.024712328727429,1.9671375705645635,2.024712328727429,64296000
1994-05-27,2.010319232940674,2.024712631795495,1.9671378650145808,1.9863294539415524,47544000
1994-05-31,2.063096046447754,2.063696076510999,1.9911278725516453,2.0055212730585144,76000000
1994-06-01,2.034306764602661,2.05349833785363,2.0103175908791187,2.05349833785363,100764800
1994-06-02,2.0055205821990967,2.048701940206403,1.995924789939771,2.0439037512364,60291200
1994-06-03,2.0295097827911377,2.0534989638273684,2.0055200160743927,2.015115805624988,86841600
1994-06-06,2.0918824672698975,2.0966806556773356,1.986328764792976,2.019914326603211,764504000
1994-06-07,2.058298349380493,2.082287544378528,2.053500158972373,2.072691749243143,166171200
1994-06-08,1.995924949645996,2.058297897162797,1.9815315529456432,2.058297897162797,203835200
1994-06-09,2.0055205821990967,2.017515176103084,1.986328997680445,1.991127186650448,79356800
1994-06-10,2.0175156593322754,2.034308446228423,1.9911276635592672,2.005521062555379,53726400
1994-06-13,2.0295097827911377,2.048701361892328,1.9911266245887569,2.0199139932405425,56628800
1994-06-14,2.055898666381836,2.0774896415994952,2.034308276844948,2.039106466564685,59249600
1994-06-15,2.082286834716797,2.0966808153547065,2.0439036672565796,2.058297647894489,58860800
1994-06-16,2.055898666381836,2.082287245638461,2.053499864362353,2.082287245638461,48478400
1994-06-17,2.034306764602661,2.05829652400654,2.0295091641300873,2.05349833785363,47622400
1994-06-20,2.053499937057495,2.053499937057495,2.0103191564550933,2.015116760663897,45668800
1994-06-21,2.019913911819458,2.048701279310848,1.9959241460697206,2.0007223334918645,86995200
1994-06-22,1.9767341613769531,2.034308942776282,1.967138364477065,2.024713145876394,82924800
1994-06-23,1.9239574670791626,2.0055214434707613,1.9191592760485754,1.9767340543300327,85979200
1994-06-24,1.8999667167663574,1.933552279852544,1.8903709252675374,1.9191582997639973,81454400
1994-06-27,1.9911268949508667,2.0007226858044116,1.8951689864154175,1.9095623798554378,76161600
1994-06-28,1.969536304473877,2.0247122588971758,1.9263555301813522,1.9959248808085903,99417600
1994-06-29,1.9719356298446655,1.9911272146330288,1.9527440450563023,1.9719356298446655,53435200
1994-06-30,1.9815312623977661,2.000722845638032,1.9575414905071136,1.9863288653675122,40827200
1994-07-01,1.9287539720535278,1.9863287174879614,1.9137605487633107,1.9815311148753905,66622400
1994-07-05,1.885573148727417,1.9575412855011398,1.8807749605795265,1.9335521018034254,40430400
1994-07-06,1.8543875217437744,1.8807761084612973,1.8327971261025908,1.8639833182155159,89254400
1994-07-07,1.9335527420043945,1.9383503460601965,1.8399936061085236,1.8615839957211788,89667200
1994-07-08,1.8999667167663574,1.9527438628501839,1.885573322358444,1.914360696854904,48945600
1994-07-11,1.856787085533142,1.9047660724244249,1.8327972992470045,1.9047660724244249,85406400
1994-07-12,1.8423922061920166,1.8519879989326,1.7992114316997458,1.8519879989326,83752000
1994-07-13,1.8999667167663574,1.8999667167663572,1.8375943648643442,1.8519877592722573,82956800
1994-07-14,1.8711798191070557,1.9047653907519324,1.8567864210312388,1.8951695968077937,81446400
1994-07-15,1.8663822412490845,1.8951696234867508,1.842392463210634,1.8711798454483002,45520000
1994-07-18,1.9383500814437866,1.9863290438557617,1.8999669115142068,1.9767332513733666,150499200
1994-07-19,1.9239574670791626,1.9431490598396484,1.9047658743186768,1.9431490598396484,70126400
1994-07-20,1.856787085533142,1.9191594756513135,1.837595490776629,1.9191594756513135,112604800
1994-07-21,1.8327964544296265,1.875977815568068,1.8232006614744976,1.866382022612939,85740800
1994-07-22,1.940748691558838,1.9479456816303404,1.8136046001385928,1.8615835578142168,152916800
1994-07-25,1.9647399187088013,1.9815327127554663,1.9287555273748245,1.943149518180843,51513600
1994-07-26,1.9335527420043945,1.9671377274373283,1.909562964683065,1.9623401233815263,54308800
1994-07-27,1.8999667167663574,1.933552279852544,1.8999667167663572,1.933552279852544,29291200
1994-07-28,1.8999667167663574,1.9287540912628172,1.8903709252675374,1.8999667167663572,39899200
1994-07-29,1.9767341613769531,1.981532352667379,1.904765977468274,1.914361774368162,67064000
1994-08-01,2.0487022399902344,2.0582980336536996,1.9767334946738615,1.981531684345977,83934400
1994-08-02,2.027111291885376,2.096681236129224,2.019914885802859,2.0630956650210526,95249600
1994-08-03,2.0487022399902344,2.072691431308515,2.039106446326769,2.0630956376450498,58771200
1994-08-04,2.0247135162353516,2.0582991043688903,2.0247135162353516,2.053500912200783,40192000
1994-08-05,2.0151166915893555,2.029510675083951,2.005520897819882,2.019914881314478,31204800
1994-08-08,2.034306764602661,2.034306764602661,1.9959236181007243,2.0103175908791187,34537600
1994-08-09,2.053499937057495,2.0678939210454907,2.0247125547622966,2.034308348860696,40198400
1994-08-10,2.0774896144866943,2.087085408120165,2.0439040439291665,2.053499837562637,48646400
1994-08-11,2.1206705570220947,2.1494579401490914,2.0678939807963386,2.0678939807963386,81428800
1994-08-12,2.1206705570220947,2.1350645414259977,2.106277158299001,2.125468747050332,38088000
1994-08-15,2.0894839763641357,2.1302659483240385,2.0870851746443058,2.1302659483240385,36113600
1994-08-16,2.1062769889831543,2.1158727825874495,2.0726914185277403,2.1062769889831543,56779200
1994-08-17,2.1446590423583984,2.1590524324008427,2.115871676593054,2.125467465181502,79790400
1994-08-18,2.1302671432495117,2.1638527288890037,2.125469537118742,2.144661133003873,61276800
1994-08-19,2.1062769889831543,2.1494577673621014,2.101478799340626,2.1446601634003346,74761600
1994-08-22,2.096680164337158,2.1110735548252753,2.0918819770541366,2.1110735548252753,62835200
1994-08-23,2.1302671432495117,2.1638527288890037,2.09188395147925,2.096682143291046,58363200
1994-08-24,2.139861822128296,2.149457615052638,2.1302660292039537,2.1302660292039537,35246400
1994-08-25,2.156654119491577,2.1782445022790418,2.1398613392432875,2.144659527463051,55174400
1994-08-26,2.1830432415008545,2.216628224793725,2.1590534657081735,2.163851655139004,60961600
1994-08-29,2.190239429473877,2.2310219857006492,2.1878406278372076,2.2022346090185807,56625600
1994-08-30,2.2406182289123535,2.245415833151339,2.173447669800989,2.1878410681987406,39851200
1994-08-31,2.2310218811035156,2.2742026512618327,2.2166279005969765,2.2406176728809917,60968000
1994-09-01,2.1542561054229736,2.187841092511477,2.139862121184471,2.187841092511477,115568000
1994-09-02,2.1494576930999756,2.168649279645511,2.1398618998272076,2.168649279645511,46964800
1994-09-06,2.1494576930999756,2.159053486372743,2.137463097929201,2.1446600893039625,28804800
1994-09-07,2.1830432415008545,2.219027026668772,2.154255861958079,2.1590534657081735,43588800
1994-09-08,2.223825454711914,2.226224256844348,2.1878410800022046,2.1878410800022046,28377600
1994-09-09,2.1830432415008545,2.2214264142245557,2.1446600687771538,2.154255861958079,60800000
1994-09-12,2.1542561054229736,2.1926392824845786,2.1446603111575726,2.1926392824845786,36238400
1994-09-13,2.2094311714172363,2.221426351816959,2.1638515943488827,2.1638515943488827,41134400
1994-09-14,2.2118306159973145,2.231022202315379,2.207032426577431,2.2166282197364633,29968000
1994-09-15,2.2358200550079346,2.2358200550079346,2.202235068052078,2.21183086227958,40640000
1994-09-16,2.1830432415008545,2.2310222074054806,2.178245052070024,2.22622401797465,52921600
1994-09-19,2.1830432415008545,2.197436638431874,2.1734474483199295,2.19263903468178,48350400
1994-09-20,2.1494576930999756,2.1926390556678013,2.147058891201969,2.1830432623950333,40276800
1994-09-21,2.197436571121216,2.202234760405071,2.111074435138286,2.1614522013748156,82948800
1994-09-22,2.1878411769866943,2.2070327662585076,2.173447777873247,2.1974369716226008,44320000
1994-09-23,2.1494576930999756,2.207032452736582,2.1494576930999756,2.1830432623950333,48371200
1994-09-26,2.132664442062378,2.149457223037512,2.120669849514688,2.149457223037512,29921600
1994-09-27,2.168649196624756,2.168649196624756,2.10627683557989,2.1302660250030785,50585600
1994-09-28,2.1878411769866943,2.2070327662585076,2.1686495877148815,2.173447777873247,33355200
1994-09-29,2.168649196624756,2.1974365753410137,2.1638515930124056,2.1830431788232443,27105600
1994-09-30,2.1542561054229736,2.2070326810422793,2.1542561054229736,2.1686495039806744,34608000
1994-10-03,2.1446590423583984,2.1638506195352947,2.130265066635498,2.1542548309468468,28833600
1994-10-04,2.1110754013061523,2.154256781900635,2.1062777955073133,2.1494585904208097,42622400
1994-10-05,2.1302671432495117,2.144661133003873,2.0774905474059153,2.1062779412336115,50985600
1994-10-06,2.0918824672698975,2.1446596113486636,2.082286676135632,2.1302656318069597,40790400
1994-10-07,2.0870842933654785,2.1062758703818028,2.0678927163491543,2.0966800818736404,51518400
1994-10-10,2.1014792919158936,2.125469074390086,2.087085890976097,2.087085890976097,39480000
1994-10-11,2.142261028289795,2.1734478004409334,2.115873032027675,2.115873032027675,55692800
1994-10-12,2.1590538024902344,2.1686495971679687,2.1398622131347658,2.1446604033140466,27912000
1994-10-13,2.197436571121216,2.2166281568952004,2.1734473817440945,2.1734473817440945,63033600
1994-10-14,2.1470584869384766,2.2022344342881555,2.1182711125404654,2.197436245714838,99878400
1994-10-17,2.1158721446990967,2.1590529100600038,2.111073956503115,2.149457119348626,31160000
1994-10-18,2.1734471321105957,2.1782447351626995,2.113472994194747,2.120669984453553,52686400
1994-10-19,2.2118306159973145,2.2262240128954955,2.1590534607822693,2.173447443361185,59488000
1994-10-20,2.288597583770752,2.2981933795398515,2.221427013387053,2.235820414200256,136558400
1994-10-21,2.279001235961914,2.288597029406636,2.240618062183025,2.2742030463991765,67099200
1994-10-24,2.2598087787628174,2.283797960295405,2.2406171992645363,2.283797960295405,57145600
1994-10-25,2.2909955978393555,2.2933943995358512,2.240617833809473,2.2550112296691425,44780800
1994-10-26,2.3413736820220947,2.3461718717518703,2.2933947131281993,2.298192902857975,97904000
1994-10-27,2.365363359451294,2.365363359451294,2.3317777898030574,2.346171772703944,41238400
1994-10-28,2.3845551013946533,2.394150895392859,2.3557677194000344,2.3653635133982407,58414400
1994-10-31,2.418140172958374,2.446927555969783,2.3797569956098283,2.389352789946965,59932800
1994-11-01,2.4085445404052734,2.4133427307365434,2.3845553457914606,2.4085445404052734,39624000
1994-11-02,2.418140172958374,2.4613215403158915,2.3989485842841014,2.4085443786212375,61408000
1994-11-03,2.4037466049194336,2.427735796231536,2.3941508112584393,2.418140002570542,63441600
1994-11-04,2.3605659008026123,2.4229388698837964,2.3533689071238353,2.403747277194344,46947200
1994-11-07,2.3749589920043945,2.379756595525988,2.336575821108814,2.3605650100781976,47094400
1994-11-08,2.442129373550415,2.451725165616074,2.367761838621395,2.374958829090806,43328000
1994-11-09,2.4469268321990967,2.4805123952852832,2.4229376462923633,2.4661184151967364,60206400
1994-11-10,2.444528579711914,2.470917158679906,2.4373315880514137,2.4373315880514137,24689600
1994-11-11,2.3893518447875977,2.406144624655044,2.331777101539704,2.3893518447875977,132899200
1994-11-14,2.4757144451141357,2.4757144451141357,2.4085438981536744,2.4085438981536744,48934400
1994-11-15,2.4781131744384766,2.4997042937159986,2.466118726391711,2.4757145191014067,52544000
1994-11-16,2.480513095855713,2.4901088900646693,2.4757149059108348,2.4853107001197916,30196800
1994-11-17,2.4661190509796143,2.485310638924981,2.451725652860982,2.480513034779032,33232000
1994-11-18,2.4613215923309326,2.4853107858403334,2.456523402220561,2.4613215923309326,25694400
1994-11-21,2.437331438064575,2.485310403380807,2.4325338343733165,2.475714610317561,35560000
1994-11-22,2.3797571659088135,2.4517259214279314,2.3749595612373247,2.4277361410279426,56358400
1994-11-23,2.3605659008026123,2.3821562961580134,2.343773110779109,2.3653640918154397,87507200
1994-11-25,2.3893518447875977,2.3941500328985432,2.365362661274596,2.3701602637049666,12563200
1994-11-28,2.432534694671631,2.4373323000596265,2.3893533177749884,2.398949114231916,43449600
1994-11-29,2.4613215923309326,2.4709173868708567,2.437331813140713,2.4421300032510844,37673600
1994-11-30,2.4133424758911133,2.46611904987688,2.4085442860665247,2.46611904987688,40934400
1994-12-01,2.4013471603393555,2.4337334024383344,2.3989483584011424,2.4037465479583204,43096000
1994-12-02,2.427736282348633,2.427736282348633,2.3797573044366045,2.4085446911838213,37715200
1994-12-05,2.43013334274292,2.4661176968011853,2.4229369404756373,2.432532729179144,38166400
1994-12-06,2.432534694671631,2.461322084042414,2.4181407071457715,2.427736503602699,38830400
1994-12-07,2.418140172958374,2.451725745978755,2.418140172958374,2.437331761632647,36744000
1994-12-08,2.3989484310150146,2.4469273996353147,2.3893526372909544,2.4229382081655495,41934400
1994-12-09,2.422938823699951,2.427736428940402,2.389353244293123,2.398949040454943,79956800
1994-12-12,2.422938823699951,2.437332225102222,2.3653640467290327,2.422938823699951,65313600
1994-12-13,2.4085445404052734,2.4373319253503563,2.3893529504418844,2.432534320699932,30219200
1994-12-14,2.427736282348633,2.4421302685626824,2.3989488956014156,2.3989488956014156,33641600
1994-12-15,2.437331438064575,2.4613212135630556,2.418139851938083,2.4325338343733165,28854400
1994-12-16,2.432534694671631,2.4661196894304096,2.4259371453467913,2.4421304911285584,54020800
1994-12-19,2.4037466049194336,2.4421297795634103,2.3989484152485536,2.432533985902416,31507200
1994-12-20,2.2981932163238525,2.4085445669909813,2.255011845589166,2.4037469622876007,253456000
1994-12-21,2.3605659008026123,2.3653640918154397,2.3077893137470835,2.312586919078982,69395200
1994-12-22,2.3269805908203125,2.3797571707175758,2.312586605415064,2.360565580631144,57355200
1994-12-23,2.336576223373413,2.355767812125224,2.3173846346216016,2.3269804289975076,19486400
1994-12-27,2.331778049468994,2.3653636228573083,2.3269804450882714,2.3413738439112537,20566400
1994-12-28,2.3413736820220947,2.3413736820220947,2.302990506906978,2.3317778882433156,34961600
1994-12-29,2.372559070587158,2.3749584574886495,2.3269795046674706,2.3365752952317065,23446400
1994-12-30,2.3461718559265137,2.3749592370686745,2.3461718559265137,2.3749592370686745,20686400
1995-01-03,2.310187578201294,2.3605653508542037,2.3077887760942013,2.3605653508542037,39545600
1995-01-04,2.3269805908203125,2.331778195501496,2.283799220285416,2.312586605415064,51611200
1995-01-05,2.288597583770752,2.3413741676603537,2.279001788001652,2.336576562616251,39824000
1995-01-06,2.3269805908203125,2.3509697855879277,2.2933950153286315,2.2981932056906644,46681600
1995-01-09,2.312586784362793,2.3413741717200063,2.293395192791318,2.336576566667585,46000000
1995-01-10,2.3413736820220947,2.3605652695796526,2.3221820944645364,2.3269802841943124,42184000
1995-01-11,2.3557679653167725,2.3701613649762043,2.3317781849765895,2.3461721703168688,31512000
1995-01-12,2.350968837738037,2.3845543996888874,2.341373046563596,2.350968837738037,26996800
1995-01-13,2.4085445404052734,2.4181403353869677,2.3749595508097663,2.37975715546019,41307200
1995-01-16,2.4613215923309326,2.4757149913004093,2.4181402240608647,2.427736018600789,74648000
1995-01-17,2.480513095855713,2.499704684273626,2.470917301646756,2.4853107001197916,73932800
1995-01-18,2.497305393218994,2.5045025324169417,2.4661193518435023,2.49010913254233,50504000
1995-01-19,2.437331438064575,2.4949061964440533,2.434932636218946,2.475714610317561,67108800
1995-01-20,2.365363359451294,2.4373315169134835,2.3509693765504074,2.4133423263196696,82388800
1995-01-23,2.410943031311035,2.418140023037888,2.32218208561575,2.3413736731001777,53843200
1995-01-24,2.380356788635254,2.422938121767387,2.3797567587085116,2.418139932236068,36739200
1995-01-25,2.3701605796813965,2.3893521633225414,2.341373204219679,2.365362976611437,52459200
1995-01-26,2.2981932163238525,2.341374001377687,2.2933950259396196,2.3365763966743063,80836800
1995-01-27,2.2981932163238525,2.3125866161148467,2.2933950259396196,2.307789011411466,58376000
1995-01-30,2.2646067142486572,2.3077880673182816,2.2598091115079284,2.3077880673182816,55164800
1995-01-31,2.279001235961914,2.2933946332886213,2.2358198726202874,2.2694054425171917,59945600
1995-02-01,2.2694053649902344,2.3317777274098015,2.264007145681239,2.2790011581071474,66705600
1995-02-02,2.2646067142486572,2.2790006938320695,2.2406175291837873,2.2550109230865867,46312000
1995-02-03,2.307788372039795,2.322181767843105,2.2742028056975867,2.2837985981266904,60332800
1995-02-06,2.336576223373413,2.3461720177493186,2.307788840245696,2.307788840245696,48345600
1995-02-07,2.3413736820220947,2.3461718717518703,2.3269802841943124,2.3317778882433156,33152000
1995-02-08,2.3749589920043945,2.379756595525988,2.3413734246304077,2.3509692173543026,49150400
1995-02-09,2.3749589920043945,2.398948180973778,2.370160802802093,2.3845547847282895,42398400
1995-02-10,2.3797571659088135,2.4037469463088024,2.3605655758611617,2.3797571659088135,49862400
1995-02-13,2.3797571659088135,2.4085445509802907,2.3653637662134988,2.3797571659088135,38160000
1995-02-14,2.3749589920043945,2.389352388249883,2.3605650100781976,2.3845547847282895,31121600
1995-02-15,2.331778049468994,2.3557678284150487,2.288597267319234,2.3077888562037527,147001600
1995-02-16,2.336576223373413,2.3461720177493186,2.3125864445932445,2.336576223373413,56744000
1995-02-17,2.3173844814300537,2.336576068913198,2.3125862917188824,2.331777879202027,37824000
1995-02-21,2.2933948040008545,2.331777980636852,2.283799009841855,2.322182186477853,55392000
1995-02-22,2.3605659008026123,2.3797574934920642,2.288597721057631,2.2933953263895295,60902400
1995-02-23,2.365363359451294,2.3845549461986444,2.341373583176732,2.3509693765504074,59939200
1995-02-24,2.350968837738037,2.3749586085144463,2.350968837738037,2.3557670261655645,34177600
1995-02-27,2.3701605796813965,2.3797563715019687,2.346171392970292,2.355767184790864,28592000
1995-02-28,2.418140172958374,2.4277359672955106,2.3701612012726923,2.3749593912816636,52544000
1995-03-01,2.427736282348633,2.4565236690958496,2.4085446911838213,2.422938677397871,52032000
1995-03-02,2.4469268321990967,2.4469268321990967,2.4229376462923633,2.4277352492014566,26038400
1995-03-03,2.442129373550415,2.451725165616074,2.422937789419098,2.442129373550415,31776000
1995-03-06,2.4685170650482178,2.470916598598518,2.413341849726482,2.427735244104175,45156800
1995-03-07,2.5081005096435547,2.533889793197835,2.4661192012946107,2.470917391413804,91750400
1995-03-08,2.6292476654052734,2.6340458554453234,2.523693927013091,2.523693927013091,140096000
1995-03-09,2.605257987976074,2.6388429692903275,2.566874817513669,2.6292471766747263,58238400
1995-03-10,2.631645679473877,2.6388428163588253,2.552480687823446,2.605257836990956,44324800
1995-03-13,2.6484384536743164,2.674827173136388,2.6196510791778564,2.634045059266403,34550400
1995-03-14,2.7539920806884766,2.7635878719103877,2.6580341684693662,2.66283235692063,78643200
1995-03-15,2.7060141563415527,2.7587913210255137,2.7012165517416507,2.753993130744772,57294400
1995-03-16,2.691620349884033,2.7060137471882757,2.672428763024542,2.6868221603287847,47510400
1995-03-17,2.6844236850738525,2.7539928992707856,2.682024736555324,2.706013928900214,59868800
1995-03-20,2.730003833770752,2.744397232710292,2.6868224655904958,2.6916206556908877,37772800
1995-03-21,2.703615665435791,2.7443975033266055,2.7012167165692467,2.7348017078604285,74772800
1995-03-22,2.722806692123413,2.725205347652448,2.6820245698434024,2.7060137606971493,52464000
1995-03-23,2.7923762798309326,2.811567869383035,2.734801511174625,2.7395997014030673,105286400
1995-03-24,2.835556983947754,2.845152776472652,2.8067696063730594,2.8115672097951605,65683200
1995-03-27,2.8019707202911377,2.8355562786143547,2.787577327924438,2.7923749301531546,61008000
1995-03-28,2.8259613513946533,2.840354748156433,2.797173972190365,2.797173972190365,47603200
1995-03-29,2.7731845378875732,2.8403550976287946,2.765987399360613,2.8259616990960765,65763200
1995-03-30,2.768386125564575,2.7923753113440544,2.7012155854291513,2.7827795198961365,75011200
1995-03-31,2.730003833770752,2.768387011850616,2.706014054630428,2.753993027230258,63080000
1995-04-03,2.6868224143981934,2.739599576092847,2.6676308257239207,2.725205591746739,65617600
1995-04-04,2.6820247173309326,2.744397085525203,2.677226527487873,2.6964181154985387,66689600
1995-04-05,2.7108116149902344,2.710811614990234,2.6388428799689225,2.682024238117846,65792000
1995-04-06,2.6868224143981934,2.7204079874185743,2.66523216998004,2.7108121930814377,35414400
1995-04-07,2.672428846359253,2.7156096252992445,2.6676306566543815,2.6964180378412994,43148800
1995-04-10,2.722806692123413,2.7348011411300974,2.6628329828881037,2.6676305867865513,43169600
1995-04-11,2.768386125564575,2.768985569689755,2.7300029597729045,2.74919454266874,43624000
1995-04-12,2.749195098876953,2.811567463067077,2.7156095291740026,2.768386685655568,40430400
1995-04-13,2.782780408859253,2.782780408859253,2.730003831876469,2.7539930253193297,32814400
1995-04-17,2.9698972702026367,2.9986846399347438,2.897928553032101,2.897928553032101,187913600
1995-04-18,2.945909261703491,2.9746966486256747,2.917121874781307,2.969899043645754,75609600
1995-04-19,2.92192006111145,2.955505052963778,2.897930279204743,2.941111652364462,59163200
1995-04-20,2.8883352279663086,2.9507082084539396,2.840356237468529,2.9363142184640876,83913600
1995-04-21,2.8787384033203125,2.9123239775327967,2.873940798821859,2.9027281828550624,53555200
1995-04-24,2.98429274559021,2.9848927757187833,2.8835371740297266,2.893132970639342,68089600
1995-04-25,3.0706536769866943,3.0754518661973407,2.9794939387915065,2.9794939387915065,69371200
1995-04-26,3.0562613010406494,3.0802504980604812,3.0370697091524224,3.061058906172254,44305600
1995-04-27,3.0178775787353516,3.089845742633305,2.931515430649328,3.0562607556624735,128844800
1995-04-28,3.137824773788452,3.1522187582517405,3.0178776364381674,3.027473430853423,92104000
1995-05-01,3.152219295501709,3.2145916769909277,3.137825308585174,3.14262349945099,65550400
1995-05-02,3.0538597106933594,3.15701474049508,3.051461056162418,3.152217138592942,78099200
1995-05-03,3.1042392253875732,3.1090368288880974,3.080249450842837,3.080249450842837,61566400
1995-05-04,3.128229856491089,3.1954004362316955,3.1090382622794874,3.1282298564910893,66524800
1995-05-05,3.0706536769866943,3.133026622640841,3.0658560734567573,3.1234308299002578,43707200
1995-05-08,3.065855026245117,3.085046605170969,3.037067657856339,3.065855026245117,43988800
1995-05-09,3.063457489013672,3.0850486150521874,3.037069636479688,3.0706546286399923,36748800
1995-05-10,3.0418667793273926,3.085048146322283,3.0274733807829635,3.0754523520657298,38688000
1995-05-11,3.123432159423828,3.128229764995919,3.032271796744511,3.0370699879975604,38673600
1995-05-12,3.099440336227417,3.1570150793152325,3.0850469432957497,3.1234301053542937,36192000
1995-05-15,3.1210312843322754,3.1474200071102914,3.0658560619615063,3.0946434400753198,35232000
1995-05-16,3.25777268409729,3.263170318766162,3.1282291592039435,3.1282291592039435,86708800
1995-05-17,3.3009538650512695,3.3345394443094,3.2673688714740545,3.2721664766932643,66515200
1995-05-18,3.248175621032715,3.3297395535679915,3.248175621032715,3.286558785915343,58326400
1995-05-19,3.276963710784912,3.281761314603317,3.2241865546979955,3.233782348015549,45190400
1995-05-22,3.348931312561035,3.358527104287571,3.2241860201160684,3.2769631674523394,91382400
1995-05-23,3.396911382675171,3.396911382675171,3.30215290837032,3.358528203209915,55516800
1995-05-24,3.3585267066955566,3.4352930314200267,3.3393351255144395,3.4208996383744776,68684800
1995-05-25,3.4256973266601562,3.430495514915943,3.3441333974371155,3.3729207699300576,43440000
1995-05-26,3.3585267066955566,3.425697240829468,3.3393351255144395,3.4232985860221175,52934400
1995-05-30,3.185803174972534,3.392113010770446,3.1714097787693367,3.3777190288865424,99612800
1995-05-31,3.2505741119384766,3.2529727665661787,3.109035918488029,3.195398027334919,119756800
1995-06-01,3.228984832763672,3.286559594248188,3.219389039182919,3.262569817455926,61153600
1995-06-02,3.1906023025512695,3.228985484622979,3.1714107115154153,3.2145914985056487,55556800
1995-06-05,3.2529749870300293,3.2769647709252903,3.1378254299670196,3.1714110102841975,55852800
1995-06-06,3.1906023025512695,3.301553688227304,3.19060230255127,3.257772871176761,49036800
1995-06-07,3.224187135696411,3.2529745208365575,3.15221896568647,3.181006350826616,64590400
1995-06-08,3.228984832763672,3.2481764199251772,3.2097932456021665,3.228984832763672,29320000
1995-06-09,3.25777268409729,3.296155863964823,3.1714105293953407,3.214591313905893,81214400
1995-06-12,3.2145907878875732,3.2529739614742907,3.1953992010942147,3.2481763576163254,45832000
1995-06-13,3.2193894386291504,3.252974427488467,3.2001978490864453,3.2289852334005027,37691200
1995-06-14,3.2169888019561768,3.22898412699101,3.1762069809922124,3.200196752540929,43096000
1995-06-15,3.25777268409729,3.262570288740309,3.219389504229757,3.2241871088727763,43912000
1995-06-16,3.339336395263672,3.3585279837421984,3.257772437070333,3.2625700413495644,92278400
1995-06-19,3.4472877979278564,3.4502867756070454,3.3345378336668716,3.3489312280531447,78982400
1995-06-20,3.5072638988494873,3.5072638988494873,3.4448909290211707,3.4688807130108112,56670400
1995-06-21,3.473677158355713,3.5456459006095304,3.454485571845461,3.526454314099278,57224000
1995-06-22,3.5264546871185303,3.5312522914132014,3.4784757157678077,3.4784757157678077,46296000
1995-06-23,3.497666835784912,3.5384489559701366,3.4640812674978947,3.4832728534674122,46356800
1995-06-26,3.4448890686035156,3.4976662134697847,3.4352932773260685,3.4928680249907513,41048000
1995-06-27,3.3345375061035156,3.473676176118816,3.329739317992346,3.4352930139517572,66004800
1995-06-28,3.372920513153076,3.4161012757648863,3.257771031947518,3.329739164860718,107286400
1995-06-29,3.430497407913208,3.4448908092618664,3.3777202363793233,3.3777202363793233,57643200
1995-06-30,3.4688799381256104,3.492869131075562,3.4400925551771855,3.4400925551771855,53342400
1995-07-03,3.4904699325561523,3.497666777174123,3.46887939870224,3.488070984350162,16763200
1995-07-05,3.480875253677368,3.5312528892845916,3.4688805088088746,3.51685948828285,48547200
1995-07-06,3.5600380897521973,3.5696338797515295,3.4688783775988137,3.478474167598146,47070400
1995-07-07,3.670391798019409,3.670391798019409,3.560039865154003,3.5648380553868106,66699200
1995-07-10,3.7951366901397705,3.8287216751515945,3.6751889763986485,3.6847847700707073,111982400
1995-07-11,3.703974723815918,3.8047308057755167,3.703974723815918,3.799932618215294,78227200
1995-07-12,3.833519458770752,3.838317062258223,3.713571757734831,3.713571757734831,94675200
1995-07-13,3.843116044998169,3.8958926226617954,3.7663496879013847,3.8431160449981685,84811200
1995-07-14,3.977454662322998,3.977454662322998,3.7615491262659733,3.7711449148533864,89905600
1995-07-17,4.183764934539795,4.193360725674061,4.087807023197139,4.1357859788684666,155830400
1995-07-18,3.9102847576141357,4.111796349663831,3.8862949895298504,4.106998161774755,289624000
1995-07-19,3.6272099018096924,3.790338389457218,3.3969108604249496,3.7231678357200013,305092800
1995-07-20,3.6895833015441895,3.7375622743491803,3.6080187549352956,3.655997727740286,177848000
1995-07-21,3.53125262260437,3.6847853453262993,3.5216568274342497,3.608018983965335,169257600
1995-07-24,3.5936245918273926,3.5984221952473745,3.5360498367034348,3.555241421744754,94811200
1995-07-25,3.6991782188415527,3.7471571802682866,3.646401068431804,3.6655926530024976,109422400
1995-07-26,3.684784412384033,3.766348943519347,3.6416036378917624,3.74715735803818,77470400
1995-07-27,3.703974723815918,3.747156069135891,3.69437893437598,3.703974723815918,52916800
1995-07-28,3.555241584777832,3.684784496906852,3.5312518095357333,3.684784496906852,158468800
1995-07-31,3.473677158355713,3.5888266774172286,3.454485571845461,3.5744332803749095,101435200
1995-08-01,3.435293436050415,3.4886700274974274,3.372921082705466,3.4832723946544712,166144000
1995-08-02,3.416102886199951,3.555242201090642,3.3777197077033225,3.4928692431932085,129804800
1995-08-03,3.497666835784912,3.507262628769671,3.3585275446655487,3.3777191306350662,113536000
1995-08-04,3.6032214164733887,3.6032214164733887,3.502465273305005,3.507263463780101,77705600
1995-08-07,3.5936245918273926,3.665592742891992,3.521655855082097,3.6272095728093534,64273600
1995-08-08,3.588826894760132,3.641604053699934,3.5840292906823916,3.6128166721911628,43913600
1995-08-09,3.703974723815918,3.766347648015766,3.6847831449360426,3.751953671015606,144384000
1995-08-10,3.612816572189331,3.727966095037106,3.6032207786186827,3.7231679054114024,71883200
1995-08-11,3.703974723815918,3.7087729113761405,3.5360487014572635,3.6368041977363545,97195200
1995-08-14,3.7903361320495605,3.80952770740171,3.675186679936662,3.7183680173191993,88872000
1995-08-15,3.7759456634521484,3.814328843839561,3.7183708928710293,3.809530653450708,63267200
1995-08-16,3.7903361320495605,3.795134318727798,3.727963804995274,3.7759427433756483,38118400
1995-08-17,3.8047306537628174,3.8671029897901588,3.7861385196255073,3.7951348647062666,74564800
1995-08-18,3.727966785430908,3.828722343741568,3.7231685949166122,3.826323687745071,77502400
1995-08-21,3.6272099018096924,3.771146802675156,3.622412297954551,3.7423594225020635,110491200
1995-08-22,3.811927318572998,3.8143268517748874,3.6224110500674858,3.651198420323596,94320000
1995-08-23,3.7567543983459473,3.857509962741275,3.74236041161467,3.838318370886841,111188800
1995-08-24,3.6895833015441895,3.7663496580321745,3.6655935223012843,3.7663496580321745,95275200
1995-08-25,3.6224114894866943,3.7135712135156322,3.622411489486695,3.6991778194818496,73489600
1995-08-28,3.4568839073181152,3.6224119113269997,3.4496876487236623,3.6224119113269997,112622400
1995-08-29,3.5264546871185303,3.5264546871185307,3.33933640601031,3.4592841272275185,163929600
1995-08-30,3.5792322158813477,3.5984238095321857,3.5120616381034133,3.564838813483698,79499200
1995-08-31,3.550442695617676,3.6080174420330975,3.5120595313407277,3.5840282572003086,38764800
1995-09-01,3.4448890686035156,3.5312511901005394,3.4304956745276547,3.5216553988230923,80262400
1995-09-05,3.6464011669158936,3.6511993560285,3.464081108570099,3.4880708827717366,92052800
1995-09-06,3.588826894760132,3.7039764207952164,3.569635307087618,3.6559974516139313,100265600
1995-09-07,3.6320066452026367,3.7087729617651175,3.579229509725673,3.6176126680069136,93932800
1995-09-08,3.665592908859253,3.670391098177179,3.5792307722630925,3.5984223581733508,64417600
1995-09-11,3.7471566200256348,3.756752410876301,3.6464005232533374,3.6607945023696344,77408000
1995-09-12,3.694380760192871,3.7519555252867858,3.6703915675774716,3.7519555252867858,71155200
1995-09-13,3.6895833015441895,3.7231682896672726,3.651200123300197,3.6895833015441895,61208000
1995-09-14,3.64160418510437,3.703976554450311,3.6368059951727147,3.6895831560169388,54230400
1995-09-15,3.586428165435791,3.660795566138438,3.550443646448967,3.636805789200428,88316800
1995-09-18,3.53125262260437,3.584029788880462,3.4880718371792563,3.579231598454973,76827200
1995-09-19,3.5816280841827393,3.6272083764626672,3.512058904194011,3.531250482905454,58011200
1995-09-20,3.574432849884033,3.63200760248071,3.5552412656851407,3.588826245192867,44652800
1995-09-21,3.4784765243530273,3.5720349545541503,3.4736783332621957,3.5024657227643683,83836800
1995-09-22,3.4448890686035156,3.483272233713304,3.416101694771174,3.449687257082549,99899200
1995-09-25,3.4634809494018555,3.4784749603736227,3.3969104339497456,3.4736767714401355,57878400
1995-09-26,3.387315511703491,3.526454826979317,3.382517907218545,3.468880059075008,76548800
1995-09-27,3.4017093181610107,3.406506922394408,3.2001976410616235,3.377719539951639,140756800
1995-09-28,3.5120599269866943,3.5120599269866943,3.4113044022495442,3.416102005484326,105510400
1995-09-29,3.473677158355713,3.5600392976518496,3.456884227318872,3.516858520844152,95158400
1995-10-02,3.387315511703491,3.4880716483764442,3.382517907218545,3.4736776635599544,67731200
1995-10-03,3.411303997039795,3.425697390715103,3.3489310626318516,3.382516624008576,80736000
1995-10-04,3.3057515621185303,3.382517919605395,3.281761782563471,3.382517919605395,73473600
1995-10-05,3.3585267066955566,3.3585267066955566,3.2625688007899694,3.3009519631522046,101289600
1995-10-06,3.2961552143096924,3.416102334914354,3.2817612318559246,3.3585275764607414,76616000
1995-10-09,3.1906023025512695,3.291357862649067,3.1762083164339394,3.257772871176761,108614400
1995-10-10,3.2145907878875732,3.228984770822967,3.0850478698727772,3.11863285392078,157644800
1995-10-11,3.324941635131836,3.3537290060607674,3.262568705278871,3.296154264202905,107009600
1995-10-12,3.3633265495300293,3.3825181401530795,3.3249433682839284,3.339336768410783,78700800
1995-10-13,3.310549259185791,3.406507208727408,3.300953464231629,3.396911413773246,68644800
1995-10-16,3.3297407627105713,3.3537305423140302,3.2817617891844826,3.2913575838897002,61067200
1995-10-17,3.497666835784912,3.512060232421688,3.329740165711273,3.34893175168079,123140800
1995-10-18,3.670391798019409,3.7855413354367893,3.641604413665064,3.7711473504191995,294329600
1995-10-19,3.713573694229126,3.723169491888633,3.6368073129530716,3.6559989082720854,95840000
1995-10-20,3.665592908859253,3.7183700629528236,3.641603719311792,3.703976080679769,79984000
1995-10-23,3.6991782188415527,3.727965595697593,3.6272094838611104,3.646401068431804,93473600
1995-10-24,3.7423596382141113,3.766349415914849,3.6991788583058782,3.6991788583058782,68681600
1995-10-25,3.679985523223877,3.7519536507952993,3.679985523223877,3.7471560489414397,60211200
1995-10-26,3.761552333831787,3.7663505250572547,3.660796760587485,3.675190162901976,82841600
1995-10-27,3.838317632675171,3.8437152668461203,3.737562087657843,3.7423596918582915,130683200
1995-10-30,3.943870782852173,3.9678605573400447,3.780742307649042,3.809529685626065,125464000
1995-10-31,3.838317632675171,3.9678611456183535,3.828721838593483,3.9534671616554258,91958400
1995-11-01,3.7759456634521484,3.8767012191286803,3.7711474730632952,3.8431162291301204,72819200
1995-11-02,3.838317632675171,3.852711616638098,3.771147074103355,3.7855410580662827,63504000
1995-11-03,3.8191261291503906,3.8431159077266623,3.7903387462673477,3.8383177177390864,40635200
1995-11-06,3.7375614643096924,3.795136219197538,3.718369879347077,3.723167482747384,87729600
1995-11-07,3.569636344909668,3.737563078706913,3.5648387394370906,3.7039774976750857,115921600
1995-11-08,3.655996322631836,3.6655921135048852,3.584028183924263,3.6032197656703615,71280000
1995-11-09,3.799933433532715,3.8005334633417074,3.684783935546875,3.7039755185445147,99814400
1995-11-10,3.718369245529175,3.7999331748768923,3.708173424915376,3.7807415931855948,60819200
1995-11-13,3.696777820587158,3.732762326082467,3.6871820305458147,3.708773143819381,59003200
1995-11-14,3.6080193519592285,3.6847857211498503,3.603221746725273,3.679988115915895,75657600
1995-11-15,3.6080193519592285,3.6320091351717565,3.5264553775346514,3.6224133390229287,108686400
1995-11-16,3.4496891498565674,3.5252554619475363,3.4400933533141025,3.4736783483722586,195126400
1995-11-17,3.353729724884033,3.4784750256467456,3.353729724884033,3.454485251890496,143803200
1995-11-20,3.3009538650512695,3.430497405502751,3.291358068931934,3.3921142210254103,115296000
1995-11-21,3.3777191638946533,3.4065065431323918,3.2337822677059607,3.2961552155614258,130163200
1995-11-22,3.353729724884033,3.4352936671577714,3.3489315358605087,3.3921128943494834,65428800
1995-11-24,3.3777191638946533,3.387314956973899,3.3537299740369027,3.363325767116149,15014400
1995-11-27,3.348931312561035,3.4352934380998583,3.344733153680676,3.4017084598973066,79100800
1995-11-28,3.5120599269866943,3.5120599269866943,3.3201440839819574,3.339335668282431,86537600
1995-11-29,3.4448890686035156,3.5504427726554337,3.4256974860486213,3.526453587302126,91067200
1995-11-30,3.3441340923309326,3.4448896241524145,3.3345382995059953,3.4352938313274777,93512000
1995-12-01,3.310549259185791,3.3729222192282644,3.2961558595949705,3.344134834365779,96124800
1995-12-04,3.372920513153076,3.4400910438563184,3.2721644242579386,3.305749982449834,130436800
1995-12-05,3.3009538650512695,3.3825184249060753,3.2673688714740545,3.3729226287867404,104528000
1995-12-06,3.4784765243530273,3.4928699262636442,3.300953996249158,3.3057521873399898,145272000
1995-12-07,3.473677158355713,3.531251917886471,3.410704765118947,3.4976669343338993,132876800
1995-12-08,3.6272099018096924,3.632008091345582,3.5402477313631,3.5552417442173345,147041600
1995-12-11,3.574432849884033,3.636805205690098,3.569634660993975,3.6272094135906516,61924800
1995-12-12,3.5072638988494873,3.5744344740671705,3.4976681023898184,3.5696362829968677,44739200
1995-12-13,3.521655321121216,3.5360493005601077,3.4736763657925893,3.497666136297206,39577600
1995-12-14,3.4065065383911133,3.588826606643032,3.4017089346985325,3.54084764131358,92822400
1995-12-15,3.3921127319335938,3.4448892945812783,3.348931375512162,3.4209001076543286,115470400
1995-12-18,3.339336395263672,3.4161027491777793,3.27696402554886,3.392113556420021,99460800
1995-12-19,3.488072156906128,3.493469792184084,3.3537310122103388,3.3537310122103388,84340800
1995-12-20,3.3441340923309326,3.5072625703548628,3.3393359030781067,3.497666777529926,84980800
1995-12-21,3.4544849395751953,3.4544849395751953,3.353729421677902,3.3681228160858154,60593600
1995-12-22,3.473677158355713,3.488071141078773,3.420900588292889,3.459283761313394,36057600
1995-12-26,3.464081048965454,3.5024642184830768,3.449687653236689,3.464081048965454,34707200
1995-12-27,3.411303997039795,3.47847453411264,3.3921124150189823,3.468878743102234,40539200
1995-12-28,3.353729724884033,3.3969104976923212,3.3489315358605087,3.387314705325959,49777600
1995-12-29,3.3681235313415527,3.406506705487895,3.310548770122039,3.348931944268381,52342400
1996-01-02,3.4448890686035156,3.4448890686035156,3.353729344308078,3.3729209268629723,57779200
1996-01-03,3.3345375061035156,3.4592827831464565,3.329739317992346,3.4208996209793976,62857600
1996-01-04,3.353729724884033,3.3585273282268715,3.257771801220408,3.3489315358605087,102353600
1996-01-05,3.315347671508789,3.363326649492412,3.3057518759120645,3.310549480869985,62083200
1996-01-08,3.310549259185791,3.3633264242741023,3.305751654549132,3.3201450541399526,11377600
1996-01-09,3.077850580215454,3.3009524516197724,3.065855840202301,3.3009524516197724,177424000
1996-01-10,3.1618142127990723,3.195399196801962,3.0892454396534146,3.0898454695802755,181571200
1996-01-11,3.324941635131836,3.33453742544148,3.190600570796824,3.2049939634210087,116617600
1996-01-12,3.2913568019866943,3.3345381607423166,3.2193886516349104,3.3201441792635458,80544000
1996-01-15,3.166612148284912,3.296155665373336,3.1426229551534615,3.296155665373336,84572800
1996-01-16,3.315347671508789,3.3195452464014723,3.19539993370929,3.2097939199448184,122006400
1996-01-17,3.25777268409729,3.358528238409142,3.248176889130407,3.2529744937734257,143078400
1996-01-18,3.3633265495300293,3.4113055260876552,3.262570405918581,3.281761996541632,121331200
1996-01-19,3.5264546871185303,3.5792312627639244,3.4400925386872294,3.4640817315221897,227440000
1996-01-22,3.53125262260437,3.560040008114732,3.4880718371792563,3.516859222689618,82643200
1996-01-23,3.435293436050415,3.5216555615377163,3.425697644329604,3.507262166796823,66473600
1996-01-24,3.5024642944335938,3.55044325737104,3.4352937463211686,3.4496877280427523,92217600
1996-01-25,3.430497407913208,3.5168595730479066,3.4161034208836334,3.507263776921829,59881600
1996-01-26,3.473677158355713,3.488071141078773,3.4161023988249557,3.420900588292889,50881600
1996-01-29,3.4688799381256104,3.5024649253917035,3.4298967308758823,3.4832733367594204,39587200
1996-01-30,3.485671043395996,3.5072621604091454,3.478474785299141,3.488070577002476,45120000
1996-01-31,3.550442695617676,3.5552408839925977,3.459282973300228,3.483272158133017,68774400
1996-02-01,3.612816572189331,3.617614176134275,3.5312520339984435,3.5408478275690913,78587200
1996-02-02,3.569636344909668,3.6128177225675966,3.536051349558787,3.608019531414073,44686400
1996-02-05,3.727966785430908,3.7327643902643355,3.5600400740053173,3.5600400740053173,126480000
1996-02-06,3.703974723815918,3.742357881575668,3.6703897536163903,3.703974723815918,98158400
1996-02-07,3.718369245529175,3.727965036374824,3.6649920732696604,3.6847836847291076,65555200
1996-02-08,3.7951366901397705,3.8191258814795352,3.6655931827265893,3.7087745470912385,103924800
1996-02-09,3.843116044998169,3.8479136494763053,3.780743087016619,3.790338881653717,122832000
1996-02-12,3.8191261291503906,3.881499084904053,3.8047327305492713,3.8287219234447387,87779200
1996-02-13,3.8239243030548096,3.84791349584938,3.742359759055507,3.7519555533094953,114513600
1996-02-14,3.7903361320495605,3.843113257108172,3.7759427433756483,3.843113257108172,80212800
1996-02-15,3.7807438373565674,3.8047336215508234,3.751956447732025,3.7807438373565674,52195200
1996-02-16,3.7567543983459473,3.80953098310519,3.7567543983459473,3.7903393912507553,62206400
1996-02-20,3.751955032348633,3.7807424111134558,3.7183700499633656,3.732763446505417,64182400
1996-02-21,3.833519458770752,3.843115251426398,3.7423591357017676,3.751954928357413,80046400
1996-02-22,3.934276580810547,3.9390747719202985,3.8383186154249236,3.8383186154249236,106500800
1996-02-23,3.972658634185791,3.977456823927368,3.9102862673107004,3.939073648717844,102640000
1996-02-26,3.8623099327087402,3.963065543516888,3.857511739694404,3.9534697431693893,63696000
1996-02-27,3.843116044998169,3.8695038945693634,3.828122030196878,3.867105238750501,60958400
1996-02-28,3.843116044998169,3.915084211935991,3.8335202503610706,3.867105238750501,60051200
1996-02-29,3.78794002532959,3.8431158415723075,3.7831415425842114,3.7999344751506534,61723200
1996-03-01,3.665592908859253,3.785540613638726,3.632007926356663,3.775944820683597,157652800
1996-03-04,3.694380760192871,3.737562126853706,3.6655933776459135,3.684784966010552,72564800
1996-03-05,3.7663493156433105,3.7717469495931875,3.6751889827605635,3.6847847764492334,57369600
1996-03-06,3.7231698036193848,3.795138584931938,3.7231698036193843,3.7711487959340673,44256000
1996-03-07,3.735163688659668,3.7471590205882293,3.708775832595935,3.727967426592082,44291200
1996-03-08,3.651200294494629,3.742360054257924,3.6368063091378287,3.665593694170582,108524800
1996-03-11,3.703974723815918,3.7087729113761405,3.651198174736515,3.651198174736515,74592000
1996-03-12,3.6751887798309326,3.708774348727196,3.6368056071956225,3.6943803661485872,76888000
1996-03-13,3.8719046115875244,3.8767022175310957,3.751956849145194,3.7705484140929753,156710400
1996-03-14,3.8239243030548096,3.910286451340706,3.8239243030548096,3.8814990685787407,60640000
1996-03-15,3.9294798374176025,3.95826723334857,3.8239260523373884,3.838319457462337,121721600
1996-03-18,4.039827346801758,4.063817113197842,3.9294760612851936,3.9294760612851936,119472000
1996-03-19,4.102204322814941,4.10940058630925,4.020639739319937,4.083012725013892,92491200
1996-03-20,4.015839099884033,4.092605433113064,3.981653506437337,4.078211452792299,92944000
1996-03-21,3.8671045303344727,4.006243819923839,3.857508737455231,4.001445630643858,66313600
1996-03-22,3.881497859954834,3.8934925990373883,3.8287207151512863,3.881497859954834,48046400
1996-03-25,3.833519458770752,3.929477385327208,3.7927367543035544,3.8958918181920965,63379200
1996-03-26,3.943870782852173,3.948668972022029,3.7903381003080496,3.814327874795921,79899200
1996-03-27,3.934276580810547,3.9918513600419208,3.8814999926889246,3.963063970426234,52729600
1996-03-28,3.924679756164551,3.9726587262888122,3.88149897589311,3.9102863579676668,54955200
1996-03-29,3.958266258239746,3.9966494433587694,3.919883073120723,3.9294788694004783,53508800
1996-04-01,3.943870782852173,3.972658160829196,3.919881594045006,3.958864208881873,31692800
1996-04-02,4.015839099884033,4.030232494524155,3.9390727666550016,3.9438703696414943,54396800
1996-04-03,4.011041164398193,4.035030937886848,3.967860392071567,3.9966477688495448,46072000
1996-04-04,4.006243705749512,4.0254352909610525,3.972658138788965,4.015839498355282,28961600
1996-04-08,3.982252836227417,3.9870510240510937,3.9102847043165894,3.934273886393352,73753600
1996-04-09,3.900688409805298,3.991848109858468,3.895890222602255,3.991848109858468,66942400
1996-04-10,3.900688409805298,3.9534649549559826,3.8862944338766336,3.895890222602255,51910400
1996-04-11,3.881497859954834,3.929476816285051,3.823923112358574,3.8958912540135895,62465600
1996-04-12,3.881497859954834,3.9006894424869207,3.857508088949416,3.881497859954834,33737600
1996-04-15,3.9732584953308105,3.977456654940989,3.8767005314563288,3.8767005314563288,50102400
1996-04-16,4.039827346801758,4.04942313622409,3.991848399690098,4.00144418911243,80116800
1996-04-17,4.066218376159668,4.0686170320409705,4.003845123714049,4.039829647380303,62630400
1996-04-18,4.183764934539795,4.193360725674061,4.049423858660076,4.068615440928608,133958400
1996-04-19,4.212553024291992,4.303713348409737,4.202957231525951,4.284521762877655,169492800
1996-04-22,4.327702045440674,4.351691817468582,4.231744128690326,4.241339920365361,92758400
1996-04-23,4.322906970977783,4.346896171356698,4.274927984538968,4.327704576781171,57139200
1996-04-24,4.279723644256592,4.342096591105176,4.27012785133225,4.337298401802645,69251200
1996-04-25,4.327702045440674,4.3660852121408125,4.231744128690326,4.2797230870655,63896000
1996-04-26,4.356490135192871,4.370884117907226,4.313309358411286,4.327702755444901,54296000
1996-04-29,4.322906970977783,4.356491968644461,4.298917184917881,4.351694362841072,34267200
1996-04-30,4.346893787384033,4.346893787384033,4.29411722408615,4.32290460016154,28441600
1996-05-01,4.418862819671631,4.423660423168771,4.322904892921766,4.332500685596752,65014400
1996-05-02,4.284523010253906,4.423661753029356,4.265331419134474,4.418864148089939,87340800
1996-05-03,4.255733489990234,4.394872163009409,4.226946117743448,4.318105837017979,75300800
1996-05-06,4.289318084716797,4.3133078523038035,4.207754163418155,4.260530715020711,75852800
1996-05-07,4.342097282409668,4.356490681247391,4.284522515697147,4.284522515697147,47366400
1996-05-08,4.385277271270752,4.39007546046917,4.250936173244952,4.332500704172398,77851200
1996-05-09,4.356490135192871,4.418863084153844,4.346894341943548,4.385277514940841,47776000
1996-05-10,4.40926456451416,4.419459795697157,4.380477202566343,4.390072989882283,43913600
1996-05-13,4.553203105926514,4.5627988968919215,4.414063844087793,4.414063844087793,95606400
1996-05-14,4.567596912384033,4.605980079714992,4.538209507055941,4.577192704216773,76832000
1996-05-15,4.514822483062744,4.596386459333627,4.5052266866967035,4.567599070235504,56323200
1996-05-16,4.495628833770752,4.5052246257471245,4.438054081912519,4.4524474770367455,67092800
1996-05-17,4.490832805633545,4.529215992006481,4.466843606990932,4.5244183865503365,35392000
1996-05-20,4.481235980987549,4.524417348591218,4.476438376632036,4.505225759807545,38457600
1996-05-21,4.418862819671631,4.486033368396536,4.418862819671631,4.48123517921869,42113600
1996-05-22,4.486032485961914,4.500425879302758,4.399670368875081,4.414063762215925,45646400
1996-05-23,4.548408031463623,4.572397818140957,4.486035640328357,4.486035640328357,51976000
1996-05-24,4.548408031463623,4.56759962653309,4.53881223392889,4.548408031463623,26443200
1996-05-28,4.500425815582275,4.572993982384708,4.4956282130967855,4.558000559491644,43376000
1996-05-29,4.495628833770752,4.538809604824096,4.476437249818008,4.5052246257471245,33569600
1996-05-30,4.538809776306152,4.538809776306152,4.476437418943556,4.500426606950498,33824000
1996-05-31,4.558002471923828,4.581992251458578,4.529215087890625,4.550805333075114,40259200
1996-06-03,4.543607234954834,4.586788000698521,4.534011444158394,4.5580006283092,31684800
1996-06-04,4.524417400360107,4.5628005783666366,4.462044443259088,4.553204783865004,65852800
1996-06-05,4.639566898345947,4.6539602971462,4.52441736522068,4.529214969593827,50968000
1996-06-06,4.598785877227783,4.721132593998126,4.5963872205794765,4.6731536042217225,88136000
1996-06-07,4.653960704803467,4.653960704803467,4.5148219662631766,4.5148219662631766,70198400
1996-06-10,4.629969596862793,4.653958782281666,4.605379795966508,4.644362990977993,45819200
1996-06-11,4.687544345855713,4.730725113892719,4.62996959801929,4.634767200832014,65259200
1996-06-12,4.797896862030029,4.812290845456504,4.711534718513489,4.716332908215904,88844800
1996-06-13,4.783502578735352,4.831481538473516,4.749917014078306,4.802694162630617,62577600
1996-06-14,4.721131801605225,4.797898172363033,4.716334196273326,4.788302376018307,55944000
1996-06-17,4.783502578735352,4.79789597381647,4.697140451206654,4.725927827049554,57499200
1996-06-18,4.697140693664551,4.778704636589283,4.68274671215978,4.778704636589283,74585600
1996-06-19,4.67315149307251,4.725928650824388,4.658758095482483,4.701938873933326,73409600
1996-06-20,4.67315149307251,4.701338843991677,4.567597763249517,4.6827472866927815,102228800
1996-06-21,4.754715442657471,4.7643112350889885,4.663555121717705,4.697140688068363,56806400
1996-06-24,4.764311790466309,4.802694964666719,4.7211304266504674,4.759513600850878,48102400
1996-06-25,4.6827473640441895,4.769109508053201,4.6587581724376275,4.769109508053201,41145600
1996-06-26,4.625173568725586,4.682748343440013,4.56759879401116,4.677950738387591,71457600
1996-06-27,4.603581428527832,4.64436325101147,4.567596916284007,4.625171667329604,77582400
1996-06-28,4.610779762268066,4.644364751723163,4.572396582501759,4.625173161840009,52000000
1996-07-01,4.694742202758789,4.701939341530113,4.610779585912287,4.615577190359152,47862400
1996-07-02,4.668354034423828,4.706737210099745,4.653960050704969,4.697141416180766,38548800
1996-07-03,4.6491618156433105,4.716332363960381,4.629970230409862,4.668353400876759,44243200
1996-07-05,4.543607234954834,4.610777770529917,4.543607234954834,4.610777770529917,35331200
1996-07-08,4.617974758148193,4.634767687537584,4.534012161083631,4.548405556713903,64432000
1996-07-09,4.605980396270752,4.658757547818368,4.605980396270752,4.639565962833906,35571200
1996-07-10,4.586789608001709,4.605981196319708,4.534013032967611,4.605981196319708,77980800
1996-07-11,4.394873142242432,4.54360822483117,4.366085763581455,4.538810035547315,140915200
1996-07-12,4.313308238983154,4.421260885021212,4.240739485688093,4.421260885021212,139478400
1996-07-15,4.246138095855713,4.366085198580798,4.217350720920015,4.31330863737234,111832000
1996-07-16,4.428460121154785,4.4380559170991285,4.126192256067526,4.2317460114553,182100800
1996-07-17,4.495628833770752,4.534012001676241,4.438054081912519,4.519618020871352,126208000
1996-07-18,4.601183891296387,4.605981495847478,4.447651174768138,4.500427753234306,98537600
1996-07-19,4.643763065338135,4.668352866785955,4.519617805402662,4.519617805402662,99208000
1996-07-22,4.596385955810547,4.663556523014459,4.524417783789646,4.644964962432381,144475200
1996-07-23,4.303711891174316,4.60597896811672,4.231743176957236,4.60597896811672,257678400
1996-07-24,4.404469013214111,4.442852185442557,4.202957359014773,4.202957359014773,192225600
1996-07-25,4.548408031463623,4.558003828998356,4.418865057585223,4.452450056116289,100920000
1996-07-26,4.5723958015441895,4.5867891986577645,4.538810232144608,4.5867891986577645,59304000
1996-07-29,4.486032485961914,4.601181975411025,4.481234297727906,4.577192205602166,56748800
1996-07-30,4.553203105926514,4.558000708568917,4.457245196272431,4.524415733030288,66976000
1996-07-31,4.524417400360107,4.591587961871534,4.514821605858475,4.567598182777044,56320000
1996-08-01,4.629969596862793,4.639565388166467,4.505224309915037,4.524415892522384,96025600
1996-08-02,4.735523223876953,4.754714806170921,4.629969521260128,4.687544268142033,109289600
1996-08-05,4.67315149307251,4.749917842034686,4.653959905831965,4.740322048414415,55072000
1996-08-06,4.759514331817627,4.764312522169964,4.639567186860228,4.668354571931705,67388800
1996-08-07,4.788301467895508,4.802695452523178,4.716333301799612,4.773908068948655,76790400
1996-08-08,4.807492733001709,4.831482510537716,4.749917969732228,4.764311953389988,54379200
1996-08-09,4.778703689575195,4.817086851740458,4.754714506062194,4.788299480116511,44313600
1996-08-12,4.807492733001709,4.841078304415963,4.7595137636104745,4.769109557488721,66187200
1996-08-13,4.740321159362793,4.831481474498558,4.735523556292833,4.797895910286227,72508800
1996-08-14,4.793097972869873,4.802693764021083,4.74991661984912,4.754714808265032,52032000
1996-08-15,4.802695274353027,4.82668446693477,4.773907891846458,4.788301290259345,35556800
1996-08-16,4.769109725952148,4.807492902820978,4.749918137517733,4.802695298552774,47598400
1996-08-19,4.740321159362793,4.76431093175455,4.69234220025993,4.754715139933978,43131200
1996-08-20,4.735523223876953,4.764310597317905,4.730725035463155,4.7499166177571235,25678400
1996-08-21,4.740321159362793,4.740321159362793,4.673150616618785,4.701937992080503,49345600
1996-08-22,4.797896862030029,4.802695051732444,4.7403220996856685,4.764311876836204,50236800
1996-08-23,4.730726718902588,4.797897280834268,4.730726718902588,4.793099676393844,44006400
1996-08-26,4.71633243560791,4.749917417436297,4.711534246386306,4.735524021132906,31944000
1996-08-27,4.788301467895508,4.788301467895508,4.721130906221623,4.725929096324452,28038400
1996-08-28,4.82188606262207,4.8266836660700605,4.79309868489203,4.797896288340021,32070400
1996-08-29,4.764311790466309,4.807492568601391,4.7451202033661035,4.807492568601391,34182400
1996-08-30,4.701937675476074,4.769108213697161,4.701937675476074,4.769108213697161,28088000
1996-09-03,4.735523223876953,4.735523223876953,4.629969521260128,4.6827460797282345,48524800
1996-09-04,4.735523223876953,4.7451190150239375,4.718730589369731,4.735523223876953,27126400
1996-09-05,4.663556098937988,4.711535071149285,4.663556098937988,4.711535071149285,40372800
1996-09-06,4.701937675476074,4.711533466650515,4.668352699205838,4.682746093127192,41921600
1996-09-09,4.793097972869873,4.797895575605172,4.692341872941858,4.701937664093069,41747200
1996-09-10,4.773907661437988,4.80269504255516,4.745120280320817,4.788301059156191,38904000
1996-09-11,4.802695274353027,4.817088672765914,4.745120509339889,4.757115252050959,36387200
1996-09-12,4.93703556060791,4.970620246865528,4.805093128010048,4.817087575147674,95944000
1996-09-13,5.028194904327393,5.042589177711272,4.946631259689757,4.9754186350962115,80137600
1996-09-16,5.0473856925964355,5.1097589151626925,5.028194112016221,5.032992592841834,62409600
1996-09-17,5.138546943664551,5.1673343182190825,5.076173713115764,5.100163777591842,75624000
1996-09-18,5.239302158355713,5.292079597279856,5.114556868871053,5.143344243367513,86049600
1996-09-19,5.287282943725586,5.306474533357984,5.210516585195995,5.239303969644592,75912000
1996-09-20,5.301677227020264,5.320868816672172,5.21531507358668,5.258495564622636,104849600
1996-09-23,5.287282943725586,5.301677221630721,5.229708174828393,5.282485631998322,46385600
1996-09-24,5.253697395324707,5.311272154882449,5.224910015545836,5.2776862927930255,72520000
1996-09-25,5.205722332000732,5.29208453608714,5.196126531546687,5.277690249724892,44067200
1996-09-26,5.0665812492370605,5.224912498956738,5.056985451416536,5.210518216544932,92604800
1996-09-27,5.15773868560791,5.191323371275621,5.03779070225453,5.085769661323621,98372800
1996-09-30,5.061782360076904,5.176931898072644,5.056983876979578,5.124154440810426,89574400
1996-10-01,5.071378707885742,5.138549279040774,5.0233997284892915,5.056984428385906,69124800
1996-10-02,5.172131538391113,5.210514703796614,5.080972106233676,5.1001636889364255,68760000
1996-10-03,5.143343925476074,5.186525570232496,5.128950824798062,5.172131298193291,58294400
1996-10-04,5.234504222869873,5.244100013222191,5.152939419194609,5.167333690403649,45166400
1996-10-07,5.277686595916748,5.301676666124417,5.215314521827597,5.2345061094491125,42432000
1996-10-08,5.1961236000061035,5.287283067208153,5.181729321764796,5.287283067208153,48465600
1996-10-09,5.162537574768066,5.224910826315055,5.114558601024869,5.2201123432599035,64955200
1996-10-10,5.133749961853027,5.224910593585429,5.119356856052002,5.133749961853027,51739200
1996-10-11,5.2632927894592285,5.268090100044511,5.152940589661024,5.167334864139657,36523200
1996-10-14,5.2441020011901855,5.301676765129904,5.234506207200232,5.272889383160044,36091200
1996-10-15,5.33046293258667,5.340058724390281,5.272888181765002,5.3256644510042115,61206400
1996-10-16,5.296876907348633,5.332861125469208,5.258493741353353,5.325664281845093,36427200
1996-10-17,5.200919151306152,5.335260236395242,5.200919151306152,5.306472861019008,49097600
1996-10-18,5.172131538391113,5.181727329742489,5.126551529472082,5.143344164336988,69646400
1996-10-21,5.143343925476074,5.220110252721986,5.124152343664596,5.172131298193291,71401600
1996-10-22,5.085770606994629,5.119356470268752,5.037791639004114,5.109760676670649,113806400
1996-10-23,5.162537574768066,5.172133369516706,5.056983832533032,5.090569699834101,67443200
1996-10-24,5.2441020011901855,5.272889383160044,5.138548267300701,5.176931443260513,81417600
1996-10-25,5.236902713775635,5.29207909534116,5.224908561220355,5.244100142397728,53084800
1996-10-28,5.2441020011901855,5.282485177149998,5.22970772452447,5.246500364006888,51240000
1996-10-29,5.1961236000061035,5.272889960328545,5.176932009925493,5.2536983702479345,66756800
1996-10-30,5.229707717895508,5.2584950998288775,5.176931436698448,5.196123024654027,60526400
1996-10-31,5.268090724945068,5.272889207460939,5.224910239109891,5.234506032780101,37028800
1996-11-01,5.27288818359375,5.325664452851263,5.239302326588811,5.268089702009628,56531200
1996-11-04,5.296876907348633,5.311271180277496,5.248897949854532,5.268089532852173,36006400
1996-11-05,5.431220054626465,5.431220054626465,5.308873666470126,5.3160705128322645,86417600
1996-11-06,5.5463690757751465,5.5463690757751465,5.412027956292703,5.426422233346623,71438400
1996-11-07,5.507984161376953,5.608740554887636,5.493591060224704,5.555963117486509,76742400
1996-11-08,5.507984161376953,5.507984161376953,5.431217831601665,5.503186851446615,67369600
1996-11-11,5.512783050537109,5.555963528549841,5.4887929850267865,5.503187258605244,38593600
1996-11-12,5.44081449508667,5.59914566131223,5.431218702326376,5.527176629929315,81156800
1996-11-13,5.565560817718506,5.59434820125843,5.4935929445495155,5.512784533576131,90409600
1996-11-14,5.74308443069458,5.74308443069458,5.5751574167969045,5.5751574167969045,114969600
1996-11-15,5.719091415405273,5.791060433326713,5.656719359810482,5.78626195216339,104041600
1996-11-18,5.771871089935303,5.824647375033194,5.704700527126024,5.733487911187144,98585600
1996-11-19,5.982977867126465,5.982977867126465,5.767071926461699,5.776667720016544,104739200
1996-11-20,5.882218360900879,6.064538342723256,5.882218360900879,5.987772034587518,123857600
1996-11-21,5.771871089935303,5.93499959961498,5.757476812223915,5.9302011165906325,130718400
1996-11-22,5.776670455932617,5.853436840729064,5.7334899501656515,5.7862662540321725,94424000
1996-11-25,5.891818523406982,5.896617006908232,5.776668975718246,5.800659050500952,75129600
1996-11-26,5.901413917541504,5.963787170643521,5.848637630789052,5.911009712529376,108238400
1996-11-27,5.96858549118042,5.978181287790035,5.901414914913116,5.9158091955084835,44446400
1996-11-29,6.021359920501709,6.030955712270348,5.968582480093544,5.968582480093544,17152000
1996-12-02,6.054945945739746,6.054945945739747,5.958988006821525,6.0453501518479245,64502400
1996-12-03,5.937394618988037,6.122113562689887,5.934996257347732,6.078933096595927,77563200
1996-12-04,5.882218360900879,5.958984669036616,5.839037898254978,5.954187360458585,102542400
1996-12-05,5.872628211975098,5.963788876109974,5.829447707862178,5.88702249425409,74950400
1996-12-06,5.867826461791992,5.930198514205819,5.690903489209043,5.719091123732473,110238400
1996-12-09,6.275649547576904,6.285245341992159,5.987775715119247,6.016563098365014,94718400
1996-12-10,6.285243511199951,6.4915536167138725,6.275647719579799,6.477159343603003,125725600
1996-12-11,6.400394439697266,6.4195860272225955,6.150903801867988,6.218074358206639,113558400
1996-12-12,6.218075275421143,6.5443323114771905,6.2180752754211435,6.525140721120953,78272800
1996-12-13,6.141307353973389,6.294840037822723,6.082533123437315,6.2276694886386395,74532000
1996-12-16,5.891818523406982,6.198883983910277,5.872626932125526,6.160500801347365,64883200
1996-12-17,6.131709098815918,6.15090067658999,5.863027009978914,5.882218587752986,68944800
1996-12-18,6.342820167541504,6.352415962046105,6.141308482944875,6.24686222249549,61796800
1996-12-19,6.515544891357422,6.534736481611787,6.371607964449673,6.448374325467139,94609600
1996-12-20,6.419588565826416,6.573121326743042,6.400396970711838,6.563525529185752,90414400
1996-12-23,6.4291815757751465,6.5059479229485815,6.362011021998391,6.4579689559651845,36892800
1996-12-24,6.515544891357422,6.534736481611787,6.381203759576856,6.457970120594322,16246400
1996-12-26,6.563523292541504,6.611502263978211,6.53473590967948,6.5443317039668205,27905600
1996-12-27,6.467563629150391,6.582713129966124,6.4495715196479315,6.563521546496835,19079200
1996-12-30,6.409987926483154,6.573116361737965,6.409987926483154,6.553924781119751,27279200
1996-12-31,6.342820167541504,6.467565496101321,6.333224373036902,6.448373907092119,34367200
1997-01-02,6.266054153442383,6.381203693781293,6.198883588244684,6.381203693781293,54480800
1997-01-03,6.496350288391113,6.505946079068204,6.294838684172186,6.31403026552637,44131200
1997-01-06,6.4771599769592285,6.544330524868436,6.381202051374648,6.496351562076145,55948000
1997-01-07,6.525137901306152,6.534733692337484,6.400392617898828,6.486754737180822,36880800
1997-01-08,6.400394439697266,6.543131871916901,6.381202852171937,6.525139758611905,50593600
1997-01-09,6.323627948760986,6.429181677799486,6.314032155212033,6.429181677799486,47763200
1997-01-10,6.467563629150391,6.477159420885035,6.266052002722856,6.294839377926789,66556800
1997-01-13,6.4291815757751465,6.563522683328657,6.4099899889817875,6.534735303138619,50361600
1997-01-14,6.553926467895508,6.649884395683143,6.467564332886636,6.467564332886636,63728000
1997-01-15,6.496350288391113,6.621095567193305,6.47715870703693,6.573116613807847,53058400
1997-01-16,6.601907730102539,6.688269895176554,6.525141361147858,6.525141361147858,58688000
1997-01-17,6.688267230987549,6.736246192472395,6.5635219311269495,6.573117723423919,65368800
1997-01-20,6.966547012329102,7.129675523637084,6.649885784495961,6.678673168844428,146220800
1997-01-21,7.292802333831787,7.297600815784742,6.88018325441762,6.956949594773745,114592000
1997-01-22,7.475122928619385,7.561485067717683,7.264015477490211,7.302398650422788,129236800
1997-01-23,7.273610591888428,7.657442285391776,7.254419007213261,7.532696985003188,105048000
1997-01-24,7.364772319793701,7.503910744073368,7.244824311733239,7.30239907447549,89817600
1997-01-27,7.379166603088379,7.476324030729822,7.33118762647532,7.407953989056214,53263200
1997-01-28,7.340782642364502,7.580677499958114,7.273612082238291,7.55189011704688,64656800
1997-01-29,7.4655280113220215,7.475123805681047,7.350378479013712,7.427144833885918,48933600
1997-01-30,7.762995719909668,7.772591511899668,7.523100920159679,7.542292504139678,79937600
1997-01-31,7.830169200897217,7.926127156790566,7.743807040593204,7.820573405307882,86516000
1997-02-03,7.858959674835205,7.936925544625236,7.763001681247473,7.878151273552751,60804800
1997-02-04,7.916532516479492,7.926128313469165,7.715020779696378,7.85895773454146,56464000
1997-02-05,7.5518903732299805,7.945317953029763,7.436740837678824,7.916530569141974,110099200
1997-02-06,7.455933570861816,7.551891531876769,7.369571405948358,7.542295735775273,102122400
1997-02-07,7.705419540405273,7.715015330617484,7.484716365524425,7.551886897009901,62448000
1997-02-10,7.503910064697266,7.791783852345498,7.494314271775657,7.734209094815851,66804800
1997-02-11,7.561487674713135,7.571083471254649,7.302401168092254,7.542296081630107,88834400
1997-02-12,7.6670379638671875,7.676633756062265,7.484717912160709,7.551888457526253,72001600
1997-02-13,7.676635265350342,7.762997412085533,7.6286562949419015,7.715018441677093,58292000
1997-02-14,7.513508319854736,7.715020037245476,7.494316727722285,7.628657872649444,57395200
1997-02-18,7.475122928619385,7.513506101551962,7.388760789521086,7.494314515085673,52545600
1997-02-19,7.484719276428223,7.532698246148916,7.407952924875112,7.475123482484084,56383200
1997-02-20,7.311992645263672,7.484716880978562,7.302396854390622,7.436737926613315,75395200
1997-02-21,7.292802333831787,7.321589711465334,7.216035993475663,7.283206541287272,61131200
1997-02-24,7.686232089996338,7.695827885364623,7.21603811695037,7.23522970768694,68599200
1997-02-25,7.638252258300781,7.7546012641197475,7.590273286829043,7.676635435478173,63941600
1997-02-26,7.695828914642334,7.7054247112940075,7.551891964867227,7.638254134732291,48849600
1997-02-27,7.379166603088379,7.695827848734564,7.369570807765767,7.695827848734564,56628800
1997-02-28,7.484719276428223,7.551889834037193,7.326389262030715,7.379165543042696,78412000
1997-03-03,7.638252258300781,7.68623122977252,7.4175489895307845,7.446336372413827,53874400
1997-03-04,7.609460830688477,7.686227144238928,7.571077673913251,7.619056619882283,63920800
1997-03-05,7.743808269500732,7.753404066612877,7.619062907042851,7.638254501267141,46393600
1997-03-06,7.503910064697266,7.7438048877374595,7.502710590582065,7.734209094815851,57018400
1997-03-07,7.427147388458252,7.638254936967401,7.407955793139238,7.5518927580318405,46032000
1997-03-10,7.676635265350342,7.686231059432029,7.364772543376275,7.455932001471519,45997600
1997-03-11,7.5518903732299805,7.719817364922907,7.5518903732299805,7.64784831952261,47577600
1997-03-12,7.580672264099121,7.63824699015557,7.5039059626905225,7.5039059626905225,43234400
1997-03-13,7.647847652435303,7.686230827604364,7.523102333135856,7.542293920720387,45505600
1997-03-14,7.59986686706543,7.695824782053629,7.590271075566609,7.657441616058349,61327200
1997-03-17,7.715015888214111,7.734207470025589,7.523100070099332,7.561483233722288,83958400
1997-03-18,7.647847652435303,7.739008279142595,7.590272889681713,7.724614002773424,59012000
1997-03-19,7.427147388458252,7.542296960372333,7.288008908076413,7.503913769734306,111560000
1997-03-20,7.369568824768066,7.503909923136234,7.321589861065149,7.4175477884709835,81410400
1997-03-21,7.216038703918457,7.4559336076391505,7.129676538579007,7.407954626895012,85829600
1997-03-24,6.918565273284912,7.1776516288725585,6.726649454331101,7.148864256029486,186269600
1997-03-25,6.932959079742432,7.014522711639069,6.822606905575073,6.95694796981987,89701600
1997-03-26,7.235225677490234,7.264013047559824,6.9569477668175335,6.96654355684073,81270400
1997-03-27,7.1968464851379395,7.379166596094767,6.98573898824056,7.30240023358663,93919200
1997-03-31,7.038514614105225,7.254419366719741,7.004928753578586,7.148865645775406,93825600
1997-04-01,7.158464431762695,7.196847619064371,6.889782120650958,6.918569511127216,86680800
1997-04-02,7.06250524520874,7.187250582420308,6.985738883847776,7.129675811399585,63331200
1997-04-03,7.302399635314941,7.321591224369646,6.956951032330267,6.985738415912323,92252800
1997-04-04,7.230431079864502,7.427144263434921,7.196845216506707,7.196845216506707,94964000
1997-04-07,7.3599700927734375,7.4943111374915965,7.292799570414357,7.340778514956557,76511200
1997-04-08,7.542291641235352,7.542291641235351,7.3311842416078985,7.417546359637311,53339200
1997-04-09,7.523104667663574,7.619062635363365,7.503913074123616,7.609466838593386,73762400
1997-04-10,7.427147388458252,7.503913769734306,7.331189411863185,7.503913769734306,67913600
1997-04-11,7.292802333831787,7.465526599633066,7.288005023240227,7.3311855040098495,60033600
1997-04-14,7.475122928619385,7.475122928619385,7.168057545158768,7.273611270723355,59107200
1997-04-15,7.455933570861816,7.5998705123842445,7.359975609846863,7.513508347470787,84440000
1997-04-16,7.542291641235352,7.561483223019665,7.38875898696084,7.417546359637311,42710400
1997-04-17,7.532697677612305,7.676634575910629,7.484718711512864,7.56148505727197,71720800
1997-04-18,8.26197624206543,8.26197624206543,7.906931966854721,7.983698296630009,231764000
1997-04-21,8.26197624206543,8.588233143610406,8.146826747402498,8.213997285955875,155695200
1997-04-22,8.492276191711426,8.506670465852636,8.252381384035962,8.261977176342981,82300000
1997-04-23,8.837724685668945,8.885703647046084,8.473084579202691,8.492276163753546,102814400
1997-04-24,8.760958671569824,9.048832450482305,8.655404952635248,8.952874524178146,118163200
1997-04-25,8.722577095031738,8.856918216407365,8.693789711879818,8.712981300647765,58566400
1997-04-28,8.81852912902832,8.832923396638598,8.56903864224406,8.732167037449154,67224000
1997-04-29,9.135193824768066,9.144789616600807,8.943277988113275,9.010448530942453,73953600
1997-04-30,9.327112197875977,9.41347434785631,9.087217336819496,9.106408925704015,90204000
1997-05-01,9.288727760314941,9.461452036849725,9.154386656343444,9.365494105441512,72325600
1997-05-02,9.269536018371582,9.480643463924558,9.130397605846934,9.365493948168389,96192000
1997-05-05,9.226354598999023,9.26953507734325,8.866511813110934,9.183172949293468,111063200
1997-05-06,9.005651473999023,9.19276883431964,8.933682447548627,9.16398145801175,74770400
1997-05-07,8.866510391235352,9.13519252430309,8.837723019835238,8.933680924502287,70532800
1997-05-08,8.933684349060059,9.068025467091038,8.83772640760936,8.84732220175443,53834400
1997-05-09,8.962471961975098,9.096813083460807,8.885705606840409,9.058429905893462,58392000
1997-05-12,9.068022727966309,9.096810101705884,8.981660606747582,9.020043771733683,42976000
1997-05-13,9.039234161376953,9.154383641139717,8.97206363151534,9.087213111278103,49813600
1997-05-14,8.89530086517334,9.106408329071737,8.876109277546213,9.08721674144461,60744800
1997-05-15,8.991257667541504,9.048832423150095,8.895299741527188,8.90489553412862,41861600
1997-05-16,8.861714363098145,8.981661175595853,8.818532714073278,8.933682216324508,59913600
1997-05-19,8.837724685668945,8.991257362075789,8.837724685668945,8.914491023872367,45632000
1997-05-20,9.144791603088379,9.154387397005577,8.847321991655285,8.895300961241267,64876800
1997-05-21,9.240750312805176,9.437464690191618,9.19277133921844,9.25994190223987,76620000
1997-05-22,9.259939193725586,9.336705529010358,9.192768650351411,9.288726569457376,33655200
1997-05-23,9.432663917541504,9.442259709929644,9.279131239331265,9.317514408883826,28904800
1997-05-27,9.720534324645996,9.778109059046663,9.394277496375548,9.423064863575883,69036000
1997-05-28,9.662964820861816,9.768518557733197,9.586198466773538,9.768518557733197,52241600
1997-05-29,9.662964820861816,9.907657574518197,9.595794261034573,9.768518557733197,51111200
1997-05-30,9.519028663635254,9.64377399894499,9.020047322396309,9.020047322396309,83337600
1997-06-02,9.547815322875977,9.634177471525106,9.4518573799325,9.595794294347716,38939200
1997-06-03,9.269536018371582,9.480643463924558,9.259940225391901,9.471047670944877,41995200
1997-06-04,9.149589538574219,9.384685889805786,9.077620502818275,9.259940576342109,54639200
1997-06-05,9.255138397216797,9.327106223756703,9.173573611019966,9.232347814333249,35892000
1997-06-06,9.523825645446777,9.543017232468976,9.288728118744089,9.317515499277386,35964000
1997-06-09,9.605389595031738,9.682155945441583,9.403877925205897,9.586198007429276,48200000
1997-06-10,9.581402778625488,9.754127104587434,9.499837927907002,9.605391682661525,53135200
1997-06-11,9.7493257522583,9.778113131448041,9.485442028699756,9.581399959332218,49056800
1997-06-12,9.7493257522583,9.835687889827518,9.624580442436098,9.730134166131808,44614400
1997-06-13,9.950841903686523,9.98442719458614,9.715745453070198,9.73013856348904,50116000
1997-06-16,10.085180282592773,10.085180282592773,9.893264387586251,9.950839156088207,40612800
1997-06-17,10.301082611083984,10.358657362519946,10.046794125575158,10.094773085105125,53191200
1997-06-18,9.9940185546875,10.24830707288166,9.984422761548098,10.229115486602856,55657600
1997-06-19,9.926850318908691,10.03720196575978,9.82609446743596,9.854881853571026,65519200
1997-06-20,9.970029830932617,10.085179357372649,9.86447609836259,9.931646655452608,64240000
1997-06-23,9.830889701843262,10.094774003259259,9.82609180545388,9.970028697135334,35724800
1997-06-24,10.137956619262695,10.14275451638492,9.854880689051384,9.941242837251446,39319200
1997-06-25,10.013208389282227,10.229113697148879,9.965229431978527,10.200326322766658,49576000
1997-06-26,9.845284461975098,10.041998235338147,9.816497080507334,9.989221369313913,37312000
1997-06-27,9.787707328796387,9.979623158772785,9.768515745798746,9.912452618281046,38198400
1997-06-30,9.701346397399902,9.88366645828081,9.686953294063693,9.816495909535213,38286400
1997-07-01,9.590995788574219,9.739729995934857,9.461451996051004,9.706145305767537,59377600
1997-07-02,9.854883193969727,9.864478990653241,9.523828794069415,9.6437756669324,53237600
1997-07-03,9.946038246154785,9.984421413530203,9.864474015482026,9.984421413530203,28764000
1997-07-07,9.941244125366211,10.113968444146705,9.931648329878405,10.027606284756457,39320000
1997-07-08,10.075584411621094,10.080382308959962,9.898062210083008,9.931647491455077,36007200
1997-07-09,10.037202835083008,10.181139778224734,9.941244872988523,10.171543982015285,48266400
1997-07-10,9.970029830932617,10.075583563502645,9.893263479972598,10.018008800282631,43780800
1997-07-11,9.960434913635254,10.061190758137345,9.859679069133163,9.998818092493194,38094400
1997-07-14,10.435423851013184,10.440221747036638,10.018006896972658,10.041996377089928,57424000
1997-07-15,10.629744529724121,10.689718263247729,10.488206518608408,10.598558188291845,75503200
1997-07-16,11.395004272460938,11.47656851356908,10.747288240131578,10.929608308490954,111217600
1997-07-17,11.476570129394531,11.572528073620237,11.246271063252834,11.553336484775096,131668000
1997-07-18,10.78566837310791,11.313436843322265,10.747285211637774,11.131116826339124,158927200
1997-07-21,10.435423851013184,10.824053428912986,10.267497490192282,10.814457636866077,127223200
1997-07-22,11.06395149230957,11.116728364128914,10.497799594611163,10.507395389487407,101384000
1997-07-23,10.85764217376709,11.275059261313594,10.82405689086105,11.150313924805443,95556000
1997-07-24,10.593753814697266,10.776073853174845,10.411433776219685,10.622541189193726,141855200
1997-07-25,10.632140159606934,10.920013990643222,10.53618221592817,10.632140159606934,90308800
1997-07-28,10.516990661621094,10.699310755207591,10.4210327176282,10.689714960808303,56404000
1997-07-29,10.742490768432617,10.752086561883651,10.44981906817608,10.497798035431249,79061600
1997-07-30,10.833648681640625,10.900819222625111,10.71849918281008,10.80486130693299,78324000
1997-07-31,10.8528413772583,10.910416132575321,10.814458207046954,10.900820340022484,42240800
1997-08-01,10.79526424407959,10.886424253251818,10.684912654028999,10.85283898671468,58912800
1997-08-04,10.867237091064453,10.900822371257588,10.704108587269225,10.766481250485047,46312800
1997-08-05,11.001570701599121,11.083134897816821,10.900814929800786,10.920006505381423,59333600
1997-08-06,11.01116943359375,11.102329441976444,10.920009425211058,11.001573643237677,43410400
1997-08-07,11.049555778503418,11.08314105442592,10.900820985132333,11.078343157865563,43947200
1997-08-08,10.747289657592773,10.987184516021184,10.747289657592773,10.963195030178342,66815200
1997-08-11,10.61294937133789,10.7664820928039,10.469012444963507,10.747290502620649,72696000
1997-08-12,10.440227508544922,10.7281014288173,10.425833812531303,10.699314036790062,60887200
1997-08-13,10.44502067565918,10.612947053081353,10.344264849205876,10.6033512600858,66731200
1997-08-14,10.459415435791016,10.497798611702175,10.296286938168587,10.440223847835435,45900800
1997-08-15,10.200328826904297,10.44022367231597,10.190733033087831,10.401840497050102,51078400
1997-08-18,10.277092933654785,10.277092933654785,10.056389724061825,10.209922391604755,69969600
1997-08-19,10.6561279296875,10.670521618921656,10.334668870124661,10.344264662947433,91013600
1997-08-20,10.790467262268066,10.800063053519528,10.516987211601425,10.670519871624803,51433600
1997-08-21,10.584162712097168,10.92961135909218,10.555375324847583,10.87203658459301,64412000
1997-08-22,10.536181449890137,10.555373037230556,10.296286608134897,10.382648751166784,72161600
1997-08-25,10.478604316711426,10.670520146687824,10.411433776219685,10.584158023198444,38856800
1997-08-26,10.363456726074219,10.507393625047472,10.34426513954445,10.440223072193286,34327200
1997-08-27,10.329872131347656,10.387446894736495,10.209924707620907,10.382648997787426,49371200
1997-08-28,10.137956619262695,10.267499841562787,10.13315872214047,10.248308253073883,43641600
1997-08-29,10.147549629211426,10.277092815967316,10.11396435857101,10.137953837599879,37857600
1997-09-02,10.53138542175293,10.555374910185169,10.209926276760926,10.219522072133822,50112800
1997-09-03,10.48340892791748,10.660931184362765,10.454621534980408,10.564973207905854,42872800
1997-09-04,10.60815143585205,10.632140923495315,10.421033432234578,10.44022502234919,44476000
1997-09-05,10.54097843170166,10.723298495609109,10.459414192585172,10.675319531422938,48398400
1997-09-08,10.694509506225586,10.732892671793017,10.574562113827364,10.574562113827364,42416000
1997-09-09,10.708906173706055,10.76648093808082,10.62254402714391,10.689714585581134,39465600
1997-09-10,10.373050689697266,10.680116020012079,10.368252793911097,10.660924436867404,53294400
1997-09-11,10.502602577209473,10.545783675060036,10.200334892255523,10.363463484135432,61779200
1997-09-12,10.588959693908691,10.622544976127704,10.411437487893911,10.50739543709109,48576000
1997-09-15,10.032402992248535,10.536182195589566,10.02760509507386,10.411436869047979,129003200
1997-09-16,10.469008445739746,10.516987402869626,10.056389414422782,10.113964162978636,102538400
1997-09-17,10.224318504333496,10.497798633262171,10.181137431344757,10.488202839264675,61609600
1997-09-18,10.152350425720215,10.373053695844566,10.089977762424201,10.305883135371937,61077600
1997-09-19,10.377848625183105,10.382646520987628,10.133155939152436,10.152347522370528,77435200
1997-09-22,10.23391056060791,10.430624265711016,10.224314770115075,10.363453732261174,43251200
1997-09-23,10.401838302612305,10.401838302612305,10.219518258562827,10.2531035298351,39946400
1997-09-24,10.166741371154785,10.445019332234057,10.1427518917514,10.411434061069318,60040000
1997-09-25,10.190731048583984,10.296284760009994,10.137954192870978,10.200326840531803,39272000
1997-09-26,10.238707542419434,10.267494911329704,10.104366487504839,10.257899121692947,36652000
1997-09-29,10.325075149536133,10.344266739033412,10.20032981780382,10.248308791547016,27505600
1997-09-30,10.157149314880371,10.421033685366163,10.152351417235176,10.320277834817043,43892800
1997-10-01,10.277092933654785,10.32507189226195,10.085177099226124,10.171539224719021,61466400
1997-10-02,10.224318504333496,10.334670135304716,10.190733225342255,10.267499577322234,28831200
1997-10-03,10.358660697937012,10.459416545392628,10.238713260489849,10.358660697937012,60284800
1997-10-06,10.373050689697266,10.459412813848308,10.305880148690902,10.430625439131294,41776800
1997-10-07,10.48340892791748,10.5697711067287,10.334674064409269,10.363461457346343,54548800
1997-10-08,10.670517921447754,10.675315816196607,10.459410552498248,10.488197920991363,71196800
1997-10-09,10.665724754333496,10.718501619964476,10.603352094951429,10.63213947620469,34672800
1997-10-10,10.478604316711426,10.651328563690186,10.459412733713785,10.617743293444315,24893600
1997-10-13,10.497797966003418,10.584160106491563,10.48340427592206,10.516989552778561,19051200
1997-10-14,10.492999076843262,10.545775935483077,10.392243255803614,10.526584350523143,33361600
1997-10-15,10.421030044555664,10.440221628431457,10.353859500990389,10.421030044555664,45003200
1997-10-16,10.279494285583496,10.488202804333966,10.152350015540106,10.44981962847181,47327200
1997-10-17,10.152350425720215,10.334670518431636,10.008413510421724,10.219520986192844,87720000
1997-10-20,10.181136131286621,10.382647779502474,9.7877086276271,10.209923509603172,154052800
1997-10-21,10.632140159606934,10.688515451518207,10.387447403226087,10.449820066617283,115682400
1997-10-22,10.41623306274414,10.632138400295263,10.392243580794016,10.622542607515213,55775200
1997-10-23,10.411442756652832,10.536188153737152,10.133164563157042,10.133164563157042,66413600
1997-10-24,10.39224624633789,10.536183174957529,10.229117727235634,10.507395789233602,70030400
1997-10-27,9.893260955810547,10.459412649693013,9.874069372967075,10.35385894405391,96795200
1997-10-28,10.238707542419434,10.363452807697271,9.480640161115652,10.152345435688623,160057600
1997-10-29,10.046797752380371,10.368256897275062,9.989222980160426,10.267501045890159,85532800
1997-10-30,9.874070167541504,10.085177595807698,9.864474375347587,9.94124071289893,72097600
1997-10-31,9.979621887207031,10.094771370520958,9.95083451637855,10.056388209416316,46808800
1997-11-03,10.296282768249512,10.305878558341076,10.080377491189294,10.104366966418207,67714400
1997-11-04,10.30588436126709,10.358661236487732,10.224320099562462,10.286692770277766,49134400
1997-11-05,10.253105163574219,10.3346694068034,10.171540920345036,10.32507361348232,42512800
1997-11-06,10.137956619262695,10.248308253073883,10.113967133651567,10.229116664584982,40266400
1997-11-07,10.099574089050293,10.133159371056635,9.970030858454399,9.984424550742832,63628800
1997-11-10,9.9940185546875,10.171540727766443,9.960433278699591,10.104370175790626,36764800
1997-11-11,10.027605056762695,10.089977719795192,9.93164711363578,10.013211365293659,37013600
1997-11-12,9.917252540588379,10.056391545753867,9.902858850398847,9.989220991536046,45784000
1997-11-13,10.099574089050293,10.104371986479771,9.917253986730145,9.984424550742832,60094400
1997-11-14,10.23391056060791,10.277091617825665,10.085175807968977,10.104367388954644,46663200
1997-11-17,10.353860855102539,10.425829304049035,10.243509233384579,10.32507347552394,60094400
1997-11-18,10.286687850952148,10.401837341821015,10.26749626914067,10.35865628274519,36683200
1997-11-19,10.368258476257324,10.373056374672991,10.238715219034303,10.257906812696973,31720800
1997-11-20,10.507392883300781,10.52658446847576,10.353860201900952,10.38264757966342,53680800
1997-11-21,10.584162712097168,10.59375850784703,10.46901316309883,10.579364814222236,68220800
1997-11-24,10.401838302612305,10.603349930245939,10.401838302612305,10.526583595909317,39084000
1997-11-25,10.670517921447754,10.689709500443165,10.42102739450743,10.430623184005134,56463200
1997-11-26,10.867237091064453,10.891226576916692,10.612948541030715,10.67052330707609,63053600
1997-11-28,10.86244010925293,10.920014880150031,10.83365272380438,10.843248518953896,17392800
1997-12-01,11.039961814880371,11.054355506946708,10.872035407439775,10.896024894217003,49006400
1997-12-02,10.920014381408691,11.121526070345057,10.900822791986181,11.020770225876873,50167200
1997-12-03,11.107131004333496,11.135918384906283,10.824055095367761,10.876831959751204,57712000
1997-12-04,10.944000244140625,11.198288719782648,10.920010765306472,11.111926595979698,62630400
1997-12-05,10.987184524536133,11.111929851015582,10.910418169779549,10.910418169779549,48136000
1997-12-08,11.217480659484863,11.255863826839816,10.98718165535515,11.015969030871364,49952800
1997-12-09,11.078344345092773,11.159908595359806,11.015971683123867,11.131121212912618,51782400
1997-12-10,10.920014381408691,10.996780739098735,10.824056434296137,10.920014381408691,66434400
1997-12-11,10.675317764282227,10.82405252863852,10.660924077409037,10.776073572394553,70189600
1997-12-12,10.497797966003418,10.632139073429421,10.440223205677988,10.574564313103991,54308000
1997-12-15,10.449821472167969,10.516992041777863,10.209926580704057,10.47381096131436,84305600
1997-12-16,10.675317764282227,10.776073572394553,10.363454548696454,10.430625087438006,65401600
1997-12-17,10.411442756652832,10.776083148130073,10.401846956877115,10.737699949027206,51472000
1997-12-18,10.046797752380371,10.344267408850085,10.008414570900408,10.325075818110104,98774400
1997-12-19,9.878868103027344,9.994017609813481,9.691750154499871,9.883665999143432,138065600
1997-12-22,9.7493257522583,9.979624785776213,9.662963614689085,9.91245423433349,59063200
1997-12-23,9.466249465942383,9.845282667155113,9.442259400078587,9.7541232281399,67195200
1997-12-24,9.130398750305176,9.509432034832116,9.05842970825582,9.499836240649643,88411200
1997-12-26,9.269536018371582,9.269536018371582,9.11600333069669,9.12559912367637,32388800
1997-12-29,9.696549415588379,9.730134105419456,9.375089764294684,9.394281350301428,67815200
1997-12-30,9.998817443847656,10.056392208399563,9.691752032904159,9.706146309722927,77864800
1997-12-31,9.922050476074219,10.094774759023286,9.902858889079878,10.056391585034605,46147200
1998-01-02,10.065985679626465,10.094773055259333,9.941240385217366,9.95083617709499,39748000
1998-01-05,10.008410453796387,10.257901030784598,9.816494625343914,10.075580993754752,80377600
1998-01-06,10.065985679626465,10.20992255779081,9.92204880146212,9.960431968972612,67834400
1998-01-07,9.946038246154785,10.07078354012489,9.787707680731193,9.970027725764421,61492800
1998-01-08,10.018003463745117,10.142748717604011,9.78770453354408,9.874066632369468,77619200
1998-01-09,9.7493257522583,10.09477430253517,9.662963614689085,9.984422682307837,87534400
1998-01-12,9.941244125366211,9.97962730731743,9.547816510366196,9.567008101341807,78393600
1998-01-13,10.142756462097168,10.152352258182407,9.835690987369533,9.94124474430716,66945600
1998-01-14,10.065985679626465,10.171539390280318,9.92204880146212,10.142752014647447,54774400
1998-01-15,10.157149314880371,10.20992618897753,9.97003130671772,10.00841448787929,50622400
1998-01-16,10.382650375366211,10.392246170537529,10.157149188840236,10.161947086425895,72943200
1998-01-20,10.579360008239746,10.593753695325786,10.28668837082359,10.296284162214283,64956000
1998-01-21,10.516990661621094,10.627342297212921,10.411436923228912,10.536182250419673,85567200
1998-01-22,10.641733169555664,10.737691088126951,10.387444685341755,10.406636269056012,159139200
1998-01-23,10.61294937133789,10.704109424708333,10.494201407079025,10.651332551704392,63312000
1998-01-26,10.88162899017334,10.891224782933634,10.628539956120587,10.73769209876893,74277600
1998-01-27,11.145517349243164,11.198294228641217,10.867239257871619,10.92961193352386,97540800
1998-01-28,11.438182830810547,11.476565994672328,11.169500683778084,11.227075429570755,79387200
1998-01-29,11.380615234375,11.524552189278563,11.323040452413576,11.43339211783964,73571200
1998-01-30,11.452580451965332,11.514953114669794,11.332633023687523,11.40939937778532,50071200
1998-02-02,11.889187812805176,11.908379399266524,11.553335049731583,11.649292982038324,98397600
1998-02-03,11.96595573425293,11.985147323241307,11.807625125098822,11.9083809672878,61374400
1998-02-04,12.037923812866211,12.129083857682653,11.903582694189346,11.965955356432175,61940800
1998-02-05,11.932369232177734,12.186657760245856,11.879592367861708,12.138678792685832,67014400
1998-02-06,12.13868236541748,12.14827816175378,11.90838325334632,11.927574846018917,50070400
1998-02-09,12.0667085647583,12.196251758097654,11.946761163518158,12.186655965998442,54681600
1998-02-10,12.225045204162598,12.244236797889696,12.0331292668916,12.071512454345799,48099200
1998-02-11,12.201054573059082,12.287416736769291,12.057117633542065,12.234639858946386,76460000
1998-02-12,12.18665885925293,12.201052550818977,12.009136663271688,12.133881990177425,76658400
1998-02-13,12.090700149536133,12.186658087230864,12.081104355766659,12.17706229346139,42203200
1998-02-17,11.850807189941406,12.167468434692877,11.81242400875941,12.167468434692877,85673600
1998-02-18,11.869997024536133,11.975550757171458,11.802826467404563,11.869997024536133,76608800
1998-02-19,11.889187812805176,11.980347848496578,11.841208846651805,11.937166778958545,73773600
1998-02-20,11.908382415771484,11.95636139407838,11.735658093866661,11.937169802755621,86092000
1998-02-23,12.532108306884766,12.541704101913007,12.186659685868033,12.426554561574097,120803600
1998-02-24,12.608875274658203,13.040686071735538,12.570492092695773,12.800791184470352,118302000
1998-02-25,13.04068374633789,13.05027954011739,12.75280993295295,12.810384695629939,94944400
1998-02-26,13.127046585083008,13.15583396794503,12.963918082198203,13.127046585083008,61388000
1998-02-27,13.011899948120117,13.203815876558467,12.983112558854366,13.136645301605045,47532400
1998-03-02,12.791192054748535,13.184619567310193,12.752808882791301,13.184619567310193,50093600
1998-03-03,12.973517417907715,12.983113214814452,12.676047713798885,12.68564351070562,50753600
1998-03-04,12.637661933898926,12.867961012421002,12.522512394637888,12.656853523775766,71513600
1998-03-05,12.292207717895508,12.503315110396445,12.16746244050859,12.16746244050859,92255600
1998-03-06,12.704835891723633,12.704835891723635,12.32100399167156,12.330599789172862,51404800
1998-03-09,12.220243453979492,12.666447867493465,12.205849763220977,12.666447867493465,52256000
1998-03-10,12.512919425964355,12.512919425964357,12.273024498319334,12.464940440435353,47406400
1998-03-11,12.388168334960938,12.589679980998257,12.24423144493428,12.589679980998257,39838800
1998-03-12,12.570487022399902,12.685636521841733,12.407358564857308,12.666444938601428,47962000
1998-03-13,12.647255897521973,12.743213833011518,12.522510581385566,12.656851691070928,32542400
1998-03-16,12.589680671691895,12.70483019003054,12.493722739743024,12.656851224056105,27979600
1998-03-17,12.340194702148438,12.541706435231733,12.234640937200046,12.541706435231733,53842400
1998-03-18,12.551299095153809,12.560894889569063,12.26342526269615,12.292212645941918,33887600
1998-03-19,12.589680671691895,12.637659637666331,12.474531153353249,12.512914326132798,30299200
1998-03-20,12.560894012451172,12.743214093609744,12.359382343802222,12.608872981177111,56310000
1998-03-23,12.877555847167969,12.992705377843091,12.445745107136256,12.464936695582109,55050000
1998-03-24,13.04068374633789,13.059875333896889,12.810384695629939,12.925534220983915,32281600
1998-03-25,13.63562297821045,13.961879967133148,13.395728133414348,13.89470941059024,124244800
1998-03-26,13.549262046813965,13.750773734479045,13.434112511005347,13.587645225416837,45441200
1998-03-27,13.48209285736084,13.72198774806121,13.44370967484878,13.72198774806121,38924000
1998-03-30,13.501285552978516,13.606839313520636,13.376540199610556,13.520477145804357,27463200
1998-03-31,13.74117374420166,13.779556911084905,13.587641076668682,13.606832660110303,38177200
1998-04-01,13.875517845153809,13.91390102038245,13.587644030939,13.789155700889367,36835600
1998-04-02,14.019448280334473,14.115406174108152,13.798745124655012,13.923490386560795,41414800
1998-04-03,14.278545379638672,14.288141176264773,14.048246260612242,14.12501263362105,40987600
1998-04-06,13.80834674835205,14.220965865919206,13.674005640306929,14.220965865919206,74232000
1998-04-07,13.39572525024414,13.91389800347708,13.318958916431853,13.712386377219826,62630800
1998-04-08,13.654813766479492,13.664409559709625,13.299769416964565,13.318961003424832,36793200
1998-04-09,13.664411544799805,13.760369491041377,13.434112473820033,13.501283036189133,33619200
1998-04-13,13.60683536529541,13.664410127066759,13.318961556438666,13.635622746181085,33156400
1998-04-14,13.578046798706055,13.750771068936944,13.43410990684698,13.616429969868474,28476800
1998-04-15,14.029053688049316,14.029053688049316,13.645221849798993,13.702796625536541,40498400
1998-04-16,14.077027320861816,14.134602074730372,13.846728305387595,13.875515682321874,39695600
1998-04-17,14.144201278686523,14.163392867938473,13.86592323453326,14.048243332426779,37402800
1998-04-20,14.52802562713623,14.585600365420786,14.153789828286618,14.182577197428897,45535200
1998-04-21,14.56641674041748,14.585608330325803,14.297734481700951,14.537629355554994,51938400
1998-04-22,15.180545806884766,15.218928982123414,14.68156452878236,14.73913929164033,80154000
1998-04-23,14.50883960723877,14.950246103226192,14.45366379524034,14.93105451644413,64215200
1998-04-24,14.144201278686523,14.547224652977457,14.105818100182626,14.355308760457964,51436000
1998-04-27,13.865918159484863,13.899503428383271,13.587640217183784,13.74117287500507,58752000
1998-04-28,13.79875659942627,14.163396898993861,13.666814385766942,14.144205304279778,56668000
1998-04-29,13.894708633422852,14.048241325504874,13.760367527851084,13.82753808063697,50061600
1998-04-30,13.837130546569824,14.0674295293144,13.769960009935991,14.048237947419018,54473600
1998-05-01,13.760368347167969,13.894709460738646,13.53006929533252,13.84673049160626,35996000
1998-05-04,13.520474433898926,13.798752474057242,13.501282844922489,13.693198734686847,37899600
1998-05-05,13.472494125366211,13.750772137927193,13.357344602927183,13.45330253829304,50828000
1998-05-06,13.26138973236084,13.434114055937174,13.203814957835394,13.434114055937174,48110800
1998-05-07,12.800788879394531,13.242195392477102,12.772001498106539,13.232599598714438,78022000
1998-05-08,13.165427207946777,13.22300196250048,12.570488077558512,12.570488077558512,96274800
1998-05-11,12.935127258300781,13.23259680207476,12.906339883096846,13.223001010340115,51474400
1998-05-12,13.155837059020996,13.165432855562951,12.78160099388473,12.78160099388473,64147200
1998-05-13,13.347749710083008,13.626027741421908,13.28057915079431,13.616431947237807,80680400
1998-05-14,13.654813766479492,13.971474943073888,13.175024104972834,13.184619898202968,94774400
1998-05-15,13.73157787322998,13.846727373215138,13.626024164910254,13.837131581549707,48150800
1998-05-18,13.21340560913086,13.280576153258613,12.9735108086746,12.9735108086746,80395600
1998-05-19,13.280577659606934,13.347748211353501,13.136640763007149,13.175023935433758,52234400
1998-05-20,13.165427207946777,13.338151471607887,13.107852453393074,13.22300196250048,35698800
1998-05-21,13.26138973236084,13.414922464428694,13.127048591801467,13.175027570572672,36680000
1998-05-22,13.136642456054688,13.318962548578456,13.117450867367976,13.299770959891745,36129200
1998-05-26,12.839177131652832,13.232604831501686,12.819985536538253,13.098263665699639,44473600
1998-05-27,13.203815460205078,13.223007052443748,12.724025654238323,12.724025654238323,58574400
1998-05-28,13.251791000366211,13.261386793994282,13.059875127804789,13.165428857713572,30746800
1998-05-29,13.021491050720215,13.280577460719806,13.011895257757267,13.26138587479391,34091200
1998-06-01,12.858363151550293,12.990305310754634,12.762405217583499,12.877554738343651,42436800
1998-06-02,13.127046585083008,13.194217145094397,12.87755593361213,12.906343316474155,38570800
1998-06-03,12.944721221923828,13.270978094826283,12.915933850785377,13.184615981410927,36010800
1998-06-04,13.21340560913086,13.22300140114911,12.839169720419093,13.002298184729352,33717600
1998-06-05,13.242197036743164,13.28058021655981,13.011897957843283,13.184622267018193,34431600
1998-06-08,13.155837059020996,13.25179502444055,13.050283297059485,13.14624126247904,18886400
1998-06-09,13.36694622039795,13.443712602137493,13.088668086592106,13.09826388430955,35690400
1998-06-10,13.203815460205078,13.56845571273981,13.184623867966407,13.299773421398429,33290400
1998-06-11,13.098255157470703,13.376533105871179,13.06946778349824,13.27097940130548,41271200
1998-06-12,13.165427207946777,13.22300196250048,12.896745020029496,13.031086113988136,41323600
1998-06-15,13.194217681884766,13.405325164794922,12.98311019897461,13.002301788330078,42846000
1998-06-16,13.79875659942627,13.808352396783311,13.127050784433335,13.25179615007488,61138400
1998-06-17,13.981067657470703,14.182579270927727,13.779556044013678,13.808343417364682,76147600
1998-06-18,14.000267028808594,14.08662919690954,13.87552167488501,13.942692250074632,39228400
1998-06-19,14.537628173828125,14.54722396800227,14.201775377733085,14.259350142777949,91226800
1998-06-22,14.710348129272461,14.729539711959053,14.384091223600404,14.547219676436432,48969600
1998-06-23,15.46841812133789,15.487609707096373,14.623988347964605,14.710350483877782,124675200
1998-06-24,16.111330032348633,16.140117399887078,15.343666897990152,15.612348995015621,105724800
1998-06-25,15.593160629272461,16.408802877572864,15.564373255803034,16.25527021906926,88969600
1998-06-26,16.034564971923828,16.06335234171184,15.660329164679647,15.698712324396999,55680400
1998-06-29,16.495168685913086,16.533551859120564,16.159315920347666,16.19769909355514,65906000
1998-06-30,16.63910484313965,16.667892221760997,16.06335727071267,16.1593151994505,77010000
1998-07-01,16.792633056640625,16.90778254045759,16.456780395507813,16.754249895368304,53470400
1998-07-02,16.46638298034668,16.75425680867442,16.4471913917915,16.706277837286464,27321200
1998-07-06,16.552743911743164,16.591127086031264,16.17850796243419,16.40880700816279,35307600
1998-07-07,16.571935653686523,16.66789359030312,16.351232399468348,16.552744066363204,32422800
1998-07-08,16.869401931762695,16.90778509884293,16.389612343259774,16.60071976220106,41553600
1998-07-09,17.042137145996094,17.19566991307714,16.850221187144786,16.888604378915048,43690000
1998-07-10,17.37798500061035,17.387580795751493,16.86940785812976,17.061323760952625,45396800
1998-07-13,18.0496826171875,18.155236316703217,17.4451477926884,17.52191411960892,69223200
1998-07-14,17.886560440063477,18.232009032253544,17.733027732423448,18.15524267843353,56972400
1998-07-15,18.02089500427246,18.116852911643456,17.752212863633684,17.80978760805628,48690000
1998-07-16,18.02089500427246,18.251193981962846,17.90574551542727,18.126448702380554,65125200
1998-07-17,18.10725975036621,18.366346137891323,17.8001944021883,18.040089205452293,83108400
1998-07-20,17.96333122253418,18.347163086263542,17.934543832754475,18.145651357805626,45794800
1998-07-21,17.320409774780273,18.27039346879869,17.2724308003349,17.944136442570144,74605200
1998-07-22,17.924943923950195,18.001710279084886,17.176471961386966,17.19566355017064,71654400
1998-07-23,17.349193572998047,18.040090662188234,17.349193572998047,17.85777059698527,51029600
1998-07-24,17.473941802978516,17.752219843772792,17.27243011826542,17.464346008468368,60366400
1998-07-27,17.924943923950195,17.924943923950195,16.994151867942076,17.36838784922369,58998000
1998-07-28,17.234046936035156,17.944135729613443,17.1956637580039,17.80979460650404,78378400
1998-07-29,16.994157791137695,17.541118262111638,16.898199813773847,17.38758549832948,59738000
1998-07-30,17.416366577148438,17.445153959920585,17.00374742408101,17.18606751497127,72746400
1998-07-31,16.878997802734375,17.428356884147988,16.878997802734375,17.33959580985845,53705200
1998-08-03,16.648704528808594,17.022940538389882,16.48557601181162,16.75425827510075,73566400
1998-08-04,16.044164657592773,16.831019622857493,15.996185696296145,16.677486946708278,91412000
1998-08-05,16.015380859375,16.312850485882265,15.583570111219293,15.98659347616462,120208800
1998-08-06,16.408817291259766,16.418413090845295,15.909835712812098,15.929027311983162,68308000
1998-08-07,16.25527572631836,16.504766380913566,16.130530399020756,16.495170586506056,54972400
1998-08-10,16.034564971923828,16.32243866980397,16.034564971923828,16.245672350369265,46763200
1998-08-11,15.881030082702637,16.024966911246768,15.660326945601632,15.794667985576156,60976400
1998-08-12,16.130531311035156,16.149722900935256,15.813870077683484,16.015381771634548,53760000
1998-08-13,15.957809448242188,16.274470730137555,15.929022058978973,15.986596837505404,51193200
1998-08-14,16.005781173706055,16.13052647062343,15.89063166885925,16.072951718200027,29566400
1998-08-17,16.47597885131836,16.485574645640618,15.813869043082502,15.89063539766057,54073200
1998-08-18,17.080516815185547,17.166878978857834,16.48557746544313,16.56234383315183,70591200
1998-08-19,16.974956512451172,17.310809241640424,16.92697755113842,17.234042903540022,55709600
1998-08-20,17.28201675415039,17.310804122424933,16.840610440607403,16.90778096658134,49970400
1998-08-21,16.98455238342285,17.176468229563223,16.696678614212296,17.061318721879,59523600
1998-08-24,16.946176528930664,17.195667236604617,16.888601750236678,16.936580732481666,26319200
1998-08-25,17.320409774780273,17.45475090322732,17.06132331277525,17.09970649233155,58026800
1998-08-26,17.28201675415039,17.464336753222494,17.022930439679506,17.08050517622859,44804400
1998-08-27,16.773439407348633,17.310803598888405,16.658289937732967,16.974950979176047,74874000
1998-08-28,16.15930938720703,16.83101464677027,16.082543071828376,16.619907279478966,72730000
1998-08-31,14.72954273223877,16.35123180178167,14.700755352306055,16.101741175698148,132690400
1998-09-01,15.545188903808594,15.621955268765673,14.50884297688802,14.62399252432364,140112400
1998-09-02,15.4396333694458,16.005785245640517,15.391654396886926,15.631549259681298,63438400
1998-09-03,15.238122940063477,15.468422027318844,15.10378180583118,15.161356577645021,67506800
1998-09-04,14.835102081298828,15.391658304271228,14.758335705716426,15.305296131741027,50890400
1998-09-08,15.655531883239746,15.669925568697828,15.209327634039226,15.353264488620038,60625600
1998-09-09,15.698719024658203,16.034571815528032,15.602761084409682,15.698719024658205,65480800
1998-09-10,15.46841812133789,15.52599287861334,15.151756956322908,15.353268606786989,60758000
1998-09-11,16.005781173706055,16.063355926129457,15.372458897048622,15.525991570177696,58989200
1998-09-14,16.27445411682129,16.437582489454524,16.101729957562576,16.111325744188058,45086800
1998-09-15,16.629512786865234,16.64870437692509,16.140127240338906,16.25527678069804,49367600
1998-09-16,16.610319137573242,16.658298106774783,16.293657940843076,16.5623401683717,42886800
1998-09-17,16.111330032348633,16.35122476183566,16.092138453989673,16.16890476742552,45178400
1998-09-18,16.17850685119629,16.31284795197728,16.015378371676515,16.236081608673857,47361600
1998-09-21,16.562345504760742,16.591132895556964,15.717915374738178,15.737106968602326,45872000
1998-09-22,16.763845443725586,16.869399135700963,16.38960962672198,16.64869596157063,43082000
1998-09-23,17.445154190063477,17.483537367599368,16.658299050577664,16.831023349489186,65263600
1998-09-24,16.907791137695312,17.598688391903067,16.735066824143374,17.36838930716715,63521600
1998-09-25,17.358797073364258,17.368392870530297,16.6774954745755,16.754261851903813,47878400
1998-09-28,17.090112686157227,17.56030669043668,16.85021778601465,17.34919917831121,41405200
1998-09-29,17.330005645751953,17.5027299545136,17.09970656740309,17.16687713192151,48743200
1998-09-30,16.898189544677734,17.435553891356868,16.893391648725242,17.24363805325718,38875600
1998-10-01,15.976995468139648,16.81182946557397,15.967399675065689,16.591126224872944,65442400
1998-10-02,15.986588478088379,16.149716931946426,15.50679890791766,15.871438981247406,65889600
1998-10-05,15.535599708557129,15.794686300361356,14.815914731323167,15.737111502182637,114937600
1998-10-06,14.988626480102539,15.909822473758007,14.950243313700227,15.737098224947607,76550000
1998-10-07,14.451264381408691,15.314885758783712,14.336114864425355,14.950245621669815,90710400
1998-10-08,14.000267028808594,14.105820789820859,13.47249822374727,13.90430906425199,144719200
1998-10-09,14.873475074768066,14.892666655509702,14.163386587327526,14.307323442889798,72661600
1998-10-12,15.314878463745117,15.506794233967486,15.122962693522746,15.238112155656168,51502800
1998-10-13,14.806307792663574,15.314884793966991,14.700754075411924,15.2765016240573,47995600
1998-10-14,15.38205337524414,15.56437340901185,14.719943778929826,14.719943778929826,62403200
1998-10-15,16.1881046295166,16.216892011786044,15.295695779163877,15.372462131882392,66253600
1998-10-16,16.130531311035156,16.35123459488632,15.967402796884294,16.274468235285916,68620000
1998-10-19,15.804267883300781,15.996183704591623,15.525989942429062,15.986587913527082,60177600
1998-10-20,15.391657829284668,15.871447661868354,15.295699862767929,15.852256068565007,94368400
1998-10-21,16.341632843017578,16.408803383182654,15.823460104601285,16.10173805671374,125377200
1998-10-22,16.88860321044922,16.90779480500655,16.159322617270732,16.2744721846147,81910800
1998-10-23,16.332035064697266,16.888590901214563,16.303247693842923,16.735058256658068,59882000
1998-10-26,16.437593460083008,16.58153035553032,16.22648601342695,16.399210287963726,59678400
1998-10-27,16.1881046295166,16.562340599019354,16.120934070887902,16.543149010839727,65434800
1998-10-28,16.22648811340332,16.37042502747845,16.101742787871537,16.101742787871537,56808400
1998-10-29,16.370424270629883,16.50476538422239,16.188104187897192,16.188104187897192,52402800
1998-10-30,16.25527572631836,16.61032011939615,16.140126193428266,16.466383203283534,59322800
1998-11-02,16.24567985534668,16.408808359505507,16.120934528636987,16.332042004607235,48388400
1998-11-03,16.149723052978516,16.360830543867124,16.082552487695775,16.197702028180473,36546800
1998-11-04,16.197708129882812,16.475986290881984,16.101750143331373,16.245687123158532,67459600
1998-11-05,16.332035064697266,16.523950870392888,16.15931083957121,16.16890662985599,76727200
1998-11-06,16.783048629760742,16.850219207467045,16.264875601740684,16.28406719537106,74461200
1998-11-09,16.994157791137695,17.09971156623793,16.70628385904615,16.763858645464456,68956800
1998-11-10,17.205259323120117,17.41636679947742,16.89819390296404,16.90778969734392,72075600
1998-11-11,17.051727294921875,17.61787918597443,17.022939910631067,17.416367495938776,63899200
1998-11-12,16.696670532226562,17.061310463390132,16.658287381577765,16.926969436119343,38526800
1998-11-13,16.88860321044922,16.965369588678534,16.639112481203945,16.648708278482612,28368800
1998-11-16,16.706274032592773,17.157276260928132,16.5047623986557,17.09010571628244,42620400
1998-11-17,17.17646598815918,17.253232316597877,16.725463808581814,16.735059599636653,58744000
1998-11-18,16.85021209716797,17.05172374525483,16.754254169507558,16.821424718869846,41691200
1998-11-19,17.157272338867188,17.272421817651534,16.74465337322329,16.74465337322329,45220800
1998-11-20,17.445154190063477,17.464345778831422,17.08051400347249,17.31081306868785,48405200
1998-11-23,18.299177169799805,18.452709857118524,17.27242732335587,17.27242732335587,110870400
1998-11-24,18.68301010131836,19.201182954667715,18.212816215871726,18.22241200945227,101114800
1998-11-25,19.076438903808594,19.095630492243007,18.53907442764497,18.836544048378403,41394000
1998-11-27,19.661779403686523,19.671375196465288,19.08603183696071,19.210777143084634,26335600
1998-11-30,18.730989456176758,20.00003318342029,18.721393662397976,19.863293122072687,70900000
1998-12-01,19.882488250732422,19.92087143268364,18.44311892756164,18.462310518537247,86330800
1998-12-02,19.46027374267578,19.920871937768702,19.268357828053734,19.834509776188778,65759600
1998-12-03,18.75017738342285,19.796118701126584,18.730985799611773,19.479457568243802,51426800
1998-12-04,19.55622673034668,19.55622673034668,19.03805389254554,19.181990791934744,44352000
1998-12-07,20.506210327148438,20.53499770711168,19.460268855150694,19.604205754966895,89809200
1998-12-08,20.141565322875977,20.611759082199903,19.92086212972393,20.40065168005447,77585200
1998-12-09,20.515811920166016,20.544599308267276,19.959255750208282,20.28551281535592,44781600
1998-12-10,20.199148178100586,20.669342126189388,20.17036079352372,20.439043049574465,57015600
1998-12-11,20.573375701904297,20.678929401867425,20.074394574805872,20.112777738428825,51728800
1998-12-14,19.642587661743164,20.534996383063202,19.6042044909337,20.381463699825346,64077600
1998-12-15,20.247127532958984,20.26631912303762,19.844104141307668,19.853699936346985,51719600
1998-12-16,20.53499984741211,20.746107322478963,19.824911067641786,20.3430839609877,60024000
1998-12-17,20.630952835083008,20.70771917121355,20.30469590652821,20.602165459034055,46963600
1998-12-18,21.158720016479492,21.225890556214345,20.592568324428566,20.726909403898276,59648000
1998-12-21,21.561744689941406,21.830426866763105,21.14912563267951,21.28346672109036,48112000
1998-12-22,21.25467872619629,21.57133985394549,21.0915502664467,21.57133985394549,41350000
1998-12-23,22.041540145874023,22.079923324186385,21.398621909141955,21.552154622391402,34940000
1998-12-24,21.76325798034668,22.10870651971726,21.724874809305504,22.051131763155496,13832400
1998-12-28,21.85922622680664,22.05114217260828,21.724885064745493,21.95518419970746,23636400
1998-12-29,21.57133674621582,21.88799782834443,21.436995681070346,21.88799782834443,29651600
1998-12-30,21.341035842895508,22.01034216036042,21.3218442639001,21.628909527826654,34942800
1998-12-31,21.29305648803711,21.494568063633675,21.187502805581765,21.369822802550086,23834400
1999-01-04,21.648113250732422,22.3006273026162,21.39862258383568,21.434606814638098,69305200
1999-01-05,22.492542266845703,22.72284133442433,21.715282913767844,21.782453475144944,64281600
1999-01-06,23.221824645996094,23.260207827229145,22.530927383801167,22.953142377364735,69064800
1999-01-07,23.10668182373047,23.12587341992958,22.76123309214646,22.991532246535797,51150400
1999-01-08,23.010719299316406,23.413742739921613,22.569312673891652,23.365763758897184,50244800
1999-01-11,22.64606475830078,23.173833216651012,22.14708367040602,23.16423742649919,46463200
1999-01-12,21.830425262451172,22.742025438245836,21.648105227292238,22.742025438245836,57907200
1999-01-13,22.079923629760742,22.68445869654689,20.880449290899335,20.880449290899335,75346000
1999-01-14,21.76325798034668,22.34860133872461,21.724874809305504,22.30062237492314,59214000
1999-01-15,22.991519927978516,23.029903099811534,21.70568367157237,21.945578495528743,59344000
1999-01-19,23.89351463317871,24.315729349588295,23.16423466847125,23.241000980545717,102741600
1999-01-20,24.968250274658203,25.755105202606696,24.946659743098643,25.630359909151448,125481200
1999-01-21,24.306133270263672,25.073796381839312,24.219771170211413,24.833901659471923,80077200
1999-01-22,23.98949432373047,24.601226428985594,23.835961560058593,23.893536346435546,82160000
1999-01-25,24.85310935974121,25.073812647491806,24.430894374479198,24.824321974382435,103076400
1999-01-26,26.340452194213867,26.369239573661094,25.256127568368267,25.409660258753487,120203200
1999-01-27,25.889442443847656,26.781850949139663,25.87025086308869,26.48438144737566,98048000
1999-01-28,26.714691162109375,26.72428695634864,26.071772948078724,26.369242569495892,78838400
1999-01-29,26.868213653564453,26.88740523474557,26.234891474587577,26.82983049120222,79571600
1999-02-01,26.551563262939453,27.012161396882746,26.225306251396287,26.935395041225533,81729200
1999-02-02,25.73591423034668,26.493981800890076,25.52480680563839,26.484386008857882,91965600
1999-02-03,25.611175537109375,26.081369467914303,25.486430208528475,25.544004975565812,73749200
1999-02-04,24.421289443969727,25.851062381946736,24.392502069379585,25.81267921582655,89151600
1999-02-05,24.565229415893555,24.814720027148724,23.778374411165714,24.60361258685589,127945200
1999-02-08,25.371280670166016,25.41925964268902,24.814724588899136,24.958661506468157,109866800
1999-02-09,24.574831008911133,25.601581074492348,24.526852033883973,25.323303019334823,77293600
1999-02-10,24.66118812561035,25.236935708309428,24.354122748170848,24.54603860907054,73694000
1999-02-11,24.98745346069336,25.160177793370963,24.622813202818417,24.98745346069336,60366000
1999-02-12,24.219783782958984,25.131384202682085,24.123825844040766,24.82431879814378,62930400
1999-02-16,23.98949432373047,24.546050592041013,23.730407785034178,24.52685899658203,73666800
1999-02-17,23.0299072265625,23.663229675292968,22.799608154296877,23.480909576416014,101215600
1999-02-18,22.377384185791016,23.24100535934213,22.10630309520414,23.173834823621487,117035200
1999-02-19,22.6844539642334,22.914752989251,22.37738859754327,22.636475000688066,73085600
1999-02-22,22.84758186340332,22.876369240803662,22.223855353062618,22.761219731202303,92514400
1999-02-23,23.86473846435547,23.89352584489148,23.1066707769071,23.480906723875282,95106800
1999-02-24,23.471302032470703,24.469264179395047,23.452110452722156,24.018262055304238,67696800
1999-02-25,23.56727409362793,23.60565727619084,22.972334763902793,23.394549772094823,70817200
1999-02-26,23.049095153808594,23.41373529362738,22.953137222277334,23.394543707321127,59273200
1999-03-01,23.298582077026367,23.42332736821308,22.953133578355462,22.96272936998521,58332000
1999-03-02,22.809207916259766,23.66323379112183,22.665270971058295,23.3177851226383,58569600
1999-03-03,22.972333908081055,23.135462427896165,22.578906301468137,22.876375955248633,76798400
1999-03-04,23.375356674194336,23.56727257463928,22.742034202726014,23.202632363793885,61696400
1999-03-05,23.78797721862793,23.85514778761962,23.509699147090938,23.759189831917208,47302800
1999-03-08,24.411693572998047,24.447677791118622,23.797562917073567,23.874329249064125,46726000
1999-03-09,24.843503952026367,25.29450614814272,24.526842835604246,24.546034418417708,90129600
1999-03-10,24.776336669921875,24.949060937953863,24.440483926526344,24.920273559948534,53114800
1999-03-11,24.785945892333984,25.265735785720242,24.459688764831334,24.71877530725991,62948400
1999-03-12,24.594017028808594,24.987444534926873,24.07584421587232,24.968252949262567,73395200
1999-03-15,25.46723175048828,25.48642333432437,24.238970384978675,24.651589437454557,60609600
1999-03-16,25.95661735534668,26.100554235320878,25.217741371479143,25.409657211444735,68554000
1999-03-17,25.659149169921875,26.01419349276672,25.601574414865954,25.956618737710798,44919600
1999-03-18,26.47481346130371,26.49400506221803,25.515233415587737,25.553616617416374,56231200
1999-03-19,26.282873153686523,26.73387535822222,26.081361530383344,26.695492191878756,91980400
1999-03-22,26.532363891601562,26.858620807447657,26.407618600248643,26.551555474886626,55719200
1999-03-23,25.572786331176758,26.73387719274238,25.524807369955038,26.51317397112247,69581200
1999-03-24,26.29247283935547,26.378834976419046,25.045019748437145,25.639958914875116,82634400
1999-03-25,27.62628173828125,27.645473319898674,26.484382632044547,26.57074474932295,109447600
1999-03-26,27.3480167388916,27.693465371382867,26.983376515706382,27.472762078402337,94687600
1999-03-29,28.365175247192383,28.441941621339048,26.98338051255243,27.674277879872406,79777000
1999-03-30,28.557090759277344,28.710623505294965,28.326791640250914,28.672240318790557,67502400
1999-03-31,27.520736694335938,29.05606370657225,27.367203993112305,29.017680531266343,58752600
1999-04-01,28.461103439331055,28.518678159707314,27.717429967804367,28.019697249779732,41106000
1999-04-05,29.152021408081055,29.176010892452418,28.710614895647964,28.960105533110145,39848600
1999-04-06,28.88333511352539,29.363124733351395,28.63384451121587,29.228783639800113,39674800
1999-04-07,28.65302848815918,29.17120113998791,28.019706358146284,29.13281798059319,46910200
1999-04-08,29.036861419677734,29.056053000259148,27.9429413265372,28.63383822746806,38637000
1999-04-09,28.940902709960938,29.171201670517657,28.557071109033075,28.940902709960938,31816800
1999-04-12,28.557090759277344,28.74900669179937,28.05810933472008,28.134875707728888,37858800
1999-04-13,27.67426109313965,28.595457024117945,27.38638736470893,28.595457024117945,46746800
1999-04-14,26.369237899780273,27.981331046491732,26.369237899780273,27.88537312109224,52944000
1999-04-15,27.290428161621094,27.597493457391796,25.755101682767584,26.810638636979373,72594600
1999-04-16,26.599533081054688,27.367196373437217,26.369234093339927,27.348004791127654,44774000
1999-04-19,24.87230110168457,27.060142402295714,24.680385198122192,26.676310595170953,75389000
1999-04-20,25.52481460571289,25.793496864720392,24.565235109257518,25.256132346705385,108459400
1999-04-21,25.17936134338379,25.332894034501983,24.565230578911013,25.21774451616334,92732800
1999-04-22,26.08136749267578,26.177325430470763,25.60157780370088,26.10055908023478,55096400
1999-04-23,26.407630920410156,26.714696396228877,25.486434492953986,26.10056544459143,56592000
1999-04-26,27.021753311157227,27.30962710353461,26.63792158798738,26.772262691096824,48349800
1999-04-27,25.79349708557129,27.252057932672045,25.774305495477858,27.252057932672045,58665800
1999-04-28,25.217750549316406,26.56116191800145,25.093005207938507,26.196521689358367,55963400
1999-04-29,25.198549270629883,25.697530444305723,24.689972305152587,25.294507188644467,60880600
1999-04-30,24.968250274658203,25.716722035389697,24.52684385166271,25.4096566976537,58558600
1999-05-03,24.526836395263672,25.02581741738954,24.123813262008166,25.006625839615467,67180000
1999-05-04,23.97028923034668,25.121784309466616,23.874331307086685,24.718761031774637,66502200
1999-05-05,24.296554565429688,24.526853660836604,23.47131614022157,24.296554565429688,67028200
1999-05-06,23.93191146850586,24.910682506913076,23.79757034558722,24.77634138399444,74021000
1999-05-07,24.27736473083496,24.680388176959497,23.95110765540082,24.450089064888335,48011600
1999-05-10,24.469274520874023,24.71876516304764,24.027868000105315,24.52684928445255,46218000
1999-05-11,24.526836395263672,24.87708268964048,24.39249535084517,24.79551848410068,42786200
1999-05-12,24.718759536743164,24.872292204673247,24.334927866917962,24.795525870708207,60142600
1999-05-13,24.296554565429688,25.102601399353894,24.296554565429688,24.910685486514797,51737200
1999-05-14,23.605655670166016,24.546043578977507,23.528889310263036,24.219786549389845,84401000
1999-05-17,24.296554565429688,24.430895704417054,23.644040461776758,23.759190009480214,66850200
1999-05-18,24.162216186523438,24.64200602342819,23.931917064809156,24.50766486909486,63858400
1999-05-19,24.354124069213867,24.52684835339269,23.72080169389152,24.52684835339269,46510800
1999-05-20,24.085437774658203,24.565227371762948,24.066246190774013,24.43088628457362,42386200
1999-05-21,23.81676483154297,24.258171431966407,23.644040509638145,24.104638701384342,56568800
1999-05-24,23.720800399780273,23.91271626061992,23.356160264184947,23.91271626061992,38990000
1999-05-25,23.413726806640625,24.334922615426485,23.375343647941214,23.56725944143827,50791600
1999-05-26,24.104625701904297,24.104625701904297,23.183429815207315,23.701602501474365,52022800
1999-05-27,24.066247940063477,24.392504889809157,23.797565746155275,24.027864769505165,56702200
1999-05-28,24.776336669921875,24.833911425932538,23.989481671109484,24.18139752447836,41548000
1999-06-01,24.104625701904297,24.79552261692703,24.085434120931442,24.75713945498132,36046400
1999-06-02,24.085437774658203,24.143012526310773,23.413732338711558,23.970288271353063,42812600
1999-06-03,23.452117919921875,24.238972940148386,23.375351576485144,24.06624866741574,32934400
1999-06-04,24.430879592895508,24.469262750150644,23.567258554654895,23.6248332905376,35668200
1999-06-07,24.642004013061523,24.891494707897817,24.315746950583296,24.546046053509105,32392200
1999-06-08,24.37331771850586,25.21774762371394,24.25816818597749,24.526850428543693,41516400
1999-06-09,25.27532386779785,25.37128181718205,24.565235042354786,24.603618222108466,53310800
1999-06-10,24.526836395263672,25.27530792845247,24.27734588420074,25.14096688403397,35277400
1999-06-11,23.98949432373047,24.718774951171874,23.816769964599608,24.565242187499997,34543000
1999-06-14,23.81676483154297,24.469278936516748,23.77838164889745,24.181405066675374,28369800
1999-06-15,23.85513687133789,24.219776936145145,23.548071553605464,23.97028636548755,36981000
1999-06-16,24.87230110168457,25.064217005246952,24.238978619928716,24.27736180064119,48325200
1999-06-17,25.448040008544922,25.486423175978626,24.71875982730457,24.776334578455124,44475200
1999-06-18,26.10055160522461,26.10055160522461,25.21773883034201,25.275313576530007,69116200
1999-06-21,27.309627532958984,27.32881911941925,26.062174413041674,26.062174413041674,56194400
1999-06-22,26.561155319213867,27.15609449182632,26.484388974360648,27.15609449182632,38751000
1999-06-23,26.407630920410156,26.8298459496609,26.1197570368301,26.388439328171486,33942000
1999-06-24,25.985401153564453,26.48438226877322,25.793485340022617,26.330849617939755,33559000
1999-06-25,26.08136749267578,26.541965594091693,25.908643204644818,26.215708605588755,24933000
1999-06-28,26.63792610168457,26.657117691095007,26.08137000878194,26.25409431347586,31701000
1999-06-29,27.021753311157227,27.04094489731572,26.40762255408547,26.618730001828887,38973200
1999-06-30,27.693462371826172,27.712653960441433,26.63792499798664,26.94499041583087,57610200
1999-07-01,28.000534057617188,28.096492022173795,27.13691237660775,27.59751060647945,47737800
1999-07-02,28.25002098083496,28.288404161515444,27.73184804164845,27.90457235471062,32094800
1999-07-06,27.501543045043945,28.53788870061434,27.405585113972613,28.326781252257405,45419400
1999-07-07,28.34596061706543,28.34596061706543,27.597489077413734,27.655063811233095,33834600
1999-07-08,28.42273712158203,28.55707821533698,27.84698957691798,28.192438103716412,37790400
1999-07-09,28.63385772705078,28.65304932070162,28.326792228637366,28.365175415939042,33884200
1999-07-12,28.921720504760742,29.09444478116608,28.365164503010202,28.61465512448458,43847800
1999-07-13,28.74899673461914,28.88333784085568,28.499506108751287,28.595464041777387,30845000
1999-07-14,29.152021408081055,29.171212995578145,28.40354949569451,28.78738124563633,37985200
1999-07-15,28.97928810119629,29.247970242531885,28.78737228595658,29.171203916436,40926200
1999-07-16,30.5338191986084,30.6681603264464,29.171216330537252,29.324749048066398,115369800
1999-07-19,30.207561492919922,30.93684188474391,30.034837189593187,30.706542813641597,81181600
1999-07-20,28.65302848815918,29.708565371514005,28.34596321300141,29.612607473027204,92287400
1999-07-21,29.07525634765625,29.267172231139128,28.557083462252475,28.748999345735353,54050800
1999-07-22,27.962135314941406,29.017672337811533,27.635878416963365,28.979289173343528,60904200
1999-07-23,27.712648391723633,28.173246425935105,27.53992412889433,28.11567167165867,68833200
1999-07-26,26.9066104888916,27.578316171567213,26.9066104888916,27.290442307563378,50885000
1999-07-27,27.2712459564209,27.559119770176224,27.021755317832955,27.2712459564209,65513000
1999-07-28,27.635879516601562,27.78941218058268,27.136898358662922,27.38638893763224,62215200
1999-07-29,26.695499420166016,27.271247071212013,26.50358353648402,27.232863894475614,57968200
1999-07-30,26.350048065185547,27.213669451153027,26.25409013341138,26.9066040694757,51127400
1999-08-02,26.04298210144043,26.69549602292088,25.908640999959157,26.311664304402967,48050600
1999-08-03,26.023799896240234,26.42682334596077,25.908650339177225,26.369248567429263,55051200
1999-08-04,26.08136749267578,26.772264644799645,26.023792729998796,26.13894225535277,75573400
1999-08-05,26.330854415893555,26.5227702644059,26.023789058273803,26.215704906786147,76634000
1999-08-06,26.138944625854492,26.541968001142997,26.081369857956137,26.426818465346283,67205800
1999-08-09,25.73591423034668,26.350044920407154,25.6975310622179,26.292470168213985,39333600
1999-08-10,25.46723175048828,25.81268025953786,25.064208489930444,25.65914758884916,62743000
1999-08-11,25.8510684967041,26.004601197501156,25.27532086871515,25.79349373390521,66105200
1999-08-12,25.102598190307617,25.85107015469752,25.064215012646596,25.77430379937548,61062000
1999-08-13,26.00459098815918,26.292464689135112,25.409652006142256,25.46722674633744,65099800
1999-08-16,25.889442443847656,26.374029858011596,25.275311859560684,26.11974141295527,57321800
1999-08-17,25.966203689575195,26.25407734467026,25.46722268741041,26.234885767663926,51749000
1999-08-18,26.10055160522461,26.465191664415247,25.81267787428463,25.927827366660622,58361200
1999-08-19,25.73591423034668,26.138937495698865,25.52480680563839,25.96621323911936,71478200
1999-08-20,25.601577758789062,26.03338847810897,25.50561982116242,25.793493634042356,46072800
1999-08-23,26.541969299316406,26.59954407003076,25.75511409955359,25.889455231220413,60447000
1999-08-24,28.307594299316406,28.71061767578125,26.73388397216797,26.73388397216797,120450000
1999-08-25,29.26715660095215,29.478263960040984,28.61464294558666,28.748983992279552,81877600
1999-08-26,29.05605125427246,29.593415478261647,28.768177562849683,29.286350207410685,61246000
1999-08-27,28.63385772705078,29.20960553657593,28.365175415939042,29.19041394292509,41948400
1999-08-30,28.326784133911133,28.69142430907666,28.115676664078464,28.5187000155772,33300800
1999-08-31,28.42273712158203,28.59546138498125,27.674265313518767,28.192438103716412,46882800
1999-09-01,28.365175247192383,28.691432337315707,28.13487612475239,28.34598365365572,36607200
1999-09-02,28.192447662353516,28.422746758301948,27.846999018430875,28.09648970570834,33340800
1999-09-03,29.43988037109375,29.61260457144567,28.710600414052312,28.78736672531983,52098000
1999-09-07,28.940902709960938,29.68937433177027,28.78737006958979,29.13281851042487,47028000
1999-09-08,28.326784133911133,29.075256072408788,28.269209369411318,28.768190661743084,42568200
1999-09-09,28.88333511352539,28.90732459451669,28.187640164777687,28.38435390890635,38475200
1999-09-10,29.17120933532715,29.267167260772304,28.864143973902653,29.19040092041618,34455000
1999-09-13,28.825767517089844,29.113641360469572,28.672234800620657,29.01768341267633,27870800
1999-09-14,29.190397262573242,29.343929924046343,28.748990860838077,28.768182443522214,40207800
1999-09-15,28.44192886352539,29.40150810993313,28.36516252381277,29.32474177022051,48413800
1999-09-16,28.864154815673828,28.883346407971484,27.827808831600432,28.51870615431603,45796000
1999-09-17,29.61261558532715,29.631807170281995,28.806569017223627,28.979293281817238,79773400
1999-09-20,29.95806312561035,30.054021047217045,29.171208168435445,29.478273517576874,48601800
1999-09-21,29.05605125427246,29.6509902165462,28.90251861884698,29.6509902165462,47082800
1999-09-22,29.497482299804688,29.67020665940016,28.768201670401577,29.094458794081916,48531600
1999-09-23,28.000534057617188,29.746969012547392,27.640691690529923,29.746969012547392,71073600
1999-09-24,27.92375946044922,28.0581005712555,27.290437080933874,27.693460413352728,70277000
1999-09-27,28.07729148864746,28.53788957185152,27.90456720744594,28.250015769848982,34132200
1999-09-28,28.288402557373047,28.46112686064059,27.34801468402754,28.01972030784576,46000600
1999-09-29,27.48234748840332,28.288393992951463,27.36719798775359,28.115669741976863,37484400
1999-09-30,27.808609008789062,28.154057567904456,27.271244583498454,27.635884729231368,47455400
1999-10-01,27.631086349487305,27.82780010887765,27.11771141644422,27.693459004903755,44239000
1999-10-04,28.42273712158203,28.441928706404166,27.712648483163036,27.789414822451576,29998000
1999-10-05,28.192447662353516,28.825770176211698,27.482358783179194,28.480321532289054,43397000
1999-10-06,28.768203735351562,28.86416171979236,28.269222216259408,28.345988603812046,35500200
1999-10-07,28.787385940551758,29.190409343719484,28.46112889989217,28.768194349924723,46036400
1999-10-08,29.152021408081055,29.22878775806942,28.288399970711964,28.710614895647964,35697000
1999-10-11,28.96010971069336,29.17121720361425,28.902534939896753,29.05606766202104,19943800
1999-10-12,28.42273712158203,28.960101496601816,28.365162367115627,28.864143572491137,27668600
1999-10-13,27.962135314941406,28.59545752866348,27.731836328133376,28.25000904845144,38098400
1999-10-14,27.84699821472168,28.321990086406284,27.53993276231951,27.904572987047086,42737800
1999-10-15,27.04094886779785,27.57831335913805,26.810649800080622,27.48235541425587,73788000
1999-10-18,26.983360290527344,27.02174344883535,26.119739228597236,26.772252919833317,75312800
1999-10-19,26.503582000732422,27.40558660177111,26.177325017378003,27.09852120567283,69945600
1999-10-20,28.326784133911133,28.36516731024435,27.71265331257973,28.115676664078464,88090600
1999-10-21,28.576271057128906,28.595462642795212,27.78941604481038,27.808607630476686,60801200
1999-10-22,28.461103439331055,28.825743335047367,28.173229837449757,28.7297854677536,43650600
1999-10-25,28.38435935974121,28.729807952354694,27.981336001692146,28.250018240391523,30492200
1999-10-26,28.365175247192383,29.24798854987902,28.33158995850322,28.979306240365695,52467600
1999-10-27,27.904573440551758,28.1348725335962,27.539933209898056,28.09648935142213,54416600
1999-10-28,27.59751319885254,27.90457871427788,27.424788846425784,27.635896388280706,70570400
1999-10-29,28.42273712158203,28.864143572491137,28.019713840317195,28.077288594783603,79452600
1999-11-01,28.365175247192383,28.921731459755698,28.288408873045718,28.633857556705706,53261200
1999-11-02,28.42273712158203,29.01767625106822,28.230821273360682,28.48031187604844,46349000
1999-11-03,28.25002098083496,28.71061914900075,28.096488258113034,28.53789483593858,44517000
1999-11-04,28.173242568969727,28.480307883072943,27.731836179946363,28.345966808152784,54239400
1999-11-05,28.115671157836914,28.518694430406587,27.789414222899556,28.192437495469232,70167400
1999-11-08,27.6166934967041,27.866184125930754,25.90864226584471,26.04298337388983,243819200
1999-11-09,27.290428161621094,27.597493457391796,26.541956503180007,27.559110295420457,109769800
1999-11-10,26.753068923950195,27.367199630956225,26.541961493416874,27.060134277453212,69385400
1999-11-11,27.520736694335938,27.770227333824337,27.09852176597095,27.09852176597095,69274600
1999-11-12,27.38638687133789,27.635877431483223,26.73387309865009,27.559111105284657,49414200
1999-11-15,26.714691162109375,27.17528928559402,26.695499573630848,27.09852293167991,47080400
1999-11-16,26.81063461303711,26.944975659773874,26.36922831661631,26.6954851444056,59165200
1999-11-17,26.10055160522461,26.733873813292558,26.10055160522461,26.541957992665907,66819000
1999-11-18,26.08136749267578,26.35004971850173,25.94702637976281,26.081367492675785,64493200
1999-11-19,26.407630920410156,26.580355250558185,25.90864952220473,25.9278411144434,58226000
1999-11-22,27.57830238342285,27.751026615469343,27.156087593975876,27.520727639407355,90596600
1999-11-23,27.520736694335938,28.058101148618647,27.136904941276857,27.40558716841821,70787400
1999-11-24,28.154054641723633,28.326778903329302,27.482349179923823,27.50154076454667,53771000
1999-11-26,27.98133087158203,28.67222793013961,27.942947701662163,28.134863551261493,28514200
1999-11-29,27.693462371826172,28.269210030284096,27.482354897058265,27.674270783210908,51460200
1999-11-30,27.95734214782715,28.51869602311388,27.501541992679805,27.559116749119468,64145600
1999-12-01,28.61467170715332,28.84497087582256,27.90458260375649,27.9621573959238,48864200
1999-12-02,29.113624572753906,29.247965622199704,28.51868563949394,28.57626037497071,55473800
1999-12-03,29.516666412353516,29.82373186267709,29.39671897082087,29.420708459127397,64100600
1999-12-06,29.305553436279297,29.842917873879703,29.094445978650565,29.247978675107824,49098200
1999-12-07,28.557090759277344,29.132838556843417,28.51870757277294,29.094455370339013,56859200
1999-12-08,28.173242568969727,28.96009743635921,28.15405098683828,28.595457375861645,40955800
1999-12-09,28.480304718017578,28.65302893800556,28.077281538045632,28.25000575803361,46258200
1999-12-10,28.825767517089844,28.902533875324437,28.326786188564988,28.672234800620657,36836000
1999-12-13,29.670204162597656,29.766162132075653,28.48032534107045,28.744209757134954,52691600
1999-12-14,30.30352020263672,31.05199220257518,29.267174356568077,29.53585661295624,144116200
1999-12-15,33.29740905761719,33.39336700879188,30.245946210262066,30.265137800497005,155571600
1999-12-16,34.909481048583984,35.31250419427957,33.45092109273331,33.54687898456559,128660200
1999-12-17,35.389286041259766,35.965033644967896,34.89030478471272,35.81150095064573,105898800
1999-12-20,34.62161636352539,35.312513364127895,34.14182677977365,35.25493861407768,39433800
1999-12-21,35.58120346069336,35.81150251221889,33.969110100014696,34.50647455357425,57446000
1999-12-22,36.099365234375,36.233706306485914,35.35089354689992,35.71073570433986,38565200
1999-12-23,36.06098937988281,36.617545362861314,35.84988193806338,36.00341462302297,31028400
1999-12-27,36.579166412353516,36.61754958802231,35.65797019630264,36.36805894617519,32202200
1999-12-28,36.080204010009766,36.48322756544073,35.94586282486611,36.46403596756306,24591000
1999-12-29,36.21451950073242,36.34886059056026,35.86907098403227,35.90745415255451,17449200
1999-12-30,36.11857604980469,36.82866495195282,35.96504331420509,36.195342417604486,22360000
1999-12-31,35.84988784790039,36.15695326843915,35.696355137631016,36.080186913304466,12517600
2000-01-03,35.79230499267578,36.425627279409454,34.39131932808311,36.04179559047995,53228400
2000-01-04,34.583251953125,35.96504670374931,34.46810239057297,34.871125859505064,54119000
2000-01-05,34.94788360595703,35.734738755789124,33.58528078551609,34.12264527808435,64059600
2000-01-06,33.77720642089844,34.96708528345282,33.27822496240789,34.44891223040494,54976600
2000-01-07,34.21860122680664,34.46809186951471,32.95195642536567,33.35497977127871,62013600
2000-01-10,34.46809387207031,34.90950041942979,34.1994116258515,34.83273406336727,44963600
2000-01-11,33.58526611328125,35.08220940290178,33.37415872628348,34.23777985491071,46743600
2000-01-12,32.49135971069336,33.43174755819718,32.06914475875286,33.31659802584977,66532400
2000-01-13,33.10548782348633,33.35497845635898,31.167137521937274,32.04995053056358,83144000
2000-01-14,34.46809387207031,34.986266775492304,32.47216861444486,32.91357516180434,73416400
2000-01-18,35.408485412597656,35.773125641778876,34.314564725053984,34.33375631606353,81483600
2000-01-19,32.85599899291992,34.23779334308945,32.54893358177114,33.930727931940666,97568200
2000-01-20,32.54890823364258,33.68121105544972,32.51052508714064,32.87516497890905,56349800
2000-01-21,31.858022689819336,32.9327511661024,31.70449005035033,32.855984846367896,68416200
2000-01-24,31.090377807617188,32.45298078560535,30.9560366689423,31.872435150617434,63597600
2000-01-25,31.570161819458008,31.896418810905296,30.572199257383957,31.013605775224406,59823200
2000-01-26,30.514623641967773,31.78126839691738,30.43785729318295,31.455011414581875,49365000
2000-01-27,30.322689056396484,31.07116049513032,29.862091247944893,30.672935306573216,63654800
2000-01-28,30.169166564941406,30.783297182039448,29.862101256392382,30.130783401372774,58225400
2000-01-31,30.054033279418945,30.1499912400812,29.132836857061275,29.97726691088914,73194200
2000-02-01,31.608535766601562,31.704493677246983,29.996442867758496,30.24593343543659,70196600
2000-02-02,30.956024169921875,31.915603344438985,30.860066252470165,31.455005340670773,49915600
2000-02-03,31.819637298583984,31.99236150587425,30.744908897666793,31.33984783388881,49186000
2000-02-04,32.72166061401367,33.1630671794813,31.977986509149726,32.049954970910754,55365400
2000-02-07,32.740848541259766,32.817614891884055,32.01156821032901,32.79842330422798,40005800
2000-02-08,33.75799560546875,33.777187189098925,32.68326692217924,32.68326692217924,56229000
2000-02-09,31.934799194335938,33.60446718105903,31.89641602222736,33.60446718105903,55090000
2000-02-10,32.54890823364258,32.7216323929013,31.474180131588344,31.901192636422394,54527800
2000-02-11,30.687345504760742,32.203480773601335,30.4378548909009,32.203480773601335,115559000
2000-02-14,30.59139060974121,31.24390458761524,30.41866632148044,31.085573990042867,81028600
2000-02-15,30.265121459960938,30.706527797043435,30.130780400848874,30.62976147755083,71027600
2000-02-16,29.977252960205078,30.764107871452456,29.82372029459583,30.476234123435123,65202600
2000-02-17,30.59139060974121,30.610582197325744,29.828525003256136,30.24594203321967,80343400
2000-02-18,29.190397262573242,30.725723877304247,29.13282251452083,30.70653229462011,79063000
2000-02-22,28.806568145751953,29.823722117587298,28.499502795763924,29.20959141761124,66296200
2000-02-23,28.940902709960938,29.401500631074374,28.269197408337174,28.710603749404218,75847200
2000-02-24,29.09444236755371,29.439890891706725,28.25001264184635,28.940909690152374,69733200
2000-02-25,28.038896560668945,29.08003970811336,27.789406036857383,29.07524181342468,65301400
2000-02-28,28.115671157836914,28.28839541750963,27.060134015392524,27.712647885267238,76131800
2000-02-29,27.4439754486084,28.173255915074915,27.29044271882597,28.173255915074915,58437400
2000-03-01,27.88536834716797,28.892926391370526,27.309620893337936,27.520728293075614,106889800
2000-03-02,28.67222785949707,29.286358576701826,27.98133080264172,28.192438236680854,106932600
2000-03-03,29.516666412353516,30.361096400743342,28.825769149125474,29.094451418158602,101435200
2000-03-06,27.827808380126953,29.900500314646752,27.674275644236598,29.478285290948275,93609400
2000-03-07,28.51870346069336,29.93888115658253,28.230829603418524,29.516666165912774,135061000
2000-03-08,29.343929290771484,29.5358451134711,27.942943785064276,28.806564987212553,94290000
2000-03-09,30.706541061401367,30.706541061401367,29.171214008331297,29.267171949148178,88198800
2000-03-10,31.013601303100586,31.47419934225555,30.55300326394563,30.572194848910417,85589000
2000-03-13,30.092418670654297,30.783316038092792,29.938885922334634,29.97726910941455,61831800
2000-03-14,29.209598541259766,30.476243418870244,29.20959854125977,30.284327528323203,73489200
2000-03-15,29.286365509033203,29.67019729814242,28.76819259373576,29.036874846112212,53208000
2000-03-16,29.286365509033203,29.68938888759788,28.633851467547533,29.459089814132348,77300800
2000-03-17,30.514623641967773,30.55300681636019,29.017679840663696,29.24797888701817,81161600
2000-03-20,29.90049171447754,30.629772000196503,29.631809503949498,30.322706616735886,47773000
2000-03-21,31.550966262817383,31.666115774725476,29.63180773101584,29.708574072287902,81648800
2000-03-22,31.704492568969727,32.43377266438186,31.051978799390444,31.570151498762225,93975800
2000-03-23,34.35293197631836,34.65999729007316,32.740839079105655,32.79841382543468,148224000
2000-03-24,34.29534912109375,35.312502732407665,33.64283548364709,34.58322278467316,112196800
2000-03-27,31.953990936279297,33.23982720818963,31.915607763983463,33.09109241554329,111434000
2000-03-28,32.03076171875,32.99034115909601,31.43582246573547,31.819654241873874,81114400
2000-03-29,32.91356658935547,33.45093094183474,32.280244316790615,32.29943590080773,64363800
2000-03-30,31.742877960205078,33.35497091586241,31.474195800928857,32.60649918645008,64178400
2000-03-31,32.62569046020508,33.239821104161884,31.97317665100098,32.54892412971048,64281400
2000-04-03,27.904573440551758,29.631816638385086,27.63589116533324,28.998494132512864,260118200
2000-04-04,27.194469451904297,28.250006374878705,26.081357787676737,28.11566531195469,181244400
2000-04-05,26.52277946472168,27.175293576010056,26.369246732653824,27.09852720997613,82887600
2000-04-06,26.407630920410156,27.021761872047602,26.182129711605782,26.98337868757026,66421400
2000-04-07,27.3480167388916,27.443974692361397,26.100563343784266,26.714694245990955,82613600
2000-04-10,26.42681121826172,27.21366616375826,26.40761963422522,27.21366616375826,60685400
2000-04-11,25.755111694335938,26.42681728994082,25.63996216366081,26.138943463253014,71961800
2000-04-12,24.37331771850586,25.256130801223396,24.18140183095857,25.21774762371394,153003800
2000-04-13,24.33493423461914,25.256130483248256,24.258167880566713,24.83391553595991,94316200
2000-04-14,22.76123046875,24.411707551644184,22.492548152930016,24.296557987721332,151217800
2000-04-17,23.298582077026367,23.336965243545354,22.415769247089617,22.79960091227951,119772200
2000-04-18,24.73794937133789,25.160164178296334,23.29858071125229,23.490496532597035,91794600
2000-04-19,24.162216186523438,25.025837892951994,23.989491845237726,25.006646299475804,53715400
2000-04-20,24.238969802856445,24.526843553484195,23.79756338522723,24.143011885980528,52387400
2000-04-24,20.45822525024414,20.88044003026794,19.95924414657965,20.650141059345867,313645800
2000-04-25,21.302663803100586,21.34104698112419,20.765299310770118,21.11074791298256,159517400
2000-04-26,20.880455017089844,21.840034751331103,20.688539070241593,21.49458604700425,107091200
2000-04-27,21.4370059967041,21.475389176644484,20.688533987866627,20.70772557783682,77669800
2000-04-28,21.41781234741211,21.801644109910537,20.957214232414,21.72487775741085,78082600
2000-05-01,22.55011749267578,22.722841796875,22.012752990722657,22.377393188476564,107811000
2000-05-02,21.456193923950195,22.569305952205212,21.341044403785883,22.35819849857064,97716200
2000-05-03,21.66729736328125,21.74406369583495,21.129933035405365,21.60972261386598,55354800
2000-05-04,21.628923416137695,21.878414103280367,21.283474772401693,21.590540233500363,43317200
2000-05-05,21.840028762817383,22.051136246465003,21.456196974367167,21.57134651090223,36402200
2000-05-08,21.4370059967041,21.916795745958893,21.39862281676372,21.782454616167552,36187600
2000-05-09,20.822885513305664,21.62893269446588,20.726927515548496,21.552166296260147,60778400
2000-05-10,20.323898315429688,20.842071360299,20.189557155648753,20.80368817179016,67740000
2000-05-11,20.842060089111328,20.9188264246145,20.189546237334362,20.458228411595467,58390800
2000-05-12,21.129940032958984,21.417813875369866,20.95721572751245,21.014790495994628,37886000
2000-05-15,21.302663803100586,21.321855392112386,20.880448844840934,21.18751426902977,33899600
2000-05-16,21.341035842895508,21.686484264812883,21.206694789927642,21.36022742189092,48410600
2000-05-17,20.78449249267578,21.225899073776006,20.650151359297453,21.14913271184553,53242000
2000-05-18,20.323898315429688,20.899646143062256,20.22794034415759,20.899646143062256,53640400
2000-05-19,19.97844696044922,20.2471292442593,19.805722635142743,20.07440491895282,66578000
2000-05-22,19.709766387939453,20.036023475178958,19.172401773662624,19.9976402884449,69955000
2000-05-23,19.402692794799805,20.131973038323437,19.364309624088033,19.61380023371454,57963200
2000-05-24,20.13197135925293,20.439036699336864,19.34511642528785,19.38349959279834,85482400
2000-05-25,18.8845272064209,19.882490026272407,18.769377650284184,19.82491524820405,94348800
2000-05-26,18.865327835083008,19.229967945832325,18.53907089388625,19.057243682845804,55822000
2000-05-30,19.46027374267578,19.69057284022224,19.038058730507274,19.17239987074271,68536400
2000-05-31,19.210779190063477,19.56102566380839,19.057246489243788,19.541834076205927,54968200
2000-06-01,19.824909210205078,20.266315707624937,19.594610168072975,19.767334449672052,94507200
2000-06-02,20.362272262573242,20.49661336138381,19.95924896614154,20.26631433485141,80463200
2000-06-05,20.53499984741211,20.995597974830698,20.266317606417932,20.271115503578542,64400000
2000-06-06,21.379430770874023,21.456197129117736,20.822874673607107,20.938024210972674,99019000
2000-06-07,21.648113250732422,21.724879609777574,20.611767403622892,21.26428145550667,76310600
2000-06-08,21.129940032958984,22.14709427614411,20.95721572751245,21.97436997069758,94765600
2000-06-09,21.129940032958984,21.39862228587581,20.97640731700651,21.37943069638175,35710200
2000-06-12,20.53499984741211,21.187513861255113,20.38146713827258,21.187513861255113,49260600
2000-06-13,20.842060089111328,20.880443256862915,20.30469574058912,20.496611579347054,44289200
2000-06-14,21.648113250732422,21.801645968822722,21.34104781455182,21.437005763358258,79992400
2000-06-15,22.223861694335938,22.31981964638402,21.686497162866676,21.744071934095523,65592600
2000-06-16,22.281431198120117,22.454155470973763,21.95517423828546,22.300622783992747,68710600
2000-06-19,22.626874923706055,22.66525808727468,22.10870221552958,22.281426451588402,46604800
2000-06-20,23.010719299316406,23.106677261365263,22.64607904353074,22.684462228350284,62275000
2000-06-21,24.776336669921875,25.236934718007177,23.62484154970862,23.644033135045508,160399600
2000-06-22,24.526836395263672,25.17935003958211,24.354112195297027,24.987434261841393,87315200
2000-06-23,23.85513687133789,24.584417000952403,23.644029465396844,24.54603383623585,49811600
2000-06-26,24.411693572998047,24.603609402974445,23.797562917073567,23.797562917073567,48287000
2000-06-27,24.200584411621094,24.603607625454593,24.06624334034326,24.334925482898925,31071200
2000-06-28,24.238969802856445,24.584418303609745,24.143011885980528,24.258161386231627,37459200
2000-06-29,23.701614379882812,24.23897891643076,23.663231198700814,24.02787141992978,38449000
2000-06-30,24.565229415893555,24.565229415893555,23.548075385391712,23.663224898278713,52356400
2000-07-03,24.565229415893555,24.58442100137472,24.373313561081886,24.46927148848772,15734800
2000-07-05,24.104625701904297,24.526840483307076,24.02785937801288,24.526840483307076,34824400
2000-07-06,24.85310935974121,25.083408442611397,24.104637340413095,24.21978688184819,47873200
2000-07-07,25.17936134338379,25.44804355284063,24.737954856418984,24.953860203303943,54153200
2000-07-10,24.392501831054688,24.968249317232218,24.373310248182104,24.776333488506374,52689800
2000-07-11,24.296554565429688,24.7187695736757,24.10463865259059,24.200596609010137,37164800
2000-07-12,24.66118812561035,24.872295572600013,23.701608821111897,24.02786578464137,58370200
2000-07-13,24.546035766601562,24.565227350469115,23.759180828031848,24.20058725698559,80843200
2000-07-14,24.238969802856445,24.488460386733827,24.08543713585498,24.411694053233095,51180600
2000-07-17,24.0086669921875,24.4308817594362,23.797559608563148,24.027858572516987,53992800
2000-07-18,24.104625701904297,24.411690997469954,23.77836882536578,23.835943568284343,70617200
2000-07-19,22.45415687561035,23.797567970732338,22.358198940244495,23.356161468049397,139924600
2000-07-20,22.972333908081055,23.10667504204644,22.45416096278599,22.55011891561841,54690600
2000-07-21,22.204668045043945,23.029906356138927,22.070326924633136,22.95314000161846,56100600
2000-07-24,21.66729736328125,22.147086941741865,21.494573115035433,22.12789535860344,56165600
2000-07-25,21.18750762939453,21.801638285319008,20.99559179941813,21.744063536326088,64188600
2000-07-26,20.822885513305664,21.341058701194378,20.65016111734276,21.20671750433434,85404600
2000-07-27,21.302663803100586,21.532962871242212,20.726916132746513,20.84206566681733,74337600
2000-07-28,21.398618698120117,22.051132631515706,21.379427111843775,21.782450423646935,75645600
2000-07-31,21.4370059967041,21.840029386078125,21.264281686972378,21.55215553652525,70283800
2000-08-01,21.091548919677734,21.513763729716782,20.93801626148172,21.475380565167775,47163600
2000-08-02,21.302663803100586,21.628920816301225,21.033981556935352,21.053173145947156,48269200
2000-08-03,21.57133674621582,21.609719907685953,20.918823001223526,20.938014581958594,54543400
2000-08-04,21.22589874267578,21.456197824874796,20.938024889927014,21.321856693592036,38107400
2000-08-07,21.494579315185547,21.84002791132246,21.417812960488455,21.552154081208364,52741800
2000-08-08,22.76123046875,22.933954814634276,21.49458526559865,21.513776859585793,138038800
2000-08-09,22.799604415893555,22.991520277980204,22.454155864137594,22.64607172622424,63945600
2000-08-10,22.300626754760742,22.7420333084264,22.031944504703382,22.665266951267157,48986000
2000-08-11,22.24304962158203,22.319815970578,21.993558987345132,22.24304962158203,35629600
2000-08-14,22.166278839111328,22.530918923910562,21.91678825477501,22.2046620059323,53427000
2000-08-15,21.993560791015625,22.415775745118893,21.955177613369873,22.108710323952877,40714200
2000-08-16,21.80164337158203,22.185475121081716,21.66730225925714,22.07032559623181,44976200
2000-08-17,21.974369049072266,22.108710169896288,21.66730363004593,21.840027928248244,36112800
2000-08-18,21.80164337158203,21.93598448390692,21.494577971982284,21.840026546532002,54438800
2000-08-21,21.686492919921875,21.744067679886268,21.51376864002869,21.705684506576674,34119600
2000-08-22,21.878408432006836,22.243048572540282,21.561747257333053,21.744067327599776,54428200
2000-08-23,21.72488021850586,21.840029760300062,21.60973067671166,21.744071808804893,36726800
2000-08-24,21.840028762817383,21.859220352239895,21.47538856378968,21.6864960474373,42405400
2000-08-25,21.686492919921875,22.012749893053442,21.667301333267076,21.705684506576674,52729400
2000-08-28,21.897602081298828,22.14709272727331,21.532961906413046,21.55215349456493,56421600
2000-08-29,21.782453536987305,22.339009618549095,21.763261947967933,21.859219893064793,59400200
2000-08-30,21.494579315185547,21.78245314529964,21.398621371814183,21.70568679060255,53498800
2000-08-31,21.4370059967041,22.10871164566081,21.39862281676372,21.76326302619736,72575400
2000-09-01,21.552148818969727,21.686489906888507,21.39861614706255,21.494574067004535,37629800
2000-09-05,21.532958984375,21.705683254303143,21.437001056637143,21.49457581327986,50755200
2000-09-06,21.321847915649414,21.705679561295668,21.28346475108479,21.51376373847254,62960800
2000-09-07,21.51375961303711,22.12789012830668,21.32184382701537,21.494568034434938,111711200
2000-09-08,21.283466339111328,21.76325593196776,21.24508317168281,21.609723262253702,56709600
2000-09-11,21.129940032958984,21.39862228587581,20.899640959030275,21.225897980429277,48495200
2000-09-12,20.91883087158203,21.283471042738046,20.76529816793739,21.110746751137828,46781200
2000-09-13,20.95720863342285,21.11074129740397,20.63095172246297,20.74610122044881,40744800
2000-09-14,20.20873260498047,21.110736814319576,20.17034944713625,21.09154523539747,78503000
2000-09-15,19.709766387939453,20.151173035381134,19.441084080801037,20.093598255280046,99915200
2000-09-18,19.345121383666992,19.844102689198085,19.095630730901448,19.72895315715245,69037800
2000-09-19,19.959243774414062,20.189542741041915,19.46026268005371,19.537029002262994,79311200
2000-09-20,19.728952407836914,19.959251463181314,19.40269541276568,19.92086828729058,67791400
2000-09-21,19.709766387939453,19.9976402884449,19.51785045426916,19.652191607838365,48952200
2000-09-22,19.421890258789062,19.498656623448305,18.730992976855852,18.769376159185477,84476600
2000-09-25,18.807750701904297,19.49864766646405,18.558260131368833,19.42188133706852,53484200
2000-09-26,19.249162673950195,20.227933657371395,18.558265509182295,18.71179821246405,155704800
2000-09-27,18.615842819213867,19.517847574371654,18.366352142255334,19.47946439330111,106155600
2000-09-28,18.826953887939453,18.999678235535228,18.61584635198906,18.673421134520986,52360400
2000-09-29,18.519878387451172,18.82694372859026,18.001705624278962,18.730985809484295,74053600
2000-10-02,18.15523910522461,18.673411891525944,17.886556919735025,18.57745396813681,58562400
2000-10-03,17.368389129638672,18.366351819960453,17.349197539440176,18.289585459166467,85374000
2000-10-04,17.022932052612305,17.36838050463826,16.735058342590676,17.310805762633933,136453400
2000-10-05,17.00374412536621,17.579491669114503,16.96536095578299,17.04212729494943,81099400
2000-10-06,17.061317443847656,17.425957524199855,16.811826862554046,17.138083776553383,61794000
2000-10-09,16.63910484313965,17.118894486828797,16.274464713935895,17.080511315333666,58323600
2000-10-10,16.75425148010254,17.061316799325496,16.52395249068532,16.562335655588193,62066200
2000-10-11,17.118894577026367,17.48353470815137,16.581530173263207,16.581530173263207,101205800
2000-10-12,16.696670532226562,17.464333545202496,16.523946354306975,17.291609367282913,90219600
2000-10-13,16.50476837158203,16.85021701191747,16.00578700220862,16.543151553841525,104521200
2000-10-16,15.46841812133789,16.523955338054495,15.218927506477602,16.427997409262076,119759000
2000-10-17,15.487616539001465,16.101747554178722,15.430041756328595,15.929023206160117,81276600
2000-10-18,15.890634536743164,16.351232639257457,14.873480393690762,15.238120558181246,110536400
2000-10-19,18.999670028686523,19.095627958124336,17.809791703657673,17.944132804870605,256993200
2000-10-20,20.016820907592773,20.30469465027148,18.769368022651708,18.82694277118745,160378600
2000-10-23,19.076438903808594,20.343083740479987,18.635032369817047,19.844102441185196,185170400
2000-10-24,18.8845272064209,19.325933838278296,18.481503759942402,19.229975874831034,94427400
2000-10-25,18.807750701904297,19.479456084115164,18.558260131368833,19.018858107742,167603800
2000-10-26,19.786521911621094,19.978437740055828,18.673410106699635,18.730984855230055,114826600
2000-10-27,20.78449249267578,21.245090664258623,19.84410455902748,19.863296149510095,124292400
2000-10-30,21.206707000732422,21.53296403151292,20.688534069492803,20.726917249584627,110057600
2000-10-31,21.149131774902344,21.34104767122632,20.880449520048774,21.18751495416714,104474000
2000-11-01,21.379430770874023,21.51377189780052,21.014790569216387,21.033982158777317,81309400
2000-11-02,21.59052848815918,21.753656925625272,21.37942109849718,21.609720069037543,77985200
2000-11-03,20.95720863342285,21.37942345937093,20.89963388442993,21.26427396138509,68711000
2000-11-06,21.341035842895508,21.532951632849606,20.957204262987318,21.091545315955184,74851400
2000-11-07,21.648113250732422,22.07032822548075,21.34104781455182,21.41781417359697,104331200
2000-11-08,21.321847915649414,22.22385228291811,20.88044152315622,21.840020637271856,206149400
2000-11-09,21.76325798034668,21.897599078990794,21.01478614504375,21.033977730564338,91058600
2000-11-10,20.688526153564453,21.5905305405937,20.515801909239705,21.4753810443772,93744400
2000-11-13,20.400657653808594,20.918830519897806,19.77693105573825,20.477424004340328,83364800
2000-11-14,21.129940032958984,21.437005464863926,20.669341885101566,20.880449369536215,84218600
2000-11-15,21.51375961303711,21.763250134865373,21.091544883789282,21.206694355402327,60422200
2000-11-16,21.168325424194336,21.955180675682975,21.168325424194336,21.321858156192118,92128600
2000-11-17,21.206707000732422,21.494580851421095,20.818077302302708,21.32185654100789,106525600
2000-11-20,20.630952835083008,21.033976099768353,20.13197165023449,20.91882659557254,80157200
2000-11-21,20.80367660522461,21.264274611244343,20.68852710371968,20.68852710371968,59487600
2000-11-22,20.95720863342285,21.34104029337565,20.266311645507812,20.28550322850545,76343200
2000-11-24,21.475385665893555,21.628918360555886,21.033979168739354,21.187511863401685,34439200
2000-11-27,21.7056827545166,22.185472382158437,21.686491169410928,21.935981775784683,85307600
2000-11-28,20.573375701904297,21.417805301609324,20.51580095646986,21.302655810740454,127446200
2000-11-29,19.97844696044922,20.61176948657297,19.42189080112835,20.51581152806937,98280400
2000-11-30,17.617876052856445,19.05724501142315,17.50272653617111,19.038053425308927,197200800
2000-12-01,17.387575149536133,18.615836528752816,17.21485089308379,17.82898158269213,109809800
2000-12-04,17.330005645751953,18.116860830110568,16.946173848503847,17.579496313963222,80407200
2000-12-05,18.385543823242188,18.57745972953908,17.88656246687027,18.174436326315607,101734400
2000-12-06,17.406766891479492,18.443112439594035,17.214851049236056,18.423920855369694,90560800
2000-12-07,16.31284523010254,16.581527386833642,16.04416307337144,16.40880314322079,145308400
2000-12-08,16.715869903564453,17.157276341890494,16.40880455516373,16.77344465638959,120939800
2000-12-11,17.828989028930664,18.040096541652122,16.888601017716883,17.04213375424158,95576200
2000-12-12,17.924943923950195,18.423925232325683,17.425962615574708,17.752219624897144,63106000
2000-12-13,17.579492568969727,18.577455029216917,17.44515146855184,18.577455029216917,98360400
2000-12-14,17.042137145996094,18.03530223305161,17.003753954225832,17.79060938551619,71201400
2000-12-15,15.103780746459961,15.96740226309363,14.662374193513863,15.674730526901108,116899800
2000-12-18,14.681565284729004,15.353270885991115,14.432074632831648,15.046205468271294,107187400
2000-12-19,13.760368347167969,14.739139317468618,13.664410408903198,14.566415028592033,120271800
2000-12-20,12.743212699890137,13.51087611554617,12.704829529107336,13.146235993109554,149037800
2000-12-21,13.33814811706543,13.856320777728403,12.3785691158377,12.512910176009582,163173000
2000-12-22,14.25935173034668,14.470459225681555,13.74117878725198,13.74117878725198,109551800
2000-12-26,14.393692970275879,14.91186591720581,14.086627520243328,14.393692970275879,66941600
2000-12-27,14.25935173034668,14.374501273256612,13.817945149191937,14.163393777921735,69003800
2000-12-28,13.683598518371582,14.201771253288879,13.47249110784972,13.856322763344014,77619200
2000-12-29,13.318963050842285,14.067435037849272,13.203813514379672,13.491687355536206,99977600
2001-01-02,13.318963050842285,13.81794437551361,13.165430335558801,13.549262123767512,82413200
2001-01-03,14.719940185546875,15.007813852800073,13.242188693647122,13.261380271464002,135962200
2001-01-04,14.873475074768066,15.506797239242061,14.39368555622716,14.681559267351703,112397000
2001-01-05,15.084583282470703,15.314882263882469,14.604793737862854,14.892667464627563,93414600
2001-01-08,15.027016639709473,15.27650733743134,14.33611932294122,15.02701663970947,79817600
2001-01-09,15.909818649291992,16.159309170933483,15.276496555894362,15.35326287024559,114965400
2001-01-10,16.2360782623291,16.52395199038458,15.58356447873668,15.660330806218141,90230200
2001-01-11,16.88860321044922,17.118902345137162,16.063364644484086,16.2744721846147,101854800
2001-01-12,16.42799949645996,16.888597613183137,16.120934085311177,16.85021443678954,73712000
2001-01-16,16.140127182006836,16.42800103186427,15.698720612225435,16.38961785188328,68462400
2001-01-17,16.25527572631836,16.85021497958385,16.140126193428266,16.466383203283534,72844200
2001-01-18,17.042137145996094,17.25324470073253,16.15932373528008,16.4855808653273,109788800
2001-01-19,18.730989456176758,18.865330569079664,18.07847547921978,18.423924055255824,209348800
2001-01-22,18.462303161621094,18.73098532821433,18.1168546617155,18.654218994901978,76673000
2001-01-23,18.59664535522461,18.711794862068103,18.09766415890279,18.347154757063702,70295200
2001-01-24,19.325929641723633,19.479462349900185,18.65422404345121,18.730990397539486,110455000
2001-01-25,18.9804744720459,19.652179837588474,18.903708144555317,19.268348200135573,85657400
2001-01-26,19.652179718017578,19.74813762679696,18.730983793735504,18.730983793735504,93080000
2001-01-29,19.805715560913086,19.844098730604777,19.498650203379547,19.517841788225393,84983800
2001-01-30,19.46027374267578,19.882488754844292,19.306741010978143,19.80572238899547,57276800
2001-01-31,18.75017738342285,19.57541548729919,18.730985799611773,19.345116481566258,81898800
2001-02-01,19.15320587158203,19.229972227780756,18.539075021992225,18.673416145339996,71792800
2001-02-02,18.673416137695312,19.46027128841012,18.654224548653488,19.191589041824578,71100000
2001-02-05,19.01885986328125,19.05724303152198,18.50068709203141,18.654219764994323,51399200
2001-02-06,19.210779190063477,19.594610942112695,18.942096963629023,19.057246489243788,96442000
2001-02-07,19.86328887939453,19.978438380144645,18.980476040310332,19.038050790685386,126061800
2001-02-08,19.11481475830078,19.80571167727551,19.038048433970257,19.575412704283934,88041200
2001-02-09,18.15523910522461,18.90371090765987,17.963323258446337,18.826944568948562,100575200
2001-02-12,18.040102005004883,18.251209581659193,17.560312058063264,18.059293602882548,71289400
2001-02-13,17.867368698120117,18.750181759466546,17.84817710982998,18.308775228793333,76070600
2001-02-14,17.924943923950195,18.116859811786924,17.310813082872674,17.694644858546127,61728400
2001-02-15,18.059288024902344,18.48150304780123,17.771414145653104,18.11686280075219,65627800
2001-02-16,17.598684310913086,17.88655810007742,17.234044177971594,17.50272638119164,66958400
2001-02-20,17.157272338867188,17.88655237116803,17.003739700488065,17.61787025400456,60730800
2001-02-21,17.272430419921875,17.828986511230468,16.946173400878905,16.965364990234374,63947200
2001-02-22,16.946176528930664,17.445157944278566,16.543153078072745,17.291625201094597,100816400
2001-02-23,17.425960540771484,17.656259578755247,16.67748866732425,16.715871840321544,92620600
2001-02-26,18.289583206176758,18.404732733183117,17.617877631972995,17.69464398331057,87936800
2001-02-27,18.232009887695312,18.788565979003906,18.01610450744629,18.232009887695312,99148600
2001-02-28,18.116853713989258,18.447908509080694,17.867363143775425,18.28957795490653,84608400
2001-03-01,18.227205276489258,18.270386336633614,17.272424057741862,17.982512602337916,81781600
2001-03-02,17.406766891479492,17.84817332863939,17.330000554582117,17.656257486395955,79800800
2001-03-05,17.63705825805664,18.001698200279794,17.368376195365897,17.579483530337196,49383600
2001-03-06,18.251205444335938,18.42392978608044,17.924948354374095,18.001714728482764,66781800
2001-03-07,18.635028839111328,18.769369932699153,18.212813973549586,18.385538236733936,59743600
2001-03-08,18.193632125854492,18.60625141984803,17.944141389951426,18.51988924203543,54626000
2001-03-09,17.406766891479492,17.867364912863735,16.850210948973533,17.79059857596636,103794400
2001-03-12,15.94820499420166,16.88859253296927,15.852247082082517,16.792634620850123,114376000
2001-03-13,16.63910484313965,16.81182911486774,15.967399341974842,16.02497409921754,91035600
2001-03-14,16.581533432006836,16.965365224414402,16.024977333015865,16.120935281117756,90686200
2001-03-15,16.485572814941406,17.219650999075878,16.42799805540145,16.984554064287714,71638400
2001-03-16,16.75425148010254,16.92697572216545,16.116131363592334,16.12092925920519,112848800
2001-03-19,16.677486419677734,17.04212651400901,16.312846325346463,16.73506117141425,61036400
2001-03-20,16.17850685119629,17.234044071618346,16.15931526537043,16.754254425971958,91822800
2001-03-21,15.372464179992676,16.351235307557754,15.276506226309825,16.04416985577263,124988600
2001-03-22,16.581533432006836,16.600725021627213,15.506804413265652,15.52599600288603,126363200
2001-03-23,17.368389129638672,17.50273026102814,16.69668347269132,16.869407784477783,99519600
2001-03-26,17.214845657348633,17.65625195625501,17.06131303164207,17.541102486975085,63118600
2001-03-27,17.886560440063477,17.982518382338498,17.157280078773336,17.214854844138348,95135600
2001-03-28,17.061317443847656,17.790597604552055,17.003742694318362,17.61787335596417,78681600
2001-03-29,17.00374412536621,17.560300084322893,16.754253523075285,17.00374412536621,86985000
2001-03-30,16.792633056640625,17.25323099190848,16.543142508370536,17.118889927455356,91201600
2001-04-02,17.138090133666992,17.48353875898167,16.773449918057057,16.831024688942836,75924000
2001-04-03,16.389617919921875,16.984557212097027,16.197702019220216,16.984557212097027,94187600
2001-04-04,15.94820499420166,16.88859253296927,15.67952284026806,16.38961138994972,104046600
2001-04-05,17.425960540771484,17.617876405757954,16.42799804284184,16.504764388836428,113364000
2001-04-06,17.253232955932617,17.56029828106601,16.907784465157548,17.310807704395128,92622000
2001-04-09,17.54878807067871,17.631694697843393,17.09126010948471,17.370689576505,56295600
2001-04-10,18.325672149658203,18.45156897852321,17.742247135096207,17.794448887795514,109199400
2001-04-11,18.436206817626953,18.88452201856698,18.33180453522269,18.623516898237092,109879600
2001-04-12,19.09332275390625,19.13324157570899,18.224327287690805,18.288811898714094,87520000
2001-04-16,18.6664981842041,18.909080030447242,18.46076384265579,18.853808187724475,65857400
2001-04-17,18.87838363647461,19.07183519704428,18.43620981224852,18.58360108699055,85149200
2001-04-18,20.09128761291504,20.36150429997804,19.34511865673217,19.464873965760777,156696400
2001-04-19,20.892724990844727,21.187507421671718,20.189545115578486,20.207968285404387,159375600
2001-04-20,21.18750762939453,21.832344349570725,21.03397496541341,21.586693492834456,192919600
2001-04-23,20.95720863342285,21.02476338041015,20.542670909218334,20.91421967492594,92171200
2001-04-24,20.742267608642578,21.473082378560566,20.616369676802663,20.941858233894404,89176600
2001-04-25,21.399389266967773,21.43009533955859,20.650148913591334,20.748409751515855,76744000
2001-04-26,21.227439880371094,21.801653282024834,20.95722304927035,21.51608223687526,118737600
2001-04-27,20.6102237701416,21.3963101881181,20.330793222760143,21.350249924594284,121572400
2001-04-30,20.80367660522461,21.205931447477276,20.78218212531926,21.043187193519255,74368200
2001-05-01,21.54677391052246,21.58669390325897,20.75761609636427,20.77604160944365,83702800
2001-05-02,21.420881271362305,21.84770195629834,21.294983342779712,21.801641681384638,92864400
2001-05-03,21.043193817138672,21.54985225178224,20.923438485296796,21.264281304453927,66273400
2001-05-04,21.72488021850586,21.81700078903059,20.868167346430194,20.88045024534839,119538400
2001-05-07,21.91832160949707,22.154763216864566,21.709517099033388,21.74943708981418,109356200
2001-05-08,22.12713050842285,22.139413404735887,21.72487561074332,22.03194099040047,75084000
2001-05-09,21.61740493774414,21.8937642702416,21.451589338245668,21.875338752926357,76676600
2001-05-10,21.494579315185547,21.875339778520615,21.482296417307225,21.84156239503604,64334600
2001-05-11,21.31034278869629,21.494581590931002,21.080043700222028,21.482298691752224,51128800
2001-05-14,21.101531982421875,21.248922043774783,20.972565093057383,21.227427562214036,44968000
2001-05-15,20.963342666625977,21.279621828130985,20.88043608356238,21.107663702627267,61385600
2001-05-16,21.23664665222168,21.457731797982913,20.674716342777252,20.788329054614962,91893800
2001-05-17,20.93264389038086,21.53756299151382,20.742264876878508,21.218214753357035,106984800
2001-05-18,20.908082962036133,21.2489257597648,20.65014913819995,20.78525867033692,90605400
2001-05-21,21.123029708862305,21.49150726157218,20.80368140324294,20.895801962781984,103491600
2001-05-22,21.589771270751953,21.602054170010145,21.242788151921083,21.325694793509523,83455600
2001-05-23,21.402467727661133,21.985892736565035,21.344126866677687,21.614343705147483,93637400
2001-05-24,22.022735595703125,22.041158773991032,21.27042379839127,21.476159441075097,80781600
2001-05-25,21.774005889892578,22.077999941555802,21.605119004122567,22.004304910821066,52747600
2001-05-29,21.598979949951172,22.031943305265607,21.509933042090744,21.740232101030802,71210800
2001-05-30,21.24585723876953,21.672677986744738,21.080041630223853,21.35946994525071,86501800
2001-05-31,21.24277687072754,21.611254281895686,21.00326631919602,21.337966361022826,70682600
2001-06-01,21.598979949951172,21.709523685660255,21.0953928618201,21.371752201092804,57587600
2001-06-04,21.734088897705078,21.807783938626045,21.433166114022644,21.66346516678339,43736600
2001-06-05,22.292943954467773,22.440336353351796,21.648107187635926,21.727944834644884,89454200
2001-06-06,22.219255447387695,22.563169583901978,21.97053319041773,22.38199975590994,80022800
2001-06-07,22.62457275390625,22.639926956915563,22.133268713000202,22.14555160686316,66960000
2001-06-08,22.474109649658203,22.646065464872887,22.12405540141558,22.63071126306203,51867000
2001-06-11,22.145551681518555,22.369708052786446,21.958241649241295,22.369708052786446,47345600
2001-06-12,22.13327407836914,22.234606220260822,21.743299717533773,21.807783168904017,66714600
2001-06-13,21.706451416015625,22.200826841413566,21.691097210666246,22.124060500112304,55302400
2001-06-14,21.15680503845215,21.663463381312372,21.003272349265593,21.562131244195744,71972400
2001-06-15,20.886579513549805,20.972559760654576,20.389135254558532,20.729977906019613,108354400
2001-06-18,20.536537170410156,20.868168430254926,20.269391718915937,20.865097119685007,56846800
2001-06-19,20.671648025512695,21.141457835204665,20.527326875037655,20.944936115369117,63457400
2001-06-20,21.31340217590332,21.36867167720342,20.60407978716393,20.616362679471337,64108400
2001-06-21,21.445446014404297,21.663464505963734,21.162946413888662,21.233572485379092,69603800
2001-06-22,21.135311126708984,21.681887140144855,21.058544780041633,21.494577066858678,51092000
2001-06-25,21.141448974609375,21.436231430816388,20.809817832855472,21.218215312456703,49215600
2001-06-26,21.537567138671875,21.559061623132703,20.788326807083475,20.825175498754792,63077000
2001-06-27,21.844629287719727,21.964384589412163,21.29805332764189,21.45158600598837,69199800
2001-06-28,22.335935592651367,23.3830296867456,21.65732136856179,21.97052937520189,128975600
2001-06-29,22.4157657623291,22.5416636534461,21.924461775808794,22.292939180018475,94283800
2001-07-02,21.678813934326172,22.46183153894107,21.54063545949897,22.124060111690188,72810200
2001-07-03,21.638898849487305,21.740230992507616,21.473083254378533,21.58669829437613,28037400
2001-07-05,21.03705596923828,21.71567037563647,21.015561480084443,21.562137640902304,49242600
2001-07-06,20.284738540649414,21.003272758250013,20.164983228169806,20.972566688359365,67467800
2001-07-09,20.171131134033203,20.545751375955614,19.971538113352164,20.327732834333034,66476600
2001-07-10,19.799579620361328,20.34308439141679,19.759659615797542,20.23561196128981,66562600
2001-07-11,20.419845581054688,20.496611917825568,19.713594345673496,19.716665655106684,73822600
2001-07-12,21.98587417602539,22.124054961408124,21.595902290641558,21.709514947982164,128078000
2001-07-13,21.906034469604492,22.108698665208806,21.783210240086497,21.9244599782098,58934600
2001-07-16,21.856904983520508,22.157829964753912,21.54062814514296,21.939811571720437,55990800
2001-07-17,22.053438186645508,22.111781365630044,21.53756819164174,21.69724352063419,63241000
2001-07-18,21.669601440429688,21.955172306800474,21.454656634654977,21.678813026002505,57590800
2001-07-19,22.283733367919922,22.415771568126015,21.869195595136127,21.869195595136127,76549400
2001-07-20,21.24277687072754,21.310331609410223,20.862016566824156,20.889651318436755,124203600
2001-07-23,20.60101318359375,21.26120415388842,20.3737854808142,21.26120415388842,79999400
2001-07-24,20.36457633972168,20.877374972942064,20.174194956704387,20.573380896258293,67530200
2001-07-25,20.720767974853516,20.73304852555424,20.14655500661596,20.346147924977213,74065400
2001-07-26,20.447486877441406,20.671645683302376,20.11278666658112,20.610233531333485,77974000
2001-07-27,20.103567123413086,20.343077701134234,19.97460024967439,20.281665573465094,65396000
2001-07-30,20.204898834228516,20.536527596752016,20.125061195693945,20.158838568046168,42196400
2001-07-31,20.324657440185547,20.69313494438085,20.22025399693908,20.269385580283966,59031600
2001-08-01,20.41063690185547,20.515038010223204,20.192620755508425,20.511969043075695,55679000
2001-08-02,20.71156120300293,20.73919830843334,20.346154953998216,20.63786615972714,54198400
2001-08-03,20.539613723754883,20.683934901973185,20.26632558136352,20.665511719298216,43260400
2001-08-06,20.306236267089844,20.61023273291258,20.16805775915103,20.42906290899287,27831600
2001-08-07,20.373781204223633,20.5887283094943,20.263237514135223,20.278591715483916,31347800
2001-08-08,19.916259765625,20.647074491102835,19.802644737170215,20.422918086529133,54996400
2001-08-09,19.962318420410156,20.128133985228637,19.744302310016213,19.95310683504068,45536200
2001-08-10,20.11891746520996,20.223320885633182,19.314407876952426,19.888618489751998,51756400
2001-08-13,20.2141170501709,20.263246298885807,19.88248583613317,20.03294723514681,32675400
2001-08-14,19.86406135559082,20.29395103881362,19.79036397327571,20.18954992795182,36481200
2001-08-15,19.406538009643555,19.97460983404983,19.406538009643555,19.870206355649586,39503000
2001-08-16,19.842561721801758,19.87019647595573,19.252995701264492,19.29598465843009,43905600
2001-08-17,19.001197814941406,19.692093449425,18.884512693084368,19.58462108150467,52234200
2001-08-20,19.253002166748047,19.268355203554254,18.761696789418135,18.93365384718785,48371200
2001-08-21,18.663436889648438,19.406535856440815,18.6419424027632,19.253003137911,47111800
2001-08-22,18.626590728759766,18.77705331933288,18.141427911796825,18.770911869578693,78107200
2001-08-23,18.153703689575195,18.893731157644808,18.116856174489623,18.629654761581882,51813200
2001-08-24,19.053407669067383,19.124032569886243,18.187483342350554,18.30109721137554,63399000
2001-08-27,19.133249282836914,19.455667782382633,18.90602032646119,19.00735249077195,44562800
2001-08-28,18.65114402770996,19.329757957353948,18.602013633965623,19.142447965153348,47422800
2001-08-29,18.500694274902344,18.823112779030776,18.282678075777213,18.746346412744874,48170000
2001-08-30,17.48430061340332,18.319518740530032,17.35533372861182,18.12913855144486,97632000
2001-08-31,17.518077850341797,17.828214507451566,17.287778839588764,17.456664546535386,57900800
2001-09-04,17.226367950439453,18.14142384556151,17.21715636355375,17.561069273170787,67189200
2001-09-05,17.72995948791504,17.929551326354247,17.008354982094673,17.250936967209842,89470600
2001-09-06,17.201801300048828,17.929545862249377,17.164953785489164,17.367616872609368,112356800
2001-09-07,17.011425018310547,17.613272970352366,16.98378908319834,17.229441188994834,89863800
2001-09-10,17.680828094482422,17.794441976069145,16.79647932445845,16.864032922810782,84471800
2001-09-17,16.246829986572266,16.919302779268897,16.213052605737733,16.587672762103956,127502000
2001-09-18,16.67978858947754,16.888593107055488,16.32666299233096,16.400359186742527,83182600
2001-09-19,16.54160499572754,16.79646972019871,15.53750146907684,16.722773543435665,126950200
2001-09-20,15.58663272857666,16.15470418595111,15.558996807176163,16.07486655907809,117983200
2001-09-21,15.264215469360352,15.537503393347388,14.58560145138068,14.714568312486913,184976600
2001-09-24,15.970463752746582,16.105573217625935,15.313344279833037,15.552855980591433,85580200
2001-09-25,15.752453804016113,16.274465185756057,15.402399457249762,16.05030759828921,84940600
2001-09-26,15.436180114746094,15.905989872404865,15.215092618736454,15.816940611916348,58524400
2001-09-27,15.340982437133789,15.562069832728927,14.739134717303898,15.383971392641469,81191200
2001-09-28,15.71253490447998,15.841502972959216,15.040062145162754,15.236583800596383,116641200
2001-10-01,15.902909278869629,16.12092532113357,15.47915891387591,15.641903118472802,69999600
2001-10-02,16.289817810058594,16.443350496621562,15.832291060063357,15.853785542473256,80860800
2001-10-03,17.266281127929688,17.481227065348723,16.09022167553421,16.114786289643206,97199200
2001-10-04,17.33077049255371,17.932619557698427,17.260145592183783,17.478161741764193,101778000
2001-10-05,17.723806381225586,17.809784275305347,16.870164200469983,17.244784175579152,80844400
2001-10-08,17.822067260742188,18.009377249289603,17.422882672934776,17.441305838128972,60605800
2001-10-09,16.753482818603516,17.677748835732285,16.639867816740033,17.656254358917277,99477600
2001-10-10,17.045190811157227,17.11888698352547,16.27445758075067,16.458696254629896,86349200
2001-10-11,17.293922424316406,17.453596565401327,16.762699447760046,17.121965386679996,83742600
2001-10-12,17.312345504760742,17.392181983791716,16.750415327865436,17.103540964081095,63307000
2001-10-15,17.82821273803711,17.963321055912907,17.149597496801423,17.16495169975016,68437000
2001-10-16,17.947965621948242,18.089215367824682,17.5672041641932,17.76986719956059,66169000
2001-10-17,17.20487403869629,18.208978040267162,17.18952100292261,18.15370617439269,73710600
2001-10-18,17.425960540771484,17.68082537172703,17.042128810798545,17.30006378019482,78348000
2001-10-19,17.77909278869629,17.81286900950559,17.082053968223637,17.625560039817604,91219600
2001-10-22,18.473047256469727,18.47918870265251,17.647042072342863,17.77908023687006,72323600
2001-10-23,18.55596351623535,18.866099076572656,18.23968650690423,18.56824641422299,80325000
2001-10-24,18.829254150390625,18.92137355527727,18.307242627550604,18.577460563731638,79141400
2001-10-25,19.210010528564453,19.22229225348759,18.29188453011627,18.61123280534707,75318200
2001-10-26,19.099464416503906,19.53856794719981,19.06261690361903,19.13631192938878,64509400
2001-10-29,18.31338119506836,19.099469080527225,18.282675122059533,19.0687618361568,55129400
2001-10-30,18.080005645751953,18.28266870198393,17.868129833763163,18.092287367825715,57395600
2001-10-31,17.855852127075195,18.648080190005228,17.840497921148085,18.208976607531067,64700000
2001-11-01,18.98892593383789,19.114822711266463,18.301098866258258,18.448491301095178,109671200
2001-11-02,18.853803634643555,19.35124892765734,18.580514624351512,19.016547814824925,83360000
2001-11-05,19.428028106689453,19.661397296589186,18.961288555528444,18.995065937134278,66401600
2001-11-06,19.891691207885742,19.94082278397073,19.087180391273964,19.252995946477068,68612000
2001-11-07,19.728952407836914,19.974605670626865,19.661397643433524,19.719740820458842,58899000
2001-11-08,19.781156539916992,20.28474371120075,19.54778730372273,19.793439439548735,74227800
2001-11-09,20.023731231689453,20.158840735626004,19.624546510177932,19.756583533284743,48013600
2001-11-12,20.201831817626953,20.401424785012175,19.544712085784862,19.86712933212442,57752800
2001-11-13,20.849733352661133,20.865085211301828,20.450547544447776,20.511962007177175,60159600
2001-11-14,20.250965118408203,20.98485134300912,20.20183586552689,20.95107629943514,88625600
2001-11-15,20.30315589904785,20.588726685463495,20.097420393725855,20.297013281904018,77922000
2001-11-16,20.189542770385742,20.453619106587276,19.9438896018701,20.376852784266415,59249000
2001-11-19,20.432132720947266,20.56417094133372,20.17419655759372,20.343083470665874,56005000
2001-11-20,20.082075119018555,20.819032455470417,19.968460091835976,20.404492343094326,65921800
2001-11-21,19.66754150390625,19.836426082842916,19.49251313315306,19.762731036447338,50785200
2001-11-23,19.870197296142578,19.90090336071083,19.535496038359007,19.768865174617048,15754600
2001-11-26,20.002239227294922,20.177266405099456,19.775011495678495,19.95617895045731,41983600
2001-11-27,19.572338104248047,19.98073424746498,19.26834301381065,19.89475635865318,90819000
2001-11-28,19.28371238708496,19.689039908371512,19.262217896661827,19.39732628951609,54536600
2001-11-29,19.91011619567871,19.92854170975438,19.329764042194604,19.38196458950981,54034400
2001-11-30,19.716663360595703,19.98381102484944,19.630685448253555,19.854844156336217,48234200
2001-12-03,19.888626098632812,20.029878252548812,19.590773439615276,19.59998619868375,47211800
2001-12-04,20.266324996948242,20.290890801622567,19.682900020915525,19.959259466691453,51005800
2001-12-05,20.911149978637695,20.9326444595441,20.020659990315938,20.416774575067702,74243000
2001-12-06,21.08003807067871,21.18751048138756,20.742266632998263,20.87430483550423,56026200
2001-12-07,20.828243255615234,21.1383775723975,20.435199982396863,20.957210140379505,42334800
2001-12-10,20.59180450439453,21.018625213236035,20.530392362885276,20.73305430404424,38367400
2001-12-11,20.671648025512695,20.92037031470875,20.594881655491818,20.77605150695741,54334000
2001-12-12,20.86509895324707,20.874312885766518,20.34308856121851,20.622519279547934,47884200
2001-12-13,20.34922218322754,20.954141370974497,20.287810042863814,20.613298603692943,53227800
2001-12-14,20.7084903717041,20.865092031729397,20.244820983101256,20.27245574332114,43000600
2001-12-17,21.181373596191406,21.221291257210886,20.622514628302543,20.625583595726425,57079800
2001-12-18,21.270414352416992,21.310334344610844,21.06468114382077,21.16294195559229,47255200
2001-12-19,21.337968826293945,21.460795425114785,21.018620606448774,21.070823492285328,56996200
2001-12-20,20.499683380126953,21.26427544410423,20.4566944186325,21.233569377711436,78585000
2001-12-21,20.739194869995117,20.88658493211028,20.57337929307346,20.883515965244865,84307600
2001-12-24,20.656286239624023,20.889656574871697,20.634791757609293,20.794467060624008,11701600
2001-12-26,20.78217887878418,21.20899944360125,20.69312966373801,20.702341247583778,29328000
2001-12-27,20.834388732910156,21.09846518728824,20.653221255665553,20.87430873772379,32406600
2001-12-28,20.84052848815918,21.14145125302647,20.788325592327823,20.95107221399046,28787200
2001-12-31,20.343082427978516,21.027839289937294,20.343082427978516,20.83131528174294,43006200
2002-01-02,20.58566665649414,20.60716114283109,20.115856924612807,20.465911326513538,48124000
2002-01-03,21.25814437866211,21.264284657512057,20.60102209097975,20.607164712553406,67590800
2002-01-04,21.15680503845215,21.46694172657141,21.086178970628247,21.264277452338156,52731400
2002-01-07,21.052396774291992,21.50071184300466,20.987913340715757,21.41780524061304,58508800
2002-01-08,21.304195404052734,21.451587818517133,20.880446019392387,21.092321883084036,47736400
2002-01-09,21.098466873168945,21.684963009533366,21.049337619187696,21.40860363487797,76304000
2002-01-10,21.27349853515625,21.43317391511279,20.920372723850328,21.02784752843506,50296600
2002-01-11,21.067752838134766,21.592834280265976,20.91114886120078,21.3471810749861,72993200
2002-01-14,21.02476692199707,21.19979409470968,20.80060816402755,20.972566369703802,50997800
2002-01-15,21.35640525817871,21.377899748258063,21.03398556426473,21.083117166002513,60717400
2002-01-16,20.84052848815918,21.445445327701012,20.834385868544686,21.14145125302647,61955400
2002-01-17,21.451580047607422,21.494568998186026,21.003265032486194,21.043182674388582,78958000
2002-01-18,20.29702377319336,20.834388257656922,20.088219194092872,20.60408919288682,107140400
2002-01-22,19.793439865112305,20.45977137107674,19.728956397701904,20.45363109249063,76837200
2002-01-23,19.572338104248047,19.870190578215016,19.418805490592185,19.6675287464046,80403000
2002-01-24,19.836429595947266,20.014528137108158,19.590777445520043,19.682896855510023,83886000
2002-01-25,19.590770721435547,19.913189131418637,19.50172148141922,19.710527201816877,48981200
2002-01-28,19.59691619873047,19.775014715381054,19.317486696444856,19.722814153070033,41622000
2002-01-29,19.136308670043945,19.805711092138285,19.03497773402916,19.621472387732606,58666000
2002-01-30,19.299060821533203,19.314415029338534,18.832322422563415,19.176235358621742,66100000
2002-01-31,19.563135147094727,19.593842388019006,19.074901144332685,19.36354335221354,69566200
2002-02-01,19.240718841552734,19.805719251552254,19.182376834439886,19.69824682493343,63462200
2002-02-04,18.767833709716797,19.24992621154431,18.654219859132066,19.160878151011055,70308400
2002-02-05,18.77704429626465,19.10867422409775,18.577451374931645,18.669570734254105,66772600
2002-02-06,18.546743392944336,19.00427000448802,18.500683132369108,18.918292100866083,66103000
2002-02-07,18.362506866455078,18.91829554654509,18.34715383392071,18.51603953452136,63314000
2002-02-08,18.62352180480957,18.626591944206115,18.064662725690784,18.460776304108407,61283000
2002-02-11,18.770904541015625,18.804681915795346,18.298023636822116,18.426990517223267,50899600
2002-02-12,18.46691131591797,18.684927449280224,18.430063799196805,18.574384899116733,44973800
2002-02-13,18.98278045654297,19.00120479982827,18.408568561473835,18.503758073377735,54168600
2002-02-14,18.939794540405273,19.342050648301214,18.829250805633162,19.03805537767791,57267000
2002-02-15,18.494544982910156,19.056475108104912,18.485333397697552,18.94593140010848,50179800
2002-02-19,18.095369338989258,18.466918299111164,17.994037165485896,18.396293377288462,52262600
2002-02-20,18.39320945739746,18.534459195216936,18.05543697014449,18.239676828108202,50492000
2002-02-21,17.825143814086914,18.506829284312,17.81286091862884,18.337943571528335,59398400
2002-02-22,17.806724548339844,18.040093756428135,17.54878954394666,17.825147724206875,71347800
2002-02-25,18.14142608642578,18.390148333954382,17.776017476670287,17.79137051383006,51832200
2002-02-26,17.978673934936523,18.42391887536338,17.779082183270148,18.147559623688444,63276200
2002-02-27,17.92954444885254,18.46998008614446,17.806719019548936,18.13834896716606,65750000
2002-02-28,17.91419219970703,18.331801254589354,17.852778896689983,18.049300529255472,68068000
2002-03-01,18.8445987701416,18.859951802203163,18.07079400635405,18.132207305961554,62115600
2002-03-04,19.437238693237305,19.498652004689728,18.69106971178987,18.80468474795337,74464200
2002-03-05,19.369678497314453,19.615330487963746,19.142449673863176,19.34511271256898,55926400
2002-03-06,19.53857421875,19.560068705778985,19.096399236755605,19.317486727752804,49835400
2002-03-07,19.25914764404297,19.61534356071337,18.995071138839382,19.550858918460914,58079200
2002-03-08,19.63682746887207,19.867125287752426,19.397315722495172,19.53856666007789,57701800
2002-03-11,19.75658416748047,19.95924842989091,19.34511770897119,19.501720527406707,43718200
2002-03-12,19.20386505126953,19.283701517646055,18.936717384256195,19.197723604415767,66407200
2002-03-13,19.06877326965332,19.35127423043873,19.022714132523365,19.062632988459168,44387400
2002-03-14,18.798540115356445,19.111746896483854,18.7463383994879,19.081039660278446,51819600
2002-03-15,19.18851089477539,19.194651169907928,18.721771503505504,18.73098308756546,69086800
2002-03-18,19.0810489654541,19.34205532935814,18.7924078325306,19.26528895845022,52296800
2002-03-19,19.10868263244629,19.34512316727641,18.88452499662697,19.093329594363652,36376400
2002-03-20,18.454622268676758,19.044188196511037,18.454622268676758,18.853808056986686,55235200
2002-03-21,18.841529846191406,18.912154735313802,18.371720240943535,18.488404229218098,46123400
2002-03-22,18.56209945678711,18.773974113071166,18.491474571359092,18.746338186480962,41341400
2002-03-25,18.187482833862305,18.663433952120137,18.162918211871954,18.5713145697737,47752400
2002-03-26,18.14142608642578,18.706425350619966,17.90498556580801,18.14756636420037,69357200
2002-03-27,18.251962661743164,18.387072155638982,17.990957601671955,18.055441039379723,47318400
2002-03-28,18.519123077392578,18.623525407499237,18.319530008512704,18.40857929594293,43901200
2002-04-01,18.54060935974121,18.54675080836414,18.178272090519258,18.37172362237609,47010000
2002-04-02,17.588706970214844,18.14449580486839,17.53650641080888,18.0861537964685,76509400
2002-04-03,17.2969970703125,17.69004046487699,17.042132188838412,17.63783873014543,76931400
2002-04-04,17.33384132385254,17.493515465595397,17.017563178836596,17.18952021718156,61763800
2002-04-05,17.155738830566406,17.594842324968393,17.146527245946896,17.468945592603145,50166000
2002-04-08,17.570280075073242,17.597916004014753,16.661365729530953,16.6736486249186,73389600
2002-04-09,16.848669052124023,17.63475647241189,16.827174579464984,17.60405041757352,63413000
2002-04-10,17.287782669067383,17.536506077466353,16.90702220957444,16.92544538484441,75636400
2002-04-11,16.824113845825195,17.33384237202055,16.73506459711743,17.161885323277435,58165800
2002-04-12,17.174171447753906,17.275502441485663,16.845611495891095,16.934660761331763,52297600
2002-04-15,17.100473403930664,17.425963181971337,17.01142531931492,17.19566410908185,47388800
2002-04-16,17.751447677612305,17.840495735729508,17.306202701581054,17.318485596273533,51921600
2002-04-17,17.389110565185547,17.89576767433039,17.32462595342856,17.794436721045948,55158600
2002-04-18,17.309276580810547,17.597918811664567,16.17620565615617,17.438244660234197,74794800
2002-04-19,17.564138412475586,17.80364901279727,17.459736145680765,17.637833441177015,104268600
2002-04-22,17.069765090942383,17.41060786153953,16.888596463839463,17.355335997585318,51465200
2002-04-23,16.57845687866211,17.140385796221654,16.36658106155897,17.103538286388538,68281400
2002-04-24,16.28060531616211,16.713567421280388,16.274463868478563,16.535468952541688,61220400
2002-04-25,16.498624801635742,16.71971227787446,16.237619664357396,16.243761113293097,57290400
2002-04-26,15.813873291015625,16.71971675263745,15.801590389856907,16.60303153435347,62776600
2002-04-29,16.041093826293945,16.246827041190205,15.795440617981393,15.804653374677963,70246000
2002-04-30,16.04723358154297,16.366581804897372,15.942831322806384,15.998103175747003,77384000
2002-05-01,16.197708129882812,16.33281655325687,15.555941068972306,16.016539404419213,76413000
2002-05-02,15.724814414978027,16.603021398546172,15.706391245848847,16.1639179067621,79009200
2002-05-03,15.218162536621094,15.86914089475069,15.202808328632965,15.740172810092389,71628000
2002-05-06,14.929520606994629,15.519086830976264,14.852754250891298,15.181314161304625,66299400
2002-05-07,15.190529823303223,15.44232342572816,14.846615638861769,15.101480552080247,88385400
2002-05-08,16.879384994506836,16.879384994506836,15.727889773044824,15.743242808392015,101242000
2002-05-09,16.004241943359375,16.88859027098477,15.936688378800968,16.704351572936638,83288200
2002-05-10,15.368622779846191,16.173133786470167,15.350199605824315,16.130144818603764,64408800
2002-05-13,16.179275512695312,16.24683027556602,15.276503657917575,15.491449672301286,64819000
2002-05-14,16.851749420166016,16.919303011400388,16.575390092602337,16.704358169252565,64832400
2002-05-15,16.81183433532715,17.33077455339403,16.538546256837435,16.731997829225243,70412000
2002-05-16,17.115825653076172,17.20487372749743,16.781124325273233,16.799547499323793,53406400
2002-05-17,17.20487403869629,17.3184890804169,16.971504849396382,17.260145904570763,54646200
2002-05-20,16.584604263305664,17.057485332419986,16.4280014008648,17.042132294355074,52115800
2002-05-21,16.02574348449707,16.765771083051906,16.007320309386515,16.566179267397473,63120000
2002-05-22,16.48634147644043,16.49555423528599,15.921341073978583,15.927482522755097,54169400
2002-05-23,16.833322525024414,16.839463972635837,16.277533815484865,16.48940965831422,51412800
2002-05-24,16.354299545288086,16.741202530887406,16.286745966797803,16.62451737333318,35982000
2002-05-28,16.065664291381836,16.48634363097651,15.89063707814311,16.455637554442667,49602000
2002-05-29,15.982749938964844,16.188484315912635,15.829217276397724,15.859924511727902,45393200
2002-05-30,16.163917541503906,16.385004936947837,15.792368801886,15.856852235103418,63213000
2002-05-31,15.6326904296875,16.403423622717717,15.623478847848528,16.24375073782481,66468000
2002-06-03,15.175175666809082,15.856861416564332,15.098409295759595,15.65726955465278,88439000
2002-06-04,15.34712028503418,15.73095182829142,15.119892667388005,15.19972911298671,88008400
2002-06-05,15.862996101379395,15.890632030025197,15.454599790681824,15.485305857460999,66969400
2002-06-06,15.93669319152832,16.01038822445833,15.353268519252167,15.813866574829731,78703400
2002-06-07,15.961251258850098,16.151631382343375,15.310273268886638,15.319484851380537,97834400
2002-06-10,16.219186782836914,16.366577965650006,15.801577845852659,15.859920994360193,71825400
2002-06-11,16.142427444458008,16.63680290934301,16.096367167453735,16.348161864685864,74368200
2002-06-12,17.054407119750977,17.128102136119832,16.12092832243024,16.14549410879397,136198600
2002-06-13,16.649084091186523,17.03598592699744,16.642942643461097,16.83946428522927,79771600
2002-06-14,16.965364456176758,17.057483847910824,16.274467261128834,16.320527542676675,109433600
2002-06-17,17.09739875793457,17.33076790821107,17.002208077876848,17.091257310379746,94486600
2002-06-18,17.192588806152344,17.284708173366525,16.99606600570443,17.051337860305203,77518400
2002-06-19,16.69207191467285,17.17723453825561,16.6797890200603,17.03291462632269,81247000
2002-06-20,16.612228393554688,16.919293622059293,16.550816284942478,16.69513614581424,86401200
2002-06-21,16.05337905883789,16.75041767136836,16.05337905883789,16.397293157109466,116820000
2002-06-24,16.63066291809082,16.77805417751217,15.921341383974063,15.99503759936554,104523200
2002-06-25,16.259109497070312,16.888593190819513,16.21304922891448,16.796473825869118,84025200
2002-06-26,16.621444702148438,16.701281163237315,15.675683033809088,15.675683033809088,112131400
2002-06-27,16.864032745361328,16.870174194485404,16.23147871328321,16.765771902099452,95812400
2002-06-28,16.79647445678711,17.131175726722756,16.58152848292142,16.750414186901132,89555600
2002-07-01,16.170066833496094,16.70128993074139,16.145502206173745,16.618382117225174,66473800
2002-07-02,15.795437812805176,16.249894293296524,15.761661615453896,16.084079929902902,82814200
2002-07-03,15.918269157409668,16.127073707044076,15.491448471685684,15.734030400137637,80936600
2002-07-05,16.8425350189209,16.857889224458045,16.28981758906487,16.30210048495002,35673600
2002-07-08,16.249897003173828,16.867098983900114,16.145495913541495,16.707424868770957,63199400
2002-07-09,16.33894920349121,16.80568873921752,16.265254165480563,16.369656445463573,85277200
2002-07-10,16.041093826293945,16.642941609664824,16.007316451582906,16.486337630797504,90673400
2002-07-11,16.246829986572266,16.29596040286935,15.737101478229441,15.979683421166962,129550600
2002-07-12,15.924413681030273,16.498625717743476,15.807728487496117,16.388081973486027,95733800
2002-07-15,15.905993461608887,15.924417814221071,14.73914473749617,15.780096647163921,136965600
2002-07-16,15.737106323242188,16.213057597282504,15.54979618739155,15.755530674286504,97154600
2002-07-17,15.967399597167969,16.366584352824876,15.712534772113521,16.127073733703025,98034800
2002-07-18,15.694110870361328,16.19462773939511,15.555931222915019,15.98582319911211,91053600
2002-07-19,15.218162536621094,15.626558933422219,14.987863473138484,15.313352066522476,112543400
2002-07-22,14.588677406311035,15.350200669183359,14.094303070238926,15.030852355251302,180069800
2002-07-23,13.206879615783691,14.370657522978346,13.194597892550544,14.275468018274628,168061600
2002-07-24,14.195631980895996,14.2355508071638,12.715576984286196,12.819979257428695,202307800
2002-07-25,13.151610374450684,14.03595779768563,13.031853896069613,13.956121316793011,163411400
2002-07-26,13.925413131713867,13.943837474374527,13.412614560286356,13.431038902947014,123538000
2002-07-29,14.815898895263672,14.831251924095369,14.293887715458862,14.38600705981006,112148600
2002-07-30,14.76983642578125,14.993995064330509,14.533397240183142,14.600950791199384,122690600
2002-07-31,14.73299789428711,14.73913934291004,14.23555226944513,14.619384023166745,93875600
2002-08-01,14.048239707946777,14.766772671010969,13.971473370744883,14.610169858518095,92002800
2002-08-02,13.63676929473877,14.078942884575325,13.449459282993772,13.974540640554888,85947600
2002-08-05,13.50780200958252,13.870137957689296,13.452530166181589,13.599921358130379,78941600
2002-08-06,14.023675918579102,14.50883980116798,13.768812251814719,13.787236597061902,88715800
2002-08-07,14.459712982177734,14.524196449541407,13.867076533294147,14.432077043113045,86349400
2002-08-08,15.01856517791748,15.046201104351352,14.250901856266902,14.465847820601317,88748000
2002-08-09,14.775985717773438,15.09226385484635,14.634735924481088,14.78519847567439,69049400
2002-08-12,14.883454322814941,14.969432225376432,14.61630668895133,14.619377997677708,56866600
2002-08-13,14.450501441955566,15.261154095453538,14.407511292205502,14.736072422805325,100122800
2002-08-14,15.264215469360352,15.270356915797954,14.496552235077159,14.508835127952363,96706000
2002-08-15,15.282645225524902,15.580499040835035,14.969438374359532,15.340987230319428,98745600
2002-08-16,15.353270530700684,15.423895434578515,15.021639324983989,15.178243340359622,69334000
2002-08-19,15.967399597167969,15.982752631739109,15.307208568355867,15.365551739632233,79848200
2002-08-20,15.672613143920898,15.875276194430171,15.583563926073799,15.777015392447563,70317600
2002-08-21,16.05337905883789,16.08408630227012,15.706395993265442,15.832292762933667,81203400
2002-08-22,16.345088958740234,16.412643712720097,16.15163745411878,16.228403794055396,72517600
2002-08-23,16.034961700439453,16.228412133104975,15.918276475795334,16.17007010646391,57929200
2002-08-26,15.9981050491333,16.166991936984864,15.71560547556598,16.120931663686907,55652400
2002-08-27,15.611204147338867,16.105579602297613,15.5528621461515,16.068732084250936,65470200
2002-08-28,15.16288948059082,15.555932809994507,15.13832368682233,15.500660945376923,68875000
2002-08-29,15.53137493133545,15.660341890533125,14.898819523478489,15.012433440585301,94275600
2002-08-30,15.070764541625977,15.500655231863965,15.04619875691239,15.396252989553394,58138400
2002-09-03,14.438216209411621,14.898814340063947,14.43207476043953,14.898814340063947,74452600
2002-09-04,14.803624153137207,14.923379483855891,14.478135545822157,14.570254940885631,80232000
2002-09-05,14.097373962402344,14.591749496256792,14.088162374260998,14.585608047042006,90438800
2002-09-06,14.683869361877441,14.822049045229955,14.576396925581989,14.66237487461835,69918400
2002-09-09,14.954083442687988,15.030849783593613,14.318458233698328,14.508838431163085,81653200
2002-09-10,15.288784980773926,15.297996566994495,14.846610100403842,14.904953270097907,83950000
2002-09-11,14.917237281799316,15.69104103760587,14.90188307513462,15.423894474973572,77443200
2002-09-12,14.478133201599121,14.831257687393324,14.438214374035786,14.785198583000065,63726800
2002-09-13,14.711503982543945,14.818976409225552,14.386014221025711,14.401368428861597,59549200
2002-09-16,14.671579360961914,14.779052916594193,14.447421837081297,14.616307514376432,50166200
2002-09-17,14.521121978759766,15.015497423804774,14.496556186313613,14.944871356202812,73343400
2002-09-18,14.662371635437012,14.81283418437247,14.327670330307658,14.346094674471624,83951800
2002-09-19,14.49348258972168,14.683862750307895,14.306172566777956,14.333808491005083,77777600
2002-09-20,14.573318481445312,14.739134020300362,14.524188081565423,14.65008480446771,130619200
2002-09-23,13.888565063476562,14.343021622050484,13.759598184082924,14.309244247534636,89783800
2002-09-24,14.014461517333984,14.272396442190002,13.70432604846916,13.765739348932264,104142200
2002-09-25,14.281608581542969,14.419788220107296,13.833293462077657,14.247832377770642,107116600
2002-09-26,14.186415672302246,14.585600288017897,14.10964935499689,14.465845020439307,100852200
2002-09-27,13.894708633422852,14.462779125581736,13.876284288682877,14.1372905680392,81011600
2002-09-30,13.431041717529297,13.830226521271822,13.237590178817781,13.778024791808004,115577000
2002-10-01,14.195631980895996,14.201773428888075,13.26215297060558,13.609137168308804,110636600
2002-10-02,14.005249977111816,14.37372860970972,13.867070343467441,14.155711333799138,103488600
2002-10-03,13.756534576416016,14.306182118952089,13.695121240310195,13.910067330999592,105221400
2002-10-04,13.440255165100098,13.992972752261743,13.415689366338276,13.937700876409401,107120400
2002-10-07,13.526232719421387,13.836369477159904,13.41568897097446,13.452537668031251,89790000
2002-10-08,13.814868927001953,14.118862930463703,13.55079257079157,13.741172736591135,115667600
2002-10-09,13.50780200958252,13.95611703151356,13.452530166181589,13.58149701987638,123142600
2002-10-10,14.241689682006836,14.315384701873922,13.280574915084332,13.510873902051111,118515000
2002-10-11,15.006285667419434,15.015498425882292,14.435143839906534,14.542617431988653,108828800
2002-10-14,15.135249137878418,15.147532031183434,14.690004212141584,14.815900940115059,76216200
2002-10-15,16.056447982788086,16.08101260252187,15.552860978950896,15.74016986492535,133374200
2002-10-16,15.479175567626953,15.740180837473446,15.439256714950385,15.473034115571927,95437400
2002-10-17,15.589704513549805,16.120927311045694,15.368617135591341,16.05337257414481,182602400
2002-10-18,16.320524215698242,16.335877249297234,15.703322191311056,16.151637332025235,152817200
2002-10-21,16.124000549316406,16.271392943874858,15.770876109790352,15.958186155320455,112378600
2002-10-22,15.866065979003906,15.945903625497067,15.669544343576652,15.792370951399358,87159000
2002-10-23,16.335880279541016,16.35430345473268,15.792374355516618,15.792374355516618,110866600
2002-10-24,15.730964660644531,16.388084611321208,15.629633659672697,16.385014471869518,95833400
2002-10-25,16.176204681396484,16.213052199856467,15.709465152577883,15.737101084263244,75425800
2002-10-28,15.952051162719727,16.42800239984474,15.81694160826441,16.39729632184769,79906600
2002-10-29,15.98889446258545,16.117862533065487,15.614274319002336,16.013460255576497,90517200
2002-10-30,16.308250427246094,16.394228400501973,15.853793585038952,16.028820842802446,94451200
2002-10-31,16.41878318786621,16.603021913034418,16.228401844316316,16.3328041009413,105973800
2002-11-01,16.27445411682129,16.348150273503705,15.936682896148513,16.09942706248131,105097800
2002-11-04,17.226367950439453,17.579493618303694,17.048270632934052,17.42596092294733,139964200
2002-11-05,17.404468536376953,17.44131605972103,17.066697034439347,17.12810918289226,76658200
2002-11-06,17.511943817138672,17.533438306867183,17.051345600621723,17.49966208826655,115407000
2002-11-07,17.1987361907959,17.38604631198952,17.04213331893996,17.257079378856606,73699600
2002-11-08,16.9193058013916,17.36455093750438,16.89166986407807,17.195665174526905,64522200
2002-11-11,16.538543701171875,16.919304165837943,16.52626080325062,16.91009257807781,58341200
2002-11-12,16.738134384155273,17.02063516034436,16.550825474708244,16.61223761741925,81398600
2002-11-13,16.99913787841797,17.174165033333882,16.61530619283722,16.655225016118795,107370200
2002-11-14,17.49965476989746,17.502724907991098,17.15574073534273,17.19258942063446,78337000
2002-11-15,17.40753173828125,17.478156617947107,17.09432498626667,17.37989581394581,77533600
2002-11-18,17.149593353271484,17.51193043372598,17.115817160484152,17.487365823393286,58086400
2002-11-19,16.845605850219727,17.134246867155834,16.67672013635965,17.057480527095674,76403400
2002-11-20,17.386037826538086,17.472016911358757,16.867097865304466,16.89166248142379,76435400
2002-11-21,17.76066017150879,17.809790581430693,17.435170473675306,17.49658377891803,82922200
2002-11-22,17.87734031677246,17.901904929158277,17.518073343321433,17.640899919333638,70002000
2002-11-25,17.880409240722656,18.00630594547954,17.67774622400765,17.828208710844393,61583000
2002-11-26,17.47201919555664,17.886556956914838,17.43517050951843,17.699246902652074,68650400
2002-11-27,17.834362030029297,17.997106344896036,17.62555742877753,17.68696958214191,55191800
2002-11-29,17.711528778076172,18.003241083259475,17.711528778076172,17.941827781426994,28393000
2002-12-02,17.714601516723633,18.104574693546073,17.50579696265553,18.00938517452426,63735000
2002-12-03,17.413673400878906,17.610195011318346,17.32155404240557,17.588700533386607,58457400
2002-12-04,17.36147117614746,17.637829224754917,17.140383800172636,17.23557445846426,83892000
2002-12-05,16.992996215820312,17.53036056883242,16.980713320910457,17.487371608009266,68435800
2002-12-06,17.032922744750977,17.11583056586023,16.649090890372143,16.84868275183202,71670200
2002-12-09,16.437204360961914,16.95614544322218,16.431062914687466,16.888590705564372,63862800
2002-12-10,16.584604263305664,16.728925398111627,16.421859951366493,16.44642574935973,63730200
2002-12-11,16.784194946289062,16.891667369211696,16.45256491886954,16.53547154720325,69186200
2002-12-12,16.633729934692383,16.907019088144562,16.486338702936493,16.888594744914556,55242000
2002-12-13,16.120933532714844,16.504765283493768,16.11786339410769,16.483270799159072,65245400
2002-12-16,16.728925704956055,16.750420192913534,16.173136814462776,16.274468976000946,60140400
2002-12-17,16.69207191467285,16.88552340505598,16.513973456874766,16.710495085230377,49549800
2002-12-18,16.437204360961914,16.704352002775384,16.209976705612902,16.532395021174185,62709400
2002-12-19,16.308250427246094,16.811837707222598,16.237625496162757,16.351239413874033,82686600
2002-12-20,16.286746978759766,16.495551517310126,16.259111049499822,16.424926625059474,98294600
2002-12-23,16.581533432006836,16.667511378670394,16.243761923232846,16.28982103550475,48798400
2002-12-24,16.526262283325195,16.65215906988923,16.434142883388876,16.440284332899527,18386000
2002-12-26,16.39422035217285,16.79340510949951,16.326665594143517,16.590742006772963,37228000
2002-12-27,16.265254974365234,16.581531968559464,16.243760489596397,16.360444500809635,40891600
2002-12-30,16.197708129882812,16.34817076819481,16.05031680310326,16.277544659294268,48019600
2002-12-31,15.875275611877441,16.27139011422482,15.740166135588412,16.194623792282822,58208800
2003-01-02,16.495553970336914,16.50476555767294,15.878351848868903,16.059520485100613,67025200
2003-01-03,16.517051696777344,16.520121836038065,16.2376221695801,16.455638369306808,55546800
2003-01-06,16.81797218322754,16.959221986811844,16.52011836889241,16.587673132068183,59456200
2003-01-07,17.134252548217773,17.198736014121824,16.79033955870106,16.864034613630896,80517400
2003-01-08,16.655223846435547,17.05747867500287,16.61530502595744,17.002206822452035,64566000
2003-01-09,17.137313842773438,17.1710900399145,16.74426948453876,16.80261263790106,61808000
2003-01-10,17.17110252380371,17.287787744000752,16.857896738654823,16.919308902731423,67730200
2003-01-13,17.315418243408203,17.425961978176602,17.125038017619058,17.355337074599365,60817800
2003-01-14,17.493518829345703,17.50273041788779,17.254006984996007,17.29699713136975,54206400
2003-01-15,17.278575897216797,17.600994439281465,17.2540100948612,17.502733572582937,59622600
2003-01-16,16.99607276916504,17.395258804881788,16.922377714611816,17.29392664066889,81371000
2003-01-17,15.801584243774414,16.274465212199026,15.75552513938696,16.25604086762716,155876000
2003-01-21,15.761666297912598,16.013459812293306,15.749383401757088,15.927480710566186,86159200
2003-01-22,15.660338401794434,16.09023051274134,15.632702463642678,15.841507069375545,86948000
2003-01-23,16.05337905883789,16.13321672040012,15.801585519501439,15.952048083915448,71374800
2003-01-24,15.307209014892578,15.982753097982563,15.261149909835536,15.97661164970266,103027000
2003-01-27,15.098403930664062,15.537507510744183,14.865034760998682,15.144464205471355,114838600
2003-01-28,14.990930557250977,15.26114839799014,14.911094080244212,15.258077088473705,86151200
2003-01-29,15.325638771057129,15.365557613290685,14.717649233009757,14.96330139413568,106884000
2003-01-30,14.812830924987793,15.405465889841855,14.797476722548938,15.402395752170795,87877400
2003-01-31,14.573318481445312,14.846606403987266,14.441280312137897,14.570248343923314,106858400
2003-02-03,14.911097526550293,15.076911966558946,14.573324854718766,14.717645979951614,80129800
2003-02-04,14.530339241027832,14.720719521405263,14.395230843882867,14.677730539193771,81854800
2003-02-05,14.419784545898438,14.901876917658665,14.34915967559686,14.686932169506482,101072000
2003-02-06,14.561041831970215,14.622455150992536,14.296966551489007,14.389085944341673,83312000
2003-02-07,14.303112030029297,14.723791451100169,14.25091028417737,14.70229695909113,75208000
2003-02-10,14.548761367797852,14.591750343435574,14.290826342609785,14.370662844313879,74081400
2003-02-11,14.260115623474121,14.637805894959671,14.12500727987845,14.52419203395055,84292000
2003-02-12,14.260115623474121,14.462778724548354,14.20484376214829,14.293893002213402,71315200
2003-02-13,14.429004669189453,14.468922330597183,14.16492821932725,14.250906162496666,73558200
2003-02-14,14.831250190734863,14.892663470245164,14.361440769498692,14.508831937506887,90446400
2003-02-18,15.328706741333008,15.347131090070812,14.984793764426133,15.119903312446564,57415500
2003-02-19,15.113065719604492,15.32870166714171,14.891267401991607,15.291735672582156,46902700
2003-02-20,14.872782707214355,15.322540503823262,14.848139104389695,15.260929734070071,50897200
2003-02-21,15.174675941467285,15.279413909623392,14.601698889336864,14.965201180282897,56853200
2003-02-24,14.82966136932373,15.094586961152213,14.687957365596734,15.05762095477303,62403700
2003-02-25,14.903585433959961,14.95287380400298,14.404539365256026,14.5031172804695,68113000
2003-02-26,14.546252250671387,15.076102218724587,14.527768661329691,14.82966023647565,57096000
2003-02-27,14.527767181396484,14.915913117007406,14.355257223831659,14.724920747111742,75434300
2003-02-28,14.601696014404297,14.829654316307979,14.509279279717706,14.62633961522715,56585400
2003-03-03,14.503116607666016,14.860457567682621,14.416861082746573,14.798846814205127,50653500
2003-03-04,14.213546752929688,14.577048914350394,14.20738555992439,14.527760545435422,56605700
2003-03-05,14.44151496887207,14.50928578285585,14.201232996169924,14.21355538966811,55415900
2003-03-06,14.336776733398438,14.478480730861229,14.250521155489176,14.27516594207128,54607600
2003-03-07,14.515449523925781,14.657154723737285,14.108819868235084,14.139625857380336,66167600
2003-03-10,14.139616012573242,14.453828657183749,14.102648851337586,14.36141310434963,48413600
2003-03-11,14.047195434570312,14.330604384063019,14.022551842295009,14.207382897304939,53990700
2003-03-12,14.41070556640625,14.441511542843468,13.893176913539433,14.053364465629434,72379500
2003-03-13,15.19931697845459,15.242444159108747,14.441507782346454,14.61401650496308,80701300
2003-03-14,15.316383361816406,15.377992972742867,14.946719820617625,15.205484181943971,75451400
2003-03-17,15.97561264038086,15.987935029972153,14.989843800504685,15.106904151366468,100983800
2003-03-18,16.04338836669922,16.04338836669922,15.710690820555415,15.950971598240589,78108800
2003-03-19,16.215892791748047,16.283664756990074,15.85855173205613,16.006416876570608,73652100
2003-03-20,16.172761917114258,16.33911060743516,15.815420938903117,16.031057999490127,71798500
2003-03-21,16.36992073059082,16.51162469437424,16.03722441670245,16.48081989359622,85586800
2003-03-24,15.581316947937012,15.975624301657826,15.51354493084302,15.741503429039637,61105200
2003-03-25,15.704532623291016,15.864720230713612,15.421124592939828,15.772304619735104,63595100
2003-03-26,15.556663513183594,15.784623059938031,15.550502317311533,15.68604510111301,51673600
2003-03-27,15.427282333374023,15.562825120761206,15.150034387436621,15.365671548151491,60043300
2003-03-28,15.19931697845459,15.464242431190169,15.156189797800433,15.19931697845459,39584600
2003-03-31,14.91592025756836,15.223973145251755,14.792699807572106,14.940565052644715,71384000
2003-04-01,15.002169609069824,15.217806775549862,14.940558822200096,15.069940417011308,49803200
2003-04-02,15.846235275268555,16.018745262682035,15.464250469384055,15.464250469384055,68282500
2003-04-03,15.852395057678223,16.07419342525807,15.772301855567747,16.01258263702722,57394300
2003-04-04,15.458081245422363,15.895515420998557,15.359504496697376,15.870871821381078,55740600
2003-04-07,15.507378578186035,16.283671804194984,15.507378578186035,16.160450209541544,65627100
2003-04-08,15.759980201721191,15.914006591955028,15.525860605622121,15.593631418237901,54132100
2003-04-09,15.137710571289062,15.815426794724912,15.119228160050621,15.778460797120157,76875800
2003-04-10,15.150028228759766,15.273249749113734,14.959035929825873,15.22396020087014,51608900
2003-04-11,14.909753799438477,15.513536916696992,14.755727422068773,15.334865754886696,71565500
2003-04-14,15.254775047302246,15.32870706244348,14.78653464260439,14.952883439364456,51599600
2003-04-15,15.1561918258667,15.273252171254478,14.848139151256106,15.205480206799285,63399000
2003-04-16,15.353350639343262,15.858557011744809,15.156197047686865,15.772302609177158,86178700
2003-04-17,15.710686683654785,15.735331462121824,15.242446468930533,15.260930052780811,58356600
2003-04-21,15.53201961517334,15.778462763593645,15.451926414526357,15.778462763593645,41557800
2003-04-22,15.87087345123291,15.89551705338115,15.421116842096668,15.439599249925932,58844000
2003-04-23,15.846235275268555,16.012584065796393,15.692208878511998,15.864718865925477,55559300
2003-04-24,15.704532623291016,15.84623663846661,15.599794617481175,15.698371425875349,51703600
2003-04-25,15.538183212280273,15.796947618002177,15.50737840153194,15.605955206080454,53657400
2003-04-28,15.858552932739258,15.981774483394531,15.599788616465423,15.64291580665643,56287600
2003-04-29,15.895522117614746,16.172770074660132,15.821590112487998,15.987938886715229,65877300
2003-04-30,15.753811836242676,15.944804144184728,15.556658334479582,15.852388587124222,55566800
2003-05-01,15.846235275268555,15.987940453381983,15.612115669254973,15.735337256711478,42085800
2003-05-02,16.08035659790039,16.19741699241315,15.747659005641452,15.803108604351275,52695400
2003-05-05,15.932487487792969,16.25902262779265,15.92016509662712,16.172768239887514,50391500
2003-05-06,16.24669075012207,16.326783889884435,15.907832266199135,15.932477032358095,54299500
2003-05-07,16.012582778930664,16.23438114847609,15.920167183329422,16.08651596048849,49120000
2003-05-08,15.858552932739258,16.104994858922005,15.840069347602627,15.8647141277848,46401400
2003-05-09,16.240537643432617,16.3267920176738,15.950967372546854,15.957128567153756,58913600
2003-05-12,16.141958236694336,16.30830576333,16.055702701449984,16.11115226870438,53900800
2003-05-13,16.012582778930664,16.141965552874847,15.950971990153818,16.043388760883115,44501900
2003-05-14,15.78462028503418,16.129638967320332,15.735331901850442,16.068028194558725,45021000
2003-05-15,15.889366149902344,16.024908977297592,15.75382214737876,15.926332161895894,45450200
2003-05-16,15.753811836242676,16.049542088887318,15.655235085361129,15.944804144184728,60620900
2003-05-19,15.254775047302246,15.735337846233039,15.242452653069309,15.649082261730674,55336300
2003-05-20,15.174675941467285,15.402635463381575,15.094582754113944,15.316381080827544,52677600
2003-05-21,14.805012702941895,15.223963374192019,14.718757150663786,15.174674990802137,108960900
2003-05-22,14.885109901428223,14.952881887547774,14.811177893959684,14.909754687336449,93157100
2003-05-23,14.922074317932129,15.119229058842784,14.805015122703612,14.909753101416669,76968000
2003-05-27,15.273250579833984,15.334860168234437,14.922069580262503,14.940553161859183,68486800
2003-05-28,15.039127349853516,15.32253634372095,14.97135540401247,15.267086783510527,91467000
2003-05-29,15.03296947479248,15.199318192136673,14.92823152407143,15.076096658890389,75451300
2003-05-30,15.162354469299316,15.347185621677188,15.100743693464091,15.236286460199342,85096700
2003-06-02,15.180834770202637,15.421116645061957,15.137707585648503,15.390310673860688,66310800
2003-06-03,15.328704833984375,15.353349618867435,15.137712451652753,15.248611633370476,61058200
2003-06-04,15.32254409790039,15.538180079924894,15.242449725895888,15.396476098843658,83484600
2003-06-05,14.841975212097168,15.106900651291388,14.79268684027923,15.076094684450503,115877900
2003-06-06,14.583213806152344,15.131547196298257,14.570891417016373,15.057615211737847,119629400
2003-06-09,14.632502555847168,14.77420650909419,14.54008698525684,14.614018971678009,73610000
2003-06-10,15.205482482910156,15.248609675790924,14.69411501351501,14.749564597255388,80655300
2003-06-11,15.328704833984375,15.377993228622472,15.045296858597325,15.19932323873238,75768600
2003-06-12,15.396476745605469,15.488892338230652,15.242450366187494,15.384154353221307,66177700
2003-06-13,15.18699836730957,15.556661854318952,15.088421594124112,15.525857053371434,55157500
2003-06-16,15.642911911010742,15.6613954915443,15.199316554352938,15.279409719743338,69658600
2003-06-17,15.994095802307129,16.104994963592077,15.729171464393746,15.796942260079586,122213900
2003-06-18,16.061866760253906,16.28366506883712,15.840068451670694,16.006417183108105,89957700
2003-06-19,16.061866760253906,16.25902029004888,16.02490076719928,16.074189149648024,63626900
2003-06-20,16.222061157226562,16.252865968611335,16.024907544056266,16.228222354529162,86048900
2003-06-23,15.883195877075195,16.166603765645934,15.704524766789383,16.104992997439528,52584500
2003-06-24,15.83391284942627,16.043388827054706,15.723013664196149,15.803106867346758,51820300
2003-06-25,15.562821388244629,16.012578014783948,15.488888228683788,15.796940905786505,60483500
2003-06-26,15.864715576171875,16.33295586623152,15.532018064105323,15.642917234794172,51758100
2003-06-27,15.790782928466797,16.228218430142825,15.729173320595985,15.98793766908841,76040300
2003-06-30,15.79693603515625,16.09266740708979,15.710681688202943,15.98176828950563,48073100
2003-07-01,16.111148834228516,16.141954795651444,15.642908796745441,15.766130292182613,60926000
2003-07-02,16.560916900634766,16.591722883646316,16.295992497504002,16.32679730538746,94069300
2003-07-03,16.326793670654297,16.604041580395787,16.271344088705998,16.443854029781573,39440900
2003-07-07,16.893619537353516,16.973712766968966,16.604050260893423,16.647177474927005,88960800
2003-07-08,17.066118240356445,17.127727833721117,16.78887036970475,16.79503156406675,61896800
2003-07-09,16.924419403076172,17.066124575751548,16.7888766021781,16.97986899779086,62300700
2003-07-10,16.579404830932617,16.893618889143152,16.382251188556218,16.78888086973964,55350800
2003-07-11,16.82583999633789,16.912095560915628,16.56707565286053,16.6040428270201,50377300
2003-07-14,16.88129234313965,17.133895532233332,16.665655159122863,17.022996341874524,60464400
2003-07-15,16.80120086669922,16.961388472034876,16.69646286225391,16.924421288022486,53567600
2003-07-16,16.955219268798828,17.01683003793326,16.758065747670788,16.979862871375992,49838900
2003-07-17,16.443857192993164,16.801198359217537,16.351441597011146,16.721103980939212,72805000
2003-07-18,16.56707763671875,16.776553614862067,16.48082323694023,16.702621607945638,63388400
2003-07-21,16.04338836669922,16.57939951309353,16.018743581742775,16.554755903265114,48480800
2003-07-22,16.252851486206055,16.363750588577698,16.0988252162737,16.191241918334857,51791000
2003-07-23,16.295989990234375,16.419210377937837,16.104996450332944,16.277506403271293,49828200
2003-07-24,16.01874542236328,16.5855626150828,16.006423028469168,16.49930820808032,53556600
2003-07-25,16.56707763671875,16.604044815305027,16.061871280653595,16.191254055449438,54173000
2003-07-28,16.39456558227539,16.634846319741868,16.320632414909184,16.59788032362268,52658300
2003-07-29,16.308307647705078,16.573233127392406,16.166603703960394,16.560910738772613,62391100
2003-07-30,16.160446166992188,16.369922120425514,16.123480167894517,16.30215014280652,41240300
2003-07-31,16.271345138549805,16.628686259090497,16.209734357395636,16.388405505229937,64504800
2003-08-01,16.12347412109375,16.332949995967155,16.092669329253095,16.222050865136826,42649700
2003-08-04,16.129638671875,16.27134262404169,15.86471317644213,16.111155087846754,51825600
2003-08-05,15.809269905090332,16.351443501556844,15.772303897417496,16.209738317742612,58825800
2003-08-06,15.80310344696045,16.135800930642553,15.667560680531336,15.735332651309795,56294900
2003-08-07,15.840076446533203,15.901687249472499,15.679890004070684,15.846237644339965,44258500
2003-08-08,15.759980201721191,16.00642219106971,15.710691803851486,15.944811399950556,33241400
2003-08-11,15.778468132019043,16.01258779252098,15.735340918910405,15.778468132019043,36433900
2003-08-12,15.852395057678223,15.87703984302178,15.67988626078549,15.840072665006444,38208400
2003-08-13,15.772297859191895,15.950967807149224,15.710687086571944,15.889358209657022,39636900
2003-08-14,15.790782928466797,15.840071319840215,15.723012124783315,15.80926651590481,37338300
2003-08-15,15.735333442687988,15.809265437139299,15.66756146850107,15.778460635305898,27607900
2003-08-18,15.83391284942627,15.914006052576879,15.686046485700736,15.747657274731699,45817400
2003-08-19,16.40073585510254,16.419218275828026,15.877045723858243,15.926334137673678,72952900
2003-08-20,16.295989990234375,16.34527838034134,16.018742061427726,16.203573230546883,56739300
2003-08-21,16.16660499572754,16.468496490268762,16.098833028031105,16.419208106978925,63802700
2003-08-22,16.154279708862305,16.604037447737,16.148118515165113,16.499299505139817,65846300
2003-08-25,16.326793670654297,16.35143845157702,16.160444924809404,16.20973331152702,36132900
2003-08-26,16.36992073059082,16.431531507274688,15.994096050434264,16.209733181263893,47546000
2003-08-27,16.277507781982422,16.37608457054585,16.203574602995843,16.33295737244035,30633900
2003-08-28,16.332956314086914,16.37608350939783,16.166607553492298,16.326795118309935,46211200
2003-08-29,16.339115142822266,16.357597552347723,16.23437718004285,16.30214797351581,34503000
2003-09-02,16.79503631591797,16.819679925210767,16.308312399759206,16.450017559922795,74168900
2003-09-03,17.435781478881836,17.497392250829407,16.868964492194102,16.89360927102422,109437800
2003-09-04,17.51587677001953,17.540520375037495,17.244790064055167,17.31256203432821,59840800
2003-09-05,17.485069274902344,17.713028770923454,17.355687715767324,17.392653707644804,64024500
2003-09-08,17.768478393554688,17.81776677456496,17.460425718458563,17.491230515917096,46105300
2003-09-09,17.478912353515625,17.68838712803406,17.441945179958342,17.651421129604675,44315200
2003-09-10,16.973703384399414,17.361850446402155,16.930576194205287,17.26943487096791,54763500
2003-09-11,17.152374267578125,17.31872300603348,16.998347919036746,17.041475108607887,37813300
2003-09-12,17.460430145263672,17.497396146611575,16.91209662061248,16.93057903372243,55777200
2003-09-15,17.472747802734375,17.62677413759592,17.454264219505028,17.47890899714416,41432300
2003-09-16,17.80544662475586,17.83625260121627,17.448105523709994,17.503555106210893,52060600
2003-09-17,17.55900764465332,17.836255603830644,17.540524055665486,17.719195223830436,47221600
2003-09-18,18.175107955932617,18.181269150492323,17.509714220144257,17.552841406934515,67268100
2003-09-19,18.458513259887695,18.46467445358122,18.187427788137818,18.335292911399808,92433800
2003-09-22,17.910186767578125,18.483165072857176,17.749999195931338,18.10734034033479,65678700
2003-09-23,18.236713409423828,18.304484179566405,17.793116931478572,17.94098320754523,57827800
2003-09-24,17.53435707092285,18.298328711759726,17.509713468869087,18.242879138229185,66336500
2003-09-25,17.39882469177246,17.84242036927892,17.386502295837417,17.540528719640424,56224500
2003-09-26,17.36800765991211,17.731509858399683,17.33720169174429,17.41729603385309,49864700
2003-09-29,17.76231575012207,17.81160412711177,17.312559163200117,17.50355147714425,47380300
2003-09-30,17.127737045288086,17.62678348085618,17.096932232038437,17.614461085505,63333700
2003-10-01,17.571327209472656,17.639098007931953,17.13389174151684,17.269435688691136,58375900
2003-10-02,17.55900764465332,17.71303402750116,17.368015258957858,17.52820283813497,38143600
2003-10-03,17.91635513305664,18.150474800608905,17.823939505736757,17.96564354596914,57303000
2003-10-06,17.984113693237305,18.051884475858746,17.811603789479612,17.959468917645815,34047600
2003-10-07,17.95331573486328,18.09502090749077,17.817772934011014,17.873222528706965,52356800
2003-10-08,17.75616455078125,18.088862164077828,17.669910136279885,18.088862164077828,46989100
2003-10-09,17.83009147644043,18.0826946087756,17.74383591713799,18.00260024478961,62653300
2003-10-10,17.811613082885742,17.990284273764978,17.663747877569232,17.811613082885742,37604700
2003-10-13,17.731515884399414,17.928669447165362,17.559005929415246,17.854736273564168,39320300
2003-10-14,17.669910430908203,17.72536003404887,17.546688829456002,17.657588035737326,34851300
2003-10-15,18.01066780090332,18.128384916033365,17.781430514394096,18.091211525573637,57242100
2003-10-16,18.10979461669922,18.15935952297213,17.84338280233709,17.911534991607564,42232500
2003-10-17,17.923934936523438,18.14697771042537,17.843391187405015,18.140781946514636,49960000
2003-10-20,18.184139251708984,18.196530771448185,17.84337954920315,17.93631476552679,38794500
2003-10-21,18.184139251708984,18.233704148945424,18.072617937496908,18.184139251708984,44166800
2003-10-22,17.899141311645508,18.09740091283451,17.843380651096048,17.985880773456024,48798500
2003-10-23,17.911531448364258,18.016857001073863,17.40968672391041,17.793814376107555,67357900
2003-10-24,16.486539840698242,16.97599304715115,16.36882276806968,16.895450533281302,210558300
2003-10-27,16.67241096496582,16.79012805918112,16.616650298322813,16.67241096496582,65619100
2003-10-28,16.852083206176758,16.864473545373233,16.653822416666987,16.78393102285401,71752600
2003-10-29,16.56708526611328,16.883061980770872,16.517520360778004,16.827301314553615,73551500
2003-10-30,16.18295669555664,16.75295366784658,16.05284808730716,16.734366386176514,98729400
2003-10-31,16.19535255432129,16.381221889204692,16.176766448037576,16.337852732248166,69623700
2003-11-03,16.529909133911133,16.573278271152912,16.288280408295307,16.32545378568535,57772300
2003-11-04,16.15198516845703,16.492745062247714,16.114811770092583,16.47415777220498,84026100
2003-11-05,16.17057228088379,16.306875527870304,16.10861582980955,16.201549915560403,61514400
2003-11-06,16.25110626220703,16.294475400551036,16.10860732715662,16.26969354223463,68189800
2003-11-07,16.17057228088379,16.41220114018021,16.127203119648126,16.344048925826442,57822100
2003-11-10,16.10860824584961,16.251107189026907,16.10860824584961,16.18295618847976,54579100
2003-11-11,15.984699249267578,16.158177036010596,15.904156708610198,16.114807884755027,64990700
2003-11-12,16.096214294433594,16.195344081823894,15.860781344811702,16.01567178532408,75877300
2003-11-13,15.916550636291504,16.065245398077767,15.767855874505242,16.021876240271887,78949500
2003-11-14,15.798829078674316,16.121001563107285,15.761655694076849,15.922741936293333,83146400
2003-11-17,15.58198356628418,15.761657107775013,15.3899196832966,15.730678299731407,103900200
2003-11-18,15.58198356628418,16.00948166352039,15.563397463178712,15.693504911799774,106868300
2003-11-19,15.705892562866211,15.823609640968405,15.594371244845226,15.66871918409935,78853300
2003-11-20,15.551006317138672,15.87937341832032,15.538614793620681,15.59437546773091,106845700
2003-11-21,15.557196617126465,15.724477399008018,15.538609338375043,15.693499782809292,70712900
2003-11-24,15.941330909729004,15.990895825362129,15.662528702437976,15.693506331563379,99463800
2003-11-25,15.736867904663086,16.077627569504436,15.724476386293532,16.02806267774645,85663800
2003-11-26,15.767850875854492,15.879371025549899,15.68730716684495,15.866980685619662,69758400
2003-11-28,15.928948402404785,15.953731465110875,15.736884393318471,15.798840868362225,33402600
2003-12-01,16.009475708007812,16.23871289365097,15.798824618556111,16.04664908211098,101914600
2003-12-02,15.897958755493164,16.16437056988074,15.866981132214852,16.077632279325,85121700
2003-12-03,15.90416431427002,16.15198899833092,15.873186671907899,15.997098423077695,93121600
2003-12-04,16.232521057128906,16.25110715645885,15.897957088544384,15.935130468924735,87202400
2003-12-05,16.096214294433594,16.405995175458354,16.059040919592302,16.083822775579737,96610900
2003-12-08,16.257301330566406,16.31925774630214,15.990889570106992,16.1829545770598,90504000
2003-12-09,16.344038009643555,16.4865381064548,16.263495504246094,16.381212564491822,103547100
2003-12-10,16.474138259887695,16.498920102204846,16.34402974713386,16.387400039198223,82853700
2003-12-11,16.486539840698242,16.585669633947447,16.282084494406714,16.474148321112004,79309000
2003-12-12,16.511323928833008,16.610453735474668,16.418389882821515,16.53610697135368,69154100
2003-12-15,16.56708526611328,16.7901279309823,16.529911882541963,16.759149126572403,88860600
2003-12-16,16.765342712402344,16.82729913146366,16.58567039701697,16.6228437757656,73978000
2003-12-17,16.75295066833496,16.777732524404186,16.63523360227537,16.75295066833496,53712300
2003-12-18,16.975994110107422,17.00697291101276,16.759147230651728,16.79012603155707,61177800
2003-12-19,16.951210021972656,17.068925904771717,16.845884476185944,17.03175253029413,76856400
2003-12-22,16.83969497680664,16.994585473382536,16.70958634518812,16.8273034534676,43894800
2003-12-23,16.82110023498535,16.938817291080728,16.734361973504647,16.833491752831222,39609000
2003-12-24,16.75295066833496,16.827297418262916,16.728167630545453,16.814905899368163,19924200
2003-12-26,16.8582763671875,16.883059406937225,16.72816895366257,16.75914657162935,12076900
2003-12-29,17.01316261291504,17.056532921751092,16.827294587640868,16.858272197946533,40426700
2003-12-30,17.05034065246582,17.06892674976458,16.975992718109808,16.982188477782838,34406600
2003-12-31,16.957414627075195,17.0689348086818,16.870675132419994,16.988392258345772,42198900
2004-01-02,17.006967544555664,17.205227080908422,16.932619627563355,17.087510038053953,44487700
2004-01-05,17.43446922302246,17.459252263028876,17.174253211557033,17.180448971558636,67333700
2004-01-06,17.496435165405273,17.52121821890221,17.39110955148537,17.46545753025514,46950800
2004-01-07,17.477846145629883,17.539802591519816,17.353934435570935,17.45306427630646,54298200
2004-01-08,17.446863174438477,17.645122795237917,17.347733364038756,17.589362129173004,58810800
2004-01-09,17.137081146240234,17.384905656689742,17.093712004626628,17.36631955698133,67079900
2004-01-12,17.08131217956543,17.180441935553137,16.94500906051231,17.14326857248772,55845200
2004-01-13,16.994586944580078,17.12469440574111,16.88926135052175,17.068933727609007,51555900
2004-01-14,17.161861419677734,17.18044751638793,17.01936131515127,17.05034011253541,43907000
2004-01-15,17.06273078918457,17.1742509091014,16.988382860853118,17.068925366635312,58504100
2004-01-16,17.230009078979492,17.273378205211376,17.056532574051957,17.16805267791106,63983400
2004-01-20,17.40968894958496,17.471645373520666,17.304363383410415,17.335341004518018,63068500
2004-01-21,17.533597946166992,17.533597946166992,17.254795853485938,17.42827239602873,53570600
2004-01-22,17.353927612304688,17.62033939767822,17.31055847175001,17.570774496798524,78425200
2004-01-23,17.645124435424805,17.818602210610063,17.48403818312149,17.52121275176733,127259100
2004-01-26,17.843387603759766,17.861974891758923,17.545998086098646,17.651323687985403,58299600
2004-01-27,17.502620697021484,17.79381431505703,17.484033417764618,17.744249418759058,63196200
2004-01-28,17.168058395385742,17.62033944660431,17.01936369233378,17.53359998353366,71336000
2004-01-29,17.291973114013672,17.316756158070152,17.081321966415924,17.230016685593053,63748400
2004-01-30,17.130891799926758,17.285782324667,17.068935353686474,17.2486089296112,40528700
2004-02-02,16.975994110107422,17.22381860874803,16.876864310651175,17.106102710469006,62891800
2004-02-03,16.907846450805664,17.068931520445563,16.839694257074484,16.97599746281619,47993800
2004-02-04,16.73436737060547,16.9945834206916,16.73436737060547,16.864474804788255,60648000
2004-02-05,16.70338249206543,16.83349106065675,16.622839992819475,16.765338897027004,55527500
2004-02-06,16.777734756469727,16.845886937737372,16.68480071583594,16.746757136831945,47209600
2004-02-09,16.666213989257812,16.8706693581395,16.63523636858987,16.84588749794924,48108500
2004-02-10,16.74056625366211,16.821108797217413,16.616653375570024,16.647632185953437,37790600
2004-02-11,16.82110023498535,16.87066512464864,16.635232194178073,16.70957893781291,51515300
2004-02-12,16.697185516357422,16.821097126758982,16.684794000801276,16.783923761810513,44537000
2004-02-13,16.474138259887695,16.765331702002083,16.418377637524568,16.715766835648154,67541100
2004-02-17,16.72197151184082,16.79012368257749,16.474147047871462,16.554689555516408,43477000
2004-02-18,16.585676193237305,16.796327382630118,16.567088906507063,16.666218738960055,50334700
2004-02-19,16.393611907958984,16.71578446999589,16.37502580204358,16.678611076444206,61840600
2004-02-20,16.461753845214844,16.604252749704635,16.418384716171875,16.5175144916187,57821900
2004-02-23,16.486539840698242,16.579473874154328,16.405996145108045,16.56088659477497,50256800
2004-02-24,16.653820037841797,16.697190354856122,16.449364698798348,16.486539256239197,55426500
2004-02-25,16.54230308532715,16.72197542055776,16.486542420185106,16.66621475541572,64275700
2004-02-26,16.41838836669922,16.511322404128908,16.362627707897325,16.47414902550111,66602700
2004-02-27,16.43697166442871,16.49273230972059,16.325450373844948,16.39979711308738,58266500
2004-03-01,16.54230308532715,16.55469342513163,16.418390233518046,16.49893275998959,51912300
2004-03-02,16.350234985351562,16.536104228262136,16.32545312866234,16.48653933316338,66331000
2004-03-03,16.337841033935547,16.44936113694926,16.244905842177374,16.32544951747178,54998700
2004-03-04,16.337841033935547,16.3688186433749,16.23871008394549,16.31305800100802,44023200
2004-03-05,16.325462341308594,16.480352873613757,16.23252825826969,16.25111436584488,59849800
2004-03-08,16.003280639648438,16.325453047039748,15.990889120505624,16.30067000875412,69367800
2004-03-09,15.935134887695312,16.09002539423803,15.823614715630015,15.984699802520153,81111700
2004-03-10,15.718297004699707,15.984707816879892,15.705905474350478,15.891773702703421,75155800
2004-03-11,15.544808387756348,15.972306435749339,15.532416865966274,15.600569054091109,90536300
2004-03-12,15.724475860595703,15.805019545584852,15.631541839371463,15.724475860595703,64137100
2004-03-15,15.588175773620605,15.7554577537519,15.52621935338082,15.67491405292405,68835300
2004-03-16,15.600573539733887,15.718290667145727,15.551008620042726,15.650138459425046,65453800
2004-03-17,15.569589614868164,15.774044989186782,15.557199275303788,15.643937560856985,56241400
2004-03-18,15.420892715454102,15.507632170414238,15.228828889685841,15.464261852073998,123231000
2004-03-19,15.259808540344238,15.451873573427962,15.216439397944852,15.346548006863518,86281600
2004-03-22,15.179264068603516,15.389915174705436,14.875678929037885,15.16687254901626,127605200
2004-03-23,14.962409973144531,15.278386479623332,14.937628127664508,15.272190722823382,91696300
2004-03-24,15.123504638671875,15.22883020026456,14.981005697023079,15.104917357783597,97584700
2004-03-25,15.606764793395996,15.637742416107761,15.228831651365557,15.241223173138485,85677900
2004-03-26,15.507627487182617,15.80501677566916,15.489040213507213,15.557192368597041,61584900
2004-03-29,15.681112289428711,15.736872958278015,15.489048419903678,15.643938904102715,51881600
2004-03-30,15.612964630126953,15.693507179235924,15.507639031002382,15.619159210909986,59010400
2004-03-31,15.4456787109375,15.61296071139371,15.408505326965198,15.61296071139371,70533200
2004-04-01,15.538605690002441,15.557192964389682,15.396106798193703,15.458063197764469,69051900
2004-04-02,16.015670776367188,16.046648389830022,15.7616505644673,15.786432418893526,98043800
2004-04-05,16.077634811401367,16.09622091560726,15.941330411380738,15.990895325464395,53800300
2004-04-06,15.984699249267578,16.046655686084424,15.897960946756438,15.966113145427043,48992000
2004-04-07,15.854595184326172,15.97231232126744,15.705900413215565,15.947529268555176,63268900
2004-04-08,15.7864351272583,16.01567352406074,15.712088369504283,15.997086243762034,45294600
2004-04-12,15.866988182067871,15.947530747409656,15.755466797963011,15.78644443500498,38786800
2004-04-13,15.767850875854492,15.966110495384832,15.743067832552926,15.910349829676855,56971500
2004-04-14,15.805023193359375,15.91034875684787,15.724479489780865,15.730675250188478,61079600
2004-04-15,15.625356674194336,15.941333505961328,15.551009879496807,15.817421787558446,73756900
2004-04-16,15.588175773620605,15.736870473163837,15.557198154360927,15.693501333512113,51768600
2004-04-19,15.817415237426758,15.860784379994271,15.526220397238308,15.538611918463456,44592100
2004-04-20,15.693502426147461,16.03426098861042,15.662524804731012,15.891762039341947,59902600
2004-04-21,15.767850875854492,15.792632737435511,15.612960400381345,15.712090210146515,49252000
2004-04-22,16.077634811401367,16.102416677582813,15.780244145178663,15.805027193080875,99207700
2004-04-23,17.06273078918457,17.1742509091014,16.938817969205562,16.975991342511172,258269000
2004-04-26,16.87686538696289,17.068929237943063,16.790127102337102,17.006973995622072,89391000
2004-04-27,16.86446762084961,16.957402813357923,16.808706978032642,16.827294252878318,80716800
2004-04-28,16.455556869506836,16.759141932075067,16.39979622722695,16.734360080906256,72842200
2004-04-29,16.405996322631836,16.69099536759744,16.300670768449816,16.42458360221232,77787300
2004-04-30,16.189149856567383,16.573278705397108,16.08382429976894,16.47414890861274,66172200
2004-05-03,16.325462341308594,16.430787950544943,16.226332495170965,16.226332495170965,65916200
2004-05-04,16.313066482543945,16.443175109619805,16.121002604377423,16.325458005450344,55496400
2004-05-05,16.29448127746582,16.48035059961794,16.263503647967543,16.30687280195346,51841700
2004-05-06,16.18295669555664,16.319259882642314,16.127196032266934,16.2077385560629,62693900
2004-05-07,15.972307205200195,16.344043423045907,15.953719921619664,16.127197689876116,68290200
2004-05-10,16.065242767333984,16.139589545192088,15.873178879193025,15.879373459247262,64621400
2004-05-11,16.071434020996094,16.176759578184704,15.978499983881532,16.164368058110657,57917200
2004-05-12,16.071434020996094,16.10860739949784,15.755457349430266,16.028064882457326,64145600
2004-05-13,16.17057228088379,16.226332968678502,15.97850834610256,15.997094454220122,63861500
2004-05-14,16.021867752075195,16.213931569914187,15.885563406359534,16.108606021734037,43775300
2004-05-17,15.82360553741455,15.978495954115694,15.749257617441158,15.780235228093348,55149600
2004-05-18,16.003280639648438,16.09001891020752,15.885563571232325,15.922738128660765,58158600
2004-05-19,15.873172760009766,16.275887666368067,15.873172760009767,16.127192986253633,60052800
2004-05-20,15.941330909729004,16.028070398377576,15.854592602801237,15.953722434067487,52089900
2004-05-21,16.040456771850586,16.23252180640895,15.972305768294223,16.09002167521908,57809300
2004-05-24,15.959906578063965,16.21392673348233,15.947515062746008,16.139578823294542,56250500
2004-05-25,16.17057228088379,16.226332968678502,15.860791207233605,15.928942239866355,66615000
2004-05-26,16.19535255432129,16.20154831698949,16.015680163826985,16.102418477740034,50306900
2004-05-27,16.226327896118164,16.226327896118164,16.059045885028546,16.207740612090216,49071900
2004-05-28,16.25110626220703,16.325454200597036,16.120998847175017,16.19534560384463,37393000
2004-06-01,16.17676544189453,16.275895274978428,16.028070692268685,16.1891557847394,48369500
2004-06-02,16.189149856567383,16.28208507505807,16.1148030998393,16.182955278273703,54020000
2004-06-03,16.040456771850586,16.18915148195607,16.021870671662718,16.139586578587576,45933100
2004-06-04,16.077634811401367,16.257307181809338,16.071439049425816,16.127199725485024,48815300
2004-06-07,16.375015258789062,16.375015258789062,16.090016273803936,16.12099506658499,65218600
2004-06-08,16.480350494384766,16.511328123685242,16.25730778191476,16.28209083073179,58447700
2004-06-09,16.399799346923828,16.511320652698043,16.35643021283836,16.35643021283836,50385500
2004-06-10,16.585676193237305,16.598067717724135,16.344046192627424,16.344046192627424,48109200
2004-06-14,16.666213989257812,16.666213989257812,16.436976760185864,16.449367099420755,67377500
2004-06-15,16.98219108581543,17.099908174240664,16.709583526938236,16.721975048187314,114183400
2004-06-16,16.92643165588379,17.0379529918146,16.821106081029203,16.938823178036234,67431100
2004-06-17,17.20523452758789,17.298168577761466,16.907845094344218,16.920235434438947,105427500
2004-06-18,17.5645809173584,17.657514970331814,17.161865899993195,17.20523504593275,134218700
2004-06-21,17.5645809173584,17.756644784399537,17.422081957351118,17.484037204853,116881700
2004-06-22,17.527408599853516,17.564581986962455,17.230017957819992,17.440669120971762,98932000
2004-06-23,17.533597946166992,17.58316284142498,17.347729884379625,17.471642713384746,58558400
2004-06-24,17.589357376098633,17.750443569898888,17.57077128024645,17.645118027095656,65503800
2004-06-25,17.700878143310547,17.73805151561206,17.50261858207554,17.64511749399818,71136500
2004-06-28,17.521209716796875,17.81240336375896,17.453057534471945,17.71946932168344,77024100
2004-06-29,17.657522201538086,17.707087128870054,17.459262492210225,17.459262492210225,55371700
2004-06-30,17.694686889648438,17.843381598434668,17.589361323209797,17.700882650229595,83544400
2004-07-01,17.73806381225586,17.868172478087317,17.508826478807656,17.781434155347025,78441400
2004-07-02,17.700878143310547,17.769030310630153,17.595552603689427,17.73185693832864,36690100
2004-07-06,17.360126495361328,17.552190373103453,17.31056158556592,17.545994611663946,69158900
2004-07-07,17.40968894958496,17.545992136867113,17.06892920879884,17.14327715386578,66255700
2004-07-08,17.12468719482422,17.44066384394676,17.068926540171987,17.273381879990065,59125100
2004-07-09,17.260984420776367,17.34772265590555,17.124680129322133,17.211419546171143,50249300
2004-07-12,17.279582977294922,17.34773517219344,17.093714858852547,17.14327976921856,45757300
2004-07-13,17.099912643432617,17.31675959508406,17.099912643432617,17.291976546108668,43274100
2004-07-14,17.42827606201172,17.570776199858162,16.938822766099186,16.9759961499319,87656300
2004-07-15,17.267183303833008,17.471638596308704,17.22381299669692,17.378703405594266,46759700
2004-07-16,17.025562286376953,17.471647651498866,16.883063319949965,17.459256128752003,66406300
2004-07-19,17.31675148010254,17.508815292773583,17.099904630069933,17.112296148750715,60354500
2004-07-20,17.545991897583008,17.64512170184005,17.25479824529301,17.347732289068926,89010700
2004-07-21,17.88056182861328,18.518710008347142,17.849583015889724,18.518710008347142,201518000
2004-07-22,17.96729278564453,18.15316085901477,17.86196722894263,18.010661923982894,124640700
2004-07-23,17.366313934326172,17.595551089127156,17.360118175855863,17.583159572186535,97372700
2004-07-26,17.75664520263672,17.787622827117303,17.47164727590937,17.57077709231198,72387600
2004-07-27,17.62033462524414,17.8185941750647,17.42826965235036,17.781420804903377,72968400
2004-07-28,17.707082748413086,17.837191389048314,17.521214612329373,17.55838800320196,62718800
2004-07-29,17.645124435424805,17.843384074653294,17.50262546744441,17.83099373349201,60148400
2004-07-30,17.651323318481445,17.849582992771925,17.552193481336207,17.626541450055573,59552900
2004-08-02,17.669906616210938,17.68849271790337,17.446863942136947,17.515016132930803,52267000
2004-08-03,17.39109992980957,17.60794680105246,17.347730791905068,17.583163761266814,53990900
2004-08-04,17.384899139404297,17.471638571834937,17.341530014049,17.353921530356235,46217900
2004-08-05,17.056535720825195,17.477836726032542,17.050339961403285,17.446859110643274,55591700
2004-08-06,16.81490707397461,17.260992331584784,16.76534217665352,16.96360176593788,75628000
2004-08-09,16.83969497680664,16.90165141178114,16.790130065171184,16.889259888442098,51877500
2004-08-10,17.174257278442383,17.192844562848688,16.883063579734298,16.91404120535747,57632700
2004-08-11,16.98219108581543,17.044147510340316,16.852083657861627,16.96979956456635,53097300
2004-08-12,16.653820037841797,16.920231790899688,16.641429700415152,16.870666896032194,50279700
2004-08-13,16.74056625366211,16.883065236263455,16.71578320535538,16.734370491585427,43333200
2004-08-16,16.78392791748047,16.852080088193656,16.703384228143015,16.74675454332794,54347200
2004-08-17,16.7591495513916,16.96360493879732,16.715780405838963,16.86447512561398,56879700
2004-08-18,17.01316261291504,17.037945646535643,16.66001265586206,16.684795689482662,58844000
2004-08-19,16.80252456665039,17.006980011100165,16.734372357926826,16.945023565144282,46293000
2004-08-20,16.852083206176758,16.95740877052988,16.75295340228211,16.808712882967434,46494800
2004-08-23,16.92664909362793,16.9825742409858,16.852083020621674,16.945291204482672,39572200
2004-08-24,16.92664909362793,17.063354350943637,16.833440909766928,17.02607131444051,40835300
2004-08-25,17.119277954101562,17.193845205588037,16.889364533663596,16.908005457630523,53512700
2004-08-26,17.05092430114746,17.150346503527995,17.019854122149706,17.06335118754042,35465500
2004-08-27,17.063350677490234,17.181414983740293,17.057137827082535,17.088206819945448,33248700
2004-08-30,16.96393585205078,17.019861011678742,16.684311239117612,16.96393585205078,36679600
2004-08-31,16.96393585205078,16.97636392868069,16.80858844979681,16.95772299894245,52106700
2004-09-01,17.01986312866211,17.100644451597713,16.86451570708555,16.92044087366965,48507500
2004-09-02,17.16278076171875,17.20006380474917,16.995005290272015,17.026074295262937,42161700
2004-09-03,16.84586524963379,17.162773952680638,16.839651214059604,17.063350568699775,46174400
2004-09-07,17.001211166381836,17.01363805128837,16.87693283566847,16.957714106193958,44893400
2004-09-08,16.939077377319336,17.069568599299583,16.864510118183215,16.963932340227128,53278100
2004-09-09,16.951505661010742,17.069568810393957,16.889366475163246,16.96393255001513,56904700
2004-09-10,17.08199691772461,17.09442499195948,16.88936650790963,16.988788731375838,52664500
2004-09-13,16.932863235473633,17.13170767833058,16.615954460217985,17.106852715576647,48239200
2004-09-14,17.05092430114746,17.094421366538178,16.945288062967375,17.007427235756744,55920000
2004-09-15,16.89558219909668,17.026073435718708,16.864512010467738,17.001218470022064,52605700
2004-09-16,16.939077377319336,16.995002525369834,16.883152229268838,16.91422122920517,35951500
2004-09-17,17.09442710876465,17.106855184538492,16.939079717211214,17.019859839328124,65283000
2004-09-20,17.09442710876465,17.181421268768478,16.98257679721313,17.050930028762735,51513600
2004-09-21,16.939077377319336,17.10685282147083,16.932863340290794,17.057141710448875,73874400
2004-09-22,16.852087020874023,17.237347921672225,16.821016828740852,16.95150926528689,68409000
2004-09-23,16.995006561279297,17.01986153008955,16.88315623861651,16.895584315624966,52155800
2004-09-24,16.957727432250977,17.06336255560182,16.895588218062827,17.019865461232193,49859800
2004-09-27,16.89558219909668,16.97636231911891,16.858297972741948,16.883154123645102,47813600
2004-09-28,16.945293426513672,17.00121858120499,16.802374113505415,16.908009199915114,62055100
2004-09-29,17.137920379638672,17.206273595995878,16.920433842761796,16.939075952279108,61529300
2004-09-30,17.181427001953125,17.268422376192547,17.10064685288109,17.144143947397335,71218000
2004-10-01,17.554250717163086,17.5977477859443,17.262198123056212,17.28705308298566,66302800
2004-10-04,17.47347068786621,17.684741996358678,17.442400506318613,17.672315108945877,62016200
2004-10-05,17.63503074645996,17.678529000269858,17.461042472045285,17.492111468131842,58017700
2004-10-06,17.72824478149414,17.740671672082993,17.541827200182837,17.641249436132917,56999600
2004-10-07,17.504545211791992,17.76552889317403,17.498331173520203,17.7344598870217,38401500
2004-10-08,17.39268684387207,17.60395930650824,17.380258773080282,17.461040048020852,49556600
2004-10-11,17.436182022094727,17.53560420727228,17.355401941090193,17.523177323029536,44691000
2004-10-12,17.417543411254883,17.498323502964183,17.28083699961532,17.293265070710934,56412900
2004-10-13,17.417543411254883,17.566676708783962,17.361618276530717,17.516965609607603,49500700
2004-10-14,17.274627685546875,17.498328285585107,17.274627685546875,17.423762209043307,41548700
2004-10-15,17.39268684387207,17.54803417315125,17.287050612553987,17.380258773080282,49828500
2004-10-18,17.653671264648438,17.678527407443138,17.386473655636017,17.44239879171797,50350700
2004-10-19,17.510761260986328,17.765530933354132,17.504547222000923,17.728247884648457,57026500
2004-10-20,17.83387565612793,17.86494465100372,17.473469863620274,17.535607853371864,69078100
2004-10-21,17.746885299682617,17.951943804739635,17.69096014510284,17.902232687913887,94988500
2004-10-22,17.237346649169922,17.610180630798,17.13792441209664,17.5853244789264,101912800
2004-10-25,17.16898536682129,17.255980672376413,17.119274271592364,17.193841507038755,61529500
2004-10-26,17.336769104003906,17.336769104003906,17.168993632382925,17.218704751543967,76966600
2004-10-27,17.49211311340332,17.61639147985136,17.13792130979465,17.311910785780636,72392600
2004-10-28,17.405118942260742,17.73445578321632,17.33676572229482,17.467258125392817,63059600
2004-10-29,17.38025665283203,17.4921069059012,17.274620434400696,17.473465987193617,80010100
2004-11-01,17.44861602783203,17.572894394188356,17.374048770976966,17.498327137333295,72930900
2004-11-02,17.548046112060547,17.6909654677839,17.417554835584493,17.560474191307847,89417100
2004-11-03,17.690954208374023,17.802804479998876,17.591532008086624,17.802804479998876,79666700
2004-11-04,18.02029037475586,18.02029037475586,17.635028472839373,17.635028472839373,87867700
2004-11-05,18.212928771972656,18.2439989629735,18.038940443194317,18.150789575177562,95337700
2004-11-08,18.19429588317871,18.318573146484113,18.10108645419076,18.13215665892245,112802100
2004-11-09,18.498760223388672,18.573326277599804,18.237776663237582,18.28748776111369,100401000
2004-11-10,18.473913192749023,18.641688675276104,18.44905822415611,18.591977552883634,84097700
2004-11-11,18.629262924194336,18.691402131244516,18.52984066699677,18.573337756369856,87358900
2004-11-12,18.623037338256836,18.765957781420322,18.517401107330468,18.74110163992891,162269000
2004-11-15,18.969324111938477,19.04550656088948,18.837737926791352,18.93469644657571,104468000
2004-11-16,18.78234100341797,18.93470464634102,18.733860401570272,18.927778846077064,64522600
2004-11-17,18.816967010498047,18.941628762241194,18.740784535330295,18.872372086721533,58830700
2004-11-18,18.74770736694336,18.81696403149868,18.699228098042937,18.78926083729215,63249900
2004-11-19,18.602266311645508,18.747704092948336,18.588414716961207,18.720002224540508,85808600
2004-11-22,18.45682716369629,18.57456307629986,18.075917557546315,18.526083815985587,92410800
2004-11-23,18.373714447021484,18.491450322519185,18.283680431132467,18.366788651879226,70459700
2004-11-24,18.449899673461914,18.512230522706908,18.283684515795485,18.436049401043533,60069200
2004-11-26,18.422204971313477,18.574568594848913,18.387575974400086,18.394501773782764,24398700
2004-11-29,18.539932250976562,18.66459393965973,18.429122154582753,18.44989822205625,67079900
2004-11-30,18.567644119262695,18.706157474869368,18.491462962544155,18.526090640965197,75960400
2004-12-01,18.872364044189453,18.89314143427935,18.5676355943409,18.664595427133097,99889000
2004-12-02,18.761558532714844,18.976252999035577,18.64382260196587,18.886220261856227,96088300
2004-12-03,18.858518600463867,19.003957736598807,18.796187730829047,18.810039328739247,76498400
2004-12-06,18.92778205871582,19.003964553588574,18.747715184173938,18.768492588492386,55297400
2004-12-07,18.74770736694336,18.962401838199956,18.699228098042937,18.879294897502373,111656000
2004-12-08,18.948549270629883,18.948549270629883,18.636894978299452,18.706151634479642,95655000
2004-12-09,18.858518600463867,18.948552665919088,18.657675714610292,18.78926193187395,83006000
2004-12-10,18.7546329498291,18.82388961358802,18.72693107690213,18.7546329498291,70949200
2004-12-13,18.872364044189453,18.89314143427935,18.63689224034657,18.768479735661277,93812500
2004-12-14,18.858518600463867,18.927775269053786,18.72693238320021,18.733856861194226,127843200
2004-12-15,18.775402069091797,18.976244852404538,18.747698887415332,18.851583176781258,106303900
2004-12-16,18.810035705566406,18.893143956058285,18.706151383172177,18.80310990794535,88997500
2004-12-17,18.671520233154297,18.92084363480079,18.560710125969337,18.699223420430872,126184400
2004-12-20,18.66459083557129,18.803102772547504,18.62303606561413,18.706144284568122,85552800
2004-12-21,18.74770736694336,18.81696403149868,18.657674627694146,18.699228098042937,94646100
2004-12-22,18.678451538085938,18.803113275670846,18.546865322600596,18.588418794808543,63651900
2004-12-23,18.706151962280273,18.8031104900551,18.581490243163568,18.609193434505446,65801900
2004-12-27,18.5953369140625,18.768477851212133,18.574559526058756,18.706147008161423,55958500
2004-12-28,18.66459083557129,18.71999587455384,18.56070523163872,18.59533420660302,55075900
2004-12-29,18.62996482849121,18.69922146849255,18.574559780682247,18.595337168970808,47594900
2004-12-30,18.53300666809082,18.65766835820847,18.526080871866444,18.623039377086588,48355400
2004-12-31,18.50530433654785,18.629966032414156,18.477602471333462,18.526081726179108,54959500
2005-01-03,18.519161224365234,18.664600351444644,18.456830358611345,18.560714694547496,65002900
2005-01-04,18.588415145874023,18.768481918042497,18.463753432760402,18.609192538379894,109442100
2005-01-05,18.546857833862305,18.768478024101647,18.533006241732213,18.58841128929205,72463500
2005-01-06,18.526090621948242,18.74078513405307,18.449908144346647,18.595347299680487,76890500
2005-01-07,18.470684051513672,18.623047673444542,18.43605637592611,18.5745683992375,68723300
2005-01-10,18.560712814331055,18.602267601264778,18.38064735479505,18.42220082076791,70376600
2005-01-11,18.512224197387695,18.57455502533528,18.42911730743105,18.484522341055545,64712000
2005-01-12,18.546857833862305,18.595337085357095,18.436047738742634,18.53993203779726,72940600
2005-01-13,18.19365882873535,18.560716948345085,18.117476356682996,18.477609997889022,89861600
2005-01-14,18.089765548706055,18.31831153106172,18.034360502103485,18.2836825513348,92180800
2005-01-18,18.228275299072266,18.24905268439431,17.89584505968161,18.027432524800542,69146400
2005-01-19,17.992816925048828,18.186735369331714,17.9512634444744,18.152106368051918,58114100
2005-01-20,17.909711837768555,18.075927098418475,17.826603546962858,17.89586023580736,58380100
2005-01-21,17.764270782470703,18.096701268652392,17.757344982221753,17.972040827055256,76501000
2005-01-24,17.778104782104492,18.00665068020718,17.757327401927874,17.84043560167432,69010900
2005-01-25,18.02051544189453,18.1382513737194,17.833522846473684,17.84044864492938,67580700
2005-01-26,18.013593673706055,18.124403831867312,17.937411194609712,18.055147152776208,64974500
2005-01-27,18.082847595214844,18.117475268999133,17.902780785422152,17.972037453951817,93204100
2005-01-28,18.131324768066406,18.456829355226926,17.978959850746264,18.380648217527785,110466500
2005-01-31,18.200578689575195,18.366793857215427,18.117470445274712,18.24905794835017,71442100
2005-02-01,18.27676010131836,18.304463290171526,18.159024190613906,18.179801582253777,57981700
2005-02-02,18.325237274169922,18.35294045986855,18.20057690140791,18.297535409431898,79329500
2005-02-03,18.131324768066406,18.283688364425622,18.075919703848427,18.26291229094446,62545400
2005-02-04,18.228275299072266,18.26290427460901,18.103613629060682,18.124391014382727,61246500
2005-02-07,18.117473602294922,18.21443213674017,18.048216940136477,18.19365606276531,57763400
2005-02-08,18.17287254333496,18.242129182153015,18.117467496472617,18.138244884406188,61343700
2005-02-09,18.055139541625977,18.2213547087998,18.0343634713297,18.179801247246527,77874800
2005-02-10,18.04821014404297,18.096689393010625,18.00665669077933,18.075913326859038,71796400
2005-02-11,17.985877990722656,18.089763597738937,17.8750679094683,18.027432761913317,83835900
2005-02-14,18.013593673706055,18.0897761528024,17.94433699461495,17.958188594625426,58694000
2005-02-15,18.013593673706055,18.117798538635267,17.964964825074873,18.062222522337237,76551600
2005-02-16,17.91633415222168,18.01359183958137,17.832969473744363,17.97191016286102,57506600
2005-02-17,17.819076538085938,17.964964405609887,17.784342025599468,17.860758218077045,67024800
2005-02-18,17.700969696044922,17.819068842546727,17.6453937050462,17.812121678042367,77091100
2005-02-22,17.527292251586914,17.707914529818137,17.50645208585298,17.541186578766848,96419200
2005-02-23,17.50645637512207,17.610661204430926,17.48561487924578,17.53424371125416,83689400
2005-02-24,17.62455940246582,17.673188245145084,17.471724382574887,17.492565883024536,85236300
2005-02-25,17.54118537902832,17.631495849449113,17.47171507291608,17.596761358910936,62467700
2005-02-28,17.47866439819336,17.6245521915794,17.45782290627077,17.520346057002495,82728000
2005-03-01,17.56203269958496,17.652343199992018,17.457826543298555,17.499509535827645,56394800
2005-03-02,17.548139572143555,17.700973246788823,17.478669238200645,17.499510735894443,67739000
2005-03-03,17.48561668395996,17.58287435801482,17.464775185932595,17.575927192005697,52183600
2005-03-04,17.48561668395996,17.575927192005697,17.457828019923472,17.51340402296002,63058200
2005-03-07,17.694021224975586,17.916326497591115,17.47866444138747,17.485611605378832,80407400
2005-03-08,17.645397186279297,17.798232185455472,17.60371551606598,17.645397186279297,52871800
2005-03-09,17.582866668701172,17.763488930839607,17.562026504824026,17.63844264743332,62991800
2005-03-10,17.666240692138672,17.70097520042553,17.541194342247493,17.666240692138672,59132900
2005-03-11,17.43004035949707,17.700973203674447,17.409198861854037,17.68013303106782,60617900
2005-03-14,17.443925857543945,17.471713181959903,17.33971974713583,17.423084370455175,65550500
2005-03-15,17.30499267578125,17.53424383185201,17.291098345101496,17.436986167166324,71469400
2005-03-16,17.1104736328125,17.346671921250696,17.061844807258066,17.242467105771755,74841400
2005-03-17,17.047948837280273,17.145206471466704,17.041001674118974,17.1174178188215,60573200
2005-03-18,16.888172149658203,17.304992797734204,16.867331978528007,17.04100713813998,135904000
2005-03-21,16.811756134033203,16.922908131197364,16.7770203067717,16.91596096574506,71446200
2005-03-22,16.665870666503906,16.860387351568004,16.64502916719959,16.804811345126335,102113300
2005-03-23,16.79785919189453,16.943745668605757,16.645024225774826,16.66586571889191,79293300
2005-03-24,16.86733055114746,16.999322707256717,16.811754557776144,16.839541891943703,78820900
2005-03-28,16.811756134033203,16.99932430110002,16.7978618031286,16.95069546797024,49802000
2005-03-29,16.61724281311035,16.839546852075856,16.547772469674484,16.77007650863999,74231700
2005-03-30,16.783964157104492,16.804805649344843,16.672812181894745,16.700600838215212,59585700
2005-03-31,16.79092025756836,16.888177956379902,16.756185743717598,16.846496274751637,62382300
2005-04-01,16.756175994873047,16.915956785683942,16.74228166740184,16.839539309628297,64619600
2005-04-04,16.832597732543945,16.85343923066794,16.631135217491067,16.749234390120836,62196400
2005-04-05,16.999326705932617,17.02016820523789,16.756182505887,16.825651520164886,73549600
2005-04-06,17.13826560974121,17.32583510895463,16.98543193910604,16.999324945500963,78020200
2005-04-07,17.43698501586914,17.457825185476473,17.110474891634603,17.131316386278154,77451500
2005-04-08,17.325830459594727,17.541187238843712,17.304988968040558,17.416140939590747,47956300
2005-04-11,17.34666633605957,17.443925280889616,17.27025020266502,17.388349308859173,47791800
2005-04-12,17.58981704711914,17.610658539841996,17.228572456806173,17.31193710266151,67517800
2005-04-13,17.39530372619629,17.68013086727699,17.360567901042398,17.52729588667235,60929300
2005-04-14,17.256362915039062,17.464772563877663,17.249415750072945,17.3744620693906,66754400
2005-04-15,16.992374420166016,17.29804302603797,16.957639923491612,17.075739067235133,100251600
2005-04-18,17.124366760253906,17.25636022395363,16.950691638293854,16.98542745770748,75766400
2005-04-19,17.1104736328125,17.228572777031598,16.98542864925944,17.16604962273701,65956200
2005-04-20,16.89511489868164,17.159101814306272,16.88122057153593,17.13131316001485,91923500
2005-04-21,17.56203269958496,17.638448869148988,16.999324225769126,17.00627139119064,93562300
2005-04-22,17.353620529174805,17.541190007661463,17.214681205323977,17.402249358774405,80087500
2005-04-25,17.360563278198242,17.56202703533547,17.27025280691886,17.416139258609217,75457900
2005-04-26,17.200790405273438,17.54119360736243,17.186896072526174,17.332783916299455,60464300
2005-04-27,17.360563278198242,17.471715239020195,17.110470703830895,17.13131219337347,47732800
2005-04-28,16.985427856445312,17.311936616382127,16.9784806923995,17.242466300960064,83623100
2005-04-29,17.575918197631836,17.575918197631836,17.22162218773051,17.28414399974458,98641200
2005-05-02,17.527292251586914,17.61760405322051,17.332776971211725,17.527292251586914,54376700
2005-05-03,17.61760902404785,17.645396361211976,17.430039529303727,17.45782686646785,67867800
2005-05-04,17.51340103149414,17.64539451304879,17.44393203334178,17.603712849150135,86864200
2005-05-05,17.527292251586914,17.59676256245061,17.423087447809355,17.50645208585298,59362300
2005-05-06,17.520349502563477,17.700971826305736,17.499509331578494,17.5967669962719,64322600
2005-05-09,17.443925857543945,17.59675945442105,17.402242883366405,17.527289155827553,61872400
2005-05-10,17.298046112060547,17.423092442454806,17.242470112444916,17.395305105165164,62235100
2005-05-11,17.30499267578125,17.346674342784215,17.117423186713456,17.291098345101496,59463300
2005-05-12,17.367515563964844,17.4439330564579,17.249416405128432,17.25636357035837,74540700
2005-05-13,17.575918197631836,17.631494172227704,17.360561461702307,17.38835011151812,77204300
2005-05-16,17.764087677001953,17.77105687842377,17.555016951304435,17.58289242775245,50577300
2005-05-17,17.743183135986328,17.771059946486357,17.59683386857963,17.638647755090187,39983200
2005-05-18,17.91044044494629,18.0080066183389,17.71530676892165,17.771059057894487,71182400
2005-05-19,18.06375503540039,18.154351987097286,17.910436605898283,17.945281280572676,52120800
2005-05-20,17.938312530517578,18.063755489279945,17.931343329559763,18.03587868544868,64444500
2005-05-23,18.01497459411621,18.1682930460434,17.938314703532953,17.938314703532953,75421100
2005-05-24,17.945289611816406,18.035886605573676,17.924381999761763,17.98013430266772,61287700
2005-05-25,17.917417526245117,17.95923276139433,17.771068190943186,17.896511237910612,35749000
2005-05-26,18.049821853637695,18.119512552379366,17.93134806454871,17.94528647014495,50579200
2005-05-27,18.168292999267578,18.1822314028358,17.987097740598678,18.0010361441669,54978000
2005-05-31,17.98013687133789,18.140425928176438,17.94529217550861,18.11254910812106,46131100
2005-06-01,17.987091064453125,18.11950319072607,17.847711068221606,17.93133880011275,54621000
2005-06-02,17.973169326782227,18.021952433538196,17.86863257888804,17.917415685644013,27212500
2005-06-03,17.72227668762207,17.987099738638676,17.659555193837182,17.910441168976735,79659500
2005-06-06,17.680465698242188,17.77106268786387,17.638650476041697,17.687433572702577,40756900
2005-06-07,17.778032302856445,18.001041509459597,17.638650884109612,17.652589291832243,54511400
2005-06-08,17.701364517211914,17.854684275494765,17.659550641879832,17.805899870161685,45369700
2005-06-09,17.778032302856445,17.84772301222986,17.66652769955487,17.701372389621717,52767900
2005-06-10,17.72227668762207,17.78499818140696,17.659555193837182,17.764090573732172,39459800
2005-06-13,17.638641357421875,17.764084300693934,17.603796686174746,17.673487357908005,49104100
2005-06-14,17.673490524291992,17.72924280581938,17.589861437381288,17.63864451756285,44243300
2005-06-15,17.60379981994629,17.70833518153572,17.49926445835686,17.70136598019786,50764800
2005-06-16,17.450485229492188,17.582896096416437,17.387763732848267,17.575926893540498,65918800
2005-06-17,17.450485229492188,17.624711313672073,17.366856124220448,17.610772907920193,90821300
2005-06-20,17.499265670776367,17.617739443249857,17.37382269648216,17.408667376346404,50538900
2005-06-21,17.527137756347656,17.55501455823481,17.450479209636132,17.478354682284213,81084000
2005-06-22,17.471384048461914,17.60379618808467,17.443508578100737,17.499260848062058,60492700
2005-06-23,17.638641357421875,17.85468257271887,17.527136814344264,17.54107521453872,105159800
2005-06-24,17.450485229492188,17.70136988682834,17.450485229492188,17.575926893540498,57970700
2005-06-27,17.457456588745117,17.596838015614217,17.443519509450045,17.471394997279987,61636200
2005-06-28,17.471384048461914,17.56198231792342,17.443508578100737,17.485322448261986,53058100
2005-06-29,17.485328674316406,17.64561634137446,17.422607182121613,17.575925646798087,55859900
2005-06-30,17.311100006103516,17.52017072923589,17.297161603430894,17.46441844778464,82018200
2005-07-01,17.220500946044922,17.41563458699686,17.19262547118846,17.31806843114048,69718400
2005-07-05,17.408668518066406,17.55501910742093,17.157783882263455,17.18565936213515,61883500
2005-07-06,17.213529586791992,17.47835252585143,17.206560387180044,17.401692659358922,64214600
2005-07-07,17.178680419921875,17.22049428064159,17.074145103503263,17.129897360875766,80082900
2005-07-08,17.485328674316406,17.50623628146115,17.16475201096086,17.17172121334244,56104000
2005-07-11,17.62470817565918,17.68742833189648,17.49926520470599,17.527140682007087,61525400
2005-07-12,17.847713470458984,17.854682670594414,17.561982911101424,17.58985838240413,63384800
2005-07-13,17.882564544677734,17.94528603911477,17.75712155580366,17.791967568957286,44749200
2005-07-14,18.098600387573242,18.189198671900705,17.973158756506205,17.973158756506205,69506800
2005-07-15,17.973169326782227,18.18920936923294,17.945292506213118,18.147395467619244,56472800
2005-07-18,17.805904388427734,17.97316259067626,17.805904388427734,17.917408970433772,39668000
2005-07-19,18.231016159057617,18.293737651630934,17.945285505885586,17.973162315580147,113290100
2005-07-20,18.251922607421875,18.279798086107036,18.035881333724905,18.119510428259115,71424800
2005-07-21,18.426143646240234,18.454019117326503,18.119505488857268,18.32857617434079,112932100
2005-07-22,17.896501541137695,18.356458244642127,17.861655530727127,18.112541488725686,97558900
2005-07-25,17.903465270996094,18.049814482270452,17.87558847118823,17.903465270996094,45174600
2005-07-26,17.79893684387207,17.938316909334148,17.791967641213045,17.924378504016094,51476400
2005-07-27,17.924373626708984,17.980125903571253,17.79196279993555,17.84771507679782,57977300
2005-07-28,17.945289611816406,18.014980322758788,17.882568104892236,17.945289611816406,44738700
2005-07-29,17.847713470458984,18.119505629545685,17.833775070188125,17.966187214283266,59524400
2005-08-01,18.06375503540039,18.154351987097286,17.95225048135538,17.98709515602977,61346800
2005-08-02,18.684005737304688,18.74672723677531,18.028916588317575,18.04982286864805,137510100
2005-08-03,18.99064064025879,19.116083616799347,18.62825011452815,18.649157720364695,139422400
2005-08-04,19.039426803588867,19.16486980041537,18.85126230834911,18.927922212907436,91461400
2005-08-05,19.34605598449707,19.471498922265287,18.990634770566782,19.01851156973258,82212400
2005-08-08,18.907014846801758,19.40181763739756,18.872170160230606,19.373940824748967,77207200
2005-08-09,19.060321807861328,19.17182632480275,18.82337437705113,18.96972355707224,64761800
2005-08-10,18.781566619873047,19.16486335528306,18.711875941824193,19.102141877963003,62818800
2005-08-11,19.004575729370117,19.02548200232083,18.739751418588654,18.802472895919045,48646800
2005-08-12,18.851253509521484,18.913974978659475,18.746718170704483,18.872161108980464,52006500
2005-08-15,18.96309471130371,19.081919910250008,18.655548235475134,18.8582492612175,45976600
2005-08-16,18.690500259399414,18.970088630300403,18.662542088900572,18.893202661541704,46894600
2005-08-17,18.83727264404297,18.97706607130111,18.634570374723445,18.746405649802618,52413100
2005-08-18,18.74641227722168,18.92814499676871,18.732432529599116,18.79534006071855,40861900
2005-08-19,18.676515579223633,18.809320520300645,18.662537164254076,18.76738260902765,36043500
2005-08-22,18.8093204498291,18.991053175574088,18.711464879498017,18.72544462759736,41691700
2005-08-23,18.781362533569336,18.92115601685295,18.69049550291192,18.760392911144812,48296700
2005-08-24,18.739431381225586,18.984071749096035,18.71846308292821,18.76040101270571,63645000
2005-08-25,18.893192291259766,18.935130190579997,18.76737726011729,18.802325287353852,39306300
2005-08-26,18.851261138916016,18.928148431610555,18.781365054483544,18.91416868145112,36774600
2005-08-29,18.977067947387695,19.032985590455336,18.739417631054767,18.739417631054767,52307700
2005-08-30,18.998044967651367,19.032993008245896,18.844270389397952,18.914167803769296,55163200
2005-08-31,19.137832641601562,19.179771877376087,18.900183638122012,18.99104931593638,65210200
2005-09-01,19.012020111083984,19.144823699714443,18.977070745774416,19.13783382665253,75974500
2005-09-02,18.88620376586914,19.060946580875665,18.85125440295871,19.019007345383148,52047500
2005-09-06,18.87222671508789,19.074929049362524,18.858246967927833,18.914164623385997,46089000
2005-09-07,18.767385482788086,18.94911823704183,18.74641585734953,18.830293025921396,44656100
2005-09-08,18.599626541137695,18.788347777108456,18.536719018086796,18.732430126972318,52552300
2005-09-09,18.578659057617188,18.746412027305265,18.54371102220879,18.606618552489582,41515800
2005-09-12,18.599626541137695,18.697482095580455,18.536719018086796,18.606616414052457,40550500
2005-09-13,18.508766174316406,18.70447868667894,18.4318802110024,18.550705426868504,63422900
2005-09-14,18.389936447143555,18.62059694686619,18.382946573432918,18.536721128702737,54969600
2005-09-15,18.36198616027832,18.47382152124648,18.327036776736605,18.431883594179087,60357200
2005-09-16,18.222187042236328,18.452847587080495,18.152289624638808,18.410909669794925,187384300
2005-09-19,18.173263549804688,18.3619862220165,18.075407941924194,18.236171107208627,61832300
2005-09-20,18.061410903930664,18.327019299643734,17.95656551965396,18.222173915367033,61043400
2005-09-21,17.816781997680664,18.103360183871974,17.774844084213754,18.03346277263897,68281800
2005-09-22,17.711936950683594,17.893669690754162,17.579131999635436,17.816782403329082,71314900
2005-09-23,17.66300392150879,17.851726480190965,17.5581584999682,17.69096207843474,66396800
2005-09-26,17.66300392150879,17.816777117556192,17.62106468634706,17.753869597995465,56203700
2005-09-27,17.711936950683594,17.788824238108674,17.683977452280924,17.732906574485597,48797900
2005-09-28,17.942590713500977,18.082385486432223,17.73988842606885,17.746878298033586,71019400
2005-09-29,18.13132095336914,18.173258869777577,17.823773122281853,17.900660413349257,66807100
2005-09-30,17.984533309936523,18.13830786696546,17.90065749081357,18.110348371803067,57644500
2005-10-03,17.823774337768555,17.984537472616022,17.781836418500177,17.97055772179909,55341300
2005-10-04,17.46030616760254,17.74688434997527,17.299543057136315,17.72591606011233,151666300
2005-10-05,17.243629455566406,17.509238077431874,17.243629455566406,17.502249534620244,73684700
2005-10-06,17.28556251525879,17.439337077502604,17.14576903425241,17.23663473024745,81724600
2005-10-07,17.187700271606445,17.362443054902013,17.13877250559275,17.313515288888315,50768700
2005-10-10,17.096837997436523,17.25061254242362,17.01995205812498,17.24362266918039,48880900
2005-10-11,17.061887741088867,17.159743287378674,16.95005245013428,17.13178513123094,76567300
2005-10-12,16.98501205444336,17.264601805561014,16.96404375633745,17.11781705290597,71294400
2005-10-13,17.187700271606445,17.28555580363384,16.964029722297184,16.99198787437002,70192000
2005-10-14,17.243629455566406,17.28556737834884,17.124804230030726,17.27158762636052,53846700
2005-10-17,17.145767211914062,17.257602518105607,17.082859685533567,17.250612644820883,46924400
2005-10-18,17.173721313476562,17.355453976387313,17.08984552024495,17.117803673594924,69328200
2005-10-19,17.53719139099121,17.53719139099121,17.124798185183252,17.166736093162115,66574500
2005-10-20,17.32749366760254,17.565142607651154,17.29254431378544,17.509224974725328,58830600
2005-10-21,17.320510864257812,17.4742840842537,17.173726184695404,17.41137655489582,69431200
2005-10-24,17.54418182373047,17.54418182373047,17.25061379215699,17.39739714135268,51868000
2005-10-25,17.49526023864746,17.565156334541285,17.355465380494675,17.439342562022862,41310500
2005-10-26,17.551166534423828,17.70493971213342,17.42535151030611,17.45330966389799,58178100
2005-10-27,17.36944007873535,17.663008128886844,17.36944007873535,17.628058757927032,61566100
2005-10-28,17.844741821289062,17.89366961009091,17.544183880726564,17.544183880726564,106559300
2005-10-31,17.96356773376465,18.03346381585885,17.823772903211633,17.900660193334023,75122100
2005-11-01,18.145292282104492,18.24314915974225,17.900653420964606,17.900653420964606,71370400
2005-11-02,18.494779586791992,18.522739078158043,18.124325658465263,18.124325658465263,75067100
2005-11-03,18.48080062866211,18.620594081819323,18.34799571495815,18.592635924460637,73421600
2005-11-04,18.63457489013672,18.669522922124234,18.48779155597081,18.543709207060008,57464000
2005-11-07,18.879222869873047,18.928150668029687,18.66254204952971,18.676520468158383,77104800
2005-11-08,18.907167434692383,18.998034422894587,18.711456382899733,18.83028152142308,60091700
2005-11-09,18.844268798828125,18.977073741605917,18.830290383679554,18.85824854715888,59562100
2005-11-10,18.935138702392578,18.97707662056494,18.620600983143913,18.830293240370484,73314800
2005-11-11,19.06793785095215,19.144823788626336,18.96309108771848,18.977070833907234,51945600
2005-11-14,19.13085174560547,19.17977954037558,19.01202652979988,19.123861870183678,67152200
2005-11-15,19.278059005737305,19.30610046063984,19.102803923866965,19.158885496581867,65081000
2005-11-16,19.44631004333496,19.54445249320678,19.236004411583757,19.264044538508305,86277000
2005-11-17,19.607542037963867,19.62857313338791,19.460328381266866,19.523420330448563,91351000
2005-11-18,19.677640914916992,19.803824791238075,19.55846740251266,19.712692734500738,75431200
2005-11-21,19.740734100341797,19.79681567812895,19.516407789193185,19.677642158194963,65794400
2005-11-22,19.565471649169922,19.684645124313967,19.530421177635112,19.67062440086413,104253300
2005-11-23,19.572486877441406,19.691660382217016,19.446303009197802,19.572486877441406,70541300
2005-11-25,19.460323333740234,19.58650719937465,19.257026808642543,19.48836344994228,44082500
2005-11-28,19.453317642211914,19.523419955187517,19.299093623337914,19.48135910223832,57517200
2005-11-29,19.40424346923828,19.48135613547721,19.348161894816386,19.48135613547721,62220400
2005-11-30,19.40424346923828,19.467335407599187,19.369191649543218,19.40424346923828,55904700
2005-12-01,19.55146598815918,19.698681023617286,19.43930278832958,19.43930278832958,61006100
2005-12-02,19.635574340820312,19.698666260576974,19.481350390909476,19.502380139435157,42319600
2005-12-05,19.523418426513672,19.642591948113846,19.425274661196273,19.579500005084913,47517300
2005-12-06,19.41126251220703,19.57249694362373,19.404252145133594,19.55847620947685,65980000
2005-12-07,19.453317642211914,19.453317642211914,19.31311301626071,19.397236059249515,55583200
2005-12-08,19.41126251220703,19.4953842429067,19.348170545636883,19.42528190926311,63931600
2005-12-09,19.425268173217773,19.509391181522965,19.37619697549385,19.425268173217773,48467000
2005-12-12,19.243005752563477,19.453311285680794,19.158882737062566,19.41826080919123,63757200
2005-12-13,19.018686294555664,19.22899325474816,18.927554214435627,19.130850808912655,104285500
2005-12-14,18.990646362304688,19.095799174927205,18.822401594690547,18.927554407313064,65076200
2005-12-15,18.87146759033203,19.004661829204696,18.794354925128353,18.983630737670005,79018100
2005-12-16,18.85744857788086,18.983632464386083,18.794356634628247,18.843427848915766,88542500
2005-12-19,18.808380126953125,18.836421589003212,18.682196221908747,18.801369761440604,68680100
2005-12-20,18.829410552978516,18.843429946413828,18.69621628716464,18.759308237440138,62960600
2005-12-21,18.738269805908203,18.864453657060167,18.72424908087133,18.836413544076358,75800900
2005-12-22,18.640134811401367,18.773329077995893,18.520961275414784,18.724256520868092,91276900
2005-12-23,18.67518424987793,18.69621534460631,18.53498096295989,18.59106254514518,30689200
2005-12-27,18.548995971679688,18.82239479016996,18.54198694551718,18.70322128905627,37819000
2005-12-28,18.499921798706055,18.689197564896563,18.47188168728331,18.58404480715401,35444400
2005-12-29,18.415813446044922,18.577047880330902,18.408803078846727,18.513955912637982,34495500
2005-12-30,18.33167839050293,18.443841518153988,18.296627914520705,18.33167839050293,49044600
2006-01-03,18.815391540527344,18.927554720794433,18.2966364975194,18.401789311883476,79973000
2006-01-04,18.90652084350586,18.98363352001158,18.766317557329547,18.766317557329547,57975600
2006-01-05,18.92054557800293,19.01868803280837,18.86446398424401,18.899514478934336,48245500
2006-01-06,18.864459991455078,18.92755193821636,18.570031352265875,18.85043926171026,100963000
2006-01-09,18.829410552978516,18.976624212227705,18.759308237440138,18.878481772728247,55625000
2006-01-10,18.92755126953125,18.94157199878073,18.640133005368558,18.682193856026668,64921900
2006-01-11,19.130849838256836,19.200950817673696,18.85745093758728,18.934563619454398,70120700
2006-01-12,19.025707244873047,19.109830343168493,18.90653363559108,19.10281997355293,45994800
2006-01-13,19.060747146606445,19.10280800084684,18.93456324679482,18.948583977238435,41418000
2006-01-17,18.92054557800293,19.06075023094556,18.857453617887813,18.857453617887813,58566600
2006-01-18,18.808380126953125,18.91353293545994,18.717248049471355,18.745288174430936,52376200
2006-01-19,18.94156837463379,19.095792355598945,18.82239487299569,18.836415599562546,60367600
2006-01-20,18.513944625854492,18.934557041689498,18.408791856168243,18.934557041689498,79165900
2006-01-23,18.47188377380371,18.598067632184012,18.436831959203623,18.513944614233807,47925600
2006-01-24,18.422821044921875,18.5419945952018,18.380758848053226,18.4648819046999,63040700
2006-01-25,18.506946563720703,18.62612013846546,18.387772988975946,18.51395693130462,59072100
2006-01-26,18.57703971862793,18.73126371795839,18.443845474561932,18.619100566247102,69509300
2006-01-27,19.481353759765625,19.593516894931348,19.06074133434915,19.088781449595558,134520700
2006-01-30,19.628572463989258,19.754756358049367,19.474348447410453,19.502388569929153,103999200
2006-01-31,19.733722686767578,19.894957047196748,19.537437843493876,19.565477962351455,94841300
2006-02-01,19.656612396240234,19.677642152222607,19.460326205499634,19.60052948137982,68448800
2006-02-02,19.40424346923828,19.621559402986843,19.313110075121326,19.60753867510882,55073400
2006-02-03,19.306100845336914,19.418263993001702,19.16589624221083,19.264038662144973,75022700
2006-02-06,19.046724319458008,19.306102455750157,18.990642740947585,19.285071362399886,60170500
2006-02-07,18.88549041748047,19.03270406331816,18.794357014455894,18.892500782104694,72159500
2006-02-08,18.864459991455078,18.98363352010524,18.72425536818769,18.934562303088768,51795200
2006-02-09,18.689199447631836,18.94857752414354,18.682189084797464,18.899504984302954,52861700
2006-02-10,18.710237503051758,18.85044080067507,18.584053599227435,18.661166282029075,52127000
2006-02-13,18.499921798706055,18.71723901340917,18.46487132515516,18.66816647851211,46707000
2006-02-14,18.682191848754883,18.703222940369457,18.471886280969873,18.51394712710884,58432900
2006-02-15,18.90728759765625,18.94245820952651,18.639997655550566,18.710337537669428,62808900
2006-02-16,18.85803985595703,18.921345581371188,18.689225035392923,18.88617633019485,48868500
2006-02-17,18.780675888061523,18.858048544622367,18.68219952447805,18.759573522660446,41513200
2006-02-21,18.668128967285156,18.794739110036733,18.52744924206613,18.794739110036733,50216100
2006-02-22,18.79473876953125,18.89321511204898,18.618889787003976,18.661094508777833,43043100
2006-02-23,18.752534866333008,18.914315603756606,18.6681281083821,18.80177236540791,47359100
2006-02-24,18.731428146362305,18.808802107826484,18.65405552651904,18.703293014134093,44753800
2006-02-27,19.0268611907959,19.174575047875745,18.759571302128577,18.81584292824914,51301500
2006-02-28,18.900249481201172,19.20270860816865,18.900249481201172,18.95652110268597,65036100
2006-03-01,19.090164184570312,19.132368904289727,18.956519930322436,18.977620948560944,53061200
2006-03-02,18.97058868408203,19.062030910796672,18.92135118121476,19.005759287288175,41850300
2006-03-03,18.942453384399414,19.104234132927942,18.808807776578693,18.858045279033348,45218800
2006-03-06,18.928386688232422,19.09720157112246,18.872115060602408,18.93542080938885,53054100
2006-03-07,19.03388786315918,19.062024336019405,18.858038932645385,18.92134465496002,51613900
2006-03-08,19.167539596557617,19.343388583682,18.97058824799464,18.984656488953707,57547400
2006-03-09,18.991687774658203,19.287114082595508,18.991687774658203,19.18160497439385,45360700
2006-03-10,19.111265182495117,19.146434438133813,18.907279743251593,19.033891210144663,41297200
2006-03-13,19.069061279296875,19.19567274268351,18.949483935167397,19.118298772475885,40342600
2006-03-14,19.15346908569336,19.25897819713969,18.984654239055,19.01982483728454,39821800
2006-03-15,19.24490737915039,19.30821310144661,18.998718608178518,19.13236417098397,57152000
2006-03-16,19.181610107421875,19.329322630108074,19.146439500862215,19.230847614983944,73793700
2006-03-17,19.343387603759766,19.455930842488307,19.181606865790144,19.237878485154415,120615000
2006-03-20,19.617712020874023,19.688051882063792,19.46296539955354,19.484067760396847,67094100
2006-03-21,19.51219940185547,19.849829065092376,19.46999602935611,19.51219940185547,73199600
2006-03-22,19.097198486328125,19.343387320550278,18.85100965210597,19.047960987807937,145696100
2006-03-23,18.88618278503418,19.062031784258664,18.752537169969578,19.047963542331573,73682900
2006-03-24,18.998720169067383,19.13939852002277,18.724396244326545,18.787700630202835,69157600
2006-03-27,18.998720169067383,19.202704247520035,18.991686050276467,18.998720169067383,59908600
2006-03-28,18.921348571777344,19.139400915098573,18.858042836358095,18.998722546538907,58520500
2006-03-29,19.005748748779297,19.13236016687391,18.935408922991115,18.956511273213746,53150300
2006-03-30,19.15346908569336,19.2660123167856,18.99168835870091,19.01279071763863,54612000
2006-03-31,19.139392852783203,19.371514679288435,19.139392852783203,19.20269856153543,62190500
2006-04-03,19.385597229003906,19.505174626384008,19.301190443571873,19.46297123366799,57605300
2006-04-04,19.441862106323242,19.554405342181052,19.322284750521668,19.41372696816939,45470000
2006-04-05,19.51219940185547,19.65287909901469,19.441859553275854,19.61067438489431,41539300
2006-04-06,19.385597229003906,19.498140503994392,19.251952928466242,19.455937111278377,51885500
2006-04-07,19.167539596557617,19.49813520936779,19.153471355598555,19.420762567335544,47249400
2006-04-10,19.195663452148438,19.30117250669814,19.13235775109453,19.153458757032222,39432000
2006-04-11,19.083131790161133,19.21677739811478,18.99169090574316,19.195676377968265,42953400
2006-04-12,19.13237190246582,19.13237190246582,18.970589801431416,19.062032033531917,32183000
2006-04-13,19.040924072265625,19.132366277481786,18.991686580974314,19.047958191253098,28160000
2006-04-17,18.879148483276367,19.026860997232113,18.801774495039712,19.012794097061125,35796200
2006-04-18,19.146434783935547,19.34338610728423,18.865076708881094,18.949484802207994,56272700
2006-04-19,19.01279640197754,19.125339666717334,18.963557549735032,19.069068034347435,45111100
2006-04-20,19.01279640197754,19.125339666717334,18.780675750749026,19.026863303853858,45648300
2006-04-21,19.097198486328125,19.26601334194929,18.991689369267547,19.026858627747334,58528000
2006-04-24,19.069061279296875,19.167536265654896,18.977619070574946,19.04092480226826,42318400
2006-04-25,19.069061279296875,19.139399788626278,19.00575554760356,19.05499304078257,49222500
2006-04-26,19.06201934814453,19.153460177771603,18.991679526020352,19.047951115395595,39190000
2006-04-27,19.167539596557617,19.434829466673307,18.94948722817735,18.97058824799464,96509600
2006-04-28,16.98701286315918,17.23320172759191,16.88150373315126,17.04328448860483,591052200
2006-05-01,17.085485458374023,17.58489585672695,16.944805754871773,17.1065864747646,174800900
2006-05-02,16.88853645324707,17.584898263486586,16.811162471568924,17.22616617791691,190533500
2006-05-03,16.297670364379883,16.89555668208276,16.283602135346836,16.87445433853319,211527100
2006-05-04,16.48760223388672,16.649382988151583,16.2765826338,16.42429648802284,171257400
2006-05-05,16.74082374572754,16.84633421576229,16.5438737304549,16.642348738091222,131604300
2006-05-08,16.69158363342285,17.584896708187873,16.536837025374414,16.77599172793546,80693500
2006-05-09,16.614212036132812,16.881501892449926,16.522769816240817,16.705652914403576,75345900
2006-05-10,16.71971893310547,16.73378717146904,16.593107471075424,16.64937908290866,76563300
2006-05-11,16.332849502563477,16.733786223485552,16.283612012701372,16.677513273219176,92916700
2006-05-12,16.297670364379883,16.43834997147003,16.213262331801765,16.276568020830315,83115900
2006-05-15,16.34710693359375,16.403597962926444,16.2623710630209,16.31180054533046,67314800
2006-05-16,16.24825668334961,16.94733405134523,16.177642522098385,16.354177251799896,82095100
2006-05-17,16.050525665283203,16.297674377063863,16.050525665283203,16.163507702636856,98598300
2006-05-18,16.12114906311035,16.340051718241437,16.07171956164716,16.128210612869793,95476400
2006-05-19,15.930490493774414,16.17057778663362,15.90224564294836,16.09290343672235,100071200
2006-05-22,16.15645408630371,16.2553144276465,15.852815553676873,15.873998854294568,87322300
2006-05-23,16.092906951904297,16.509527683847892,16.07878384997994,16.318871195281545,79986300
2006-05-24,16.594263076782227,16.6225092774449,16.22707054928531,16.234132099450978,107356700
2006-05-25,16.763729095458984,16.890834250562555,16.622502192895773,16.643685487511434,83052700
2006-05-26,16.749610900878906,16.862592994720874,16.63662880703694,16.78491864698752,46861600
2006-05-30,16.34710693359375,16.77785187403827,16.340045386570615,16.629562080257212,52497500
2006-05-31,15.994043350219727,16.488341042767193,15.994043350219725,16.42478844381529,120202000
2006-06-01,16.11408805847168,16.128211158468332,15.972861099064007,16.05759700533802,80230800
2006-06-02,16.07171630859375,16.23412787962871,16.008163720475267,16.14939199337248,73935600
2006-06-05,15.888116836547852,16.05052837429911,15.88105528966488,16.04346682741614,63914100
2006-06-06,15.626855850219727,15.930495842960678,15.520935267063258,15.923434291169807,126601300
2006-06-07,15.563302040100098,15.810449578214909,15.542117388181799,15.640976403427723,73827500
2006-06-08,15.612725257873535,15.683338042114178,15.51386493560209,15.556234222369506,104126900
2006-06-09,15.478565216064453,15.669223048150046,15.457380563548352,15.640976844795246,52573800
2006-06-12,15.330272674560547,15.605667721936367,15.323212471803489,15.506807374250206,74309700
2006-06-13,15.189043045043945,15.556235478905931,15.153735303219158,15.344393068515108,113175300
2006-06-14,15.450316429138184,15.492685727085476,15.2172906778396,15.245536876471128,86081500
2006-06-15,15.58448600769043,15.6268539664751,15.393828172879733,15.542118048905762,121577300
2006-06-16,15.60566520690918,15.732770385697773,15.386762591691408,15.513866423627347,147506500
2006-06-19,15.923425674438477,15.958733414286554,15.619787192860384,15.633908941947055,129640900
2006-06-20,15.930490493774414,16.071718788463183,15.888122544108917,15.916368741787805,90598500
2006-06-21,16.297679901123047,16.347109390862762,15.90930418443737,15.965795222261699,91660300
2006-06-22,16.15645408630371,16.36123497129333,16.085841288441014,16.283559277421023,76590600
2006-06-23,15.888116836547852,16.14938868380834,15.88811683654785,16.135265590042398,60532600
2006-06-26,16.11408805847168,16.163517561607012,15.979921302209387,15.994044402206038,53644100
2006-06-27,16.142335891723633,16.3541770256954,16.128212790298026,16.16351919700896,84759100
2006-06-28,16.354185104370117,16.417737745326132,16.177650289904246,16.21295671405592,71906500
2006-06-29,16.573076248168945,16.68605834226502,16.396541557787224,16.46715570331047,121395500
2006-06-30,16.453035354614258,16.700184231824966,16.453035354614258,16.62250987093528,73048800
2006-07-03,16.73548698425293,16.749608734016675,16.55895231710618,16.615443356719034,25711400
2006-07-05,16.48833656311035,16.60838017886607,16.453028825033677,16.58013398840473,53093500
2006-07-06,16.58014678955078,16.6719456325734,16.537778817999936,16.558963477202123,44775200
2006-07-07,16.453035354614258,16.629570074500045,16.453035354614258,16.516587961521385,63168800
2006-07-10,16.594263076782227,16.707245185726972,16.509525821647177,16.544833572475522,50565100
2006-07-11,16.31180763244629,16.502465444350324,16.057597216574237,16.502465444350324,88676300
2006-07-12,15.986978530883789,16.15645164447572,15.972856781557232,16.092900405374756,77379300
2006-07-13,15.71865177154541,15.965800651134932,15.711590221059646,15.796327480035755,73099500
2006-07-14,15.739830017089844,15.92342486758671,15.697460731419035,15.73276846947804,67499400
2006-07-17,15.874003410339355,15.96580222887277,15.718653324860034,15.739837978410785,37053500
2006-07-18,16.057600021362305,16.071723124011633,15.874003727480641,15.951679445198746,65047300
2006-07-19,16.523651123046875,16.566019082831627,16.04347642264251,16.114090586852534,82188200
2006-07-20,16.135269165039062,16.558952643923863,16.085839672758823,16.551891095476307,76605200
2006-07-21,16.855533599853516,17.053251600122675,16.241192256660238,17.003822100055388,175483800
2006-07-24,16.94732666015625,17.025002338341437,16.79903819836909,16.95438820788695,59586700
2006-07-25,17.102680206298828,17.152111050635423,16.876716019599854,16.94733016465648,60075800
2006-07-26,17.20859718322754,17.3215792443139,17.017939450074657,17.032062544423553,54942100
2006-07-27,16.855533599853516,17.371014596059347,16.78491945110616,17.356891496939305,85386800
2006-07-28,17.12386703491211,17.14505168518319,16.989700276901182,17.003823377081904,51705800
2006-07-31,16.98969268798828,17.243902990279395,16.95438630016001,16.99675423492441,40254400
2006-08-01,16.940265655517578,17.088555468911313,16.84140667782346,16.961450299388844,49168700
2006-08-02,17.15917205810547,17.22978620647541,16.968515608415345,17.032068207263006,46462000
2006-08-03,17.09562110900879,17.286278923950512,17.053253154639403,17.08149935545432,43155300
2006-08-04,17.152101516723633,17.293328381483832,17.053241229854244,17.229775820943527,45690400
2006-08-07,17.102680206298828,17.286276444704942,17.081496905578792,17.14504950144448,36862400
2006-08-08,17.18741798400879,17.31452317969123,17.088558985968152,17.222724384208206,58171300
2006-08-09,17.258020401000977,17.39924725265973,17.18740630174564,17.293326777202683,44405700
2006-08-10,17.272151947021484,17.37101228083272,17.187416057300634,17.208600703157188,31753400
2006-08-11,17.250965118408203,17.26508821275627,17.08855357396266,17.250965118408203,30255500
2006-08-14,17.321582794189453,17.371012287688238,17.194477612705334,17.314521245567814,47831900
2006-08-15,17.449159622192383,17.470420932938886,17.321586350462415,17.399546742887487,48994500
2006-08-16,17.505855560302734,17.527116867231292,17.342844546912975,17.442068935892067,52373600
2006-08-17,17.505855560302734,17.541291973058662,17.442068935892067,17.505855560302734,45674800
2006-08-18,18.27838706970215,18.285473273057853,17.704307267359468,17.75391880172695,128414800
2006-08-21,18.51226234436035,18.519348544409315,18.11536755100361,18.18624171780391,88398300
2006-08-22,18.157896041870117,18.60440107282029,18.157896041870117,18.434303853800582,89312400
2006-08-23,18.193340301513672,18.391787818524143,18.08702966275607,18.179165189195828,44648500
2006-08-24,18.24294662475586,18.327995922523034,18.072849381034242,18.299645705996397,35933300
2006-08-25,18.320905685424805,18.427216278205794,18.20750753955008,18.221681293925023,33115900
2006-08-28,18.39177703857422,18.427213446785416,18.207504741888886,18.3138153183348,34190900
2006-08-29,18.313817977905273,18.41304101675586,18.16498206781688,18.370517050364537,42711200
2006-08-30,18.28546905517578,18.34925568516696,18.17207090226094,18.320906822844552,30283100
2006-08-31,18.214595794677734,18.413041881700824,18.200420687943918,18.335081498290002,26380500
2006-09-01,18.313817977905273,18.405953463721882,18.172069620850852,18.34925439126262,31594600
2006-09-05,18.150802612304688,18.398860131515054,18.115364858266,18.2075016669545,44222400
2006-09-06,18.150802612304688,18.22876296756562,18.0799284560394,18.0799284560394,50160400
2006-09-07,18.02323341369629,18.214593272669198,17.994883204154053,18.058669823811687,51266900
2006-09-08,18.143722534179688,18.278383351363996,18.044498133816834,18.094111009904584,36866800
2006-09-11,18.363422393798828,18.391772594967996,18.016140540348477,18.02322809064077,55608200
2006-09-12,18.377607345581055,18.413043764225982,18.228771413284367,18.356344683306464,52248800
2006-09-13,18.413040161132812,18.49808944177587,18.299642021483702,18.299642021483702,37706700
2006-09-14,18.661108016967773,18.781593766903452,18.41304896100454,18.420136517096417,74324500
2006-09-15,19.029645919799805,19.093432549674773,18.77449940029994,18.838286030174906,126057700
2006-09-18,18.98711585998535,19.164300585732978,18.902066596829133,18.95167810374852,49135000
2006-09-19,19.036727905273438,19.09342696504367,18.93750353681637,18.951678639711982,43039100
2006-09-20,19.263534545898438,19.298970970459514,19.128873699303043,19.14304880985265,71676400
2006-09-21,19.065078735351562,19.313137654487267,19.02964232625176,19.306050102304834,58495100
2006-09-22,18.894983291625977,19.029644091962297,18.767410044129722,19.015468986282162,47712500
2006-09-25,19.10051727294922,19.270614476807197,18.9871191370439,19.001292890172756,67903900
2006-09-26,19.277706146240234,19.362754090425927,19.050908474182094,19.072171136134866,54766500
2006-09-27,19.44779396057129,19.46905526040655,19.220997750248227,19.263521701730788,66233900
2006-09-28,19.419452667236328,19.504501961030684,19.320229617653467,19.46906419202776,44179700
2006-09-29,19.384014129638672,19.433625649003123,19.28478973909725,19.384014129638672,34283500
2006-10-02,19.39109992980957,19.483235407184626,19.24226403335769,19.362749720271157,52908100
2006-10-03,19.398191452026367,19.476151840586777,19.28479194247794,19.398191452026367,39386200
2006-10-04,19.80216407775879,19.816337827546416,19.398183144851398,19.412356894639025,82191200
2006-10-05,19.787988662719727,19.92264942215988,19.688765656717546,19.787988662719727,81967200
2006-10-06,19.752561569213867,19.844697067946026,19.596638084234158,19.674599826724013,36452200
2006-10-09,19.646244049072266,19.795079937891376,19.5753712324856,19.70294311342899,33366300
2006-10-10,19.624984741210938,19.667508705851233,19.447799978095162,19.624984741210938,34598500
2006-10-11,19.518672943115234,19.61080841942352,19.43362366729711,19.461972524694897,37219600
2006-10-12,20.000619888305664,20.050232768202832,19.51867836419083,19.54702722946217,120174900
2006-10-13,20.10692596435547,20.333722227383735,20.0644006511784,20.085663307766932,129751900
2006-10-16,20.163631439208984,20.26994205231822,20.07858213763392,20.184892750743156,49744800
2006-10-17,20.15654182434082,20.206153348599614,19.965181929217493,20.014793453476287,40122600
2006-10-18,20.213239669799805,20.34081292543644,20.028967339637177,20.199064563215163,40630800
2006-10-19,20.050235748291016,20.16363392985638,19.929750011401193,20.092759728424788,44730800
2006-10-20,20.149456024169922,20.19197999840497,19.965183666734355,20.18489244406367,48887800
2006-10-23,20.163631439208984,20.33372869054632,19.972271524524682,20.057319474286956,48525000
2006-10-24,20.04314613342285,20.149456748739762,19.936834166293124,20.149456748739762,61409600
2006-10-25,20.06440544128418,20.170716045982356,19.943919728809533,20.043144131432154,40717100
2006-10-26,20.09275245666504,20.135276421408985,19.873043728373457,20.078577351146237,69964200
2006-10-27,20.085668563842773,20.40460173706835,20.021881929197658,20.191979170980392,89060100
2006-10-30,20.2203311920166,20.44003997995355,20.071495247288915,20.092757911339394,47296800
2006-10-31,20.347900390625,20.447124791067264,20.241589788262896,20.312463973775184,61861700
2006-11-01,20.418773651123047,20.546346908903292,20.340813267222693,20.3975123427014,75895900
2006-11-02,20.390424728393555,20.45421135709318,20.255763917604067,20.347899408052083,58674400
2006-11-03,20.362077713012695,20.503826099456212,20.277029762596825,20.447127015241367,41124500
2006-11-06,20.44003677368164,20.588871343249956,20.38333769692048,20.390425250492203,60446200
2006-11-07,20.51799774169922,20.60304567774521,20.41168579392287,20.454211113758436,56511200
2006-11-08,20.539264678955078,20.716449504726214,20.31246831825809,20.39751762942593,77403300
2006-11-09,20.73770523071289,20.836928267360147,20.55343291135907,20.631394641189047,89407500
2006-11-10,20.723533630371094,20.758971400748376,20.6597469955047,20.673922103655613,37855100
2006-11-13,20.80149269104004,20.879453072191648,20.666831884596284,20.688094544080837,47271800
2006-11-14,20.787263870239258,20.92238502312313,20.673478064579303,20.82282278227912,63012500
2006-11-15,20.709047317504883,20.879726111221814,20.7019355315457,20.716157747029587,63943200
2006-11-16,20.957950592041016,21.078848226334383,20.71615532345428,20.72326710858146,64328500
2006-11-17,20.90816879272461,21.00773242492854,20.82283008676041,20.844164085034322,49356700
2006-11-20,21.256635665893555,21.33486393437853,20.97928286880555,20.99350643697266,85703800
2006-11-21,21.277963638305664,21.334856534807805,21.185513190152303,21.27085185668869,66446600
2006-11-22,21.277963638305664,21.334856534807805,21.206847178569575,21.313521189956884,43907200
2006-11-24,21.164182662963867,21.221075572416705,21.078842620567638,21.093066187039337,20456700
2006-11-27,20.965057373046875,21.14995967291643,20.858383334469742,21.114402112202054,72722100
2006-11-28,20.901050567626953,20.922385915761126,20.716148286432357,20.865493010503855,52602300
2006-11-29,21.02906036376953,21.178405090825255,20.929498116688304,20.936609899541804,58775100
2006-11-30,20.879722595214844,21.02906600590579,20.858387240930032,20.92239194735022,53297400
2006-12-01,20.709047317504883,20.837055395466724,20.55259073927184,20.78727425018693,72257000
2006-12-04,20.858388900756836,20.993510109111224,20.744603048385045,20.78727240391588,55123400
2006-12-05,20.716148376464844,20.908162441205327,20.645033261909578,20.879716666669992,45606000
2006-12-06,20.616588592529297,20.71615084994134,20.53124990230013,20.694816855601058,48564100
2006-12-07,20.51702880859375,20.673483997165054,20.488581670798503,20.59525572466231,46831100
2006-12-08,20.90816879272461,20.90816879272461,20.481471193600786,20.495694763406245,108854900
2006-12-11,21.007732391357422,21.157075804773253,20.701932423200123,20.758825345896767,107712000
2006-12-12,20.929502487182617,21.071734104651735,20.780157728940754,21.021952970715837,68529400
2006-12-13,21.014841079711914,21.05040000122433,20.851274110057272,21.05040000122433,46002500
2006-12-14,21.384647369384766,21.39175915423417,20.993508697707462,21.00773226740627,85866500
2006-12-15,21.469987869262695,21.498433652806508,21.35620202221885,21.43442894429006,102783700
2006-12-18,21.256635665893555,21.51976625124857,21.178408753842703,21.469985119097814,56986800
2006-12-19,21.327762603759766,21.455772067137307,21.000628514181418,21.128636621124173,53822100
2006-12-20,21.398862838745117,21.505536858237186,21.313522809291214,21.327746373605823,31202100
2006-12-21,21.32063865661621,21.434424479960917,21.256633961430563,21.427312696447622,32270500
2006-12-22,21.07884979248047,21.23530636403435,21.064627577603733,21.213971007067617,37971700
2006-12-26,21.327762603759766,21.334874391329052,20.90817663221551,21.000628514181418,37098300
2006-12-27,21.349084854125977,21.427311756472545,21.27085659534546,21.327749504522032,31248400
2006-12-28,21.32063865661621,21.356197574182687,21.19974104975821,21.235299967324686,26690600
2006-12-29,21.235301971435547,21.44153828704891,21.213966618882107,21.235301971435547,41739800
2007-01-03,21.235301971435547,21.512654772459573,20.90816668112016,21.270859535923808,76935100
2007-01-04,21.199743270874023,21.313529106140173,20.936614035483856,21.12151635689989,45774500
2007-01-05,21.07884979248047,21.15707807825741,20.94372993432774,21.07173800682489,44607200
2007-01-08,21.285085678100586,21.405983310987498,21.000621058494414,21.085959766159114,50220200
2007-01-09,21.306411743164062,21.462868243015187,21.14284481735043,21.334858872749283,44636600
2007-01-10,21.09307098388672,21.256637966206704,20.929504001566738,21.192633258962488,55017400
2007-01-11,21.832677841186523,21.868235404962412,21.085956793985876,21.164185062013765,99464300
2007-01-12,22.195371627807617,22.323381040934542,21.790009390528517,21.797121175306042,103972500
2007-01-16,22.159809112548828,22.366046755745867,22.06735864395171,22.230925588011047,62379600
2007-01-17,22.11714744567871,22.358942732305785,22.05314273119305,22.23093330333446,58519600
2007-01-18,22.0460262298584,22.30915681717482,21.903793259995336,22.15270027903863,56364300
2007-01-19,22.124248504638672,22.124248504638672,21.82556043399934,21.85400620640445,75826900
2007-01-22,21.84689712524414,22.13136302306785,21.69755374967723,22.088692324533937,56143900
2007-01-23,21.861114501953125,22.017569616312375,21.704659387593875,21.782886266556726,49171200
2007-01-24,22.110027313232422,22.259370686363855,21.797115644589635,21.889567466804824,58527800
2007-01-25,21.65488052368164,22.38737641682981,21.65488052368164,22.102911926459953,97378700
2007-01-26,21.76156234741211,22.20959391097189,21.76156234741211,22.202482126606284,96103700
2007-01-29,21.711780548095703,21.8895710824863,21.576659362157297,21.797119245000076,57605900
2007-01-30,21.67622184753418,21.790007682185212,21.434426609792197,21.740226549079654,61900400
2007-01-31,21.94646453857422,22.11714329301157,21.583771676732034,21.626441026232833,73968400
2007-02-01,21.733118057250977,22.00336047281233,21.597998205904652,21.932243976273323,55355800
2007-02-02,21.469987869262695,21.9322430424326,21.427317159295534,21.918019472443547,60401700
2007-02-05,21.057510375976562,21.34908673069001,20.915277412316023,21.313527811557844,99102100
2007-02-06,20.986392974853516,21.157071709909275,20.780155322223216,21.04328588653877,79281100
2007-02-07,20.886829376220703,21.121512791394693,20.8014893359602,21.078842093047477,65145500
2007-02-08,20.8085994720459,21.192626231738178,20.765930133509826,20.794375907055937,48749000
2007-02-09,20.609477996826172,20.90816614271209,20.573920433253555,20.872608579139474,69823100
2007-02-12,20.581031799316406,20.68770584430213,20.502803533324307,20.54547288003178,52774400
2007-02-13,20.702346801757812,20.83793649212479,20.666664587904776,20.723756130069635,50348100
2007-02-14,20.98066520690918,21.187618002736478,20.802258187528764,20.81653107575221,55588600
2007-02-15,21.02347755432129,21.159067238204706,20.85220701942829,21.1091135023364,63858100
2007-02-16,20.50966453552246,20.65239065199442,20.44543791922379,20.63098132618249,109340300
2007-02-20,20.573894500732422,20.595303830029252,20.31698799371984,20.431168361028245,53978200
2007-02-21,20.944982528686523,20.973526941517154,20.509669003635665,20.516805447127677,68604900
2007-02-22,20.97352409362793,21.080569370335567,20.809389999010833,20.916433914581233,57754400
2007-02-23,20.623857498168945,20.895037013096534,20.616721051866854,20.852218335283997,63787100
2007-02-26,20.745166778564453,20.759439665950442,20.566759769651945,20.666667259078963,63481900
2007-02-27,19.888816833496094,20.673806697512237,19.831726636819692,20.488263218029513,87143300
2007-02-28,20.1028995513916,20.15998973335916,19.92449256260081,19.945901891265137,86333300
2007-03-01,20.045806884765625,20.21707740943949,19.78890041718626,19.8531270340811,80175700
2007-03-02,19.81031036376953,20.095761247167932,19.81031036376953,19.995853778262788,63254700
2007-03-05,19.66045379638672,19.91736035037917,19.56054629700636,19.61763649110051,56454300
2007-03-06,19.860271453857422,19.93877098629224,19.73181816846869,19.838862119246738,49361800
2007-03-07,19.703271865844727,19.910223302739233,19.660453200718234,19.810315806385855,52044700
2007-03-08,19.496318817138672,19.874542187401037,18.982507092465063,19.781769775290677,72175200
2007-03-09,19.47490692138672,19.610495248474074,19.289363495694417,19.56767795366424,80125000
2007-03-12,19.581951141357422,19.61049555129233,19.360725498959784,19.396407712800023,36516400
2007-03-13,19.068140029907227,19.553407296848768,19.061003586436037,19.44636336705576,75169500
2007-03-14,19.55341148376465,19.55341148376465,19.07528055791349,19.139507201769447,75730300
2007-03-15,19.467769622802734,19.60335794392877,19.410679445187245,19.496314031041877,51757100
2007-03-16,19.503450393676758,19.610494306126167,19.410679365857185,19.517723278306597,65055300
2007-03-19,19.860271453857422,19.860271453857422,19.41068631613454,19.510593822042363,49412000
2007-03-20,19.86740493774414,20.09576569500643,19.810314748428567,19.931631570866344,47902400
2007-03-21,20.3526668548584,20.3526668548584,19.667583402780348,19.910216983606208,72808200
2007-03-22,20.17426872253418,20.37408373930279,19.9887252347221,20.352675765299136,47934900
2007-03-23,19.99586296081543,20.174270015010134,19.8388638819959,20.13858778748851,50519800
2007-03-26,20.138582229614258,20.138582229614258,19.767496693766713,19.938767255189603,47491500
2007-03-27,19.781766891479492,20.09576358024063,19.731813151227403,20.010128985847714,58979800
2007-03-28,19.72467803955078,19.981584562344906,19.553407478067175,19.681860739464238,46947000
2007-03-29,19.803176879882812,19.874539951677434,19.61763343767175,19.867403508384236,42629900
2007-03-30,19.888816833496094,19.9459070301725,19.62477382315669,19.80318085791266,47061000
2007-04-02,19.796039581298828,19.931629275736697,19.667586329845825,19.90308350379722,41977600
2007-04-03,19.888816833496094,20.024405199891522,19.80318085791266,19.881680388769336,39821300
2007-04-04,20.338396072387695,20.538212383459165,19.910219040741556,19.98871854886557,63244200
2007-04-05,20.37407875061035,20.445441822470283,20.195671751529222,20.209944638128682,30131200
2007-04-09,20.38835334777832,20.495397283980434,20.259900079880786,20.395489791676795,31384600
2007-04-10,20.26704216003418,20.438312777815337,20.13858885641384,20.338405257727462,38643100
2007-04-11,20.060091018676758,20.388359368113626,19.97445502774572,20.195679409372215,44050200
2007-04-12,20.366943359375,20.42403354376911,20.01012936662747,20.024400891872975,43762100
2007-04-13,20.416894912719727,20.4811215334228,20.05294451578139,20.288441671313585,36002900
2007-04-16,20.502532958984375,20.516805846246054,20.131446057005373,20.409761914058347,30740100
2007-04-17,20.588171005249023,20.61671542152406,20.38121820242027,20.431171951754774,33170200
2007-04-18,20.409759521484375,20.459713259906884,20.238488977834077,20.41689596427863,41778400
2007-04-19,20.473987579345703,20.61671236181439,20.16712732338883,20.22421750860378,43648800
2007-04-20,20.70948600769043,20.76657619633526,20.481125253111102,20.68094023279928,60311500
2007-04-23,20.538219451904297,20.68808071593129,20.459719916763834,20.66667138058269,41739100
2007-04-24,20.54535484313965,20.66667032047893,20.402628670412312,20.54535484313965,34236700
2007-04-25,20.688074111938477,20.6952105547766,20.473986271343982,20.595303077317475,39475000
2007-04-26,20.766576766967773,20.944983781527398,20.630987054783958,20.75944032304889,68760300
2007-04-27,21.494474411010742,21.93692297691159,21.408838458277224,21.530155263986288,128298800
2007-04-30,21.366024017333984,21.672884294019543,21.366024017333984,21.50161236566774,67788800
2007-05-01,21.69428825378418,21.70856113869791,21.337474297764253,21.366020067591712,73539300
2007-05-02,21.844161987304688,21.90125219500028,21.622936241488603,21.68716289528838,80686700
2007-05-03,22.101058959960938,22.12246829025129,21.787063615860173,21.837017358733597,82036800
2007-05-04,21.8084716796875,21.908380527005473,21.615793150787486,21.894107640083273,104385900
2007-05-07,21.915515899658203,21.9511981174364,21.751381781290778,21.77992755551334,59889100
2007-05-08,21.94405746459961,22.079647143873267,21.822740669699424,21.89410373042962,60551700
2007-05-09,21.965465545654297,22.07250945011131,21.815602990504807,21.908375372534753,51735000
2007-05-10,21.822738647460938,22.072508656302713,21.787057800970846,21.894101701578165,55398600
2007-05-11,22.04396629333496,22.10819291584203,21.80133268856099,21.815605573815283,43425300
2007-05-14,22.101058959960938,22.115331846821174,21.986878587353857,22.008287917644214,70188500
2007-05-15,22.122533798217773,22.25856270722295,22.079577803733248,22.122533798217773,75013900
2007-05-16,22.244245529174805,22.25856465043521,22.058101049429197,22.19412997030994,45833600
2007-05-17,22.179811477661133,22.294361719897804,22.165492355994896,22.21560928182672,41045600
2007-05-18,22.072418212890625,22.186968441720282,21.893433309650984,22.172649321729963,58453000
2007-05-21,22.229930877685547,22.30868469490625,22.00083035364005,22.00083035364005,41836400
2007-05-22,21.97219467163086,22.14402007405479,21.950715984247775,22.122541386671706,39999500
2007-05-23,21.893430709838867,22.07957515096929,21.886271150693894,22.07957515096929,46322500
2007-05-24,21.599903106689453,22.050944564940778,21.449555043574506,21.864801424774473,64046400
2007-05-25,21.821842193603516,21.950711560839014,21.607060825242105,21.67865506987812,47726500
2007-05-29,22.043785095214844,22.072421974529405,21.757408108789164,21.829002355395584,42373100
2007-05-30,22.272884368896484,22.287202124994227,21.84332027839234,21.871957156134428,57376800
2007-05-31,21.97219467163086,22.308685914017694,21.914919537489546,22.280049029720495,85290500
2007-06-01,21.900606155395508,22.12254718769762,21.871967898041806,22.043794711069477,39469400
2007-06-04,21.993671417236328,22.022309666330123,21.764570886673482,21.77889001122038,41434500
2007-06-05,21.893430709838867,21.929227140017446,21.714445827853414,21.922068946418754,44265000
2007-06-06,21.685813903808594,21.857639265846043,21.657175660695724,21.743089024487745,38217500
2007-06-07,21.20613670349121,21.685816406620035,21.184658018677652,21.49251233993825,71971400
2007-06-08,21.51398277282715,21.521142332139977,21.055781901176704,21.17749167840214,61346200
2007-06-11,21.492511749267578,21.65717756500583,21.428077062144485,21.43523662355224,48467400
2007-06-12,21.370805740356445,21.65002185722485,21.31353060444634,21.449558198765995,56981800
2007-06-13,21.75741195678711,21.771731081750197,21.37080514161216,21.45671716029685,64435600
2007-06-14,21.850475311279297,21.986502842072653,21.692967736924,21.728765533616713,59065700
2007-06-15,21.829010009765625,22.10822616733682,21.78605399295786,22.093908405432334,100933000
2007-06-18,21.84331703186035,21.993663690140426,21.77888235958421,21.97218637641264,45412600
2007-06-19,21.80751609802246,21.950704541506106,21.750240993738245,21.821835215480068,46802600
2007-06-20,21.4853458404541,21.843315611806794,21.449548043991047,21.793200062304827,46861600
2007-06-21,21.635696411132812,21.69297153031037,21.41375549501311,21.46387105360015,56564800
2007-06-22,21.113056182861328,21.54977972500749,21.084419312278406,21.4781855002308,86219900
2007-06-25,21.113056182861328,21.3135197391268,21.034302399052343,21.098737064796737,53905800
2007-06-26,21.134540557861328,21.335002802625457,21.120221435936283,21.15601787520227,48340300
2007-06-27,21.38511848449707,21.44239360331654,21.019989089943007,21.019989089943007,53468600
2007-06-28,21.356487274169922,21.45671842371955,21.249096561717177,21.37796596287927,46055200
2007-06-29,21.09874725341797,21.42808030020772,20.790894259644112,21.38512429081668,71193900
2007-07-02,21.29204559326172,21.335001591050837,21.113060676002746,21.241930034916653,47316000
2007-07-03,21.492511749267578,21.635698880782563,21.320686372121568,21.32784593352932,35202600
2007-07-05,21.471038818359375,21.635704678220996,21.35648853623415,21.513994832769562,47838500
2007-07-06,21.456714630126953,21.506831561587983,21.234773681557975,21.413758625849965,57541000
2007-07-09,21.38511848449707,21.44239360331654,21.34216112122256,21.37795892395132,33831400
2007-07-10,20.998506546020508,21.471026530756482,20.891115888679842,21.263404775304032,66013500
2007-07-11,21.113056182861328,21.227606396285523,20.912592626595853,20.934071303692736,48017000
2007-07-12,21.528308868408203,21.556947114940677,21.07726740989579,21.1631794183997,54302400
2007-07-13,21.349327087402344,21.492515610186448,21.23477681539384,21.435240474182198,42173000
2007-07-16,21.499666213989258,21.650012871270995,21.277723959602326,21.306362198444404,48023200
2007-07-17,22.036624908447266,22.108217787474707,21.485351000437486,21.492510561449556,77539600
2007-07-18,22.13686180114746,22.172658249990963,21.83616698800227,21.84332655088037,64414400
2007-07-19,22.55925941467285,22.795519453759855,22.144014456109435,22.229926452752036,121159300
2007-07-20,22.30868148803711,22.33731973219947,22.043784557268456,22.301521926996518,98292600
2007-07-23,22.330162048339844,22.566422120353934,22.28004648238939,22.451871865168116,48910600
2007-07-24,22.050935745239258,22.53777481691468,21.986501081897146,22.201283748219588,59729300
2007-07-25,21.986499786376953,22.40890416982074,21.743081630428485,22.186963323356657,54950100
2007-07-26,21.4638729095459,21.857640582793262,21.127381725975248,21.650017404355197,87025300
2007-07-27,21.04146385192871,21.478187433382327,21.019986538445014,21.428071881191855,69214600
2007-07-30,21.048633575439453,21.113068278097142,20.72646142769805,21.05579313857331,67499600
2007-07-31,20.755088806152344,21.277724385565495,20.747929246298494,21.27056482571165,66554000
2007-08-01,20.97702980041504,21.156014700983583,20.63337911905457,20.726452032056212,80006300
2007-08-02,21.134540557861328,21.327844607209563,20.77657070301495,20.898280508284582,47938300
2007-08-03,20.733617782592773,21.32068961747005,20.69066177315436,21.084429517238398,61535500
2007-08-06,21.148862838745117,21.148862838745117,20.58326972814407,20.798051126914668,59530500
2007-08-07,21.156015396118164,21.327842107990623,20.798045583219068,20.998509170039288,49163000
2007-08-08,21.478187561035156,21.4853471207544,20.912594633132297,21.27772398553546,52898600
2007-08-09,20.97702980041504,21.54978230156224,20.704973352391274,21.220449374431976,72964500
2007-08-10,20.55462646484375,20.79804605234954,20.232454445295378,20.69065537916675,76576200
2007-08-13,20.497346878051758,20.755085529920052,20.361319358940115,20.719289101847764,55492300
2007-08-14,20.310558319091797,20.755996036103294,20.260267096558213,20.669782903283732,42944100
2007-08-15,20.188426971435547,20.82784645323699,20.152503681802475,20.289009441741378,48117700
2007-08-16,19.980070114135742,20.368033305834,19.76453592119203,20.030361334467077,81447400
2007-08-17,20.296178817749023,20.296178817749023,19.98724561118144,20.181227118142345,76747700
2007-08-20,20.303369522094727,20.46861246824178,20.17404847890738,20.245893655159545,49952000
2007-08-21,20.166868209838867,20.34648050436231,20.02317919641995,20.188422178501582,50786200
2007-08-22,20.27463150024414,20.34647667861107,20.12375785897311,20.310554774594006,44763500
2007-08-23,20.332115173339844,20.353669146223243,20.188426131783846,20.317747228417574,33886600
2007-08-24,20.69852066040039,20.72007462929554,20.166868427317645,20.267450874828874,45158900
2007-08-27,20.46861457824707,20.66978081842379,20.40395404998787,20.554829072703637,32789500
2007-08-28,20.066286087036133,20.46861724956408,20.051916774362578,20.33211151983148,43924400
2007-08-29,20.540454864501953,20.554824171874163,19.987248863665016,20.20996764660398,45753700
2007-08-30,20.439882278442383,20.784737599142314,20.346483105961212,20.418328307023675,33690700
2007-08-31,20.641048431396484,20.777554184545174,20.37522295300165,20.619495829022117,42511900
2007-09-04,20.69852066040039,20.9068715820543,20.461432483886018,20.475801796482784,45689600
2007-09-05,20.461429595947266,20.641041867057055,20.418323034574122,20.583565995115237,47669800
2007-09-06,20.770366668701172,20.84221186417329,20.511724513134798,20.51890916971532,45430800
2007-09-07,20.432689666748047,20.71288433444381,20.346475184970203,20.56201070424846,52160900
2007-09-10,20.461429595947266,20.65541117762573,20.411138379289785,20.59793530568391,37247600
2007-09-11,20.78472900390625,20.79909831224316,20.533271589340977,20.569193489850587,34380800
2007-09-12,20.78472900390625,20.95715659295118,20.691329870048996,20.69851452421745,42364700
2007-09-13,20.94997787475586,21.021823066464385,20.806287491338807,20.921240620272282,35288600
2007-09-14,20.8637638092041,20.914055030054165,20.74881068540439,20.820655873904336,33496600
2007-09-17,20.641048431396484,20.748815554268266,20.562019938801615,20.68415637681185,39536500
2007-09-18,20.78472900390625,20.813466250247405,20.310552791449524,20.619486069029772,77462400
2007-09-19,20.59793472290039,20.7703623338473,20.332107966232552,20.7416250838559,94242200
2007-09-20,20.418325424194336,20.533277181531133,20.360849545525937,20.461431990612375,67168900
2007-09-21,20.58356475830078,20.698516495277257,20.432691117393958,20.6123033777113,135636100
2007-09-24,20.892501831054688,21.27328038488043,20.691335569920383,20.698520226068005,104459800
2007-09-25,21.237363815307617,21.237363815307617,20.9140624084972,20.93561501341781,75621000
2007-09-26,21.19425392150879,21.445711445491646,21.17988460691931,21.32357501214759,60337000
2007-09-27,21.187063217163086,21.352306176779933,21.151141311275207,21.337938236624503,43407100
2007-09-28,21.165512084960938,21.330756437032722,21.00026910322221,21.187066053578924,45819100
2007-10-01,21.38823127746582,21.402600589179855,21.129589147945126,21.165511056897227,43875100
2007-10-02,21.337940216064453,21.44570731405811,21.244541059559083,21.337940216064453,33700900
2007-10-03,21.158327102661133,21.445706476194246,21.04337535324789,21.345122667707948,37633900
2007-10-04,21.34512710571289,21.38823504845542,21.151146844704428,21.23735998952303,37868000
2007-10-05,21.43852424621582,21.546291352192377,21.359494395677565,21.47444615809697,45012300
2007-10-08,21.43852424621582,21.44570890265867,21.26609660258671,21.309203170910713,30265400
2007-10-09,21.625324249267578,21.83367383412976,21.55347904505075,21.575033017415787,63603100
2007-10-10,21.718700408935547,21.81928414272269,21.575011514046942,21.58219616434116,32251500
2007-10-11,21.488815307617188,22.00609823457195,21.402602171624604,21.769010055092714,50788400
2007-10-12,21.675613403320312,21.840856397945707,21.517555065461213,21.575030949258444,31121100
2007-10-15,21.58221435546875,21.790563908286213,21.55347573006878,21.625320923235627,47150500
2007-10-16,21.78338623046875,21.970183244411665,21.71872567293722,21.725910331588892,56286200
2007-10-17,22.329391479492188,22.437158539085463,22.020458237080963,22.092303400253982,86092400
2007-10-18,22.386873245239258,22.437164461635568,22.006094739144103,22.42997980638854,49208600
2007-10-19,21.675613403320312,22.336586752155064,21.632506833055675,22.336586752155064,75200200
2007-10-22,21.919883728027344,22.056389450202445,21.639688998071136,21.639688998071136,58785100
2007-10-23,22.2000732421875,22.358132895044296,22.063567552083725,22.063567552083725,49956200
2007-10-24,22.451534271240234,22.487456177941056,21.91269744873047,22.164154906634938,77979200
2007-10-25,22.983184814453125,23.148429136467026,22.623960291494498,22.681436160354565,169588700
2007-10-26,25.167272567749023,25.88572170976336,24.829603334655154,25.871352398043157,288121200
2007-10-29,24.836790084838867,25.35407441626189,24.75057694315715,25.037954995651663,114655600
2007-10-30,25.55523109436035,25.5696004034559,24.678722424190003,24.693091733285556,107297300
2007-10-31,26.446115493774414,26.582619852322203,25.51212936048423,25.519315387109252,185635800
2007-11-01,26.6257266998291,26.93466005606758,26.122811742650224,26.244946783613052,152078800
2007-11-02,26.6257266998291,26.941843341732323,26.16591693797074,26.740678455127185,96389800
2007-11-05,26.388635635375977,26.654461040240406,26.31679182022317,26.410188231788645,75485400
2007-11-06,26.158729553222656,26.338341814022225,25.770766412135842,26.288050600251594,100966700
2007-11-07,25.519311904907227,25.97911888218498,25.469020688059086,25.892905759111844,74897800
2007-11-08,24.958921432495117,25.792322228535117,24.714648643621377,25.576785319019848,133742400
2007-11-09,24.2332820892334,24.81522670939411,24.175807599957437,24.55658465598935,125136900
2007-11-12,23.981834411621094,24.21892121603125,23.723192268143737,23.938726474152826,84865200
2007-11-13,24.839601516723633,24.99097394028031,24.061112802913474,24.17644456606039,104311500
2007-11-14,24.45757484436035,25.04865069841676,24.32782621788678,24.954942746024255,84063100
2007-11-15,24.335025787353516,24.580106145537453,24.183653352814527,24.335025787353516,64014100
2007-11-16,24.572914123535156,24.695453002618567,24.298999967716696,24.407124772566306,71113800
2007-11-19,24.479196548461914,24.681029255094572,24.414322240924083,24.479196548461914,63026200
2007-11-20,24.92611312866211,25.207234250459045,24.580114940590313,24.673822897765064,100009400
2007-11-21,24.673818588256836,25.034230783965633,24.637777918631325,24.79636016465578,89518700
2007-11-23,24.587322235107422,24.825192871869117,24.29899135749569,24.767528346182996,33467200
2007-11-26,23.765581130981445,24.774733631933824,23.736747495310187,24.572903681688718,80335000
2007-11-27,23.830469131469727,24.219712437817883,23.5565549346312,23.98184168114559,84178400
2007-11-28,24.29179573059082,24.42875144942223,23.715136454289716,24.061132020070378,88585000
2007-11-29,24.212507247924805,24.457587811230358,24.01067716628328,24.20530020917845,53633600
2007-11-30,24.219697952270508,24.59452695804498,23.92416006787309,24.45036153278914,71027800
2007-12-03,23.72953987121582,24.248534361626092,23.556543540897124,24.147619377319007,61770600
2007-12-04,23.621421813964844,23.960210246440337,23.52050681273237,23.599797956480046,54801500
2007-12-05,24.61615753173828,24.882861824180207,23.808832119909233,23.888123254082373,84894700
2007-12-06,24.90448760986328,24.94773807269102,24.41432669672532,24.69544783078703,49209700
2007-12-07,24.89006996154785,25.01261156062264,24.666616118684303,24.947737243401246,40771000
2007-12-10,25.055858612060547,25.19281702798982,24.8468215951685,24.969360441287034,36083500
2007-12-11,24.580114364624023,25.22165047977375,24.457575519420743,25.03423456981582,55070700
2007-12-12,24.846820831298828,25.293731241237687,24.457574950193763,24.947735819053356,63345400
2007-12-13,25.387432098388672,25.553221353323533,24.709855513311986,24.85402091969382,73913200
2007-12-14,25.452312469482422,25.834348550322456,25.23606293342565,25.264896571530162,71126200
2007-12-17,24.789155960083008,25.32256733966443,24.76753210338628,25.250483234462912,58121200
2007-12-18,25.041444778442383,25.228857941844645,24.65940591693703,24.96936067734359,52791800
2007-12-19,25.077476501464844,25.32976389092573,24.781938666785095,25.005392426100077,58469100
2007-12-20,25.603689193725586,25.798312158637,25.286527371125988,25.437899871703465,59345000
2007-12-21,25.992931365966797,25.992931365966797,25.76947479046935,25.877599560809728,83240500
2007-12-24,26.367767333984375,26.46868234624159,25.985728395074823,26.04339568763772,29622600
2007-12-26,26.38939666748047,26.411020531812817,26.137106334779897,26.245231155898487,30252400
2007-12-27,25.928049087524414,26.346125721620453,25.906422490264656,26.201960322035987,33311100
2007-12-28,26.036170959472656,26.115462066378846,25.71179949927745,26.021754144605506,33447200
2007-12-31,25.66135025024414,25.942474105704633,25.603685722012074,25.877599792864086,35229700
2008-01-02,25.387432098388672,25.920840527357107,25.228849876396016,25.798301719254724,63004200
2008-01-03,25.495563507080078,25.69739625044749,25.12794419727477,25.387441474656132,49599600
2008-01-04,24.781959533691406,25.37303570074887,24.572919663707303,25.36582591227845,72090800
2008-01-07,24.947744369506836,25.084700078437837,24.688247026498093,24.90449389576267,80164300
2008-01-08,24.11157989501953,25.019817548362074,24.075539220233924,25.019817548362074,79148300
2008-01-09,24.825204849243164,24.89728897828792,24.03950571588967,24.04671550365833,74305500
2008-01-10,24.74590492248535,24.86844376027568,24.34944927145291,24.760318991861908,72446000
2008-01-11,24.443161010742188,24.681034438244577,24.306205332612862,24.60895033154953,55187900
2008-01-14,24.789155960083008,24.91890459971829,24.565702108276938,24.839613458860345,52792200
2008-01-15,24.50804328918457,24.78195748410529,24.50804328918457,24.52966715335017,61606200
2008-01-16,23.953006744384766,24.255754577229563,23.434012030781272,24.089962460595345,120778500
2008-01-17,23.866504669189453,24.363872689198963,23.765589657859508,24.176459489547327,94247800
2008-01-18,23.794418334960938,24.50803588381086,23.765587441361177,23.902543122574663,117062000
2008-01-22,23.03754997253418,23.448419710644462,22.705971368046445,22.73480500749595,108521400
2008-01-23,23.015932083129883,23.102430274169993,22.374398562603886,22.69156042956957,137597400
2008-01-24,23.967409133911133,24.046700250701385,23.152876865602128,23.31866613265146,155640400
2008-01-25,23.743959426879883,25.228858973508235,23.693501928911058,25.156777619189175,196992300
2008-01-28,23.585372924804688,23.85928419002168,23.3691234263233,23.801619673559482,81019000
2008-01-29,23.498872756958008,23.707912478809163,23.31866666909874,23.679078844817276,68023000
2008-01-30,23.210554122924805,23.64304781010783,23.102429326265145,23.470051435125743,106432600
2008-01-31,23.498872756958008,23.599790475929613,22.86454793263325,23.001504944368033,103642200
2008-02-01,21.94910430908203,23.967412150781385,21.804938874019157,22.38880627378318,291138900
2008-02-04,21.761688232421875,22.143724270666112,21.70402233750595,21.97793499464075,119998600
2008-02-05,20.95437240600586,21.581490457956857,20.824623748715037,21.55986522345375,137534100
2008-02-06,20.55791473388672,21.156199004111432,20.39212543156431,21.105741509914488,138315600
2008-02-07,20.26958465576172,20.745328694902874,20.111002392805624,20.42816554385425,164964900
2008-02-08,20.586753845214844,20.96158303371485,20.356090152249937,20.39213221356574,124872000
2008-02-11,20.334461212158203,20.622792150717704,20.118214383102384,20.5579178270282,156814100
2008-02-12,20.428165435791016,20.62999678082039,20.262376138908078,20.493039747591045,84365900
2008-02-13,20.875078201293945,20.939952520451225,20.565124801264815,20.62999912042209,88986200
2008-02-14,20.54349708557129,20.93274295344293,20.514663447271072,20.81740977510561,69113500
2008-02-15,20.48583221435547,20.644413108393287,20.36329199514237,20.406541079904752,68166100
2008-02-19,20.384519577026367,20.869348460052052,20.312156789370743,20.840402792907653,68261200
2008-02-20,20.420705795288086,20.449651470249158,20.203618753903033,20.370052244311957,93056200
2008-02-21,20.333873748779297,20.95619064605974,20.23256525557084,20.71015928308294,98776500
2008-02-22,20.029943466186523,20.5437166369322,19.682603741158005,20.43517314538646,125705400
2008-02-25,20.145721435546875,20.435171178545055,19.885215976745886,20.008232290045772,109974300
2008-02-26,20.536489486694336,20.883830748656983,20.02271608412171,20.073369644352137,108923500
2008-02-27,20.44965171813965,20.75357440788632,20.333871777303372,20.3989981665495,75199500
2008-02-28,20.210857391357422,20.45689013471261,20.11678531761261,20.275983786963554,83002900
2008-02-29,19.682615280151367,20.13849876398871,19.552362461853217,20.037191629848454,117411400
2008-03-03,19.5306453704834,19.820095195014456,19.4438111132269,19.711551683341014,76544300
2008-03-04,19.96482276916504,19.993767064373948,19.508938042824234,19.552356555946254,86925600
2008-03-05,20.348344802856445,20.558195429982803,20.044422110303348,20.080602824571617,106489800
2008-03-06,19.95035171508789,20.384527223684476,19.89969815878937,20.30492798938343,91127700
2008-03-07,20.167438507080078,20.3121627446171,19.769443748390255,19.783916586205695,77597600
2008-03-10,20.297685623168945,20.44964762774934,20.08059862257466,20.1384885814135,72175100
2008-03-11,21.187755584716797,21.23117272917679,20.536491516786235,20.550964358341613,98740700
2008-03-12,20.717390060424805,21.339708209887846,20.652265058467748,21.296291081847937,75993800
2008-03-13,20.71015167236328,20.977892195537603,20.377283397356216,20.652261717606233,84552200
2008-03-14,20.232559204101562,20.992366464983444,20.00099936923658,20.782514502008627,105214900
2008-03-17,20.478601455688477,20.789760646957554,19.740504481750214,19.754975943046393,84490100
2008-03-18,21.289058685302734,21.332475821544126,20.74633965156477,20.74633965156477,83695300
2008-03-19,20.71015167236328,21.412067546318156,20.71015167236328,21.260105552452536,61442100
2008-03-20,21.115385055541992,21.144329347889496,20.68844604682265,20.79698955848565,60170200
2008-03-24,21.108152389526367,21.274585895674733,21.028553156061548,21.22393233990835,48294700
2008-03-25,21.08643913269043,21.2528739874841,20.941714912259535,21.223928315274552,49149000
2008-03-26,20.66674041748047,21.03578952603264,20.53648762855548,21.006845228608128,45868100
2008-03-27,20.297685623168945,20.616081086885323,20.26150491647173,20.608844669504784,47894400
2008-03-28,20.196380615234375,20.572666076449273,20.138490650447903,20.42794047438027,49244000
2008-03-31,20.536489486694336,20.68845154759162,20.145732464769605,20.174676764812993,46780600
2008-04-01,21.346952438354492,21.375898121108825,20.71739764050894,20.86212329386837,65796200
2008-04-02,21.100914001464844,21.404836687914162,20.985134061884697,21.397600269164684,49499400
2008-04-03,20.985132217407227,21.21669207621468,20.840406615549753,20.985132217407227,38961400
2008-04-04,21.100914001464844,21.173276808753872,20.796991315015525,21.07920474521641,43860800
2008-04-07,21.100914001464844,21.41207310666364,21.006843318133132,21.383127431665727,44428600
2008-04-08,20.804227828979492,20.985134157927142,20.652267175162233,20.941717025437317,44733500
2008-04-09,20.90553855895996,21.014083479327383,20.652270758651962,20.782522178722076,45839300
2008-04-10,21.06473731994629,21.274587983025878,20.84041243639147,20.862121696795295,65591600
2008-04-11,20.464128494262695,20.99237474851868,20.413473552717875,20.891067625841103,54373700
2008-04-14,20.30491828918457,20.48582454965893,20.210847641028206,20.435171017558947,43418100
2008-04-15,20.442411422729492,20.60884488359443,20.28321437932027,20.348340756216203,34310000
2008-04-16,20.94895362854004,21.021315056591167,20.536486035537454,20.673975233204985,54107400
2008-04-17,21.14432716369629,21.23116279218001,20.912767328013683,21.071965750199595,48743300
2008-04-18,21.708757400512695,21.781120201222194,21.42654399597183,21.715993818604208,73658900
2008-04-21,22.01268196105957,22.142934737548416,21.795594920381994,21.846248471193046,54411700
2008-04-22,21.889671325683594,22.215303352032404,21.68705568926588,22.171884828381824,67387500
2008-04-23,22.75801658630371,22.765251624833695,21.925846374369492,22.03439127519969,98351500
2008-04-24,23.011289596557617,23.228376687386888,22.548169733345265,22.888273210366076,115416700
2008-04-25,21.585742950439453,21.990972737738556,21.41930946032447,21.74494002182695,145194900
2008-04-28,20.977893829345703,21.592975509171723,20.8548774933805,21.564029839436145,97473000
2008-04-29,20.724628448486328,20.912771194817708,20.587140633256503,20.840408387735526,84428900
2008-04-30,20.63779067993164,21.137091065587278,20.630554262431566,20.79698772431678,74733600
2008-05-01,21.27459144592285,21.339717857529035,20.608855867442255,20.623328710067238,71699400
2008-05-02,21.15880584716797,21.433784263204366,20.883828811337445,21.412075005031216,66024200
2008-05-05,21.04302978515625,21.875198845993264,20.977903378810158,21.658111744977045,119687700
2008-05-06,21.491674423217773,21.607454374059945,20.934482547161146,20.985136103128863,93582000
2008-05-07,21.13709831237793,21.81007018835075,21.04302761303611,21.484439570438923,88775000
2008-05-08,21.180513381958008,21.267347647173462,20.98513421491459,21.187749800760255,69589900
2008-05-09,21.26734161376953,21.383121521347988,20.948947558031467,21.13708887269243,51621200
2008-05-12,21.701519012451172,21.752172554288023,21.23839933827937,21.274580045246978,64278800
2008-05-13,21.628896713256836,21.88309687014123,21.44732438103258,21.788679866910876,70934700
2008-05-14,21.737834930419922,21.97751029946203,21.592576543303096,21.708782698881897,66730400
2008-05-15,22.11550521850586,22.17360829521759,21.745097584986095,21.77414843069865,53355800
2008-05-16,21.78141212463379,22.137293653048456,21.730572104186933,22.130030595086524,81538200
2008-05-19,21.396480560302734,21.708785158284446,21.287537450266203,21.694260426156564,59615000
2008-05-20,20.88807487487793,21.287533329447392,20.793656515246692,21.280270272146023,75767600
2008-05-21,20.517669677734375,21.098700477325448,20.47409271408672,20.924391237448127,60125100
2008-05-22,20.677452087402344,20.84449964864325,20.466828949304947,20.53945814306795,52203100
2008-05-23,20.37240982055664,20.57577127843657,20.29978201479422,20.524931260288238,48890700
2008-05-27,20.655668258666992,20.699245229163843,20.372414487220173,20.415992843003938,47334500
2008-05-28,20.466833114624023,20.750085504130695,20.365153053834334,20.742822444747585,52318500
2008-05-29,20.561246871948242,20.829974485576713,20.437777652489764,20.48861767486325,47699200
2008-05-30,20.568511962890625,20.844502662031342,20.48135802600492,20.612088931333478,63399200
2008-06-02,20.190841674804688,20.597564673944873,20.009269352602175,20.51040934976144,77028400
2008-06-03,19.8349609375,20.56125025736014,19.805910085054805,20.27073480647347,86616700
2008-06-04,20.00200080871582,20.074628604421985,19.75506242451293,19.813165492249702,79567400
2008-06-05,20.553991317749023,20.553991317749023,20.045589523115535,20.13274348320712,76063400
2008-06-06,19.965688705444336,20.45956555250822,19.965688705444336,20.32883328295759,78500800
2008-06-09,20.125471115112305,20.270729495138518,19.827692682816487,20.08189415521907,66787100
2008-06-10,20.256208419799805,20.546725252132486,19.842223734598733,19.871275971946773,77433900
2008-06-11,19.69696617126465,20.292523167930895,19.689703112123976,20.227157020951733,59330800
2008-06-12,20.510406494140625,20.735555754444356,19.747803401180448,19.90032346565781,113996300
2008-06-13,21.113229751586914,21.476374401969313,20.69924507179688,20.793662071370065,131969100
2008-06-16,21.01154327392578,21.14227552977177,20.800918776110247,21.076909401848777,74718900
2008-06-17,20.917129516601562,21.149543236583753,20.90986784326827,21.091440152909904,44256700
2008-06-18,20.670194625854492,20.96071147956257,20.670194625854492,20.735560779410108,49677800
2008-06-19,21.01154327392578,21.20037860067149,20.575769549534645,20.735552648187255,62037800
2008-06-20,20.503145217895508,21.004285188834668,20.408728224816414,20.989759071349635,97480400
2008-06-23,20.314311981201172,20.63387967301995,20.18358106595831,20.55398740374352,57145300
2008-06-24,20.139995574951172,20.34335701321714,19.980212478283498,20.277990886106167,65218300
2008-06-25,20.590299606323242,20.82271193442569,20.161788856901822,20.1981027636853,64280200
2008-06-26,20.15452766418457,20.481358396637447,20.15452766418457,20.35788916274268,67049100
2008-06-27,20.067363739013672,20.270725150405518,19.943894558041173,20.103679018879866,73450200
2008-06-30,19.980222702026367,20.321578240830153,19.965696580727354,20.140005880453998,57830500
2008-07-01,19.515392303466797,19.88579859330575,19.20308771157921,19.805907719657533,100327800
2008-07-02,18.796361923217773,19.609806351780694,18.796361923217773,19.537177162309376,84669000
2008-07-03,18.868999481201172,18.95615482427797,18.59301010115114,18.861736420504172,37074500
2008-07-07,18.90530776977539,19.166770931414188,18.484060102665847,18.963410848504754,71527600
2008-07-08,18.774578094482422,19.028779618584235,18.527639629387732,18.832681181252532,65553200
2008-07-09,18.324277877807617,18.77457783296884,18.287963968564693,18.73100086481996,54255800
2008-07-10,18.484067916870117,18.643851104603094,18.14271097289944,18.302495545919673,57830600
2008-07-11,18.338802337646484,18.622054682936206,18.062813050606078,18.27343619868936,69532600
2008-07-14,18.26618003845215,18.745530981634587,18.208076935802374,18.505855510043368,51216200
2008-07-15,18.992464065551758,19.348345640345194,18.106391658022396,18.106391658022396,92719300
2008-07-16,19.798643112182617,19.820432286174828,18.82541550511718,18.97793556720266,82060400
2008-07-17,19.987485885620117,20.270738326257323,19.689707323594543,20.03106286449803,96526100
2008-07-18,18.78183364868164,19.224868988793986,18.237116908386106,19.144978142211997,150277000
2008-07-21,18.622058868408203,19.006992730418904,18.542167980282983,18.636584988171705,77575600
2008-07-22,18.738262176513672,18.839943613946225,18.50584983715952,18.549428189753534,88657200
2008-07-23,19.19582176208496,19.493600191995295,18.774574125727423,18.781837183199208,79408800
2008-07-24,18.4768009185791,19.00699179630717,18.4768009185791,18.948888705395696,81092600
2008-07-25,18.999725341796875,19.043302305872146,18.52037458110876,18.622054625713297,58682300
2008-07-28,18.5203800201416,18.963417005091767,18.404173824955837,18.92710170329177,59707800
2008-07-29,18.963417053222656,19.021520150963006,18.4477508486508,18.534906187904888,66368200
2008-07-30,19.050569534301758,19.239404933679943,18.810894101492334,19.028781740138093,51977700
2008-07-31,18.68016815185547,19.086891328279293,18.6729050895671,18.774586576316796,60461000
2008-08-01,18.4768009185791,18.847208642622356,18.208073257309188,18.825419464047943,82720200
2008-08-04,18.360595703125,18.556692779468005,18.23712645527872,18.440486591528803,60588300
2008-08-05,19.03603744506836,19.08687884784302,18.520372827361726,18.62205286233789,84297600
2008-08-06,19.62432289123535,19.726002875709494,19.15949713659806,19.413698483069314,95550000
2008-08-07,19.89306640625,20.154531035954257,19.413715508650274,19.537184763200937,82565800
2008-08-08,20.430522918701172,20.503152145379058,19.747811789675946,19.864017998245657,80814100
2008-08-11,20.26347541809082,20.626620143810324,20.08916611597992,20.2344245603826,68743800
2008-08-12,20.423254013061523,20.59756326421148,20.031057159009034,20.176315560944058,62813000
2008-08-13,20.270732879638672,20.69924364844701,20.161789769072627,20.386939048947358,51165200
2008-08-14,20.270732879638672,20.539460511969267,20.016531364793362,20.205366736241682,49732300
2008-08-15,20.198102951049805,20.44504139827103,20.031056761837437,20.321572174660417,47267400
2008-08-18,20.110946655273438,20.37240980342884,20.00926523377566,20.17631278863394,38078200
2008-08-19,19.921358108520508,20.234908260858273,19.884899370681477,20.081779892960313,40332900
2008-08-20,19.89948272705078,20.110945902591777,19.81197981215722,20.08177919150169,41497200
2008-08-21,19.819271087646484,19.855729822832362,19.585931844509034,19.76093627686212,43614200
2008-08-22,20.300535202026367,20.329701914279514,19.84843934020312,19.855731365969337,47930400
2008-08-25,20.16928482055664,20.300538524204697,20.023447062989487,20.13282607657082,51381300
2008-08-26,19.884897232055664,20.213030009751257,19.811978373408348,20.110944442131945,44774400
2008-08-27,20.096370697021484,20.26408457515213,19.78282041762748,19.93595023838811,33975300
2008-08-28,20.373455047607422,20.424497839611274,20.125531722892898,20.132823749009418,48372600
2008-08-29,19.89948272705078,20.256783630477166,19.89948272705078,20.18386476653447,50735500
2008-09-02,19.760936737060547,20.242199284942213,19.73176863558329,20.17657244743002,66079200
2008-09-03,19.615093231201172,19.819265708942346,19.57134248268921,19.68801207259525,57127700
2008-09-04,19.21405029296875,19.60780998750733,19.21405029296875,19.49843237184727,66141900
2008-09-05,18.703615188598633,19.119250865330145,18.689031139040313,18.980706566960652,82305200
2008-09-08,19.04633331298828,19.19946166022328,18.71819915346827,19.111958754080774,62110800
2008-09-09,19.031753540039062,19.396346514404517,18.995293408115423,19.104672413074518,85735700
2008-09-10,19.279678344726562,19.58593652219057,19.14113261447067,19.33801316944295,75064900
2008-09-11,19.935945510864258,20.023447052710086,18.980712232644375,19.031755030523097,72913300
2008-09-12,20.140108108520508,20.227609606986544,19.64426164784215,19.790097942222626,75628500
2008-09-15,19.5567684173584,20.045323095985847,19.491141565691134,19.629687295967795,82349400
2008-09-16,18.9515438079834,19.316136804806806,18.60882689166168,19.02446268551046,111729700
2008-09-17,17.916099548339844,18.86404216964549,17.865056751579523,18.761955185312942,106972100
2008-09-18,18.419248580932617,18.48487546801961,17.50776558340515,18.083822114619913,132291300
2008-09-19,18.346317291259766,19.25050764817518,17.1358687980656,19.228632961105674,134926100
2008-09-22,18.521318435668945,19.192169405345687,18.462983629210598,19.11925054956988,105207700
2008-09-23,18.550493240356445,19.082798715570142,18.477574358220267,18.710913668406437,92181300
2008-09-24,18.754667282104492,19.02446676963087,18.565078716158535,18.652581666138285,80250300
2008-09-25,19.40363883972168,19.60051799189516,18.76924644259514,18.827581263759846,96203500
2008-09-26,19.97970199584961,20.096371678885422,19.060927198833326,19.082803285957166,100744300
2008-09-29,18.2369441986084,20.169287050555297,18.2369441986084,19.64427356872738,134383100
2008-09-30,19.46197509765625,19.46197509765625,18.62341145995265,18.79112390933098,107192700
2008-10-01,19.3088436126709,19.68072861388469,19.163007257230007,19.23592473954454,88957000
2008-10-02,19.141136169433594,19.345308789266607,18.740084348875097,19.090093362178386,93819800
2008-10-03,19.192176818847656,20.030740507158818,19.133841989855892,19.22863695622503,114289400
2008-10-06,18.16402816772461,18.95154920969584,17.602554458786262,18.68904173210133,146374600
2008-10-07,16.938987731933594,18.382775446788905,16.873360891184564,18.21506302745769,145941200
2008-10-08,16.7785701751709,17.719219400261288,16.406685144987094,16.698359269402253,171598600
2008-10-09,16.260845184326172,17.434834940706462,16.093132759360913,17.33274935869487,131948700
2008-10-10,15.677495002746582,16.297303222877947,15.05768678261522,15.888959556419692,228467500
2008-10-13,18.594247817993164,18.594247817993164,16.501482843775353,16.669196724249094,144935400
2008-10-14,17.573383331298828,18.761955929989384,17.20879032189766,18.696329077032217,165674900
2008-10-15,16.52334976196289,17.682755270334265,16.392096098251187,17.340038452384878,113280200
2008-10-16,17.639009475708008,17.639009475708008,15.538953047060522,16.727526988818763,161147800
2008-10-17,17.44941520690918,18.309854613792023,16.997319430292087,17.186907892046904,133673100
2008-10-20,18.025476455688477,18.0473525352113,16.77856912993629,17.646300812975788,93484300
2008-10-21,17.033784866333008,18.23694145011844,16.968158017143633,17.71921868327024,100385600
2008-10-22,15.699373245239258,16.81502680468578,15.239985340092773,16.800444143407734,150054800
2008-10-23,16.275432586669922,16.47231315605997,15.232696301543413,15.71395898839995,154774100
2008-10-24,16.012924194335938,16.669192719359497,15.27644754436407,15.356657060124324,153919700
2008-10-27,15.444157600402832,16.012921712867882,15.327487967547862,15.801458524872647,117683900
2008-10-28,16.844196319580078,16.924405831168087,15.560828835241304,15.779584071662239,134088800
2008-10-29,16.77128028869629,17.47859030452721,16.552525015168573,16.86607386967507,111701800
2008-10-30,16.50147819519043,17.412960674595404,16.3264737260421,17.274416339110406,95323000
2008-10-31,16.282718658447266,16.70564636162207,16.129590309916924,16.428556372981276,93055200
2008-11-03,16.49418830871582,16.705651530323845,16.19522076233987,16.392101320631856,61923500
2008-11-04,17.15774154663086,17.252535084098888,16.676479053122314,16.86606612805837,72123000
2008-11-05,16.10042953491211,17.019204216487385,16.07855345053693,17.011912188362324,81179700
2008-11-06,15.225399017333984,16.10042254085924,15.210816358230751,15.947294189188673,95509700
2008-11-07,15.677495002746582,15.706663102899384,15.312902095705965,15.54624133368211,71256300
2008-11-10,15.531668663024902,16.020223572036016,15.451459110461567,15.93272198909191,67106800
2008-11-11,15.458742141723633,15.53165962145817,15.15977602421435,15.524368986134135,78014500
2008-11-12,14.802469253540039,15.31289980330819,14.787886596458282,15.232688930707416,90162300
2008-11-13,15.495196342468262,15.495196342468262,13.664940042884057,14.693091783048807,148413700
2008-11-14,14.627469062805176,15.560827534527197,14.328502948974638,14.992062020238688,96624500
2008-11-17,14.087872505187988,14.758723643092743,13.963910836526942,14.394130663596938,97289000
2008-11-18,14.403545379638672,14.43290967651936,13.764855469739993,14.315449688529593,108966500
2008-11-19,13.427159309387207,14.645807821637334,13.39779361018426,14.410886428714585,103010500
2008-11-20,12.86922550201416,13.830929887318247,12.847201224402442,13.30235982674129,139532800
2008-11-21,14.447595596313477,14.462278447991821,13.199581208330253,13.228946911686943,157231900
2008-11-24,15.18906021118164,15.372591625139064,14.587077397438668,14.601758846377752,125289900
2008-11-25,14.675172805786133,15.365251366705253,14.352157100640252,15.313862790934387,92948100
2008-11-26,15.04223918914795,15.18172349911798,14.484303349501822,14.484303349501822,79678300
2008-11-28,14.844024658203125,14.910096098837366,14.697200323642353,14.85136608496626,28650800
2008-12-01,13.66208267211914,14.645811434337713,13.654741245507484,14.594421448056126,79639900
2008-12-02,14.058505058288574,14.175965043091496,13.625370839240246,13.94104507348565,79689800
2008-12-03,14.587075233459473,14.609098103717807,13.654735452811462,13.69144117006426,80961500
2008-12-04,14.029142379760742,14.623783796416708,13.794222383068687,14.242038101675304,78719200
2008-12-05,14.587075233459473,14.667828091462301,13.559298347580812,13.882313980292201,91996200
2008-12-08,15.423982620239258,15.600172637291196,14.78529258322141,14.939459723287975,107225000
2008-12-09,15.122990608215332,15.60017206182439,15.020212051884373,15.137673459153145,80484900
2008-12-10,15.130330085754395,15.387272942917763,14.902750126218905,15.284495800052415,61499000
2008-12-11,14.2787446975708,14.770608947518953,14.175966152648634,14.763267522864972,83564300
2008-12-12,14.212674140930176,14.572395569467174,13.72815128614698,14.058507014280798,78112600
2008-12-15,13.977760314941406,14.271410447559024,13.867640290004802,14.197997564346048,59925900
2008-12-16,14.763272285461426,14.814660874383557,13.948392089027559,14.102557855793949,97688700
2008-12-17,14.43291187286377,14.719220462128968,14.315451866999396,14.543030453332406,78922700
2008-12-18,14.168624877929688,14.697196256741192,13.941046312182287,14.579736261501656,80759200
2008-12-19,14.036487579345703,14.53569200644438,14.029146152445634,14.256724785411766,113530400
2008-12-22,14.080530166625977,14.16128443606071,13.867633056382969,14.124577313484215,58575400
2008-12-23,14.153937339782715,14.36683296448068,13.955723157998648,14.153937339782715,47511400
2008-12-24,14.073187828063965,14.278743500440934,14.02179926002809,14.139259244176795,16880400
2008-12-26,14.043819427490234,14.190645079518616,14.014455137224472,14.095209385863402,23101000
2008-12-29,13.919023513793945,14.102554950844397,13.684103498406769,14.058507798017736,58512800
2008-12-30,14.197990417480469,14.308108986752227,13.948387580339912,13.955729004989172,43224100
2008-12-31,14.271405220031738,14.447595235064998,14.146603784353958,14.175968086742618,46419000
2009-01-02,14.924775123596191,14.976163697521054,14.220015137940434,14.337475135549727,50084000
2009-01-05,15.064261436462402,15.174380024108668,14.726562847415533,14.829341409421351,61475200
2009-01-06,15.240450859069824,15.416640872441102,15.130332275741997,15.233109433483468,58083400
2009-01-07,14.322793960571289,14.895412566048774,14.300769683356615,14.821999708900309,72709900
2009-01-08,14.770605087280273,14.821993646194372,14.352152392765722,14.410882374415152,70255400
2009-01-09,14.330131530761719,14.902748581941765,14.249377269602109,14.807312873489561,49815300
2009-01-12,14.293427467346191,14.52834887727942,14.168626037164108,14.469617474620831,52163500
2009-01-13,14.550375938415527,14.675177404496386,14.330138716030065,14.330138716030065,65843500
2009-01-14,14.014459609985352,14.447593881448796,13.955729610476764,14.3374753073994,80257500
2009-01-15,14.12458324432373,14.16863040967715,13.596013059380303,13.999781775627266,96169800
2009-01-16,14.46962833404541,14.616454150416919,14.058518008533845,14.410898287543757,79634100
2009-01-20,13.566645622253418,14.403550058853687,13.485892729422574,14.286088632471259,89873000
2009-01-21,14.227355003356934,14.278744976940272,13.55195932454558,13.852952140313567,68340900
2009-01-22,12.560894966125488,13.346409478167178,12.53152925715036,13.25097232423209,222436600
2009-01-23,12.626967430114746,12.83986323642937,12.296610178654241,12.458117390349273,117020600
2009-01-26,12.942636489868164,13.074779350268287,12.648986466886646,12.693035020509193,92476500
2009-01-27,12.964656829833984,13.192235353508986,12.795808292921349,13.052752510094201,61695000
2009-01-28,13.243629455566406,13.441842347682122,13.03807373754837,13.067438039988792,64145500
2009-01-29,12.91326904296875,13.184894722991052,12.891244771520961,13.052753295004575,49192800
2009-01-30,12.553552627563477,13.06009986873931,12.553552627563477,13.023392735185137,62370900
2009-02-02,13.08946418762207,13.309701388217738,12.480139772391155,12.50216405254431,88871700
2009-02-03,13.58132553100586,13.662079806562286,12.920612677111764,13.104144103206439,86865100
2009-02-04,13.676762580871582,13.948389733897722,13.581326846163572,13.610692549294525,75618000
2009-02-05,13.977760314941406,14.051171797920098,13.397800077816616,13.588673014076637,75195200
2009-02-06,14.43291187286377,14.631126157847547,13.992436150755506,14.06584900447917,86746000
2009-02-09,14.271405220031738,14.513666665731693,14.139262358698351,14.41822953244257,52196400
2009-02-10,13.801567077636719,14.535693015813866,13.728155604006288,14.131924309910078,83953200
2009-02-11,14.10255241394043,14.30810809054373,13.889656713381196,13.904339561760038,58599000
2009-02-12,14.139265060424805,14.183312222541195,13.610694914326002,13.92636787643318,75323200
2009-02-13,14.014459609985352,14.29342675759273,13.9777538853801,14.146602458938082,47416000
2009-02-17,13.371390342712402,13.674445508768637,13.223557935440635,13.667053747421615,75853300
2009-02-18,13.393567085266113,13.637489596942816,13.304867349277098,13.46748188711674,54946900
2009-02-19,13.23834228515625,13.585746631163222,13.164426076902695,13.52661394652726,49195600
2009-02-20,13.304865837097168,13.445306482353468,13.053551591831921,13.134859556427829,69413800
2009-02-23,12.720932960510254,13.41574321110343,12.683975553388848,13.31965310668695,70803400
2009-02-24,12.691367149353027,12.824416068970418,12.09264842090946,12.587885282910475,122674500
2009-02-25,12.536141395568848,12.743106512793299,12.166561735418806,12.573100207484565,105894600
2009-02-26,12.136993408203125,12.624838338789985,12.136993408203125,12.60266305655087,83219500
2009-02-27,11.937419891357422,12.210909394912324,11.90046249809814,12.040903130184939,93428000
2009-03-02,11.671323776245117,12.011337037503438,11.61958285765705,11.796980897030831,80602100
2009-03-03,11.737847328186035,12.003944367091862,11.560449302248818,11.848721623084616,80476600
2009-03-04,11.915247917175293,12.122211608126774,11.7452409204524,11.915247917175293,69285100
2009-03-05,11.286964416503906,11.737851398337305,11.286964416503906,11.723067871924405,89708500
2009-03-06,11.294354438781738,11.545668725409726,10.991299224289378,11.346096071563382,92821400
2009-03-09,11.198262214660645,11.63436627946127,11.161304816559317,11.235220317679156,66479100
2009-03-10,12.181342124938965,12.284825361833828,11.272176733332053,11.36087574434855,95184200
2009-03-11,12.64702033996582,12.713544812191172,12.144391620856478,12.29222268481896,84522200
2009-03-12,12.573101997375488,12.595277287681764,12.18134699430627,12.573101997375488,93694100
2009-03-13,12.306998252868652,12.60266159936636,11.959593996963102,12.550920689958517,82965800
2009-03-16,12.011336326599121,12.536138652456263,12.003944565833416,12.432656821404818,67028900
2009-03-17,12.491793632507324,12.491793632507324,12.01873206559149,12.06308123503118,62481000
2009-03-18,12.536141395568848,12.728322988027012,12.270044998948292,12.58788373225085,70710700
2009-03-19,12.66918659210205,12.898326929435068,12.506572096753487,12.839194257505218,58994600
2009-03-20,12.61005973815918,13.046163923537906,12.47701081247282,12.802241363057835,81725500
2009-03-23,13.548788070678711,13.740969631732188,12.794845348815288,12.839195915866751,71600000
2009-03-24,13.253129959106445,13.4600937152276,13.186605491828972,13.334437954631099,50044100
2009-03-25,13.216166496276855,13.53400519277539,12.950070130468834,13.290082701714665,73927100
2009-03-26,13.918364524841309,13.955321912530755,13.393562288514529,13.430519676203975,63775100
2009-03-27,13.400960922241211,13.763150312695021,13.341828219483723,13.704017609937534,47670400
2009-03-30,12.920502662658691,13.127467749162733,12.765279905156394,13.112684226590806,49633000
2009-03-31,13.578357696533203,13.888804675735868,13.142253573133399,13.17921097620068,92423300
2009-04-01,14.273165702819824,14.310124513758248,13.437916313294172,13.474873714398115,96438900
2009-04-02,14.258380889892578,14.70187525854689,14.044024056520009,14.413603636954745,99082300
2009-04-03,13.859235763549805,14.154899177871995,13.622705032092053,14.140115654697293,81858400
2009-04-06,13.866632461547852,13.866632461547852,13.504444473837836,13.704017878239743,47476100
2009-04-07,13.866632461547852,14.14751245268638,13.770540936538843,13.866632461547852,65815200
2009-04-08,14.184463500976562,14.502302139039642,14.01445583677564,14.021847596943863,56408900
2009-04-09,14.539266586303711,14.561441877570584,14.206644266474546,14.37665201318433,55759600
2009-04-13,14.480131149291992,14.672312741110794,14.317516606907397,14.554047363042995,44444700
2009-04-14,14.302730560302734,14.450561551904356,14.044024562707067,14.369254999965456,63796300
2009-04-15,13.918364524841309,14.228811374868155,13.681833860027325,14.199244336849421,72725500
2009-04-16,14.605789184570312,14.620572710193159,14.036636136602194,14.162293284727173,67688700
2009-04-17,14.191862106323242,14.55405007025613,14.044029651322777,14.55405007025613,61398500
2009-04-20,13.755756378173828,14.007070677698325,13.72618932654289,13.962720100251918,62937200
2009-04-21,14.021852493286133,14.103160473694716,13.726189032483909,13.740972557982667,60928300
2009-04-22,13.8814058303833,14.184460892376448,13.822273169746438,13.866622312765625,59401000
2009-04-23,13.984891891479492,13.999675413597735,13.652269692990355,13.984891891479492,86116300
2009-04-24,15.455829620361328,15.670186615715116,14.413614528760828,14.650145413402747,168478500
2009-04-27,15.078845024108887,15.389291895627338,14.990146723580226,15.189718604686748,68219600
2009-04-28,14.7314453125,14.982759591345717,14.627963459975707,14.967976066746674,76685200
2009-04-29,14.967978477478027,15.441040062162317,14.827537790836853,14.86449660828702,79301600
2009-04-30,14.975364685058594,15.596258489520451,14.79057489586957,15.226678911142404,87439900
2009-05-01,14.960583686828613,15.041891658932206,14.679703780214894,14.923626286691224,63224500
2009-05-04,14.923624992370605,15.078847751286563,14.768400823620325,15.056673877061039,54313400
2009-05-05,14.62796401977539,14.960584876975954,14.51708899087398,14.886668660986532,66835500
2009-05-06,14.62796401977539,14.834927732744303,14.494915112961342,14.827535970161906,59639100
2009-05-07,14.280557632446289,14.77579442615195,14.147508731176933,14.75361913932889,68727200
2009-05-08,14.354474067687988,14.517088610738952,14.147508950303973,14.384039707408835,67597600
2009-05-11,14.280557632446289,14.583612836522269,14.05141864127934,14.19185930482305,63762600
2009-05-12,14.701879501342773,14.827536651347183,14.39143250779274,14.420999559480657,71966800
2009-05-13,14.598396301269531,14.78318612786788,14.539263613151439,14.724053439749788,49281700
2009-05-14,14.827534675598145,14.95319180885891,14.635353094738479,14.65752838054959,54539500
2009-05-15,14.945796966552734,15.152762028630416,14.768398946129352,14.879272532664698,61289900
2009-05-18,15.226685523986816,15.226685523986816,14.96058766084321,15.049287418502685,46073800
2009-05-19,15.107660293579102,15.42751744313859,15.063029492343794,15.256431522746917,51368300
2009-05-20,15.159734725952148,15.390330347998088,15.040718271445623,15.182050843217642,47450700
2009-05-21,14.743179321289062,15.048159208532773,14.512585083838802,14.981212265597495,58232800
2009-05-22,14.691110610961914,15.003529222478207,14.482831063688272,14.825004504295803,37318700
2009-05-26,15.129980087280273,15.211804425123066,14.467950935753487,14.534897863299785,44991700
2009-05-27,14.973773002624512,15.323385118032915,14.9291421819213,15.06303606281914,42892900
2009-05-28,15.211804389953613,15.345696825948716,14.914261859863348,15.115102642037899,45480800
2009-05-29,15.539100646972656,15.5762941768022,15.100226926500675,15.29362902525003,46134900
2009-06-01,15.918458938598633,15.992844545825077,15.516778929635755,15.620917928480308,57317100
2009-06-02,15.918458938598633,16.349893757967067,15.769689142933196,15.888705546980525,48935700
2009-06-03,16.163944244384766,16.186260371234592,15.836649563319256,15.85152556243048,56039600
2009-06-04,16.238325119018555,16.290394647500474,16.052361706561268,16.193694297289515,42330000
2009-06-05,16.468917846679688,16.59537301233445,16.22344622144258,16.33502397495252,59579200
2009-06-08,16.401973724365234,16.60281456640767,16.089555109673118,16.349904191714607,49000600
2009-06-09,16.424283981323242,16.602808637569513,16.275512725057425,16.40940657193909,50887700
2009-06-10,16.77389907836914,16.825970025149562,16.454043203733058,16.491235318359415,61297200
2009-06-11,16.982173919677734,17.30203112477685,16.788771855692506,16.803649264950103,65124600
2009-06-12,17.354103088378906,17.391295197985702,16.91522938483613,17.034245838123525,50963500
2009-06-15,17.421058654785156,17.51032174838457,17.12351737410168,17.279726014414727,69089600
2009-06-16,17.443357467651367,17.934300448139428,17.43591876566975,17.45823345282727,105295600
2009-06-17,17.614452362060547,17.71859140546845,17.235086879775668,17.480558495514348,86483100
2009-06-18,17.48055648803711,17.62188904413717,17.33178522700674,17.569819528412907,58852200
2009-06-19,17.90455436706543,18.10539516209883,17.666521462783482,17.882239669031513,115459000
2009-06-22,17.316909790039062,17.815291686013712,17.29459367453407,17.815291686013712,71291600
2009-06-23,17.361541748046875,17.59957465399083,17.26483999326462,17.391295151895854,56752700
2009-06-24,17.45824432373047,17.666523852545286,17.376421388557826,17.44336832929158,54287700
2009-06-25,17.696271896362305,17.792972207698703,17.25739830589195,17.428484236065092,57724300
2009-06-26,17.368976593017578,17.621886854064424,17.346660481000132,17.53262382478236,65126400
2009-06-29,17.74834632873535,17.874801490210384,17.51775070447684,17.554944233609536,62854900
2009-06-30,17.681398391723633,18.031009033003325,17.57725793484978,17.830168243448018,66452400
2009-07-01,17.88223648071289,18.07563711686853,17.82272684646467,17.889673766206148,54908400
2009-07-02,17.383853912353516,17.88223572789913,17.264836067655303,17.6739562731619,65422200
2009-07-06,17.257404327392578,17.316912559468214,17.011932692732056,17.26484161496239,49207700
2009-07-07,16.75901985168457,17.21276952152757,16.70694891494643,17.16813870882569,52842500
2009-07-08,16.78133773803711,16.878039505855888,16.364780096478363,16.595374327849854,73023400
2009-07-09,16.692073822021484,16.96729883708849,16.64000430126762,16.848282384283078,46981200
2009-07-10,16.654882431030273,16.766461611293376,16.47635772891281,16.506112555326492,43229200
2009-07-13,17.27971649169922,17.324348723296826,16.46891606191951,16.677195553011128,67584000
2009-07-14,17.190448760986328,17.272271652280406,17.004485451737363,17.25739566581895,45448700
2009-07-15,17.94175148010254,17.94175148010254,17.525192395587066,17.666524992790112,67238700
2009-07-16,18.17978286743164,18.17978286743164,17.74834782464556,17.80041735103192,64555100
2009-07-17,18.068204879760742,18.187221343935693,17.926872296507423,18.15002781213842,52860100
2009-07-20,18.24672508239746,18.24672508239746,17.96405998550283,18.179778160437564,47798000
2009-07-21,18.469881057739258,18.469881057739258,18.127709152665375,18.365742029027704,52028400
2009-07-22,18.447568893432617,18.52195453791988,18.23185208508654,18.37318466773352,66192500
2009-07-23,19.01289176940918,19.131908195290634,18.477317852942623,18.544264769849406,106060500
2009-07-24,17.443357467651367,17.770651842118518,16.967290472339208,17.562373861782575,215135700
2009-07-27,17.190448760986328,17.443358975067916,17.03423884344772,17.435920272443465,80950000
2009-07-28,17.45824432373047,17.51775255785067,17.0342479782755,17.101194919009252,70288400
2009-07-29,17.703718185424805,17.785542549639754,17.36154615105027,17.651648651392886,73626900
2009-07-30,17.711153030395508,18.1723428661342,17.63676738994887,18.00125688625859,67820000
2009-07-31,17.495431900024414,17.904550692957173,17.48055449186271,17.681395245682527,54258200
2009-08-03,17.72603416442871,17.74835028688516,17.4805624925613,17.718595456943227,46902900
2009-08-04,17.681398391723633,17.696275802532465,17.50287371838158,17.614451461871862,49218300
2009-08-05,17.711153030395508,18.03844899708787,17.696277037336646,17.733469148165927,53310300
2009-08-06,17.450807571411133,17.837611845904288,17.309476386290783,17.80041972745964,59686000
2009-08-07,17.525184631347656,17.718586673734528,17.480553827346895,17.666517165935694,46169700
2009-08-10,17.421058654785156,17.517759038961508,17.331795561185743,17.450812073459133,35261900
2009-08-11,17.205333709716797,17.406174528832775,17.14582547651075,17.34666629562673,33615800
2009-08-12,17.502872467041016,17.77809745338774,17.130945736138393,17.20532994728861,61972300
2009-08-13,17.569822311401367,17.740908295534087,17.406173614589097,17.577259598721817,38954500
2009-08-14,17.62189483642578,17.70371777997845,17.48800094124532,17.56982530358635,46330200
2009-08-17,17.294593811035156,17.554942818829833,17.27971640058107,17.346663328836502,42474400
2009-08-18,17.638690948486328,17.691053246513796,17.406800160036568,17.42176122426316,38878900
2009-08-19,17.691055297851562,17.74341760195062,17.39184111245284,17.39184111245284,41821300
2009-08-20,17.706022262573242,17.85563011849734,17.60877815495896,17.653659941029684,39505900
2009-08-21,18.25956153869629,18.267042071093275,17.78081887941468,17.900504544235083,69011400
2009-08-24,18.431608200073242,18.498931560119416,18.162316186654113,18.259560247406608,54180900
2009-08-25,18.431608200073242,18.56625492016559,18.296961479980894,18.401687499366925,43980300
2009-08-26,18.364288330078125,18.513896142338712,18.26704425084483,18.39421046323658,41079000
2009-08-27,18.469009399414062,18.53633275413824,18.177274386687483,18.25955880396491,45495600
2009-08-28,18.461524963378906,19.067433600976567,18.409162682283018,18.753258487636085,55808000
2009-08-31,18.4390926361084,18.588700451613622,18.169800565671213,18.379249795259483,49592800
2009-09-01,17.952865600585938,18.506412118725468,17.878061708563713,18.21467850928093,62608500
2009-09-02,17.8481388092041,18.057587968946798,17.788295988311134,17.81821668537492,40771300
2009-09-03,18.0351505279541,18.057590697451307,17.77333761195037,17.885542739733225,34120000
2009-09-04,18.416650772094727,18.55129608157159,18.01271056336693,18.020191096132155,44999700
2009-09-08,18.566251754760742,18.58121281594594,18.259557134290862,18.416645423204763,53737100
2009-09-09,18.536333084106445,18.663499264541876,18.454048665364258,18.506410958467292,49900300
2009-09-10,18.700899124145508,18.73830035168765,18.4390862510544,18.551291360446196,46256000
2009-09-11,18.596181869506836,18.828072710479464,18.55877920046871,18.648544179394275,54303500
2009-09-14,18.700899124145508,18.768222475133662,18.431605720192895,18.4390862510544,42806800
2009-09-15,18.850507736206055,18.902870027827753,18.596175382530298,18.678458372179204,44716600
2009-09-16,18.850507736206055,18.96271285064761,18.66349873654832,18.88790896543143,50055800
2009-09-17,18.925315856933594,18.985158697657866,18.74578733476077,18.74578733476077,42428800
2009-09-18,18.89539909362793,19.059966583275227,18.775713387199684,19.045005513280156,68016500
2009-09-21,18.925315856933594,18.977679590987467,18.77570946850584,18.78319000194211,28878700
2009-09-22,19.27688980102539,19.314291033692466,18.917832831065393,19.000115828286077,61376700
2009-09-23,19.232006072998047,19.63594622300445,19.179643778019187,19.389094384700158,60599900
2009-09-24,19.4040584564209,19.531224661127517,19.194607817267133,19.389097390745825,56302900
2009-09-25,19.112319946289062,19.31429001628964,19.089879778577107,19.217045960418343,50158900
2009-09-28,19.3217716217041,19.56862346761434,19.149723668110877,19.149723668110877,44358000
2009-09-29,19.261930465698242,19.419017369114655,19.217048697117225,19.381616133091423,39050300
2009-09-30,19.239492416381836,19.441462552394498,18.985159969573143,19.269414552131547,63533400
2009-10-01,18.611135482788086,19.052476847139665,18.55129265847425,19.007595085595657,75958100
2009-10-02,18.67096710205078,18.768212524929062,18.274509163935914,18.296949317858118,51219700
2009-10-05,18.431608200073242,18.745783404700198,18.34184467118872,18.685940576521997,60804900
2009-10-06,18.783184051513672,18.857986508647535,18.446567287349644,18.46152834948258,48795300
2009-10-07,18.775705337524414,18.835548165082226,18.611136491666265,18.69342091459534,38472700
2009-10-08,19.20209312438965,19.374141142132647,18.865476196834994,19.03004510664665,60521300
2009-10-09,19.112319946289062,19.291849848577684,19.044996589622205,19.127281009274032,39520000
2009-10-12,19.239492416381836,19.366658639786184,19.11232619297749,19.194610639523233,29145800
2009-10-13,19.306808471679688,19.404053949213562,19.08987877684294,19.142241067777142,37749000
2009-10-14,19.419010162353516,19.598540023582064,19.31428559894117,19.55365684489234,45365500
2009-10-15,19.98004150390625,19.98004150390625,19.37413272433318,19.37413272433318,65620100
2009-10-16,19.82295799255371,19.9202020643629,19.523743817641893,19.78555675572688,56500900
2009-10-19,19.71822738647461,19.882794775896013,19.635942978381262,19.815471428686052,48143200
2009-10-20,19.725711822509766,19.830436415897857,19.40405608365711,19.763113055358204,54604700
2009-10-21,19.88279914855957,20.00996534050443,19.740671892441057,19.793034190283244,61672700
2009-10-22,19.890274047851562,19.98751808391024,19.546176803131598,19.86783245794639,61600000
2009-10-23,20.95996856689453,21.95485636630308,20.85524255916993,21.842651254308887,281761000
2009-10-26,21.45367431640625,21.70800668961172,21.02729399272812,21.042253629507726,124149700
2009-10-27,21.386354446411133,21.603284196145893,21.27414930504724,21.491079054782,69685800
2009-10-28,20.95996856689453,21.520995553630904,20.907606276414935,21.12453596936832,73542400
2009-10-29,21.109580993652344,21.25170827076494,20.832808399384767,20.997375849306952,65225500
2009-10-30,20.743040084838867,21.244224313790703,20.69067778770094,20.967451764128615,73371800
2009-11-02,20.85524559020996,20.982411782756113,20.503669141060293,20.72060029230722,62428900
2009-11-03,20.593433380126953,20.750520268906914,20.518629488284585,20.675716377064546,50294800
2009-11-04,20.989887237548828,21.23673903080695,20.660752464381513,20.713114749805165,63898400
2009-11-05,21.29659080505371,21.49856092816056,21.15446494962226,21.333993472350834,52681700
2009-11-06,21.3339900970459,21.416273098549624,21.094618771279347,21.229264071948798,38908500
2009-11-09,21.685564041137695,21.69304457254698,21.341468156903346,21.408791512821452,57518000
2009-11-10,21.700529098510742,21.90249920344299,21.55092129631669,21.61824466462744,65881100
2009-11-11,21.78281021118164,21.917455500508108,21.70800632148992,21.75288808459874,49693400
2009-11-12,21.962339401245117,22.05958346225602,21.693045960344822,21.70052649223267,55352400
2009-11-13,22.164304733276367,22.28399179877827,21.969816640403494,22.04461909453982,53037600
2009-11-16,22.096986770629883,22.291474898363326,21.96982057833302,22.14934906861701,54129500
2009-11-17,22.5402889251709,22.5402889251709,22.142076638253272,22.164617443084715,75648900
2009-11-18,22.622922897338867,22.645462254937357,22.39751928984943,22.540274764618864,59431200
2009-11-19,22.374980926513672,22.540275766226696,22.314873581793286,22.53276216900263,51967700
2009-11-20,22.2547664642334,22.367467557600474,22.112010981663285,22.28481942036428,42647100
2009-11-23,22.495197296142578,22.547791047567177,22.314875248512994,22.42006275136219,41832700
2009-11-24,22.472658157348633,22.53276551098393,22.352443450078034,22.502712550702455,37341400
2009-11-25,22.382497787475586,22.435091542640944,22.22471508890716,22.397523551042582,32033500
2009-11-27,21.954233169555664,22.081961485828888,21.60110261659909,21.871586447077085,29357900
2009-11-30,22.09697914123535,22.12703352411954,21.788928882031687,21.901629951703686,44172000
2009-12-01,22.547788619995117,22.577841574828323,22.096982832920325,22.179630966587794,49904200
2009-12-02,22.374980926513672,22.53276216900263,22.277305595672956,22.46514122705818,36308600
2009-12-03,22.412546157836914,22.690543506444573,22.35995241344218,22.420059754617885,43095200
2009-12-04,22.52524757385254,22.818272120320803,22.41254648662878,22.577841319018823,58810700
2009-12-07,22.382497787475586,22.60038640645669,22.299849639031535,22.374984189155914,38082700
2009-12-08,22.217195510864258,22.344923781776128,22.074440047357587,22.17962896244922,37402200
2009-12-09,22.3223876953125,22.39752224104236,21.97677079125632,22.142065645404198,44713300
2009-12-10,22.442607879638672,22.510227406622658,22.284825161815977,22.32239172492625,45940200
2009-12-11,22.42757797241211,22.54027908120366,22.38249781550996,22.51773828621641,43744200
2009-12-14,22.622922897338867,22.660489448717733,22.465140228789053,22.472653825679245,34651200
2009-12-15,22.555309295654297,22.69806338378964,22.450120338045704,22.45763393738007,49473200
2009-12-16,22.61541175842285,22.84832755504504,22.57033160525422,22.59287096530242,55737800
2009-12-17,22.239742279052734,22.51022465312022,22.2172014841003,22.50271248787509,43691200
2009-12-18,22.810760498046875,22.878381442849165,22.39000763414992,22.420062024316362,94118000
2009-12-21,22.930973052978516,23.17140241958781,22.818271966514416,22.840811323963994,40129100
2009-12-22,23.156381607055664,23.23902976200479,22.946006569836015,22.991086730229874,36321000
2009-12-23,23.23151206970215,23.25405286246362,23.058703624414147,23.073729386516252,28362700
2009-12-24,23.291622161865234,23.291622161865234,23.11130009774206,23.20146041326746,11083900
2009-12-28,23.419347763061523,23.42686136066565,23.20897132936256,23.29161946993576,25384000
2009-12-29,23.584644317626953,23.66729246418025,23.464429613407063,23.554591358108137,29716200
2009-12-30,23.261566162109375,23.509510595368283,23.14135146099297,23.404321657087216,42006200
2009-12-31,22.900917053222656,23.284101866679205,22.900917053222656,23.276588270367668,31929700
2010-01-04,23.254045486450195,23.36674654836519,22.983561791396806,23.00610257700851,38409100
2010-01-05,23.261566162109375,23.366755100390442,23.02113675987656,23.178919450762017,49749600
2010-01-06,23.118816375732422,23.351732223086227,22.930980691366194,23.20146310236423,58182400
2010-01-07,22.87838363647461,23.066219293808317,22.683034380878873,23.013624105974117,50559700
2010-01-08,23.03616714477539,23.20146202342483,22.720603152391927,22.75065754836772,51197400
2010-01-11,22.743139266967773,23.111296943439314,22.630438171406638,23.07372895620415,68754700
2010-01-12,22.592872619628906,22.84081562981994,22.47265791366188,22.65297997261242,65912100
2010-01-13,22.80324935913086,22.930977664965376,22.547792747461823,22.73562840703774,51863500
2010-01-14,23.261566162109375,23.366755100390442,22.735627202993154,22.773193759689928,63228100
2010-01-15,23.186429977416992,23.471939496481504,23.07372745611081,23.351724811288857,79913200
2010-01-19,23.36675262451172,23.47194011857512,23.051188709249384,23.103782456281085,46575700
2010-01-20,22.98356819152832,23.246538364605936,22.773191766451795,23.148863032827776,54849500
2010-01-21,22.547788619995117,23.081241107665292,22.540275023018793,22.998594407069913,73086700
2010-01-22,21.758872985839844,22.690538727447326,21.66871270960154,22.54026968962115,102004600
2010-01-25,22.029361724853516,22.284818287807923,21.864066891853874,21.969254382574366,63373000
2010-01-26,22.164602279663086,22.427572423832807,21.856551989744034,21.93920011784446,66639900
2010-01-27,22.292320251464844,22.405021280291134,21.803948171170035,22.051891007816405,63949500
2010-01-28,21.909149169921875,22.44260313844052,21.706286332608915,22.420062345492784,117513700
2010-01-29,21.17283058166504,22.480166279573258,20.782132161672603,22.465139086556935,193888500
2010-02-01,21.34563446044922,21.398228191744042,20.977476908313754,21.33060727063021,85931100
2010-02-02,21.383207321166992,21.413261709686786,21.142777945297137,21.3155878131417,54413700
2010-02-03,21.510942459106445,21.6311586184115,21.127758914910775,21.23294644209605,61397900
2010-02-04,20.917377471923828,21.413263458420417,20.89483667869317,21.32310171857002,77850000
2010-02-05,21.0526180267334,21.247967256429643,20.71451331512987,21.037590832201655,80960100
2010-02-08,20.82721710205078,21.097700906321677,20.714515994628684,21.04510715172952,52820600
2010-02-09,21.04510498046875,21.293047964445577,20.849755745657887,21.015050590618376,59195800
2010-02-10,21.03007698059082,21.217912610749444,20.917375889110073,21.060131369290822,48591300
2010-02-11,21.127758026123047,21.33813307164369,20.812194024769568,20.9850025073251,65993700
2010-02-12,20.985004425048828,21.082678357527598,20.722034161043858,20.89484265939157,81117200
2010-02-16,21.400171279907227,21.415268747845847,21.151068818015133,21.234102012129974,51935600
2010-02-17,21.58133316040039,21.626624117274748,21.407716625904065,21.536042203526037,45882900
2010-02-18,21.868183135986328,21.913475543671467,21.520949982377072,21.581338419516676,42856500
2010-02-19,21.717205047607422,21.830433147046183,21.656816631921856,21.732302511472163,44451800
2010-02-22,21.687013626098633,21.845534142760222,21.626625200649844,21.77004825100583,36707100
2010-02-23,21.38507080078125,21.762498807459192,21.20390553034867,21.64927069341053,52266200
2010-02-24,21.611528396606445,21.732306690978778,21.42281438132434,21.52849520892842,43165900
2010-02-25,21.588882446289062,21.62662467135573,21.15106601255714,21.339780017437686,48735300
2010-02-26,21.641721725463867,21.777596036756034,21.52094487982051,21.626624259815056,40370600
2010-03-01,21.905921936035156,21.928566695066436,21.536042660863817,21.717207931982006,43805400
2010-03-02,21.483205795288086,22.117285089969602,21.31713795707107,21.951217251752585,93123900
2010-03-03,21.483205795288086,21.59643537201783,21.400172596066515,21.52094946745596,48442100
2010-03-04,21.611528396606445,21.6266258633747,21.339781193646314,21.483202808623666,42890600
2010-03-05,21.58133316040039,21.649270315598702,21.45300758277842,21.6341728500494,56001800
2010-03-08,21.611528396606445,21.83798607880918,21.51339774216017,21.52849520892842,39414500
2010-03-09,21.739850997924805,21.9738573813634,21.551137008568606,21.55868574091567,50271600
2010-03-10,21.868183135986328,21.97386398081107,21.739857527092926,21.785149934778065,44891400
2010-03-11,22.02669906616211,22.034247799193956,21.777596635205644,21.807790127559418,35349700
2010-03-12,22.094640731811523,22.177673932556495,21.9210241559756,22.132382964897975,31700200
2010-03-15,22.1097412109375,22.170129655961343,21.898380933467003,22.02670655911443,37512000
2010-03-16,22.170127868652344,22.260709808998534,22.04180225335026,22.20787010383426,36723500
2010-03-17,22.366382598876953,22.54754930549194,22.19276606479227,22.268251952586258,50385700
2010-03-18,22.35129165649414,22.434324856155577,22.268257017058822,22.366387685667384,43845200
2010-03-19,22.3361873626709,22.57019230075507,22.155022109982497,22.464512929963533,81332100
2010-03-22,22.343732833862305,22.419218704742317,22.18521236103696,22.268246962982296,37718200
2010-03-23,22.55509376525879,22.570191228875856,22.200312008897928,22.336186301904796,42026600
2010-03-24,22.381484985351562,22.532456794133328,22.343742753043056,22.434324686493017,33987700
2010-03-25,22.653226852416992,23.07594577419215,22.49470635689291,22.51735255333162,73168700
2010-03-26,22.389026641845703,22.79664953282888,22.336186957408643,22.71361492027155,55595500
2010-03-29,22.3361873626709,22.509803883192273,22.30599243400278,22.42676926912838,33336000
2010-03-30,22.472068786621094,22.540005957889562,22.26825727281569,22.36638794255131,34954800
2010-03-31,22.1097412109375,22.434328203081844,22.01915782351469,22.373939758058,63760000
2010-04-01,22.011606216430664,22.298452372704492,21.60398462563879,22.155029294567576,74768100
2010-04-05,22.094640731811523,22.21541760541685,21.91347542140353,21.988959887576435,34331200
2010-04-06,22.13237762451172,22.32864035670704,21.875726470085027,22.004052047298373,47366800
2010-04-07,22.155027389526367,22.313546483488786,21.996506855790166,22.011604323721954,58318800
2010-04-08,22.585290908813477,22.63058186433576,22.117279569171483,22.132377034270085,63713800
2010-04-09,22.902328491210938,22.95516817470092,22.57019148670811,22.60793514618195,54752500
2010-04-12,22.887237548828125,23.015563148057026,22.804202914099484,22.83439785028219,37068800
2010-04-13,22.98536491394043,23.023107136615646,22.743809793589143,22.758907258568634,41374600
2010-04-14,23.26466941833496,23.400543773837217,23.143892533393853,23.242024652267276,68941200
2010-04-15,23.302412033081055,23.362800472800313,23.181633713868564,23.264668358397785,52745400
2010-04-16,23.15143585205078,23.38544083190347,23.098596157223437,23.242019214450302,88703100
2010-04-19,23.430727005004883,23.589246047351896,23.219366842102215,23.226915573610167,64970300
2010-04-20,23.672277450561523,23.73266585467936,23.498659528921266,23.56659666352547,52199500
2010-04-21,23.649642944335938,23.77796854646336,23.574157041947956,23.649642944335938,55343100
2010-04-22,23.694927215576172,23.80060802497198,23.325047982124428,23.430728791520234,84847600
2010-04-23,23.37034034729004,23.838351686339365,23.136335397652132,23.49111862815238,126766600
2010-04-26,23.483570098876953,23.611895673616253,23.294856103070543,23.400535479994605,63649300
2010-04-27,23.287311553955078,23.589253713533548,23.211825654117014,23.362797453793142,68730900
2010-04-28,23.332595825195312,23.400532971585008,23.1136883622078,23.34014455699121,64557900
2010-04-29,23.400541305541992,23.725129689498818,23.151438826654598,23.34770160392556,52665200
2010-04-30,23.053306579589844,23.460928135419234,23.038209111654812,23.45337940145172,63214800
2010-05-03,23.294857025146484,23.445827363903327,23.083496823158608,23.15143397951994,43989500
2010-05-04,22.74380874633789,23.060848297441343,22.456964123803075,23.03820354078831,82085600
2010-05-05,22.53245735168457,22.71362266284119,22.41168047758016,22.472068914632366,66833800
2010-05-06,21.8757266998291,22.555096817010252,21.068031004086905,22.33618932403762,128613000
2010-05-07,21.29448890686035,21.853083662074035,20.622667469602213,21.8379861952253,173718100
2010-05-10,21.845531463623047,22.253152925468243,21.67191350194837,21.89837114943877,86653300
2010-05-11,21.80024528503418,22.381484874252752,21.566240278380498,21.649274916775685,63789400
2010-05-12,22.22296905517578,22.328648472548803,21.83044344811301,21.87573442130515,47146800
2010-05-13,22.071992874145508,22.441872201816906,22.02670190988083,22.08709034215833,45188800
2010-05-14,21.83798599243164,22.049344767256443,21.6190770444789,22.041797473675846,63334000
2010-05-17,21.845531463623047,22.064438939112968,21.475652223139527,21.9814057641626,46053300
2010-05-18,21.68630027770996,21.989604883399313,21.534647251730068,21.89103142890169,52690600
2010-05-19,21.413333892822266,21.754552613323188,21.072116618592357,21.625647924052952,61746700
2010-05-20,20.556480407714844,21.110011243191547,20.503402306541705,20.96594107838604,87991100
2010-05-21,20.35175323486328,20.55648433242166,20.048448708630534,20.1925174546723,117596300
2010-05-24,19.91954803466797,20.366922841487305,19.911965239232174,20.35934004605151,73711700
2010-05-25,19.767900466918945,19.965048863776527,19.24469900780731,19.449430202190655,98373600
2010-05-26,18.964141845703125,20.17736191406326,18.62292320432129,19.889221406614002,176684100
2010-05-27,19.714815139770508,19.987789966050723,19.510084020060344,19.510084020060344,136433600
2010-05-28,19.56316566467285,19.805810801936097,19.457009411431134,19.593496849182188,67496900
2010-06-01,19.631412506103516,19.94988276275474,19.350856236119526,19.358439033452974,76152400
2010-06-02,20.06362533569336,20.07879093300996,19.510094050076187,19.760320620716207,65718800
2010-06-03,20.36692237854004,20.42000049911376,20.025703823037123,20.131860064184558,67837000
2010-06-04,19.555587768554688,20.147031508237614,19.426683104164944,19.79064870493455,89832200
2010-06-07,19.176448822021484,19.585909595821757,19.138534850013027,19.578326801420065,80456200
2010-06-08,19.039962768554688,19.153701800123503,18.691161432637358,19.146119005182882,87355000
2010-06-09,18.797321319580078,19.350852398716416,18.766990136261168,19.123372862635843,87794000
2010-06-10,18.95655059814453,19.070289612479392,18.78973347353807,19.055124024896067,78930900
2010-06-11,19.45700454711914,19.50249986623869,18.782151769477,18.986882874920163,68057700
2010-06-14,19.335681915283203,19.684481757584567,19.31293353354918,19.608656711011268,50972400
2010-06-15,20.154605865478516,20.20768397924584,19.517665607730383,19.525248402021447,81641500
2010-06-16,19.957462310791016,20.15461067055056,19.88921859217154,20.07120135973332,48698000
2010-06-17,19.99537467956543,20.222852759114243,19.74514821355359,20.139443455020178,47995500
2010-06-18,20.0484561920166,20.116699916675717,19.84372501803925,19.995378060897423,52075600
2010-06-21,19.676904678344727,20.389670105386376,19.631407905007315,20.30626224680853,54625300
2010-06-22,19.540414810180664,20.056033273438437,19.532832015571557,19.836136568584898,55985400
2010-06-23,19.19161605834961,19.548000221329445,19.123372344003272,19.548000221329445,61466200
2010-06-24,18.95655059814453,19.502498734713882,18.903472487872932,19.305350434940774,85243400
2010-06-25,18.600173950195312,19.039966007678043,18.43335532566257,18.994469230294296,156256700
2010-06-28,18.433353424072266,18.66083294871265,18.289284649364074,18.585006440499185,73784800
2010-06-29,17.675086975097656,18.349941144672258,17.523435441486402,18.296861589324816,119882100
2010-06-30,17.447616577148438,17.955652401640258,17.402121241808008,17.66751190318605,81050500
2010-07-01,17.561349868774414,17.68267168733516,17.235296939041106,17.50827175393786,92239400
2010-07-02,17.644756317138672,17.80399063598055,17.477937758805357,17.713000009862313,62485100
2010-07-06,18.061809539794922,18.266540728135134,17.87982674336052,17.970818864713074,73592000
2010-07-07,18.4257755279541,18.440941122883327,17.902575519332444,18.061809927277107,79965300
2010-07-08,18.509178161621094,18.66841395826324,18.17554242516105,18.65324836881728,50758100
2010-07-09,18.40302085876465,18.509177086177917,18.31202877364604,18.44851617818889,53806100
2010-07-12,18.8276424407959,18.873137748684456,18.516755185396185,18.524337977755906,49854200
2010-07-13,19.055130004882812,19.184034647254567,18.880730031753522,19.06271280105415,61928700
2010-07-14,19.29018211364746,19.419086687633378,19.04753854997273,19.335677420269043,72808100
2010-07-15,19.343271255493164,19.403932181043174,18.941391719805246,19.335688459015593,56934700
2010-07-16,18.87314224243164,19.441838788391006,18.86555944826644,19.34326535678356,65064800
2010-07-19,19.130958557128906,19.18403668970881,18.88831483889468,18.926227377517286,38181800
2010-07-20,19.320520401000977,19.320520401000977,18.72907681391689,18.850398649537745,45530700
2010-07-21,19.04754638671875,19.44942441204885,18.94138869923223,19.41151188197744,73297300
2010-07-22,19.593502044677734,19.707241124206316,19.312944298654422,19.343275491206505,73016400
2010-07-23,19.57074546813965,19.729981269923158,19.14611907383405,19.593493853043082,108520100
2010-07-26,19.790637969970703,19.866464457235104,19.563158508177505,19.608655268298115,67249900
2010-07-27,19.836135864257812,19.896796772706576,19.68448287000083,19.820970275578087,60672100
2010-07-28,19.676904678344727,19.858887432883257,19.585912577940277,19.767895332478805,69704800
2010-07-29,19.73756217956543,20.025701129468008,19.411509258445324,19.813387229460236,69446200
2010-07-30,19.57074546813965,19.593493853043082,19.2219455772419,19.525250144603042,83534800
2010-08-02,19.965038299560547,20.00295082085774,19.52524639967118,19.70722910518368,55044600
2010-08-03,19.836135864257812,19.98020606417493,19.692065664340692,19.866467041617263,56877700
2010-08-04,19.510095596313477,19.89680968090928,19.29020020287924,19.828565933847017,78531900
2010-08-05,19.23710823059082,19.396342561796605,19.115784975896368,19.328098863774116,64922100
2010-08-06,19.37359619140625,19.381178986003647,18.97171820163543,19.093040022653433,55982100
2010-08-09,19.419095993041992,19.510086649886837,19.23711323308189,19.373599218349156,57096500
2010-08-10,19.009624481201172,19.214355529239416,18.865554323736884,19.206772737133956,87257700
2010-08-11,18.85039710998535,18.88072684327829,18.622917602072214,18.713909694491516,76746900
2010-08-12,18.569839477539062,18.713909687872736,18.47126603653407,18.51676135959251,70240500
2010-08-13,18.501590728759766,18.70632179614583,18.38026893614651,18.463678210919316,45263500
2010-08-16,18.577423095703125,18.660832396898495,18.425770083760693,18.471266855105608,40909700
2010-08-17,18.836610794067383,19.027187599935253,18.752757988195754,18.836610794067383,52912600
2010-08-18,18.920454025268555,19.019554720786413,18.607908362145697,18.813731541466055,46818900
2010-08-19,18.630786895751953,18.85947845599863,18.45545514864499,18.768002413494152,54064600
2010-08-20,18.470705032348633,18.600297328016186,18.447836744515723,18.531689556545967,49560100
2010-08-23,18.50881576538086,18.783245315678283,18.47832278535597,18.630784777509785,51643000
2010-08-24,18.325864791870117,18.562179603935814,18.295371807611048,18.363979568208432,66522500
2010-08-25,18.371599197387695,18.46307522418463,18.19626893437254,18.295368205733425,47404800
2010-08-26,18.15815544128418,18.44020971661087,18.13528715813975,18.363978713496728,49105300
2010-08-27,18.242008209228516,18.310615961063146,17.921839185328686,18.203891983772984,60939400
2010-08-30,18.020938873291016,18.158154380080195,17.990447346218623,18.097169871950044,45453100
2010-08-31,17.8913516998291,18.089551771113896,17.77700589631481,17.990452462464386,66074600
2010-09-01,18.219133377075195,18.257249591867556,17.94470390049482,18.043803150985106,65235900
2010-09-02,18.249629974365234,18.257253218838134,18.074298259458974,18.203890507527838,48837100
2010-09-03,18.516433715820312,18.638402693073573,18.44782598436724,18.478317501688107,64189100
2010-09-07,18.264883041381836,18.524067651497045,18.234391504066675,18.371607056949532,51928700
2010-09-08,18.242008209228516,18.447831464732406,18.09716946046815,18.34873073253335,65512400
2010-09-09,18.302995681762695,18.455456246333323,18.287749189109963,18.44021120766616,46028900
2010-09-10,18.181026458740234,18.318241983211454,18.13528843524501,18.280125751977476,58284300
2010-09-13,19.14153289794922,19.278748416842625,18.36397926021025,18.447833511530774,114680400
2010-09-14,19.08053970336914,19.3244776464239,18.97381576279406,19.088162945837706,87160400
2010-09-15,19.149152755737305,19.225382293647776,18.996690771945886,19.133906266561116,56201900
2010-09-16,19.309236526489258,19.339729504835883,19.095790040018585,19.103413284605242,44548300
2010-09-17,19.22538185119629,19.461698066032948,19.11865933738954,19.36259734265365,70341600
2010-09-20,19.385465621948242,19.454073362531226,19.141527634979905,19.271119872304972,49838700
2010-09-21,19.172025680541992,19.377848972331996,19.118664409482122,19.377848972331996,52675700
2010-09-22,18.76038360595703,19.034813252380577,18.56980677600293,18.973828724954696,94299400
2010-09-23,18.623157501220703,18.745126486947473,18.569796251713363,18.684141994084086,46201800
2010-09-24,18.889968872070312,18.905213907758718,18.737506883304,18.78324489833978,51948800
2010-09-27,18.85186004638672,19.05006012797336,18.7451374847577,18.943337566344344,43603300
2010-09-28,18.813737869262695,18.98144489364232,18.56217660570062,18.905213899293297,56041200
2010-09-29,18.676523208618164,18.798492223457657,18.600292210847144,18.775622487930747,44318900
2010-09-30,18.66890525817871,18.928089851716983,18.569805950760315,18.76038277224518,61262700
2010-10-01,18.585044860839844,18.9204603631264,18.52406035624095,18.88234559299657,62672300
2010-10-04,18.226764678955078,18.287749195602093,18.127665384648267,18.264879456614874,98143400
2010-10-05,18.562177658081055,18.638408656751984,18.226762136320186,18.341107907333896,78152900
2010-10-06,18.623157501220703,18.70701172415223,18.394464562494257,18.53930327828917,50489700
2010-10-07,18.69939422607422,18.867101269479274,18.50881744557443,18.76800198337298,50096100
2010-10-08,18.72988510131836,18.790869610790875,18.577424554629776,18.768001328479553,41327800
2010-10-11,18.745132446289062,18.859478225011916,18.676524688258255,18.859478225011916,27587800
2010-10-12,18.928081512451172,19.004312498256695,18.623159023214196,18.790866028798252,50141500
2010-10-13,19.31686019897461,19.46932218611454,18.9738214549024,19.072922182738935,75336500
2010-10-14,19.23301124572754,19.31686550709551,19.05768093012693,19.27875072682952,51949100
2010-10-15,19.469318389892578,19.4769401791767,19.233002210505234,19.33210291901863,68954800
2010-10-18,19.68276596069336,19.781866682172655,19.40071319275881,19.50743570451943,48330500
2010-10-19,19.133909225463867,19.339732499215597,19.01956344693028,19.263501495531386,66150900
2010-10-20,19.293991088867188,19.362598839901086,19.133907305778305,19.255876317841828,56283600
2010-10-21,19.377851486206055,19.469329001308562,19.09579714746029,19.36260499135801,50032400
2010-10-22,19.347349166870117,19.469319612852374,19.263496393612726,19.45407312535646,25837900
2010-10-25,19.202512741088867,19.324481738443566,19.187266252923244,19.240627507517782,50912400
2010-10-26,19.74375343322754,19.797114697141293,19.10341535829169,19.149154830776677,69304200
2010-10-27,19.858095169067383,19.903834632252956,19.530304406814693,19.659896644536957,64805500
2010-10-28,20.033430099487305,20.109659642448403,19.75899909207429,19.980067383835074,80730300
2010-10-29,20.33072853088379,20.73475177987319,20.185889788191698,20.696635556014602,114193200
2010-11-01,20.544174194335938,20.749995978933907,20.35359744468156,20.490811483085135,61912100
2010-11-02,20.879587173461914,20.902456905701314,20.597534412435003,20.628025934769063,54402100
2010-11-03,20.60516357421875,20.955824178686765,20.551800850334633,20.932954439879286,110255300
2010-11-04,20.68901252746582,20.910082266200234,20.589913252368337,20.89483577649746,93599300
2010-11-05,20.46794319152832,20.727127687223252,20.224005184753143,20.7118811983035,110953700
2010-11-08,20.43745231628418,22.007805940930744,20.262122037624774,20.33835303608093,71670800
2010-11-09,20.544174194335938,20.666143197795922,20.36121923516075,20.437450225819543,58538600
2010-11-10,20.536544799804688,20.643267282375753,20.43744410543032,20.58990604109022,52277300
2010-11-11,20.338354110717773,20.368845639320128,20.033431554767034,20.338354110717773,62073100
2010-11-12,20.025806427001953,20.216383188308058,19.896214171154387,20.178266963655656,64962200
2010-11-15,19.972448348999023,20.20113991741326,19.949578610563385,20.071547640915718,51794600
2010-11-16,19.796039581298828,19.972448643443446,19.673321124192647,19.972448643443446,65339200
2010-11-17,19.611955642700195,19.87273264663636,19.596615474723023,19.865062562647775,58299700
2010-11-18,19.819047927856445,20.00312559575031,19.6426403456564,19.719338276756062,59514000
2010-11-19,19.703996658325195,19.811374916342096,19.634967360194604,19.788364662658886,52423200
2010-11-22,19.73468017578125,19.74235026214653,19.512253522865606,19.673320947778375,53350500
2010-11-23,19.266815185546875,19.634970526328967,19.243804928153263,19.611960268935356,69742500
2010-11-24,19.458559036254883,19.52758686874274,19.297490192665908,19.328170529699612,56825900
2010-11-26,19.366518020629883,19.489236433628086,19.30515881413078,19.335837685920893,21356500
2010-11-29,19.41254425048828,19.49691373927092,19.121088277387358,19.320506138106694,56603600
2010-11-30,19.37419319152832,19.535260602286513,19.174775352313944,19.213124317850866,75282100
2010-12-01,19.972444534301758,20.133511927520754,19.604287775808576,19.61195786066459,74123500
2010-12-02,20.6243839263916,20.69341322139118,20.095161281953487,20.125840155887197,91759200
2010-12-03,20.724098205566406,20.754777086379775,20.54002053192828,20.56302932680848,52622000
2010-12-06,20.58603286743164,20.69341110962011,20.52467366290697,20.65506215538675,36264200
2010-12-07,20.60904884338379,20.80846521630224,20.593708672261066,20.77011625141467,57860500
2010-12-08,20.885154724121094,20.892824806052232,20.55534851567494,20.57835876146835,41666800
2010-12-09,20.770116806030273,20.96953464719293,20.71642766858634,20.92351559551517,47148300
2010-12-10,20.969533920288086,21.015552970370603,20.793126342539082,20.85448556362218,37625800
2010-12-13,20.9005069732666,21.05390577475191,20.839147745256355,20.91584714599901,47943900
2010-12-14,21.184297561645508,21.284005773838317,20.908180261850625,20.94652923663564,64070500
2010-12-15,21.360698699951172,21.468076967078492,21.11526182484921,21.11526182484921,69634200
2010-12-16,21.468076705932617,21.468076705932617,21.21496974869771,21.291669136963865,57680200
2010-12-17,21.399044036865234,21.544772705356916,21.283995704021873,21.414384204689394,87456500
2010-12-20,21.33001708984375,21.468075689603108,21.23030891386148,21.43739681350052,52811000
2010-12-21,21.529436111450195,21.58312524482831,21.291669322381765,21.360698626130528,38153000
2010-12-22,21.621475219726562,21.782542616501004,21.460406360032984,21.48341661510896,42252300
2010-12-23,21.705842971801758,21.721183141670522,21.445065935709234,21.452736020643616,24902500
2010-12-27,21.529436111450195,21.62914575594026,21.38370741876734,21.567786537376822,21652800
2010-12-28,21.483409881591797,21.606128277695277,21.445059468485287,21.45272955110659,23042200
2010-12-29,21.452739715576172,21.567789546488502,21.38371040219652,21.429730919729202,19502500
2010-12-30,21.360698699951172,21.475747052290323,21.307009566387514,21.41438783351483,20786100
2010-12-31,21.406721115112305,21.414391201530474,21.191963084161756,21.32235162743184,24752000
2011-01-03,21.46041488647461,21.61381372208978,21.414395820957942,21.514104040064005,53443800
2011-01-04,21.544782638549805,21.60614187521712,21.360704928547865,21.42973425266354,54405600
2011-01-05,21.47574234008789,21.483412423616755,21.299334807680548,21.399042967718092,58998700
2011-01-06,22.10468292236328,22.127693181654546,21.36837218007559,21.50643080998438,88026300
2011-01-07,21.935945510864258,22.0433237955468,21.66749833623848,21.966624393808093,73762000
2011-01-10,21.644479751586914,21.782538329030356,21.506422637062318,21.675160085649388,57573600
2011-01-11,21.56011199951172,21.667490244091766,21.5140914979041,21.62914128900428,50298900
2011-01-12,21.8975887298584,21.928269066826626,21.529433463753616,21.567783884963898,52631100
2011-01-13,21.621475219726562,21.77487253147568,21.48341661510896,21.72885348424286,67077600
2011-01-14,21.705842971801758,21.7672021883577,21.40671697395644,21.537105492002702,62688400
2011-01-18,21.981958389282227,22.0433176008459,21.58312278265884,21.598462951279508,53322700
2011-01-19,21.83622932434082,21.997298166151353,21.682832029622997,21.828559240167085,50005900
2011-01-20,21.744197845458984,21.897595186775234,21.575458868215865,21.859246217176025,58613600
2011-01-21,21.491085052490234,21.80555119982394,21.491085052490234,21.78254094651208,58080300
2011-01-24,21.767200469970703,21.90525906205247,21.468074495739547,21.491084748726173,52047800
2011-01-25,21.820890426635742,21.820890426635742,21.567783502808584,21.583122208101926,42436600
2011-01-26,22.07400131225586,22.23506871863618,21.859243307496204,21.866913392978965,74628800
2011-01-27,22.143028259277344,22.59555155118882,21.851570893664928,22.05098870621051,146938600
2011-01-28,21.28400993347168,22.189059959304505,21.05391311395346,22.166049692184725,141249400
2011-01-31,21.268653869628906,21.39904236007945,21.030887138661026,21.29933420287318,65029000
2011-02-01,21.468076705932617,21.52176583884318,21.176620786024206,21.322348014518834,62810700
2011-02-02,21.429731369018555,21.5601199122561,21.383710850521023,21.4220612826023,45824000
2011-02-03,21.207304000854492,21.452740923167138,21.12293597313418,21.452740923167138,60340100
2011-02-04,21.29934310913086,21.353032251839483,21.09992524841352,21.245653966422232,40412200
2011-02-07,21.62914276123047,21.736521013119408,21.314676626768033,21.322345247972418,68980900
2011-02-08,21.690507888793945,21.736526943169753,21.514098831667845,21.552449262747153,34904200
2011-02-09,21.452739715576172,21.675167828226016,21.40672066096286,21.62147868735726,52905100
2011-02-10,21.092252731323242,21.429729184641804,20.931185321758015,21.422059099007377,76672400
2011-02-11,20.9005069732666,21.33002156933832,20.7624483445137,21.29167260042669,83939700
2011-02-14,20.885154724121094,20.91583505184564,20.670398281723447,20.86981456025882,56766200
2011-02-15,20.800296783447266,21.085761454349715,20.792582834549297,20.86202014715892,44116500
2011-02-16,20.846586227416992,20.885161852473587,20.52254597361797,20.86973101382464,70817900
2011-02-17,20.993183135986328,21.116628422748143,20.76172635038643,20.808017413193138,57207300
2011-02-18,20.87744903564453,20.993177396806303,20.82344256520677,20.931455506082294,68667800
2011-02-22,20.514827728271484,20.908305230221465,20.460821272005607,20.661417732111413,60889000
2011-02-23,20.514827728271484,20.723139606638927,20.39138397921646,20.46853669026724,60234100
2011-02-24,20.653705596923828,20.877446875814467,20.445393685443516,20.553406615144805,64494200
2011-02-25,20.483972549438477,20.792583491483242,20.4453969174659,20.761721808652354,53006300
2011-02-28,20.50712013244629,20.723147511478963,20.453113655579653,20.59198829413165,51379900
2011-03-01,20.183074951171875,20.66142064998789,20.175359531820643,20.52254604479725,60055000
2011-03-02,20.121355056762695,20.345097825366306,20.090494847873256,20.14450131710422,48658200
2011-03-03,20.21393585205078,20.36823981845047,20.198505013941098,20.260226894814117,68271500
2011-03-04,20.021060943603516,20.244802278695207,19.905331093778457,20.229371435843046,70437200
2011-03-07,19.843608856201172,20.26794819801647,19.71244963732243,20.159933771455883,64980400
2011-03-08,19.990196228027344,20.075064379284786,19.789599716051715,19.88218328756583,50549800
2011-03-09,19.974763870239258,20.044201175708928,19.79731363251269,19.9130419844402,39789100
2011-03-10,19.60443115234375,19.835887839633266,19.55814010919899,19.766452010698995,66549500
2011-03-11,19.812747955322266,19.94390716965135,19.565860368718365,19.60443600228794,49905800
2011-03-14,19.82045555114746,19.87446200544932,19.558137226053706,19.666150134657425,54473400
2011-03-15,19.589000701904297,19.650722584507772,19.28810670815807,19.34982859076155,76067300
2011-03-16,19.12609100341797,19.504137791152854,19.04122284664845,19.457845266606185,100725400
2011-03-17,19.11837387084961,19.457843524400353,19.09522761064873,19.334399746460825,62497000
2011-03-18,19.13380241394043,19.426982477572764,19.13380241394043,19.334398912329434,85486700
2011-03-21,19.54271125793457,19.735592340808605,19.403836642814724,19.426982902523324,46878100
2011-03-22,19.519563674926758,19.643007441872186,19.465557210833854,19.519563674926758,30895600
2011-03-23,19.704727172851562,19.75873362701169,19.4269780125246,19.465553630763118,43969000
2011-03-24,19.913040161132812,19.95933267491778,19.673868059506617,19.75102077758253,38696700
2011-03-25,19.76645278930664,20.021055743980302,19.743306531039657,20.005624905135647,57029800
2011-03-28,19.60443115234375,19.84360325875168,19.581284894988507,19.797312215606922,48973200
2011-03-29,19.666156768798828,19.6893030305501,19.519566720839457,19.550428403174486,40763500
2011-03-30,19.75874137878418,19.84360806651702,19.67387321948525,19.75102595779645,41999300
2011-03-31,19.589000701904297,19.812743446070495,19.550425077114284,19.75102156346702,63233700
2011-04-01,19.658437728881836,19.697014824698158,19.527278546237817,19.697014824698158,63114200
2011-04-04,19.712448120117188,19.79731627626144,19.604435173436162,19.6352968562399,35433700
2011-04-05,19.889892578125,20.198501935454438,19.85903090660931,19.920752778075197,73651100
2011-04-06,20.175355911254883,20.29879965559048,19.951614676483683,20.044196748952626,65581400
2011-04-07,20.21393585205078,20.260226894814117,20.03648415692085,20.206220432995938,46134700
2011-04-08,20.113637924194336,20.275658789658852,20.028769781733597,20.190790647198117,39887600
2011-04-11,20.04420280456543,20.25251473790254,19.90532818234069,20.206223687682947,34286300
2011-04-12,19.78188705444336,19.943907959295913,19.712449734015998,19.928477116630688,36920400
2011-04-13,19.774169921875,19.959337074701224,19.72016344878653,19.789600763204856,38144700
2011-04-14,19.612152099609375,19.62758294219575,19.357549083198755,19.612152099609375,55239900
2011-04-15,19.573575973510742,19.720164559704237,19.426985915751143,19.64301182027465,65080400
2011-04-18,19.349824905395508,19.504130318298078,19.07207575079707,19.36525574099886,58045100
2011-04-19,19.403839111328125,19.419269953096936,19.18781321282903,19.288110741194174,38892400
2011-04-20,19.874469757080078,20.05963544614891,19.681588647020956,19.704734909991842,61608600
2011-04-21,19.68930435180664,19.974767574731715,19.56586055731481,19.8976163068489,46892300
2011-04-25,19.75874137878418,19.766456799771905,19.550429426813768,19.720164273845537,33525100
2011-04-26,20.206222534179688,20.399103615910704,19.805029531003363,19.85903599843751,69200000
2011-04-27,20.352813720703125,20.360529141554963,20.159932614105397,20.291091825454494,52689000
2011-04-28,20.6074161529541,20.730861411605357,20.36824399942221,20.41453505168767,80200000
2011-04-29,19.997905731201172,20.55340258122477,19.56585262562726,20.48396529102613,319317900
2011-05-02,19.797317504882812,20.059635938729954,19.658442866779488,20.013344883217556,89825600
2011-05-03,19.913040161132812,19.943901836989458,19.666152640542457,19.75102077758253,71892900
2011-05-04,20.10592269897461,20.252512726941376,19.897612257887513,19.943903303510666,73292300
2011-05-05,19.897619247436523,20.121360606181497,19.812751074343776,20.098214339456295,55600000
2011-05-06,19.959333419799805,20.229365735794545,19.866749860340352,20.113637390144547,55993000
2011-05-09,19.9284725189209,20.028770029972858,19.80502874921119,19.90532626026315,38696400
2011-05-10,19.805030822753906,19.943905446108648,19.48099052544817,19.581288047001056,120798700
2011-05-11,19.565855026245117,19.79731170759531,19.45012521400433,19.789596288674876,78600000
2011-05-12,19.534997940063477,19.589004413628945,19.365263098634,19.558144202262692,77400000
2011-05-13,19.311250686645508,19.534991932837546,19.249528811327128,19.50413173096115,66812300
2011-05-16,18.95635414123535,19.34211633856311,18.902347669060028,19.25724818424988,91350900
2011-05-17,19.041772842407227,19.18155770614021,18.84762752749168,18.948582439514837,82882100
2011-05-18,19.173797607421875,19.212626089851515,18.83210133343675,19.04954468619304,53931100
2011-05-19,19.197093963623047,19.321346883940738,19.02624656848913,19.29805038713845,37783600
2011-05-20,19.018484115600586,19.313585967189162,18.979655626228787,19.197097536649927,45451500
2011-05-23,18.76997184753418,18.83209829813524,18.661250929285178,18.801034332229,52692500
2011-05-24,18.754446029663086,18.863168464863445,18.669023057762978,18.793275999810323,47691800
2011-05-25,18.785499572753906,18.87868848692852,18.76220160360471,18.76996759332111,34904200
2011-05-26,19.15826416015625,19.437833952195295,18.886460360252904,18.90975833666001,78016600
2011-05-27,19.228164672851562,19.33688564592808,19.142740204741628,19.166038190920382,50251000
2011-05-31,19.422306060791016,19.46113454844031,19.181566178699303,19.38347609192986,60196300
2011-06-01,18.971891403198242,19.492201207897274,18.925296915359958,19.40677674585037,74033500
2011-06-02,18.808799743652344,19.142729960789104,18.777737259915472,19.01847706341887,51487800
2011-06-03,18.568058013916016,18.746671350205123,18.513697562107264,18.67677891753352,60697700
2011-06-06,18.645723342895508,18.832102738645975,18.459343947145044,18.55253290441439,54778700
2011-06-07,18.68454360961914,18.769968017217646,18.56029073377283,18.70784157929449,41112600
2011-06-08,18.59135627746582,18.65348272068262,18.52922983424902,18.560292315251797,42205000
2011-06-09,18.606897354125977,18.66902531386957,18.498176386998857,18.645727328965723,42878700
2011-06-10,18.412742614746094,18.653483893406175,18.39721211387394,18.653483893406175,49327200
2011-06-13,18.669021606445312,18.785508545407595,18.404983754817852,18.47487621443758,47572500
2011-06-14,18.808799743652344,18.987414579682003,18.785503251152534,18.870926192337457,42894500
2011-06-15,18.436044692993164,18.645722054174755,18.381684224807938,18.63795606140377,49410200
2011-06-16,18.637950897216797,18.71560932219745,18.366147150390134,18.44380557537079,57184100
2011-06-17,18.83987045288086,18.870932947737455,18.622427064037076,18.80880647681236,83320400
2011-06-20,19.002944946289062,19.150495816324923,18.762205144491553,18.769971135673586,54338400
2011-06-21,19.228164672851562,19.305823145568574,18.948594763555178,19.04178522705803,49708700
2011-06-22,19.142736434936523,19.26698937432958,19.0961419529671,19.103907946830645,44287300
2011-06-23,19.127195358276367,19.142727338622922,18.793266668092453,18.979645988617605,59470400
2011-06-24,18.870927810668945,19.0573086539193,18.785504862158326,19.03401067821013,101387200
2011-06-27,19.569854736328125,19.771764626409432,18.816569720117403,18.816569720117403,92044200
2011-06-28,20.03580093383789,20.128991360112018,19.538789276940076,19.64751020658358,81032100
2011-06-29,19.89601707458496,19.965908041224623,19.694105723149434,19.965908041224623,66051000
2011-06-30,20.191120147705078,20.191120147705078,19.927082304199686,19.98920876848262,52535400
2011-07-01,20.206645965576172,20.323132865395127,20.066861093308905,20.13675352944254,52906200
2011-07-05,20.21441650390625,20.307605452241045,20.113460081796656,20.268776970636818,37805300
2011-07-06,20.447385787963867,20.478449751276795,20.16005005216449,20.16781604299272,48744200
2011-07-07,20.789077758789062,20.87450067813872,20.470679605513347,20.571634503366944,51946500
2011-07-08,20.905576705932617,20.952171187136873,20.58717836881513,20.610476350023188,58320700
2011-07-11,20.680370330810547,20.812389281047857,20.57164936516055,20.672605817160175,43999800
2011-07-12,20.610477447509766,20.804622857612706,20.45516052694264,20.618241960447385,47319300
2011-07-13,20.680370330810547,20.936642236422728,20.587181354885427,20.6570738274353,40861800
2011-07-14,20.556108474731445,20.975463128451974,20.47068553065652,20.672596866016985,46382300
2011-07-15,20.796855926513672,20.913342871085025,20.556114562359426,20.556114562359426,49132400
2011-07-18,20.649293899536133,20.890033652985156,20.393022166842382,20.680356376814522,44501900
2011-07-19,21.387056350708008,21.464713319840744,20.796854201786417,20.82015070004154,86730600
2011-07-20,21.014291763305664,21.23950107486487,20.952165312049924,21.185140615167526,49795400
2011-07-21,21.04535484313965,21.20843621536293,20.6958926437878,20.998760376963194,81737400
2011-07-22,21.379287719726562,21.394818222909876,20.7191931950601,20.85897809219083,76380600
2011-07-25,21.674386978149414,21.814171868579166,21.115248897641894,21.16960935920647,108482400
2011-07-26,21.80640411376953,21.860764570939217,21.57343030269619,21.604492786274,74636500
2011-07-27,21.223968505859375,21.7365120848733,21.123013580809953,21.651087661300515,71488700
2011-07-28,21.526838302612305,21.798642119509285,21.1307815661987,21.19290950716865,83761400
2011-07-29,21.278337478637695,21.519077381789316,21.169616518739282,21.371527930844895,104394800
2011-08-01,21.177371978759766,21.5035361774205,20.773549355425285,21.363751309250006,61838400
2011-08-02,20.8123836517334,21.317162812775184,20.781321161897466,20.95216855902425,63883100
2011-08-03,20.905576705932617,20.96770317460891,20.563880387607078,20.835684243520305,64581200
2011-08-04,20.144529342651367,20.866750547376906,20.136763348048596,20.602712655730752,92949500
2011-08-05,19.94261360168457,20.268777898206014,19.593151326407412,20.167821471476305,112071700
2011-08-08,19.010711669921875,19.88048346007247,18.94081922780212,19.4300663226404,134257200
2011-08-09,19.864952087402344,19.89601605428166,18.661251513846715,19.189325619891886,126268900
2011-08-10,18.793270111083984,19.484427069805143,18.715611676335087,19.375706149883552,127819900
2011-08-11,19.562082290649414,19.709631663098467,18.94858238625918,19.026240808249376,90690100
2011-08-12,19.49219512939453,19.678574503838643,19.142732876554575,19.515491625442795,64787100
2011-08-15,19.81058692932129,19.864947377259313,19.531017218541596,19.60090964623652,56529400
2011-08-16,19.81059455871582,19.998150301842436,19.57614876188714,19.709000932921896,54251500
2011-08-17,19.732446670532227,20.08411463316199,19.48237233735577,19.732446670532227,50923700
2011-08-18,19.27918243408203,19.607405298620254,18.779033874999136,19.20103384908526,105714200
2011-08-19,18.794662475585938,19.24010896470156,18.685255350484006,19.075996786488375,77397900
2011-08-22,18.739957809448242,19.138514229569143,18.59147714571394,19.083810670239643,54721000
2011-08-23,19.31826400756836,19.341709039976315,18.779041677233472,18.779041677233472,59670600
2011-08-24,19.458921432495117,19.482366453109552,19.08381004602508,19.26355073238862,45329700
2011-08-25,19.201034545898438,19.662109574495684,19.146330981583567,19.599591002341498,48192000
2011-08-26,19.732446670532227,19.802780263058178,19.08381580989557,19.154149402421524,71957000
2011-08-29,20.193532943725586,20.20916297082912,19.82623625016106,19.95127348586649,38863200
2011-08-30,20.498300552368164,20.654597762470452,20.084115479550228,20.107559017673108,57341400
2011-08-31,20.78744888305664,20.87341100272145,20.52174453377867,20.545189561265754,59300800
2011-09-01,20.4826717376709,20.990636955092448,20.4826717376709,20.678042516506647,60510800
2011-09-02,20.16225814819336,20.318555323831582,20.052851019582803,20.146629623077807,43894400
2011-09-06,19.93562889099121,19.99814746315907,19.6230360301519,19.69336961016079,54929300
2011-09-07,20.318557739257812,20.318557739257812,19.982519815080405,20.076298429723607,41961000
2011-09-08,20.490488052368164,20.834341062370008,20.27948873061691,20.318562292647663,65811900
2011-09-09,20.115371704101562,20.459224632278477,19.927815967976105,20.318557457544262,64529200
2011-09-12,20.232587814331055,20.263847839635815,19.748069346587656,19.88092147301279,55046100
2011-09-13,20.349822998046875,20.467045178520973,20.170080731388303,20.25604435933106,48792300
2011-09-14,20.709293365478516,20.943737599807065,20.232588399709027,20.451404111493073,66739200
2011-09-15,21.092220306396484,21.123480333440394,20.560811771131046,20.889034602291456,67808300
2011-09-16,21.19382095336914,21.311043112654815,20.967190153597624,21.139115887845907,89681500
2011-09-19,21.264158248901367,21.342306871028157,20.787454485993827,20.943750239686416,52324900
2011-09-20,21.084407806396484,21.490779262920732,21.045334258506205,21.342297097929123,49211900
2011-09-21,20.310749053955078,21.146935875069783,20.29511903155494,21.139120863869714,72750700
2011-09-22,19.583953857421875,20.04502871817182,19.224472571039094,19.77150950560765,96278300
2011-09-23,19.583953857421875,19.654287411811517,19.29480612542873,19.45891675863136,64768100
2011-09-26,19.880922317504883,19.943440880209987,19.326068769256977,19.685551622731417,51057600
2011-09-27,20.060665130615234,20.256035846148862,19.88873943754734,20.052850123126657,55620700
2011-09-28,19.990331649780273,20.607703829300345,19.935628087657793,20.26385095095296,60736200
2011-09-29,19.888744354248047,20.45141161748029,19.607409977351608,20.30292941961154,63407300
2011-09-30,19.451108932495117,19.927813979172274,19.443293924616437,19.693369705053207,54060500
2011-10-03,19.169780731201172,19.802781616641788,19.161965721435152,19.31826144507345,64592500
2011-10-04,19.802778244018555,19.841851795633314,18.958776710319913,18.99003525349963,83485400
2011-10-05,20.232587814331055,20.443588513458042,19.662105767559616,19.86529146036041,94061300
2011-10-06,20.584259033203125,20.631147588315397,20.08411047051145,20.240406151072452,55111400
2011-10-07,20.513927459716797,20.717113205804104,20.474853908398657,20.584261044537804,52741600
2011-10-10,21.05314826965332,21.076591801053674,20.68585037840526,20.771813968367187,41815300
2011-10-11,21.10004234313965,21.15474591813216,20.881226552608965,20.99063519315462,38826200
2011-10-12,21.06878089904785,21.342300246309843,21.021892336550533,21.240708112472234,52489800
2011-10-13,21.240705490112305,21.256335505868584,20.803075482858873,20.912482612032147,43823500
2011-10-14,21.31103515625,21.490775832753158,21.115664466861336,21.342293691460952,50947700
2011-10-17,21.084407806396484,21.4282606919601,20.98281568754558,21.186001415807702,39453300
2011-10-18,21.34229850769043,21.41263209098705,20.94374203252973,21.05315065685803,52487900
2011-10-19,21.20163345336914,21.467337796614476,21.10785632667111,21.389190687886305,42880000
2011-10-20,21.13129997253418,21.36574426451708,20.63114986411129,21.303225687284275,76300200
2011-10-21,21.225082397460938,21.248527428742555,20.94374798432484,21.217267387033733,76620600
2011-10-24,21.24852180480957,21.412632508662558,21.1312996605488,21.14692818670592,56897800
2011-10-25,20.951562881469727,21.27978586483357,20.881229278565986,21.162563690180946,53554600
2011-10-26,20.779624938964844,21.146921268300396,20.396698598025235,21.123477741454266,63029900
2011-10-27,21.295412063598633,21.412634217212755,20.826521958581598,21.201633446371005,74512400
2011-10-28,21.084407806396484,21.24851998676833,20.93592713196518,21.209444948317746,57712100
2011-10-31,20.810897827148438,21.10004727904139,20.803084306516524,20.912491482095007,46799000
2011-11-01,20.310749053955078,20.568638461313455,20.209156889476134,20.467046296834507,61182600
2011-11-02,20.326370239257812,20.474852406383032,20.084110959624276,20.396703818919214,53533100
2011-11-03,20.732749938964844,20.779638513848337,20.302933282423258,20.50611909433295,65836100
2011-11-04,20.513927459716797,20.631149604231663,20.31855672200521,20.615519587480232,36549200
2011-11-07,20.943744659423828,20.959374677796912,20.4201509684102,20.482669551341953,42589700
2011-11-08,21.225082397460938,21.25634243916976,20.857785850747234,21.10786022217451,47822500
2011-11-09,20.474851608276367,20.904666586732745,20.36544299386762,20.7796294478887,62950900
2011-11-10,20.537368774414062,20.709294455937165,20.412331644113596,20.685849435045764,32514400
2011-11-11,21.029705047607422,21.162557202300995,20.764000738220275,20.771815746209352,37903000
2011-11-14,20.91248321533203,21.100038938137114,20.82651961675289,21.00626033145438,34199200
2011-11-15,21.0542049407959,21.21167902782977,20.786499893908832,20.912478562822255,43874200
2011-11-16,20.526676177978516,20.87311839456709,20.50305610756924,20.841622964975063,53262800
2011-11-17,20.10936737060547,20.50305113430455,20.030630317508777,20.479429567840228,70977500
2011-11-18,19.920398712158203,20.0778728252267,19.802293878249053,20.06212511356296,47626200
2011-11-21,19.68419075012207,19.881032657623294,19.60545368676467,19.873158801109096,61882500
2011-11-22,19.518844604492188,19.652695662182687,19.408612113181487,19.597580167419636,49204500
2011-11-23,19.266883850097656,19.518842733379877,19.266883850097656,19.377116330841268,49099700
2011-11-25,19.133033752441406,19.42436045070268,19.133033752441406,19.19602310587835,26164600
2011-11-28,19.581836700439453,19.660572274402252,19.440110264450716,19.636952202927336,46766700
2011-11-29,19.558216094970703,19.71569025425815,19.48735287346984,19.54246837868498,40917100
2011-11-30,20.140853881835938,20.1487277344276,19.794411876721956,19.97550748276252,81350900
2011-12-01,19.904645919799805,20.1802232738594,19.841656595759904,20.12510780304748,48545400
2011-12-02,19.857412338256836,20.17236061151485,19.810170697982,20.1487390404851,52293800
2011-12-05,20.235353469848633,20.314089050012655,20.077879305950734,20.298342835050807,56818400
2011-12-06,20.203853607177734,20.36920159320071,20.164485825726103,20.321958453317233,46175300
2011-12-07,20.1566104888916,20.282589182427184,19.951894736450157,20.21172597959036,62667000
2011-12-08,19.99913215637207,20.251089490344604,19.975512094927254,20.062121489865206,60522200
2011-12-09,20.235353469848633,20.369206058626368,20.077879305950734,20.09362702269751,53788500
2011-12-12,20.085742950439453,20.132984574871816,19.912522659664678,20.007005908529408,38945900
2011-12-13,20.282590866088867,20.550295987520357,20.19597994392438,20.274717009366224,54581100
2011-12-14,20.148731231689453,20.3613207832125,20.132983523772765,20.251088329579762,47926400
2011-12-15,20.1251163482666,20.377073751408503,20.10937013690867,20.251095049837552,46213900
2011-12-16,20.471561431884766,20.60541400901079,20.18023470456879,20.2117301353207,101408100
2011-12-19,20.101497650146484,20.566044707014967,20.046380650391754,20.48730763772147,52258300
2011-12-20,20.495182037353516,20.550297536782512,20.321960179965558,20.36132946654679,60767600
2011-12-21,20.282590866088867,20.62115919623955,20.03063345810267,20.47943277880116,64132500
2011-12-22,20.321962356567383,20.361331647365294,20.06213104444071,20.329836214726967,35794100
2011-12-23,20.495182037353516,20.50305589466976,20.258970823220317,20.400697251343292,23205800
2011-12-27,20.5030574798584,20.581793055538824,20.416446544468116,20.44006661645831,21287200
2011-12-28,20.329833984375,20.589665267996022,20.282592342385193,20.558171340597724,29822500
2011-12-29,20.487306594848633,20.510926663185064,20.361327891105653,20.432191099684154,22616900
2011-12-30,20.440061569213867,20.56604176312104,20.4006937910947,20.47155699313678,27395700
2012-01-03,21.077829360961914,21.22742811195587,20.778628855405206,20.904607541391904,64731500
2012-01-04,21.573881149291992,21.628996664534668,21.08571386989816,21.117207806414623,80516100
2012-01-05,21.794334411621094,21.833702189106983,21.487261542234716,21.558123241352426,56081400
2012-01-06,22.132905960083008,22.19589531439657,21.676232765863503,21.676232765863503,99455500
2012-01-09,21.84157371520996,22.12502648858384,21.82582600518157,22.085657213512864,59706800
2012-01-10,21.92031478881836,22.164398331942582,21.8494515824622,21.991177995174514,60014400
2012-01-11,21.825828552246094,22.030544301152545,21.55025110351093,21.59749273732489,65582400
2012-01-12,22.04629135131836,22.062039062711847,21.770712409069997,21.943934230829527,49370800
2012-01-13,22.243133544921875,22.243133544921875,21.880945188586757,21.991176166291456,60196100
2012-01-17,22.251007080078125,22.55807994313581,22.180143880636443,22.36123805619434,72395300
2012-01-18,22.227388381958008,22.36124094242633,22.02267261290147,22.290377733838124,64860600
2012-01-19,22.14077377319336,22.39273112166928,22.069910581211474,22.17226769086072,74053500
2012-01-20,23.392688751220703,23.41631031792038,22.636816638243683,22.691932125425208,165902900
2012-01-23,23.408437728881836,23.581659557149635,23.10923871008618,23.26671132458435,76078100
2012-01-24,23.101364135742188,23.282458312586858,22.975385447347247,23.203721256893914,51703300
2012-01-25,23.274585723876953,23.345448927679858,22.888775781941415,22.888775781941415,59231700
2012-01-26,23.227344512939453,23.38481863577489,23.148607451521737,23.3139554306774,49102800
2012-01-27,23.014753341674805,23.25096450995829,22.96751170873188,23.187975165439582,44187700
2012-01-30,23.313962936401367,23.32183679525651,22.699815461765258,22.810046482167245,51114800
2012-01-31,23.250967025756836,23.384819585065248,23.01475583191485,23.35332415850581,50572400
2012-02-01,23.534420013427734,23.660398724969127,23.43206287346962,23.455684445052892,67409900
2012-02-02,23.58165740966797,23.754877720376857,23.392687886623662,23.542288133290263,52223300
2012-02-03,23.809988021850586,23.935966675263764,23.691883221998733,23.731250988021348,41838500
2012-02-06,23.778499603271484,23.794245812248192,23.597403933087946,23.652520920751673,28039700
2012-02-07,23.8966064453125,24.006837426365642,23.66039526933286,23.73913232799274,39242400
2012-02-08,24.140697479248047,24.148571337739927,23.794255214529997,23.825750648497525,49659100
2012-02-09,24.227298736572266,24.25091880082139,23.99896143693509,24.1564355402562,50481600
2012-02-10,24.014719009399414,24.250928759597553,23.904487992878277,24.12495002592055,44605300
2012-02-13,24.077709197998047,24.227309512514633,23.959604318868116,24.11707699044635,33319800
2012-02-14,23.97466278076172,24.14109773066257,23.657642748804808,24.038066787153102,59644000
2012-02-15,23.81615447998047,24.085621913019985,23.800304610491192,24.03806928121034,43311300
2012-02-16,24.798925399780273,25.004987361784575,24.01429845661607,24.022224149257976,94705100
2012-02-17,24.76721954345703,24.822697873366998,24.52945484050829,24.72759259685595,70036500
2012-02-21,24.91781234741211,25.052546123753796,24.687971753552695,24.71174883585002,50829900
2012-02-22,24.783071517944336,25.1080173251721,24.711741803023983,24.92573094778504,49253200
2012-02-23,24.862323760986328,25.036684424342553,24.569079246776678,24.72759004013394,35034700
2012-02-24,24.949506759643555,24.965358143488118,24.759294688522278,24.949506759643555,35575400
2012-02-27,24.846479415893555,24.965361788743774,24.6483416239194,24.759298303690084,34568400
2012-02-28,25.258607864379883,25.306160513968933,24.870256439109617,24.89403351973988,45230600
2012-02-29,25.155576705932617,25.361640214072544,25.05254570769843,25.27445909210177,59323600
2012-03-01,25.591476440429688,25.670730343247584,25.242753523680026,25.30615755293712,77344100
2012-03-02,25.425039291381836,25.710355131526885,25.36163375578804,25.60732567120048,47314200
2012-03-05,25.203123092651367,25.4012608575674,25.06046517171561,25.36955808957867,45240000
2012-03-06,25.012914657592773,25.345786211531163,24.957436317214942,24.997064782964394,51932900
2012-03-07,25.234830856323242,25.29823489318148,24.989140402456496,25.100097089040545,34340400
2012-03-08,25.369552612304688,25.52806339468359,25.28237304250006,25.39333119483363,36747400
2012-03-09,25.353713989257812,25.488447760540925,25.298235644318563,25.440893597731694,34628400
2012-03-12,25.393341064453125,25.520149134974343,25.218978833732866,25.337861210887578,34073600
2012-03-13,25.89263153076172,25.90848290855009,25.480507801628796,25.551837490005877,48951700
2012-03-14,25.97190284729004,26.05908396188525,25.749989481660673,25.781689231505684,41986900
2012-03-15,26.035303115844727,26.10663283766934,25.821316973713483,25.98775198352338,49068300
2012-03-16,25.837160110473633,26.114554760734453,25.757906223737386,26.082851996703162,65626400
2012-03-19,25.520145416259766,25.845091238579247,25.480518466872986,25.78961290476927,44789200
2012-03-20,25.353713989257812,25.48052357841091,25.15557617923391,25.440893597731694,41566800
2012-03-21,25.290300369262695,25.480513925093994,25.218970663743693,25.32992731158616,37928600
2012-03-22,25.361635208129883,25.43296492808645,25.195200202678734,25.21105007581366,31749500
2012-03-23,25.369552612304688,25.448809515164992,25.13971364069322,25.440882313208107,35912200
2012-03-26,25.82923698425293,25.845088366914872,25.48051563571652,25.5122153776983,36758300
2012-03-27,25.77376365661621,25.916423104906958,25.67865836553661,25.87679615223568,36274900
2012-03-28,25.512216567993164,25.916419286375856,25.393335727495266,25.77375985910458,41344800
2012-03-29,25.456735610961914,25.512213935471422,25.211045240275105,25.409184489006297,37038500
2012-03-30,25.56769561767578,25.686579484861195,25.393336442037462,25.678655304608586,31749400
2012-04-02,25.591476440429688,25.726208679888625,25.322008938169215,25.535998103788643,35853600
2012-04-03,25.314083099365234,25.51221936693704,25.09216824241131,25.488443800897493,42752100
2012-04-04,24.735519409179688,25.115945090721926,24.608711352556032,25.092168013228264,49455900
2012-04-05,24.98120880126953,25.068388386538484,24.608708850104573,24.68796425535272,50368600
2012-04-09,24.648340225219727,24.886104957427914,24.545307732703893,24.743445513434484,31056400
2012-04-10,24.149028778076172,24.71966647386992,24.01429504564388,24.616633995831123,54131300
2012-04-11,24.053930282592773,24.196589746748405,23.958823469265184,24.117334320920666,43014000
2012-04-12,24.55323028564453,24.60078443534233,24.1094021368295,24.156954774856192,38304000
2012-04-13,24.41849708557129,24.69589025152427,24.347167371135633,24.4819011082173,39749200
2012-04-16,24.632488250732422,24.71966935590326,24.386797831771556,24.561158530441965,38124800
2012-04-17,24.91781234741211,25.052546123753796,24.72760022404824,24.78307857107042,34361500
2012-04-18,24.680042266845703,24.814776022482715,24.600788361376807,24.791000455510588,40552900
2012-04-19,24.577003479003906,25.10801264006391,24.521525158122703,24.672108740037146,54781200
2012-04-20,25.694501876831055,26.067001812967302,25.401258854416415,25.480515768138023,106045000
2012-04-23,25.456735610961914,25.757905817829197,25.385405904686554,25.607322226066522,61398200
2012-04-24,25.298233032226562,25.773764029518723,25.22690330704917,25.528072082053765,40871100
2012-04-25,25.520145416259766,25.61525069945652,25.258603619961857,25.298230569348636,62495500
2012-04-26,25.448814392089844,25.543919670406154,25.29822927113935,25.456738572223582,40308100
2012-04-27,25.345788955688477,25.536002588537237,25.26653352728009,25.456745648457286,41419100
2012-04-30,25.377485275268555,25.448814991521488,25.29822986702405,25.34578250730228,35697200
2012-05-01,25.369552612304688,25.63109585673113,25.322001493930212,25.40125537344881,43832300
2012-05-02,25.203123092651367,25.306155576943567,25.076315044038797,25.24275155263728,37385300
2012-05-03,25.17142105102539,25.282377712181923,25.052538698118948,25.266526328682094,31501300
2012-05-04,24.55323028564453,25.020835509308462,24.50567764761784,24.92573023325508,57927200
2012-05-07,24.29169464111328,24.4581311837281,24.228290603848468,24.331323109198472,48641400
2012-05-08,24.17281723022461,24.394732162113765,23.911275333774295,24.156965839731427,46328300
2012-05-09,24.37887191772461,24.434350252630377,23.855788314797,23.92711803443906,50309300
2012-05-10,24.363014221191406,24.584929014993623,24.133175248745236,24.458120993298316,43839200
2012-05-11,24.695884704589844,24.997054878266024,24.32338634417015,24.32338634417015,43459300
2012-05-14,24.315467834472656,24.60078671238405,24.28376506507306,24.426424504028756,40528900
2012-05-15,24.10008430480957,24.570758050196307,24.052219616584598,24.44311786720238,61822800
2012-05-16,23.85276985168457,24.187825546846543,23.725129731774317,24.179847849153372,60083700
2012-05-17,23.70917510986328,24.100073180039654,23.70119741190985,23.92456838983505,48484000
2012-05-18,23.35018539428711,23.78097038767646,23.27040994466978,23.76501651502511,56205300
2012-05-21,23.73311424255371,23.765025042487064,23.18266511642892,23.21457591636227,38787900
2012-05-22,23.741092681884766,23.836822041484655,23.533677040630693,23.685250301853042,39504900
2012-05-23,23.222549438476562,23.453896610009924,22.847605214667738,23.414009638859817,65171000
2012-05-24,23.190628051757812,23.37411046978573,22.943325596085845,23.262425784306078,52575000
2012-05-25,23.182659149169922,23.42198552229494,23.142772181110903,23.294345398597716,29507200
2012-05-29,23.581531524658203,23.7091716299984,23.310295920412756,23.437936025752958,37758800
2012-05-30,23.406023025512695,23.51770771946727,23.230518289071238,23.414000721022283,41585500
2012-05-31,23.286367416381836,23.469849901757808,23.08692953534093,23.37411904935845,39134000
2012-06-01,22.69603157043457,23.102883510539414,22.68805387256718,22.94333411796249,56634300
2012-06-04,22.775806427001953,22.95929044219159,22.592323933402664,22.831650314332055,47926300
2012-06-05,22.743898391723633,22.93535859391678,22.648167529831845,22.743898391723633,45715400
2012-06-06,23.41400909423828,23.42996449096336,22.983222512203454,23.03906487915085,46860500
2012-06-07,23.318275451660156,23.69321962198543,23.270410788789555,23.64535343752463,37792800
2012-06-08,23.653339385986328,23.67727248656537,23.174688025540604,23.30232818544737,42551100
2012-06-11,23.055017471313477,23.78097119650061,22.991197413767033,23.717151138954165,46361900
2012-06-12,23.366140365600586,23.374116540986822,23.007151609615384,23.214567166230154,35337900
2012-06-13,23.238510131835938,23.485814294611504,23.174690046317597,23.310307918242927,32984600
2012-06-14,23.406023025512695,23.501752328448095,23.039056640020767,23.398045330003107,39458900
2012-06-15,23.948505401611328,23.996370075572163,23.525696470450733,23.605471941445824,62314400
2012-06-18,23.804906845092773,23.956480068639397,23.701198289448637,23.924569275644167,58679900
2012-06-19,24.49097442626953,24.81805245650418,23.972434675399107,24.084120932701712,75725800
2012-06-20,24.674457550048828,24.77018689119424,24.44310885269827,24.674457550048828,36257100
2012-06-21,24.044233322143555,24.84198494155472,23.98041325345428,24.69838940660624,48456600
2012-06-22,24.49097442626953,24.514906000156202,23.956480800004798,24.171872572936838,45098100
2012-06-25,23.828840255737305,24.18782755215057,23.629402361644257,24.171872155441434,42217200
2012-06-26,23.948505401611328,24.14794331830378,23.884685329133365,23.9325500030942,38421300
2012-06-27,24.06817054748535,24.33142856619034,23.956485788516787,24.084125947792494,33781700
2012-06-28,23.860748291015625,23.972433019010907,23.469850221441835,23.916590655013266,45328400
2012-06-29,24.403221130371094,24.482996593265977,24.044232308139325,24.291536395272498,55227200
2012-07-02,24.379291534423828,24.427157731985698,24.100078135008708,24.427157731985698,30589100
2012-07-03,24.538841247558594,24.538841247558594,24.068167646366756,24.116032319927974,20938100
2012-07-05,24.49097442626953,24.55479449261799,24.235692639285297,24.403221264444,28801900
2012-07-06,24.084123611450195,24.49097715027016,23.89266339110972,24.419179377443662,38294800
2012-07-09,23.932546615600586,24.116029107805176,23.75704182152537,24.028277471562735,30680800
2012-07-10,23.72512435913086,24.108044632147884,23.541641918508944,23.996359932915396,37534100
2012-07-11,23.37412452697754,23.72513570591268,23.222552797411307,23.701202606806657,39184900
2012-07-12,22.83962631225586,23.278390579732086,22.767830072288092,23.254457485349274,63523600
2012-07-13,23.445924758911133,23.51772254216013,22.911430995607912,22.94334179775893,39085000
2012-07-16,23.485807418823242,23.557605184210463,23.166707084652494,23.51771669144511,27900600
2012-07-17,23.661312103271484,23.820863030349983,23.2943471012175,23.64535670624555,33771300
2012-07-18,24.291534423828125,24.291534423828125,23.50175907901456,23.613445326639358,41090400
2012-07-19,24.467042922973633,24.57074996694216,24.235694216411563,24.339402781970595,46663200
2012-07-20,24.02828025817871,24.770188011167228,23.972436364796746,24.730301037484907,64021700
2012-07-23,23.358169555664062,23.59749444915787,23.142776238565293,23.589516749829336,55151900
2012-07-24,23.254459381103516,23.421988012259835,23.0550214764258,23.32625714851473,47723300
2012-07-25,22.999176025390625,23.39805178130901,22.959289058434887,23.326254023516483,45579500
2012-07-26,23.262432098388672,23.533667712394326,23.206589740491648,23.318274456285696,45301400
2012-07-27,23.741092681884766,23.81289046238005,23.278396719576673,23.51772164016713,44242600
2012-07-30,23.64535903930664,23.788954583527623,23.50176349508566,23.733112210017367,28905000
2012-07-31,23.509735107421875,23.70119527628157,23.398050389317927,23.517712804656465,37620900
2012-08-01,23.461872100830078,23.65333228319721,23.30232118806233,23.605467618002994,31721800
2012-08-02,23.286367416381836,23.557603056324695,23.11086110724806,23.302321290456497,39520500
2012-08-03,23.73311424255371,23.88468749905575,23.51772090777566,23.55760940769235,35859400
2012-08-06,23.892662048339844,24.020302188060104,23.78097578489175,23.932549021405993,27471800
2012-08-07,24.139957427978516,24.211755175352938,23.82883487041604,23.988384236678062,28002900
2012-08-08,24.1958065032959,24.307491242861804,24.020301695179405,24.10007563967479,26257600
2012-08-09,24.331422805786133,24.451085236578486,24.171871883669425,24.24366964646291,24920800
2012-08-10,24.267601013183594,24.427151923938826,24.13198319551872,24.331421073167636,27810300
2012-08-13,24.243669509887695,24.29951187583685,24.06018701560037,24.211760238598327,23049100
2012-08-14,24.19548797607422,24.404277640425704,24.099124458170767,24.332004236162863,34551400
2012-08-15,24.2517032623291,24.31594612198853,24.107156445177736,24.17942985375342,24351000
2012-08-16,24.71746826171875,24.845954001227017,24.29988884248146,24.380192812591837,35787200
2012-08-17,24.81382942199707,24.829890520813784,24.564888517020762,24.829890520813784,32589900
2012-08-20,24.685338973999023,24.773673468927235,24.5568532713782,24.749581825309434,23737700
2012-08-21,24.733522415161133,24.862008126538296,24.580946590194813,24.70140175315209,28822700
2012-08-22,24.524738311767578,24.701405811015896,24.468524463593763,24.564889528792413,33437400
2012-08-23,24.29987907409668,24.41230366805479,24.155332292338986,24.404273121104893,28355600
2012-08-24,24.540796279907227,24.597008592746146,24.23564306806566,24.291855380904583,22943300
2012-08-27,24.64518928527832,24.86200796452028,24.564885333273285,24.83791785108811,34691100
2012-08-28,24.597000122070312,24.733516348381876,24.50866717445939,24.653213947221058,23947900
2012-08-29,24.613067626953125,24.693371580704152,24.444430702579435,24.613067626953125,23346800
2012-08-30,24.34807014465332,24.580951500337463,24.26776617608393,24.516708631816112,23982100
2012-08-31,24.749589920043945,24.862014563689776,24.39625335643732,24.57292240407608,36590100
2012-09-04,24.404272079467773,24.621092242849873,24.21154355590707,24.452455359110566,48556700
2012-09-05,24.404272079467773,24.516698200297466,24.25972530387971,24.26775585048684,33650000
2012-09-06,25.17519760131836,25.18322815108216,24.460493989047446,24.49261618810266,48371700
2012-09-07,24.853981018066406,24.950344543162778,24.67731200260537,24.926254427723993,42649100
2012-09-10,24.669282913208008,24.813829741075768,24.500645968476093,24.75761742616513,40524000
2012-09-11,24.72549057006836,24.82185407674298,24.580943778386104,24.64518662672596,25191800
2012-09-12,24.71746826171875,25.03868261048942,24.677315510828144,24.845954001227017,32775800
2012-09-13,24.845945358276367,25.03867390049591,24.412304989529677,24.80579262135336,45047300
2012-09-14,25.062759399414062,25.094881583041964,24.74154522148513,24.902153076284606,51422800
2012-09-17,25.062759399414062,25.10291212894894,24.92624471400553,25.04669983927013,36488500
2012-09-18,25.038673400878906,25.062763510881723,24.918218255854022,24.974430554754285,34542700
2012-09-19,24.93427848815918,25.046704620648804,24.926249472389497,24.96640067791916,48871900
2012-09-20,25.255496978759766,25.279587092003627,24.82185656032457,24.853978753543682,45543000
2012-09-21,25.046709060668945,25.383984454585864,24.966405103703853,25.239437638382814,102348900
2012-09-24,24.71746826171875,24.950348090200922,24.60504209089589,24.89413577062491,46825900
2012-09-25,24.404272079467773,24.894124700811744,24.38018197131653,24.853973499446237,54266400
2012-09-26,24.22760772705078,24.57291361667512,24.12321367123592,24.31594221928129,54672000
2012-09-27,24.21957778930664,24.412306342205188,24.00275759291938,24.22760833713621,47129900
2012-09-28,23.89836311340332,24.29988130778509,23.882302018027165,24.23563845795082,54229300
2012-10-01,23.681541442871094,24.075029065007218,23.625329144233113,23.938512826170584,54042700
2012-10-02,23.818058013916016,24.00275600677986,23.689572320474184,23.834119108513814,43338900
2012-10-03,23.978668212890625,24.083062274520213,23.826090862813135,23.890333715739903,46655900
2012-10-04,24.115184783935547,24.115184783935547,23.74578722599619,24.06700149485403,43634900
2012-10-05,23.970640182495117,24.291854480866675,23.882305676066466,24.275793383030447,41133900
2012-10-08,23.914417266845703,24.02684183850321,23.72971778697562,23.801991163518277,29752000
2012-10-09,23.512903213500977,23.88229917312736,23.432599277856493,23.834117424408742,45121100
2012-10-10,23.271989822387695,23.53699171980606,23.247899715503344,23.40850604418928,47227100
2012-10-11,23.24791145324707,23.48882183374535,23.183668583002806,23.464730183027186,41488500
2012-10-12,23.448659896850586,23.54502339233797,23.127444160772242,23.263960389104493,46464700
2012-10-15,23.697601318359375,23.866238205599483,23.488811697250064,23.58517672686597,42440200
2012-10-16,23.681541442871094,23.882300527532603,23.545025204034456,23.64942078579379,47739400
2012-10-17,23.761850357055664,23.802001569724577,23.36033210368422,23.52896903489835,44206100
2012-10-18,23.689573287963867,23.87427128837084,23.496844739930026,23.810028439026222,59238500
2012-10-19,22.998964309692383,23.35230078995412,22.88653969256523,23.328209144139503,90470800
2012-10-22,22.485023498535156,23.151543776689195,22.34850722317008,23.071239815003146,83374000
2012-10-23,22.525175094604492,22.645631805006683,22.29229528661304,22.300325836084564,64414800
2012-10-24,22.40471839904785,22.64563027187152,22.3806282839349,22.613508076160127,53320400
2012-10-25,22.388660430908203,22.645633437509883,22.37260086247813,22.637602887459444,54084300
2012-10-26,22.653654098510742,22.758049678982083,22.356531514612843,22.37259260878847,57790000
2012-10-31,22.91866683959961,23.19169789281333,22.88654463823866,22.92669585826898,69464100
2012-11-01,23.705631256103516,23.737751910703473,23.143505249737903,23.159566342872953,72047900
2012-11-02,23.689573287963867,23.906393478878318,23.55305704164777,23.76184668493535,57131600
2012-11-05,23.793973922729492,23.882308439378924,23.553063553993837,23.78594490455297,38070800
2012-11-06,23.978668212890625,24.251700720747,23.77790910603567,23.946546020592024,43401500
2012-11-07,23.3523006439209,23.95457800048523,23.328208998256937,23.71366767052771,57871800
2012-11-08,23.135480880737305,23.585182418575812,23.127450332025486,23.384423295792015,49841800
2012-11-09,23.151538848876953,23.44063243674479,23.13547775362422,23.19169005533844,43291200
2012-11-12,22.66168975830078,23.29608933633274,22.653659209401198,23.23987702570623,61112300
2012-11-13,21.93301773071289,22.103040381773386,21.65774163868072,21.876343513692724,131689200
2012-11-14,21.730609893798828,22.094946368305376,21.698223743061952,22.054463679884282,76086100
2012-11-15,21.584871292114258,21.83585773664869,21.5605816835762,21.762990455290893,50955600
2012-11-16,21.471519470214844,21.617254009827,21.325784930602687,21.5929644051396,64083300
2012-11-19,21.641551971435547,21.69822619737892,21.431046600605278,21.69822619737892,57179300
2012-11-20,21.625354766845703,21.69822205608177,21.422945973246968,21.665837452119376,47070400
2012-11-21,21.819673538208008,21.997792761218424,21.592975081802745,21.625359693142414,66360300
2012-11-23,22.426895141601562,22.483569357216286,22.022077550917466,22.046365618034315,57845700
2012-11-26,22.175907135009766,22.32973825194131,21.997787950948776,22.297353647683202,85198700
2012-11-27,21.924924850463867,22.167814833709066,21.892540240017706,22.15162330061441,45018600
2012-11-28,22.151622772216797,22.175910843407845,21.67393781153984,21.868250102352306,53018400
2012-11-29,21.819673538208008,22.151623911788313,21.746806232372634,21.949215072080474,69551400
2012-11-30,21.552488327026367,21.965400893709965,21.44723489296467,21.9006301436168,83690200
2012-12-03,21.398656845092773,21.714414053285022,21.374367235133192,21.68202945092871,53173800
2012-12-04,21.350080490112305,21.560584279090925,21.325790878650206,21.455332384601615,49777500
2012-12-05,21.592967987060547,21.80347329650238,21.261017722548228,21.358173068902065,68283800
2012-12-06,21.641551971435547,21.843960803665784,21.54439659674886,21.70632273597895,39182300
2012-12-07,21.422937393188477,21.714406433397055,21.350071677392254,21.714406433397055,46162100
2012-12-10,21.811569213867188,21.83585727763831,21.471522422764355,21.503907022544634,47031100
2012-12-11,22.119232177734375,22.25687021579375,21.90063031535951,21.90063031535951,52282800
2012-12-12,22.054458618164062,22.36212080252617,21.924917133460955,22.289253524348634,43966300
2012-12-13,21.949209213256836,22.281159498230846,21.819667713962417,22.11923185198458,45080100
2012-12-14,21.706321716308594,21.96540476231159,21.61726288440554,21.949213230128976,42077500
2012-12-17,21.94111442565918,22.03826978574695,21.601067576838755,21.69012794379972,42046100
2012-12-18,22.313549041748047,22.370223267206498,21.973502144740518,22.062562524321983,50486900
2012-12-19,22.111129760742188,22.451176497031515,22.062552096774024,22.41879190247144,53519900
2012-12-20,22.410701751708984,22.410701751708984,21.981594555695242,22.15161874440127,52607300
2012-12-21,22.2244873046875,22.2568719103254,21.86015083965723,22.2244873046875,98776500
2012-12-24,21.908727645874023,22.062558763220427,21.860149967227578,22.02207762172448,20842400
2012-12-26,21.746807098388672,22.02208325489412,21.617265559357513,21.884445176641396,31631100
2012-12-27,21.8277587890625,21.93301220350991,21.51200163423268,21.771084586324452,39394000
2012-12-28,21.495813369750977,21.779185991054593,21.495813369750977,21.62535487476008,28239900
2012-12-31,21.625354766845703,21.67393398917411,21.35008022826744,21.528199410701973,42749500
2013-01-02,22.36212158203125,22.451180390708878,21.981592106227,22.06255592305278,52899300
2013-01-03,22.062559127807617,22.386412897896598,21.989691836505525,22.370219823328,48294400
2013-01-04,21.649646759033203,22.135428225947614,21.641550221088014,22.078754004587996,52521100
2013-01-07,21.609159469604492,21.76298901405584,21.56867679138866,21.673930210493555,37110400
2013-01-08,21.495813369750977,21.69012717152118,21.422946080151288,21.65774102314063,44703100
2013-01-09,21.617259979248047,21.65774112064944,21.503910003662337,21.63345150925467,49047900
2013-01-10,21.422937393188477,21.84394788587733,21.285300951152117,21.576768447104772,71431300
2013-01-11,21.72250747680664,21.8034712874789,21.277208834493585,21.447231447074707,55512100
2013-01-14,21.771085739135742,21.924916829181896,21.665833863371294,21.77918227484936,48324400
2013-01-15,22.03017234802246,22.094944644442634,21.722511661309344,21.722511661309344,48244500
2013-01-16,21.892534255981445,22.04636381600292,21.86824464659343,21.981593068557977,41077400
2013-01-17,22.062559127807617,22.24067831529241,21.908728007919134,22.013981448358418,51685900
2013-01-18,22.062559127807617,22.09494527694481,21.892536477607127,21.941114157056326,52167700
2013-01-22,21.98158836364746,22.224479772770167,21.860143431214155,22.103033296080763,58650600
2013-01-23,22.35402488708496,22.37831295098066,22.022074630288692,22.022074630288692,50387700
2013-01-24,22.370214462280273,22.726454296133156,22.240672985289446,22.42689020968795,101739300
2013-01-25,22.5726318359375,22.8560045042004,22.175910718072164,22.329741859858906,81847700
2013-01-28,22.596921920776367,22.856004979112022,22.475476930213635,22.67788576257047,56056500
2013-01-29,22.677879333496094,22.77503468070045,22.345929066077804,22.524048232123395,49242600
2013-01-30,22.548336029052734,22.823612064437707,22.47546875237693,22.677877511086102,43580500
2013-01-31,22.2244873046875,22.64549644351994,22.184004617319346,22.499763401764454,50530000
2013-02-01,22.613113403320312,22.710268771216413,22.305451135050298,22.402608047203124,55565900
2013-02-04,22.21638298034668,22.685971179429714,22.200189911075107,22.564526248405084,50540000
2013-02-05,22.264963150024414,22.39450463026587,22.1516147408772,22.362120032333635,35410400
2013-02-06,22.135425567626953,22.29735321857087,22.062558279127845,22.16781017126182,41889600
2013-02-07,22.086849212646484,22.175908036167765,21.941114626921415,22.14352343059365,38028300
2013-02-08,22.305450439453125,22.434991955445984,22.111138165463842,22.143524316590398,33318500
2013-02-11,22.556432723999023,22.60501039404051,22.264963615237537,22.386408562469395,32247700
2013-02-12,22.5726318359375,22.669788752923022,22.467379924771926,22.5726318359375,35990900
2013-02-13,22.69407081604004,22.75884155772354,22.57262432415922,22.613107002871594,41715600
2013-02-14,22.70217514038086,22.718366673164457,22.564537074050907,22.60501822239514,32663200
2013-02-15,22.677879333496094,22.79932428962974,22.572625905725573,22.70216894242538,49650900
2013-02-19,22.898298263549805,22.93095255657916,22.694213603243508,22.759520632259825,38781400
2013-02-20,22.75135040283203,23.02074199490458,22.718696121590835,22.963597002732484,44110200
2013-02-21,22.44114112854004,22.645225716711966,22.228892969996217,22.645225716711966,49078500
2013-02-22,22.661558151245117,22.661558151245117,22.432982798561795,22.59625113005591,31425900
2013-02-25,22.343181610107422,22.898290387285655,22.343181610107422,22.832983380732813,48011800
2013-02-26,22.343181610107422,22.530939059316612,22.31869089875941,22.351343623514904,49923300
2013-02-27,22.702367782592773,22.857472496217365,22.31052577063335,22.383996342505963,36394700
2013-02-28,22.69420623779297,22.8329838240424,22.645226371187842,22.759513245613768,35840200
2013-03-01,22.81665802001953,22.841147174565187,22.465632272474327,22.62889901193223,34849700
2013-03-04,22.97992706298828,22.97992706298828,22.612575694603247,22.735026150731592,38157500
2013-03-05,23.143184661865234,23.29828933157884,22.98807999215163,23.09420481349721,41432200
2013-03-06,22.930944442749023,23.045231313827994,22.677879989484797,23.02890417309047,51448500
2013-03-07,22.97176170349121,23.08605013641774,22.86563839831862,22.947272548397024,29196700
2013-03-08,22.857479095458984,23.126870751088063,22.82482480651379,23.061563730239868,37667800
2013-03-11,22.75135040283203,22.832982991851363,22.588082110709713,22.808493837962295,36627500
2013-03-12,22.78400230407715,22.816656584138876,22.5635905847858,22.726858871010897,39255200
2013-03-13,22.79216957092285,22.873803727276247,22.653391972234687,22.751353271267167,29093400
2013-03-14,22.97176170349121,22.988088844915275,22.800331389664276,22.857474827606588,55914800
2013-03-15,22.890134811401367,22.988094570259484,22.841153374930016,22.881971238656142,92710300
2013-03-18,22.939115524291992,23.086056724960372,22.70237657720575,22.759520031456262,44809400
2013-03-19,23.004411697387695,23.037064417106127,22.881961273620746,22.95543183928924,51901600
2013-03-20,23.118701934814453,23.257479517268088,23.00441506351446,23.13502907558355,35447800
2013-03-21,22.947269439697266,23.15135400872469,22.89828802206066,22.947269439697266,34233200
2013-03-22,23.06156349182129,23.13503408414622,22.939113023627137,23.012583615952064,28720900
2013-03-25,22.98809051513672,23.143195255850777,22.824822203117495,23.102377399324965,44154000
2013-03-26,22.98809051513672,23.135031684545616,22.94727421565292,23.053397528536003,27824300
2013-03-27,23.159517288208008,23.224824287197006,22.922778443721842,22.971758303703172,36047400
2013-03-28,23.355440139770508,23.39625643348912,23.069721412614822,23.118701276485517,55453800
2013-04-01,23.355440139770508,23.39625643348912,23.151355557093847,23.379929293184954,29201100
2013-04-02,23.510541915893555,23.551359764248282,23.281968193273897,23.33911162392881,28456500
2013-04-03,23.314626693725586,23.632999761638228,23.298301107378908,23.469731441834714,35062800
2013-04-04,23.347274780273438,23.355438349799858,23.077883214068198,23.175842934301915,45263200
2013-04-05,23.42891502380371,23.494222039991676,22.947275195526675,23.03707136963383,50927300
2013-04-08,23.33911895751953,23.453405854740453,23.2411576477286,23.453405854740453,34759500
2013-04-09,24.171783447265625,24.343213784630173,23.412588394269203,23.453404696391587,77733800
2013-04-10,24.718725204467773,24.751377928021274,24.0983078865333,24.139124180235623,71116700
2013-04-11,23.624832153320312,23.83708030998256,23.453400291113876,23.755446164029106,130923200
2013-04-12,23.50238800048828,23.690145496482575,23.396263115244725,23.551367878347172,62886300
2013-04-15,23.42075538635254,23.657492775910118,23.27381418598601,23.388101094252267,56332900
2013-04-16,23.649322509765625,23.78810009783091,23.428912328637626,23.592179071804964,52797300
2013-04-17,23.5350341796875,23.70646604001915,23.347276735977154,23.551361320108,52840700
2013-04-18,23.50238800048828,23.65749120654848,23.265649069592847,23.63300204614016,56906600
2013-04-19,24.30239486694336,24.68607335954326,24.17178084575863,24.179944416712917,99790700
2013-04-22,25.16771125793457,25.45342999172619,24.71056221809308,24.7350513720763,137904000
2013-04-23,24.97995376586914,25.224854647507904,24.800358332761668,25.061587912096005,59126900
2013-04-24,25.926904678344727,26.05751868220204,24.979952371858328,24.996279511600928,90946600
2013-04-25,26.073848724365234,26.808552967106948,25.747313678373576,25.88608971050835,110700200
2013-04-26,25.951396942138672,26.106500107856977,25.67384177805919,26.041193102017207,47799300
2013-04-29,26.620798110961914,26.677941554962736,25.93507366886788,25.95956282655848,59116400
2013-04-30,27.02079200744629,27.028957132980207,26.35139496148153,26.579971765186716,75165200
2013-05-01,26.71059799194336,27.00448036422978,26.61263512512496,26.882028337748977,54330900
2013-05-02,27.069780349731445,27.077942363272314,26.441199428236597,26.637122008138846,46059500
2013-05-03,27.339168548583984,27.363657698848087,27.004470000614052,27.126918866017768,46784600
2013-05-06,27.55142593383789,27.68203997666456,27.143256660743994,27.2820327188354,40978300
2013-05-07,27.192232131958008,27.584074174516118,27.135088695381853,27.469787301363805,43078300
2013-05-08,26.930999755859375,27.13508431470799,26.653444631261937,26.99630519536765,51595700
2013-05-09,26.661617279052734,26.93917251437023,26.604473828906585,26.816720484580213,46417800
2013-05-10,26.686100006103516,26.710592274607805,26.38405568327626,26.669772865128568,36394900
2013-05-13,26.963655471801758,26.99630975411169,26.571813426333826,26.620794849798727,36027600
2013-05-14,27.56376075744629,27.56376075744629,26.963655375167793,27.012980265079,56870100
2013-05-15,27.826824188232422,27.86792983647059,27.48155932166069,27.49800095377182,46303900
2013-05-16,28.01589012145996,28.073434242744135,27.580194885554832,27.65418063233726,59382900
2013-05-17,28.665327072143555,28.665327072143555,28.032338381475338,28.057002396278858,60666700
2013-05-20,28.837963104248047,28.85440159982553,28.509136746128327,28.55023925691315,54020800
2013-05-21,28.648881912231445,28.9941498536695,28.542016026287392,28.85439757339787,48702400
2013-05-22,28.451587677001953,28.640661702607428,28.24607202274556,28.599559198940153,66047500
2013-05-23,28.073444366455078,28.402267587240516,27.867928677493975,28.139207756243948,51102700
2013-05-24,28.172090530395508,28.18030977800633,27.86792819406715,27.884366689288797,33174400
2013-05-28,28.78863525390625,28.92016515646531,28.28717652042476,28.295395767369598,48212100
2013-05-29,28.673547744750977,28.788636020564994,28.418707179791134,28.55845946893696,38412200
2013-05-30,28.79686164855957,28.977716485438595,28.616009947601565,28.648890079462372,51131000
2013-05-31,28.689987182617188,29.002368725692683,28.599559791124776,28.624220666651766,56165700
2013-06-03,29.257211685180664,29.29009494587656,28.632445411560344,28.706428044245598,51252600
2013-06-04,28.76398468017578,29.380531907248596,28.583129823406253,29.281882093053564,65529500
2013-06-05,28.591339111328125,28.68176650820563,28.303618426645404,28.443367577514078,46025100
2013-06-06,28.739316940307617,28.862627624136508,28.35294952709095,28.64067027479708,37618500
2013-06-07,29.322975158691406,29.41340255791645,28.821519543214954,28.9777103281089,40757300
2013-06-10,29.1585636138916,29.306535143870697,28.887281430289857,29.191443737060144,35994500
2013-06-11,28.64066505432129,28.92016650225583,28.50913514564153,28.813297471478403,39435900
2013-06-12,28.772188186645508,28.994145443252847,28.648877554334884,28.88727643764495,37372700
2013-06-13,28.542024612426758,28.78864285283124,28.435155558413754,28.763981969567112,45654900
2013-06-14,28.27896499633789,28.517360853885858,28.155654307048074,28.402272549706613,53192600
2013-06-17,28.772188186645508,28.903718064347675,28.468025932444185,28.51734767663272,49670100
2013-06-18,28.755754470825195,28.91194526359066,28.689991081842027,28.74753522317249,28616500
2013-06-19,28.435150146484375,28.84618151423586,28.435150146484375,28.73931248056274,30816200
2013-06-20,27.530874252319336,28.221406871423255,27.43222449536196,28.163859611905014,54493700
2013-06-21,27.350027084350586,27.728175183118278,27.169172282365857,27.670631043563215,85338500
2013-06-24,27.719959259033203,28.11454903582646,26.774585762853818,27.07874812781347,56109000
2013-06-25,27.678852081298828,28.262519033842448,27.506219651467337,28.01590082895166,44073400
2013-06-26,28.23785972595215,28.344728782392647,27.859711539681008,28.04878563281658,48665900
2013-06-27,28.459806442260742,28.59133633332455,28.36115980794288,28.37760143631585,28993100
2013-06-28,28.39403533935547,28.59955093422182,28.22962223627857,28.26250548407777,65545500
2013-07-01,28.246076583862305,28.763976994275477,28.221415704863755,28.566680554525522,31055400
2013-07-02,27.90081024169922,28.311841640795134,27.645972781249004,28.287180760344004,37630000
2013-07-03,27.958343505859375,28.25428649978053,27.621298015209057,27.670622892835745,15994400
2013-07-05,28.122764587402344,28.147428601155315,27.604867337395543,28.024117940151577,26085900
2013-07-08,28.221420288085938,28.435155257932283,27.933696397386935,28.237858786140936,32396900
2013-07-09,28.23785972595215,28.443375453610958,28.06522726733982,28.426936955008856,25318500
2013-07-10,28.525577545166016,28.61600494780603,28.213192827660645,28.22963445867887,29658800
2013-07-11,29.33942222595215,29.40518875972854,28.68999495247542,28.772199983774975,53638300
2013-07-12,29.322975158691406,29.372300049883343,29.00237120574469,29.248992525784026,35501200
2013-07-15,29.73401641845703,29.775122076107195,29.249002271767598,29.31476567934935,34142600
2013-07-16,29.81621551513672,29.947745426154608,29.561374940574368,29.602477449782373,36378500
2013-07-17,29.380517959594727,29.914856754507927,29.175002314800448,29.873754252733047,37285100
2013-07-18,29.13390350341797,29.50383237790901,28.953051826049485,29.364083211946063,49547100
2013-07-19,25.812772750854492,26.856791361492693,25.50038956290709,26.63483715526226,248428500
2013-07-22,26.314231872558594,26.314231872558594,25.977187779218415,26.05939438225871,79040700
2013-07-23,26.158031463623047,26.33888623761363,26.067604076627756,26.232017222444657,65810400
2013-07-24,26.27312469482422,26.46219875070751,26.215580553291066,26.33889121995955,52803100
2013-07-25,25.80455207824707,26.018288605070644,25.68946378224993,25.993627723334363,63213000
2013-07-26,25.993623733520508,25.993623733520508,25.656576577907835,25.69768065442655,38633600
2013-07-29,25.927865982055664,25.97718931962041,25.81277610379041,25.87032025894272,28870700
2013-07-30,26.182689666748047,26.404645339316943,25.93606998795191,26.12514554541686,45799500
2013-07-31,26.17447853088379,26.347110958700785,26.067609493507305,26.281346000299983,43898400
2013-08-01,26.03472900390625,26.37999544348917,25.977184858635823,26.355334562922053,42557900
2013-08-02,26.215578079223633,26.223798894089718,25.952518275349345,26.051166485782257,29199900
2013-08-05,26.059389114379883,26.306007305686606,26.010064221750362,26.22380071926429,30984000
2013-08-06,25.960742950439453,26.0347287272754,25.796329764590606,25.936080502174022,36331500
2013-08-07,26.355327606201172,26.38820772630476,25.689455783365187,25.92785468565559,38078600
2013-08-08,27.037641525268555,27.185613061179055,26.34710873632632,26.50330265529869,59034400
2013-08-09,26.881450653076172,27.045863818644893,26.69237661024425,26.938994790637178,26800700
2013-08-12,27.02120018005371,27.103408331937867,26.684154597129538,26.684154597129538,25493700
2013-08-13,26.681781768798828,26.946695270029043,26.665224280219686,26.913580292870755,39464100
2013-08-14,26.781124114990234,27.617259937019153,26.24301993574149,26.607275218218398,48519600
2013-08-15,26.317527770996094,26.640390918909095,25.53106439442806,26.49137667248491,33338000
2013-08-16,26.32579803466797,26.48309098454485,26.209898797394835,26.317520871155903,32866300
2013-08-19,25.98638916015625,26.466545388998256,25.97811041391646,26.292696454990867,27902500
2013-08-20,26.176794052124023,26.408592603229884,25.969830157774243,26.02777979555071,22979600
2013-08-21,26.168514251708984,26.49965457450543,26.110564616269148,26.168514251708984,37409100
2013-08-22,26.814241409301758,26.89702886111984,26.57416253605689,26.64866966368397,31169900
2013-08-23,28.767976760864258,29.140512343327952,28.147085176097402,29.1156745324851,225493800
2013-08-26,28.27126693725586,28.70174902351483,28.171922002256267,28.47823081481112,72786800
2013-08-27,27.53447914123535,28.2298780542621,27.443417667140654,27.749723391325393,58522300
2013-08-28,27.335786819458008,27.815941329181136,27.319229331809918,27.642092445902996,44257400
2013-08-29,27.77454948425293,27.81594162480413,27.15365790193125,27.261279993778682,45284700
2013-08-30,27.65037727355957,27.716604076923794,27.393740910229564,27.62553945903191,42790200
2013-09-03,26.39202308654785,26.549316016701884,25.903589971137357,26.284402605289927,154507000
2013-09-04,25.82909393310547,26.05261373278304,25.754586806876556,25.986385351580584,142320600
2013-09-05,25.853919982910156,26.02777041257592,25.62212151536732,25.746299491409356,71644900
2013-09-06,25.78769874572754,25.98638387806883,25.771141256613497,25.920155500621732,75434900
2013-09-09,26.20990562438965,26.317527726183457,25.829092843295477,25.845648753640678,49628500
2013-09-10,26.814241409301758,26.822521733492753,26.317529330466787,26.408592369448296,56881200
2013-09-11,27.103988647460938,27.261280045058527,26.930136603990242,26.963251579700653,39087500
2013-09-12,27.062593460083008,27.137100576728816,26.979809178484516,27.087431270976886,32860200
2013-09-13,27.34406852722168,27.377183508019584,26.91358325090405,27.128827468072057,40899000
2013-09-16,27.15365982055664,27.733159303273442,27.095710188086773,27.633817527327686,52839700
2013-09-17,27.261281967163086,27.708324696719433,27.23644731263822,27.666929395153822,84716500
2013-09-18,27.58414649963379,27.65037645906546,27.178499051178804,27.31095581202386,64099900
2013-09-19,27.849056243896484,27.882171219120625,27.584142758139063,27.71659950101777,42026600
2013-09-20,27.145370483398438,27.716589386481235,27.062583075549455,27.6586397799953,102904900
2013-09-23,27.103988647460938,27.29439502076894,26.905301951216387,26.938416926926795,39826100
2013-09-24,26.863910675048828,27.211608457143086,26.615554665264646,27.211608457143086,40685000
2013-09-25,26.9135799407959,27.153658785025783,26.822518491828905,26.89702561045135,28907500
2013-09-26,27.12883186340332,27.319238296812777,26.979817583688284,27.021209737382705,28504000
2013-09-27,27.542749404907227,27.94011961603989,27.211605983287818,27.219886305738047,55348000
2013-09-30,27.551029205322266,27.57586701703163,27.070874671854163,27.319230682821665,39839500
2013-10-01,27.79938316345215,27.824217812488364,27.56758152638359,27.60897366078309,36718700
2013-10-02,28.080856323242188,28.171920931187216,27.559309645404696,27.61725927627553,46946800
2013-10-03,28.031179428100586,28.147078658470363,27.666921094918802,28.047736912155866,38703800
2013-10-04,28.04775047302246,28.138815100346935,27.832506234252115,27.8904558774552,33008100
2013-10-07,27.567581176757812,27.90700172735688,27.48479690900873,27.815937138022456,35069300
2013-10-08,27.327505111694336,27.592421742620186,27.153656237226684,27.575864255811215,41017600
2013-10-09,27.377172470092773,27.60897092618486,27.286107888623135,27.377172470092773,35878600
2013-10-10,27.94839859008789,28.05602068278522,27.534470865271306,27.5758661641673,42875100
2013-10-11,28.254703521728516,28.26298068556662,27.88216798866391,27.88216798866391,30033300
2013-10-14,28.519622802734375,28.56101494641541,27.9649579717505,28.06430290620674,27757900
2013-10-15,28.552732467651367,28.966660143472236,28.536174981656426,28.701743525570738,47097800
2013-10-16,28.676918029785156,28.892162258411737,28.610691222682128,28.643803047224367,35111600
2013-10-17,28.908721923828125,28.966674733008063,28.45340188269935,28.519631860036913,31359200
2013-10-18,28.941829681396484,28.966667495701923,28.420282951257448,28.825930408032253,41811700
2013-10-21,28.96666717529297,29.14051608341632,28.900437215235513,28.95838685127663,27433500
2013-10-22,28.627239227294922,29.05772122585525,28.577566769914494,28.991494440698858,40438500
2013-10-23,27.94839859008789,28.552735847375875,27.873891473300187,28.436833431692175,58600500
2013-10-24,27.915287017822266,28.229869817677976,27.791107436077468,27.998071300306833,53209700
2013-10-25,29.579280853271484,30.04288113625531,29.364039782111693,29.7034604591835,113494000
2013-10-28,29.446819305419922,29.579276056504032,29.198463291889475,29.479934282695464,38383600
2013-10-29,29.40542984008789,29.57100158352222,29.190185626217758,29.496494456877688,31702200
2013-10-30,29.421995162963867,29.628959107850186,29.330930521930817,29.413714836677674,36997700
2013-10-31,29.31435775756836,29.54615624453138,29.256408135827606,29.521321594647496,41682300
2013-11-01,29.41370964050293,29.546166415509823,29.297810357124224,29.529608923881636,40264600
2013-11-04,29.75313377380371,29.786248760899877,29.430270544663564,29.46338553175973,28060700
2013-11-05,30.332622528076172,30.390572155684065,29.61238918636532,29.628946673970127,51681900
2013-11-06,31.607519149780273,31.640634123416557,30.680321994088207,30.829336217433788,88948800
2013-11-07,31.04458236694336,31.46678729760577,30.986632732499853,31.425395152720156,60437400
2013-11-08,31.276384353637695,31.276384353637695,30.912129017251498,31.1853197300365,36737800
2013-11-11,31.11907958984375,31.276370953571263,30.920392936383067,31.201863853275658,26872500
2013-11-12,30.928680419921875,31.12736396137597,30.796223672946493,30.94523790804604,31651600
2013-11-13,31.590967178344727,31.590967178344727,30.547870590831916,30.614097391649146,44957600
2013-11-14,31.475074768066406,31.566139402302657,31.22671868434323,31.350895147195345,46183700
2013-11-15,31.326045989990234,31.475060202871074,31.2267042340755,31.417110582086025,50601300
2013-11-18,30.79622459411621,31.110810561849295,30.688602497098934,30.920401021734868,53277500
2013-11-19,30.646085739135742,31.054809632958413,30.587693429477977,30.73783780981209,44275000
2013-11-20,30.9296875,31.204950040925947,30.74617701807043,30.796223017165108,32229900
2013-11-21,31.19660758972168,31.305042700341012,31.079826176644612,31.088169297134193,23064700
2013-11-22,31.338407516479492,31.430162746244203,31.138217180600137,31.305041399843592,27982000
2013-11-25,31.396800994873047,31.655383661801363,31.338411873626086,31.63870060116388,30646800
2013-11-26,31.1549015045166,31.40514423304161,31.1549015045166,31.338411990243348,34465300
2013-11-27,31.363441467285156,31.496902798474785,31.271689387442205,31.338418462052452,26002100
2013-11-29,31.805522918701172,31.938984200403308,31.5469402932923,31.5469402932923,22090400
2013-12-02,32.07245635986328,32.34771895462157,31.747144574253927,31.772167578694948,42950400
2013-12-03,31.95567512512207,32.105819501745096,31.763824684319033,31.813870688547553,52109800
2013-12-04,32.48118591308594,32.51455204610491,31.797196096044946,31.872268304352836,51983600
2013-12-05,31.69708251953125,32.43112111093452,31.013093098667206,32.40609493468104,116305000
2013-12-06,31.99738311767578,32.15586744389863,31.68875440578121,32.047429124920406,36457300
2013-12-09,32.28932189941406,32.42278319363091,32.00571625145723,32.16420372594291,30286000
2013-12-10,31.78883934020996,32.44780579993487,31.713767171608794,32.20590623644579,37828600
2013-12-11,31.371780395507812,31.947331712684832,31.188269896421502,31.74714133365313,39853400
2013-12-12,31.04646873474121,31.396803490065082,31.013102610814546,31.396803490065082,36012800
2013-12-13,30.604381561279297,31.238325312578667,30.545992423918744,31.21329912373176,40066100
2013-12-16,30.771196365356445,30.862951595430715,30.479250798727417,30.6377350803306,31734200
2013-12-17,30.46256446838379,30.95470350067518,30.304080203803327,30.812899110709346,45687700
2013-12-18,30.512617111206055,30.529296987719256,29.636774041764625,30.329106649880337,63192100
2013-12-19,30.237350463867188,30.487589969243533,30.09554924420884,30.454223853335233,34160100
2013-12-20,30.696109771728516,30.804548009229574,30.18728786726185,30.195630983513144,62649100
2013-12-23,30.545991897583008,30.77120850150846,30.487602761228548,30.70447942366163,25128700
2013-12-24,30.9296875,31.004756498642017,30.56266653614086,30.629398777558304,14243000
2013-12-26,31.22997283935547,31.27168208095697,31.00475629897457,31.029782480329146,17612800
2013-12-27,31.104854583740234,31.380117122214624,31.00475622250557,31.34675418377145,14563000
2013-12-30,31.104854583740234,31.179926763682047,30.779542864648512,31.046465464004203,16290500
2013-12-31,31.204946517944336,31.346750923962748,31.0464622354231,31.196606579692922,17503500
2014-01-02,30.99640464782715,31.196598113178645,30.94635548599748,31.154888887336995,30632200
2014-01-03,30.787879943847656,31.046462580064624,30.52929730763069,31.029779521408553,31134800
2014-01-06,30.137258529663086,30.77119889005707,30.12057546992005,30.737832770570996,43603700
2014-01-07,30.370807647705078,30.43753987051773,30.20398027264097,30.304078606859946,35802800
2014-01-08,29.828632354736328,30.145604186035076,29.67849115250944,30.028825927653667,59971700
2014-01-09,29.636783599853516,29.953755449287037,29.528348457706297,29.928732444479074,36516300
2014-01-10,30.062185287475586,30.15394052182963,29.820285702718238,29.945407055377053,40548800
2014-01-13,29.178007125854492,30.045507255107267,29.05288893423087,30.020484253176285,45901900
2014-01-14,29.84529685974121,29.92871212240926,28.88604520381051,28.969457284511645,41623300
2014-01-15,30.662755966186523,30.68778214300917,29.903694363234287,29.945403597282763,44812600
2014-01-16,30.771196365356445,30.862951595430715,30.28740040037577,30.604368963582132,38018700
2014-01-17,30.34579086303711,30.72115173822785,30.153940456154768,30.72115173822785,46267500
2014-01-21,30.170618057250977,30.712806300731735,30.07886601198666,30.712806300731735,31567300
2014-01-22,29.97043800354004,30.295749788388346,29.820293613307125,30.245700597654366,21904300
2014-01-23,30.07886505126953,30.137254160921845,29.628432049407817,30.103888046272573,43954000
2014-01-24,30.704465866088867,31.321723086991245,30.470906241830132,31.238310981021048,76395500
2014-01-27,30.05385398864746,30.771209904532338,30.01214791534543,30.75452683881764,44420800
2014-01-28,30.254037857055664,30.354133037155695,29.82028783399767,30.128916495454327,36205500
2014-01-29,30.57935905456543,30.762869593254056,29.945418474866507,30.012147554954577,52745900
2014-01-30,30.746173858642578,30.762856917282612,30.22066864836969,30.687784744386487,35036300
2014-01-31,31.563623428344727,31.60532948235952,30.49593317211981,30.82124484819034,93162300
2014-02-03,30.429195404052734,31.68873900713572,30.38748935762564,31.480205593032863,64063100
2014-02-04,30.320772171020508,31.021444917083276,30.237360036809992,30.837937585426353,54697900
2014-02-05,29.878677368164062,30.42086569999022,29.861994307588194,30.27072133677585,55814400
2014-02-06,30.17896270751953,30.237351821997663,29.770235724204497,29.861990956089592,35351800
2014-02-07,30.495929718017578,30.520952711198646,30.037153629913956,30.295736226666214,33260500
2014-02-10,30.696109771728516,30.696109771728516,30.2707031199421,30.55430861512189,26767000
2014-02-11,31.0047664642334,31.079838668973625,30.746186900548842,30.762869966265495,32141400
2014-02-12,31.2550048828125,31.363440021802724,31.113200435101387,31.154906502556777,27051800
2014-02-13,31.371780395507812,31.580313896480913,31.13822389264793,31.13822389264793,37635500
2014-02-14,31.380111694335938,31.513572970928728,31.138215318114387,31.188261308106792,31407500
2014-02-18,31.44735336303711,31.749893901749104,31.438950883997094,31.623837481172085,32834000
2014-02-19,31.52298927307129,31.72468403911677,31.270873219886603,31.279278904962837,29750400
2014-02-20,31.72468376159668,31.825529540822473,31.430548903092493,31.573413489843237,27526100
2014-02-21,31.917980194091797,32.22892328840648,31.8171343916333,31.884363857995545,38021300
2014-02-24,31.674253463745117,31.917966990882842,31.54819706427414,31.674253463745117,32085100
2014-02-25,31.548194885253906,31.80871334966405,31.388518968792244,31.60702184210966,30736500
2014-02-26,31.489376068115234,31.716281477138434,31.25406497403772,31.581819368735374,41041800
2014-02-27,31.817127227783203,31.842337871263908,31.28768127388163,31.472567874952237,33903400
2014-02-28,32.19529724121094,32.32135364225197,31.783505303820682,31.917967388428504,41215000
2014-03-03,31.749895095825195,32.04403316655936,31.50618472454551,31.867549041787026,29717500
2014-03-04,32.279335021972656,32.338161983952425,31.993602689858477,32.102854136033336,26802400
2014-03-05,32.027217864990234,32.16167994552982,31.875947623654586,32.14487178473376,20520100
2014-03-06,32.060848236083984,32.13648338989616,31.842345255813118,32.05244254908803,23582200
2014-03-07,31.85073471069336,32.237312763907845,31.674250637853138,32.17008012552516,26591600
2014-03-10,31.78350830078125,31.9431810394875,31.69947069216307,31.926376082427282,19006600
2014-03-11,31.95157814025879,32.12805899444407,31.699462176304326,31.82551855536735,25216400
2014-03-12,32.16168975830078,32.29615187986576,31.758303393605836,31.766705873653084,30494100
2014-03-13,31.84233856201172,32.312957554114305,31.632241312902824,32.28774370425711,32169700
2014-03-14,31.682659149169922,32.05242907580153,31.522983221669623,31.64064034934366,27195600
2014-03-17,31.976791381835938,32.279331845577474,31.758291716816313,31.85073499249608,20479600
2014-03-18,33.23739242553711,33.53153057086458,32.11967644961784,32.15328958139579,64063900
2014-03-19,33.00205612182617,33.23736387127061,32.69951575492467,33.17013445964119,35597200
2014-03-20,33.892887115478516,34.161811316848464,32.97686305274047,32.98526553148293,59269800
2014-03-21,33.7500114440918,34.405513631035745,33.62395185160476,34.22063028943766,80721800
2014-03-24,34.035743713378906,34.15339762315924,33.49789543676673,33.90128164422586,46098400
2014-03-25,33.901275634765625,34.447529497147556,33.58192707495027,34.170199725401275,43193100
2014-03-26,33.439083099365234,34.21223953351402,33.279407118438414,34.01895042497683,41977500
2014-03-27,33.077701568603516,33.59033921679929,33.060893408977414,33.39705018984212,35369200
2014-03-28,33.86765670776367,34.15338893273713,33.34661672310423,33.43905997321738,43472700
2014-03-31,34.44752883911133,34.87612559855334,33.951699455380705,33.97691008657495,46886300
2014-04-01,34.80889892578125,34.95176667390765,34.51476415879825,34.581996794582096,32605000
2014-04-02,34.75008010864258,35.010601824559785,34.59880984853959,34.82571523869407,28666700
2014-04-03,34.46435546875,34.699666595951854,34.21223938073301,34.699666595951854,30139600
2014-04-04,33.506317138671875,34.783709131477444,33.31302800372392,34.66605515419003,51409600
2014-04-07,33.44746398925781,33.84244763764283,33.39704272747449,33.58192603039323,37559600
2014-04-08,33.464263916015625,33.55670714765648,32.94322403547197,33.40543698784911,35918600
2014-04-09,34.01052474975586,34.07775416495695,33.51469539006498,33.55671417529415,27398700
2014-04-10,33.077701568603516,34.19541693419564,32.85079622239414,33.985319747612365,45960800
2014-04-11,32.95163345336914,33.439060338996526,32.77515263167419,32.77515263167419,34330200
2014-04-14,32.92643737792969,33.11972644034444,32.69112951165595,32.86761041136125,32006600
2014-04-15,33.40544509887695,33.581925926227036,32.817172468548755,33.060885919171966,33968700
2014-04-16,33.95170593261719,33.96851088606738,33.53991404485855,33.6659736365351,30615800
2014-04-17,33.62395095825195,33.783626865270264,33.203756602230754,33.62395095825195,36688400
2014-04-21,33.56513595581055,33.741620084606666,33.43907952761865,33.72481191968181,22221200
2014-04-22,33.607139587402344,33.73319594663943,33.47267754738605,33.5819257508926,27056700
2014-04-23,33.35503387451172,33.60715310605799,33.17015049876143,33.60715310605799,24602800
2014-04-24,33.497894287109375,33.590337557572276,33.02727545831119,33.3970485401628,42381600
2014-04-25,33.53990936279297,34.187008978464284,33.405447313161794,33.85925793285256,56876800
2014-04-28,34.34669494628906,34.69965996674454,33.69119260150953,33.733211407179866,50610200
2014-04-29,34.04414749145508,34.61561210865634,33.94330173719272,34.539976991502385,29636200
2014-04-30,33.95170593261719,34.0357435231825,33.75841370382551,33.95170593261719,35458700
2014-05-01,33.61555480957031,33.9180953157891,33.57353600722417,33.81724954899255,28787400
2014-05-02,33.35503387451172,33.90128793508972,33.32982323368877,33.87607729426677,43416600
2014-05-05,33.136531829833984,33.31301271476948,33.02728038428055,33.21216695278191,22460900
2014-05-06,32.825584411621094,33.06929470290983,32.733141139898784,33.01887343166387,27112400
2014-05-07,33.12812042236328,33.20375553224291,32.36336684728195,32.96004525003383,41744500
2014-05-08,33.31300735473633,33.531510210686285,32.74994846792001,33.060891387418145,32120400
2014-05-09,33.22896957397461,33.4894880161599,33.08610182963533,33.22896957397461,29647600
2014-05-12,33.59033966064453,33.63235845735067,33.32141551473081,33.39705063113334,22782600
2014-05-13,34.20814895629883,34.27585590032333,33.72574827968097,33.78499024148002,27004800
2014-05-14,34.055816650390625,34.23354254550105,33.89501426376646,34.10659363273934,18818700
2014-05-15,33.51417922973633,34.19123596443466,33.43801050850506,33.92887631831677,37793200
2014-05-16,33.708831787109375,33.71729354265098,33.23489276564292,33.57341787087999,29867100
2014-05-19,33.64111328125,33.70035523504206,33.3956804850004,33.52262937366587,24537400
2014-05-20,33.581871032714844,33.801912112233474,33.39568019189148,33.581871032714844,21320900
2014-05-21,34.14890670776367,34.14890670776367,33.63265579191312,33.68343277106036,22398700
2014-05-22,33.93733215332031,34.14891153888576,33.72575276775486,34.098134552554995,20201800
2014-05-23,33.95426559448242,34.16584502181572,33.852708373327275,34.16584502181572,18020000
2014-05-27,34.01349639892578,34.072738360836354,33.69189809953833,34.072738360836354,26160600
2014-05-28,33.86116409301758,34.01350151181397,33.70036491915262,33.97118627958059,25711500
2014-05-29,34.14043426513672,34.14889601619708,33.77651762911012,33.97963516743994,19888200
2014-05-30,34.64823913574219,34.6736308574391,34.06428119183669,34.2335453465535,34567600
2014-06-02,34.52128982543945,34.77518441670031,34.42819438867333,34.65670048934157,18504300
2014-06-03,34.0981330871582,34.428196397904316,34.06427961209576,34.360489447779436,18068900
2014-06-04,34.1235237121582,34.16583894440868,33.734218409941434,34.030428264140006,23209000
2014-06-05,34.876739501953125,34.91059297299609,34.191224469778895,34.35202361456594,31865200
2014-06-06,35.10524368286133,35.25758106583914,34.90212932452059,35.10524368286133,24060500
2014-06-09,34.927528381347656,35.105254305787184,34.715948977459036,35.02908559124946,15019200
2014-06-10,34.7921142578125,34.83442948872437,34.58053487480799,34.724407305597374,15117700
2014-06-11,34.580528259277344,34.75825413217391,34.50435956682959,34.63977021690953,18040000
2014-06-12,34.34355926513672,34.59745382187871,34.09812646129353,34.538211866253725,29818900
2014-06-13,34.8936767578125,35.18142489154351,34.58054012736706,34.783654557973854,26310000
2014-06-16,35.12217712402344,35.21527256789135,34.7328718391623,34.7328718391623,24205300
2014-06-17,35.27449417114258,35.46914670119482,34.14042921851056,34.94443104503472,22518600
2014-06-18,35.24911880493164,35.325287495323195,34.85134861861524,35.2152653362144,27097000
2014-06-19,35.13063049316406,35.35067480404537,34.97829634590425,35.181410694546905,19828200
2014-06-20,35.27449417114258,35.40144301738865,35.02059970709371,35.07984164109033,47764900
2014-06-23,35.536861419677734,35.54532317134604,35.282963671412936,35.31681713497411,18743900
2014-06-24,35.33374786376953,35.494546991209,35.17294873633006,35.40145479855099,26509100
2014-06-25,35.57072067260742,35.58764740867924,35.08831999411749,35.29143759853447,20049100
2014-06-26,35.30836486816406,35.49455251087798,35.062932034081115,35.486090756936605,23604400
2014-06-27,35.756919860839844,35.79077334086047,35.13064339424045,35.21527709429202,74640000
2014-06-30,35.29143524169922,35.7230556831492,35.29143524169922,35.68920221326637,30793100
2014-07-01,35.435302734375,35.67227376226382,35.28296536946223,35.42684098229946,26917000
2014-07-02,35.460697174072266,35.460697174072266,35.14755743964967,35.316821550172406,20208100
2014-07-03,35.37607192993164,35.536874326025725,35.172957531685114,35.46916737431344,15969300
2014-07-07,35.536861419677734,35.64688033358557,35.29989040319352,35.333743866754695,21952400
2014-07-08,35.3591423034668,35.54533317702022,35.215269885499076,35.43531100369821,31218200
2014-07-09,35.26604461669922,35.53686915570041,35.14756069688634,35.528404173745386,18445900
2014-07-10,35.28297424316406,35.545333821707324,34.74133157767019,35.01215291041713,21854700
2014-07-11,35.62150192260742,35.62150192260742,35.10524775687552,35.291438630666015,24083000
2014-07-14,35.663814544677734,35.92617409963212,35.579184096470335,35.73152148599938,21881100
2014-07-15,35.92618179321289,35.94310853216816,35.570726732042985,35.824624587926635,28748700
2014-07-16,37.30567169189453,37.50032430204732,35.95156194567201,35.97695043399141,63318000
2014-07-17,37.68650817871094,38.685162846821186,37.44954036880148,38.46512177025444,82180300
2014-07-18,37.821929931640625,37.948878854795,37.44955137400381,37.78807968345199,43407500
2014-07-21,37.94887924194336,38.21970060088669,37.424163262546315,37.71191135997926,37604400
2014-07-22,37.94041442871094,38.21123576582455,37.73729681165323,38.08428685160786,43095800
2014-07-23,37.9742546081543,38.465120169330305,37.76267529284274,38.465120169330305,52362900
2014-07-24,37.57650375366211,38.08429303609855,37.50879679416631,38.02505106076248,30725300
2014-07-25,37.66112518310547,37.79653584114289,37.49186105344751,37.49186105344751,26737700
2014-07-28,37.21258544921875,37.669594494001494,37.178731970806574,37.54264879262394,29684200
2014-07-29,37.144874572753906,37.314138718508104,36.93329519767242,37.161801310173836,27763100
2014-07-30,36.88252639770508,37.32260875449259,36.63709349332475,37.29722025695179,31921400
2014-07-31,36.52706527709961,36.9756125448615,36.45936155198708,36.71325617093824,31537500
2014-08-01,36.273170471191406,36.60323379697124,36.05312610170803,36.56938032036684,31170300
2014-08-04,36.70478820800781,36.789421893084885,36.230852485356145,36.366263153034474,34277400
2014-08-05,36.45935821533203,36.780956529963966,36.24777884749499,36.65401084632871,26266400
2014-08-06,36.1716194152832,36.53553305105015,35.72306884518045,36.1716194152832,24634000
2014-08-07,36.58631134033203,36.77250225500076,36.09544878590393,36.25624797592518,30314900
2014-08-08,36.5609130859375,36.662470272084775,36.31548026000724,36.58630157536313,28942700
2014-08-11,36.5609130859375,36.77249244033709,36.40857569249422,36.61169006478877,20351600
2014-08-12,36.83174133300781,36.89098330511342,36.391655805619436,36.425509283521315,21431100
2014-08-13,37.30567169189453,37.39030213858893,36.83173279644996,36.96714344822775,22889500
2014-08-14,37.46647644042969,37.59342212947406,37.24643208057399,37.305677276262124,19313200
2014-08-15,37.906551361083984,37.99964677748967,37.57648814178686,37.728825508915406,41611300
2014-08-18,38.17738342285156,38.17738342285156,37.81346663498808,38.033507767246306,26891100
2014-08-19,38.60317611694336,38.611690719886866,38.17737450038025,38.296598433240554,28139500
2014-08-20,38.279579162597656,38.66280139921156,38.23699963599826,38.61170401812649,24770500
2014-08-21,38.50950241088867,38.53504947043027,38.177377642412644,38.185892246056916,22285500
2014-08-22,38.449893951416016,38.72240677344603,38.38176412160397,38.620212028727956,18294500
2014-08-25,38.4669303894043,38.696863735318026,38.356224268068196,38.66280206261983,16910000
2014-08-26,38.33066940307617,38.66279747349122,38.27105742216793,38.586153033950715,14873100
2014-08-27,38.2114372253418,38.32214655834298,38.11776034731069,38.23698753210122,21287900
2014-08-28,38.21996307373047,38.30512211778969,37.99002975643941,38.10925371756605,17657600
2014-08-29,38.688358306884766,38.69687291492671,38.20294443323216,38.39881290430159,21607600
2014-09-02,38.398799896240234,38.713892264818334,38.194413637756725,38.68834520073641,22976800
2014-09-03,38.288082122802734,38.41582391235675,37.92189245793047,37.92189245793047,33684500
2014-09-04,38.54357147216797,38.552089326055956,38.08370806910847,38.100740528275026,26475500
2014-09-05,39.097110748291016,39.11414320559447,38.41582869919801,38.41582869919801,36939400
2014-09-08,39.57400131225586,39.85502867591671,39.16523217054385,39.190779226710745,45736700
2014-09-09,39.820980072021484,39.999819284234654,39.53143473868789,39.57401751454464,40302400
2014-09-10,39.88911437988281,39.97427344391005,39.41221517494413,39.87208191735535,27302400
2014-09-11,40.025360107421875,40.025360107421875,39.57401134151014,39.80394465110928,29216400
2014-09-12,39.76987838745117,40.04239120842055,39.68471610051757,39.94871431709812,38244700
2014-09-15,39.378150939941406,39.778402413195536,39.25892370999587,39.633631364033576,37667600
2014-09-16,39.820980072021484,39.89762452051007,39.42072861756747,39.50588767206159,27910600
2014-09-17,39.6165885925293,39.761359604015084,39.3696228391146,39.39516990029232,38311900
2014-09-18,39.75284194946289,39.88058374276749,39.56548818557848,39.67619752320188,35556600
2014-09-19,40.46820068359375,40.51078021094858,39.68472373610417,39.86356294876997,202522400
2014-09-22,40.07646179199219,40.34897465150839,40.00833195280837,40.280844812324574,38686100
2014-09-23,39.65065002441406,40.00832184392776,39.57400559900274,39.89761250753169,33430300
2014-09-24,40.0934944152832,40.119041480776545,39.46330639470121,39.710272189835344,26582700
2014-09-25,39.20781707763672,40.10199990126137,39.1992992253363,39.9231639862582,33077400
2014-09-26,39.522911071777344,39.70174699438143,38.96936759864018,39.11414185642131,27078800
2014-09-29,39.54845428466797,39.65064901502062,38.96936380710414,39.15671756414203,26091000
2014-09-30,39.48033905029297,39.582530561382505,39.182275874084944,39.48885365596311,33033100
2014-10-01,39.088592529296875,39.62510026600244,39.046009765671464,39.4036848387506,38088400
2014-10-02,38.9693717956543,39.25891709379173,38.86718029296147,39.02898702488519,25119400
2014-10-03,39.25040054321289,39.42923647621292,38.84163130409461,39.15672365013407,32453200
2014-10-06,39.25040054321289,39.42923647621292,39.10562627701586,39.27594760546743,20604000
2014-10-07,38.773494720458984,39.11413731803563,38.67981784369498,39.054525350751,25723700
2014-10-08,39.83800506591797,39.93168195746973,38.61169736855361,38.73092132194345,33031000
2014-10-09,39.046024322509766,39.855048403875294,38.95235065399394,39.59956796992038,34422800
2014-10-10,37.4961051940918,39.275956835013304,37.42797859586743,38.83312257642026,51978100
2014-10-13,37.1724967956543,37.94745590744075,37.03624035562403,37.31726784191967,37100200
2014-10-14,37.240604400634766,37.794147733323015,37.095833428194894,37.35982831878716,38115700
2014-10-15,36.806304931640625,36.95107596975491,35.85250665652104,36.61895111891899,60218700
2014-10-16,36.39753723144531,36.68708256898678,35.954702994698955,36.21869801663312,49040400
2014-10-17,37.15546417236328,37.41945919642638,36.44011705317497,36.789274382266306,40683300
2014-10-20,37.53868865966797,37.58978279711885,36.45715168595488,36.67005258829344,34527900
2014-10-21,38.21996307373047,38.30512211778969,37.63235462445023,37.77712889768206,36433800
2014-10-22,37.79415512084961,38.38176022457612,37.666413327226614,38.32214825384772,33570900
2014-10-23,38.33917999267578,38.705369662365065,37.921892956771,37.998537381789895,45451900
2014-10-24,39.28446578979492,39.940200798265394,38.47544190928672,39.880588820096186,61076700
2014-10-27,39.097110748291016,39.25891421976027,38.92678942386549,38.92678942386549,30371300
2014-10-28,39.59105682373047,39.59957143120889,38.97790112975647,39.05454559150322,29049800
2014-10-29,39.701744079589844,39.76987390145175,39.46329620029058,39.54845522900926,30276100
2014-10-30,39.21634292602539,39.446276274934604,38.97789497098313,39.446276274934604,30073900
2014-10-31,39.982784271240234,39.999816730773695,39.58252959372751,39.97426641716876,35849700
2014-11-03,40.400062561035156,40.417095018208265,39.79542495013051,39.93168135890633,23130400
2014-11-04,40.51076889038086,40.64702528900584,40.2382560931309,40.280835608587054,21530800
2014-11-05,40.757728576660156,40.791793483410885,40.24676472122418,40.70663121653406,22449600
2014-11-06,41.47309112548828,41.60934755562855,40.6981320699512,40.75774405509947,33037800
2014-11-07,41.45606231689453,41.66044535580124,41.12393744221376,41.66044535580124,28000600
2014-11-10,41.6348991394043,41.85631789279208,41.3453537878579,41.43051609631855,36370100
2014-11-11,41.61785125732422,41.68598107884904,41.43050074534835,41.600818801943014,23445200
2014-11-12,41.54121398925781,41.66043794885782,41.31979852837341,41.35386344500463,22722100
2014-11-13,42.248050689697266,42.282115609794864,41.48160623054918,41.56676853079318,26210400
2014-11-14,42.22249221801758,42.62274355090763,42.06068551556895,42.358748612990325,29081700
2014-11-17,42.120304107666016,42.33320496132216,41.847791274874886,42.07772458665663,30318600
2014-11-18,41.76893615722656,42.27455121380308,41.73465639462183,42.103155669877495,23995500
2014-11-19,41.32331085205078,41.77750628451977,41.0747874659798,41.70037844984595,26177500
2014-11-20,41.73466873168945,41.73466873168945,41.02337815832002,41.13478578516926,21510600
2014-11-21,41.117645263671875,42.034607921107714,40.766285771281495,42.008899726500786,42884800
2014-11-24,40.78342056274414,41.134780011242896,40.612024992210905,41.126211703810604,35434200
2014-11-25,40.680599212646484,41.1090866591025,40.66345932249627,40.84342326542385,28008000
2014-11-26,40.92054748535156,41.12622287970265,40.51776827550956,40.69773547147908,27163600
2014-11-28,40.97195816040039,41.30617774241831,40.800562580901804,41.09193408531977,21534400
2014-12-01,41.66610336303711,41.80321916572733,40.886256622280484,41.03194400150681,31191600
2014-12-02,41.52898406982422,42.03459916270331,41.30617213509199,41.85463529975439,25773500
2014-12-03,41.203338623046875,41.563266370905986,40.97195509838094,41.5118467201696,23534800
2014-12-04,41.854637145996094,42.04317259307712,41.30617395714053,41.46899794473875,30320400
2014-12-05,41.494712829589844,41.9660515233349,41.46043632658029,41.83750401247734,27313400
2014-12-08,40.87769317626953,41.43472476071354,40.663449504768224,41.35759690820911,26663100
2014-12-09,40.78342056274414,41.06622047539016,40.320653503033995,40.37207315492354,24330500
2014-12-10,40.19211959838867,40.84341901075185,40.02072398384065,40.77486272639231,30431800
2014-12-11,40.42349624633789,40.9119748476093,40.0035804613964,40.34637165935199,29060400
2014-12-12,40.23496627807617,40.90340555543446,39.99501111845834,40.08927886661899,34248400
2014-12-15,39.99501419067383,40.8519890301819,39.89217812528074,40.44921307860082,29247800
2014-12-16,38.700984954833984,39.71221556182267,38.67527675487485,39.335147796323376,47801400
2014-12-17,39.19803237915039,39.37799631904299,38.478173350480255,38.606717620789375,34970900
2014-12-18,40.72343444824219,40.72343444824219,39.712204132294644,39.917879480071576,40105600
2014-12-19,40.843421936035156,41.220489699767576,40.42350281377205,40.81771373619649,64551200
2014-12-22,41.117645263671875,41.23762119730288,40.8862617049125,40.946249671728005,26566000
2014-12-23,41.52042770385742,41.820367561697864,41.24619604266066,41.451868154008594,23648100
2014-12-24,41.254764556884766,41.68325193827177,41.20334816334187,41.68325193827177,11437800
2014-12-26,41.03194046020508,41.486135904460674,40.9805208127221,41.486135904460674,13197800
2014-12-29,40.66344451904297,40.94624443081926,40.500617256442794,40.877688164275966,14439500
2014-12-30,40.29494094848633,40.809124335311445,40.140685278619145,40.65486866544426,16384700
2014-12-31,39.806488037109375,40.654891427284305,39.806488037109375,40.04643998275884,21552500
2015-01-02,40.072139739990234,40.63774297059794,39.88360750918726,39.98644356863428,27913900
2015-01-05,39.70364761352539,40.04643560280467,39.6350880542097,39.73792412408352,39673900
2015-01-06,39.12089538574219,40.063566224562905,39.026627648040325,39.74648650882852,36447900
2015-01-07,39.6179313659668,39.815035111775785,38.98377205668541,39.40368773759638,29114100
2015-01-08,40.78342056274414,40.920536365351005,40.03785359038797,40.06356178178344,29645200
2015-01-09,40.44063186645508,40.98052680208878,40.19211170671151,40.800562913243816,23944200
2015-01-12,39.93500900268555,40.7405670968763,39.729336960537644,40.63772780670418,23651900
2015-01-13,39.72935104370117,41.05766128951461,39.472259265333946,40.25210617887082,35270600
2015-01-14,39.38654708862305,39.62650217071557,39.09517562894506,39.38654708862305,29719600
2015-01-15,38.9752082824707,39.74648680662934,38.91522031604714,39.609370987789916,32750800
2015-01-16,39.62651443481445,39.66079094078032,38.70954843186769,38.82952764459572,35695300
2015-01-20,39.75505065917969,39.97786588300665,39.05233175775364,39.67792281540861,36161900
2015-01-21,39.35227584838867,39.54081132463672,38.97520816499156,39.36941573432931,39081100
2015-01-22,40.38920593261719,40.39777423854193,39.48938343201003,39.746475108026644,35898000
2015-01-23,40.43205642700195,40.61202028410447,40.10640520765106,40.586312095689316,26211600
2015-01-26,40.28636932373047,40.38920861624862,39.62650184344603,40.27780101723641,42525500
2015-01-27,36.55854415893555,37.021311326933315,36.087208681500506,36.80706763090835,169164000
2015-01-28,35.298789978027344,36.669951586193555,35.273081780763384,36.62710350105384,84507100
2015-01-29,36.00149917602539,36.0957668989761,34.95599245472281,35.075968367897005,63585300
2015-01-30,34.62177276611328,35.63300298608173,34.57892142378196,35.60729152686325,78004900
2015-02-02,35.37590026855469,35.453028091138364,34.47607785114363,34.78458914147833,50352500
2015-02-03,35.650142669677734,35.932945861742105,35.178807285335836,35.67585413111004,52082400
2015-02-04,35.85581588745117,36.1728955607741,35.4444684890353,35.9415120362092,41614800
2015-02-05,36.37857437133789,36.541398377179114,35.87295919950596,36.181470595077826,36548200
2015-02-06,36.34429931640625,36.66995063943913,36.12148731797276,36.575682893105984,34616600
2015-02-09,36.301456451416016,36.62710782126764,36.17290891173519,36.19862038113119,31381100
2015-02-10,36.50710678100586,36.65279412354397,36.14717911549601,36.62708593860692,29670700
2015-02-11,36.31859588623047,36.54997949329681,36.17290845847772,36.54997949329681,38262500
2015-02-12,36.92703628540039,36.92703628540039,36.42998943960991,36.55853693947951,33268800
2015-02-13,37.5954704284668,37.5954704284668,36.97845101098073,37.17555475384,40264900
2015-02-17,37.61274719238281,37.97523650596854,37.27614573958478,37.949345352816515,33695700
2015-02-18,37.569583892822266,37.71630808224364,37.44875414410097,37.655893207883,27111700
2015-02-19,37.54369354248047,37.56958469136714,37.15530984736136,37.267510313143276,27603400
2015-02-20,37.854393005371094,37.87165486533319,37.36244151972234,37.55231539457912,29721100
2015-02-23,38.10469055175781,38.13921098431554,37.673153867331855,37.716306877301726,32518800
2015-02-24,38.052894592285156,38.2341391601749,37.9061704475439,38.10468016555196,25271700
2015-02-25,37.966609954833984,38.052915999802664,37.80262386008309,37.93208621990068,29759800
2015-02-26,38.02701187133789,38.17373275620168,37.88028769411065,37.966597001998274,28957300
2015-02-27,37.84577178955078,38.14784949101883,37.6817890092321,38.08743460919805,33807700
2015-03-02,37.87164306640625,38.13919358155541,37.58682740431082,37.69039523945365,31924000
2015-03-03,37.35381317138672,37.82850614316382,37.18983042173141,37.59547594584511,31748600
2015-03-04,37.1639404296875,37.293399459533276,37.00858695998168,37.12078412737529,25748700
2015-03-05,37.207096099853516,37.31929656763281,36.95680401494734,37.17257237248083,23193500
2015-03-06,36.55978775024414,37.20709276482392,36.37854313632906,37.11215416924072,36248800
2015-03-09,36.98269271850586,37.22435550176883,36.41306442398342,36.41306442398342,32108000
2015-03-10,36.27498245239258,36.86187276536645,36.27498245239258,36.551165741749166,39159700
2015-03-11,36.23181915283203,36.56841723547947,36.110989409559984,36.516634941142065,32215300
2015-03-12,35.40327072143555,35.94700787697855,35.265179111242816,35.67082465659308,59992500
2015-03-13,35.71397018432617,35.79164690455674,35.0494034206564,35.12708014088697,58007700
2015-03-16,35.869327545166016,35.93837169716001,35.62766478227866,35.79165081644568,35273500
2015-03-17,35.99016571044922,36.10236618762909,35.515475942577034,35.70534987430743,31673400
2015-03-18,36.68061065673828,36.96542639040717,35.67081660252229,35.757122604769435,44194800
2015-03-19,36.4993782043457,36.758299589482576,36.4389633242259,36.473483761177185,33879100
2015-03-20,37.00859069824219,37.09489672685719,36.67199257733412,36.732407455837425,71904500
2015-03-23,36.99132537841797,37.224355584746185,36.92227792808502,37.0085872410012,26246100
2015-03-24,37.025848388671875,37.258875298137056,36.89638606797915,36.922277215172265,25513300
2015-03-25,35.78302001953125,37.051738887613794,35.76575815758333,37.043106310458064,43469900
2015-03-26,35.56724548339844,35.9124760774469,35.31695346733145,35.575878059049266,37495600
2015-03-27,35.36011505126953,35.75712798917036,35.23928531298349,35.489574074134524,34401400
2015-03-30,35.35149383544922,35.852078103353946,35.308340813959205,35.472323612567045,35049700
2015-03-31,35.09257125854492,35.41190755789265,34.98900335190649,35.196139165183354,34887200
2015-04-01,35.144344329833984,35.178864758164735,34.79048442362886,35.040773167752086,36865300
2015-04-02,34.77322006225586,35.16160366122089,34.626495906041086,35.09255622479911,37487500
2015-04-06,35.860694885253906,36.05920134877577,34.678285388465696,34.816376984496706,39223700
2015-04-07,35.84343719482422,36.17140600819545,35.653563285915595,35.91248464705552,28809400
2015-04-08,35.748497009277344,35.98152721168099,35.42053150281021,35.78302073386239,24753400
2015-04-09,35.8002815246582,35.921111264725845,35.601775052780866,35.601775052780866,25723900
2015-04-10,36.00741958618164,36.20592605261538,35.73986567453787,35.92974285650205,28022000
2015-04-13,36.04193878173828,36.300863400042545,35.72260258948985,35.731235166027076,30276700
2015-04-14,35.94701385498047,36.27497942600171,35.72261289337201,36.07647290911067,24244400
2015-04-15,36.473472595214844,36.64608789658312,35.97289184284618,36.04193598797567,27343600
2015-04-16,36.38717269897461,36.54252616704871,36.09372762509725,36.205928083676014,22509700
2015-04-17,35.921112060546875,36.02468323349672,35.52409910799649,35.96426506976086,42387600
2015-04-20,37.03448486328125,37.25888253136655,35.97290482154789,36.01605783936842,46057700
2015-04-21,36.80145263671875,37.24162195495911,36.70651402720165,37.112159616096875,26013800
2015-04-22,37.10353088378906,37.22436064593662,36.72377644005205,36.82734433726937,25064300
2015-04-23,37.405616760253906,37.63864706972883,36.93955614130405,37.01723291112903,46309500
2015-04-24,41.315330505371094,41.548360762275436,39.399309435876006,39.407938722858674,130933700
2015-04-27,41.45341491699219,41.53972423359419,40.75432756051674,40.76295684599505,59248200
2015-04-28,42.428688049316406,42.47184106067788,41.1686016803243,41.23764584002993,60730800
2015-04-29,42.342376708984375,42.558145031058025,41.8590544822886,42.04893165926967,47804600
2015-04-30,41.97987747192383,42.75664462354887,41.94535375577099,42.03166304615309,64725500
2015-05-01,41.99715042114258,42.187027617765615,41.77275279161288,41.92810626296561,38937300
2015-05-04,41.6346549987793,42.17838877538785,41.5828694185657,41.74685215069735,34039500
2015-05-05,41.08229064941406,41.56561291662213,40.83200187702543,41.27216784231073,50369200
2015-05-06,39.943031311035156,41.22901197798189,39.718633701447,41.0563966593338,52433000
2015-05-07,40.30552673339844,40.642124818380886,39.83946632694724,39.934404923709174,32971700
2015-05-08,41.211753845214844,41.410260327291404,41.013247363138284,41.039138510950636,35364900
2015-05-11,40.8837776184082,41.34983794861641,40.8837776184082,41.03913106181094,24609400
2015-05-12,40.86652755737305,41.15134338329437,40.06386896551262,40.434990821635786,29928300
2015-05-13,41.108177185058594,41.703696504145654,41.05639160812638,41.59149606697402,34184600
2015-05-14,42.04893112182617,42.1352371326072,41.45340845340198,41.45340845340198,32980900
2015-05-15,41.686439514160156,42.212914751193075,41.470671190285245,42.17839102920588,28642700
2015-05-18,41.43614196777344,41.61738983796439,41.09091467081948,41.41025082590169,24136500
2015-05-19,41.331912994384766,41.53170956232553,40.98443868524219,41.314538947551576,28574800
2015-05-20,41.331912994384766,41.63595052956406,41.06262023911124,41.16686120634977,25047900
2015-05-21,41.19291305541992,41.3492761344449,40.83675344514303,41.071298063680494,22410700
2015-05-22,40.74120330810547,41.1321077123675,40.671707129897,41.08867425786729,25720600
2015-05-26,40.471920013427734,40.72383874746087,40.12444566898473,40.680405282845726,29581900
2015-05-27,41.35796356201172,41.49695259318931,40.49796665339043,40.671703770802395,27335600
2015-05-28,41.218994140625,41.7141430068705,41.166871986476515,41.26242761220134,19283700
2015-05-29,40.706459045410156,41.323222773065346,40.471914392549635,41.201607763528884,36519600
2015-06-01,41.027870178222656,41.49695947894485,40.497973373380226,40.88019575786221,28837300
2015-06-02,40.758583068847656,41.1321168250731,40.49797897035014,40.76727174992875,21498300
2015-06-03,40.69776916503906,41.47089928555794,40.67170975341002,41.1494844112513,28002200
2015-06-04,40.27212142944336,40.96706677012937,40.13313236130615,40.645655171392235,27745500
2015-06-05,40.08100891113281,40.411109179855046,39.820404831093434,40.22868665520355,25438100
2015-06-08,39.7248420715332,40.33292035791148,39.672719939411614,40.21999072852807,22121600
2015-06-09,39.655357360839844,39.90727276681206,39.49030556540615,39.750909652064756,24406100
2015-06-10,40.48928451538086,40.68039569114003,39.690095037100825,39.776965259609604,28417400
2015-06-11,40.34161376953125,40.758580968391435,40.07232431759112,40.53272497833577,27347800
2015-06-12,39.93332290649414,40.36766401858998,39.8725154159015,40.15049346254206,23931000
2015-06-15,39.5076789855957,39.65535673107211,39.10808583814775,39.48161957147192,33254500
2015-06-16,39.81171798706055,40.167877656442194,39.351314038522894,39.394747497957624,27070300
2015-06-17,39.93332290649414,40.02018980340943,39.403426219535675,39.72483771463387,28704100
2015-06-18,40.5848503112793,40.65434319300522,40.107072251709255,40.150509030769065,32658300
2015-06-19,40.046260833740234,40.68040195757735,39.950708544901865,40.64565386322122,63837000
2015-06-22,40.1591911315918,40.58484700992186,40.09838362236761,40.246061368884014,20318100
2015-06-23,39.88121032714844,40.202621899188514,39.62929162652436,40.07232152262332,25896500
2015-06-24,39.64665985107422,40.17655658707289,39.568478311111136,39.672719259808574,34890900
2015-06-25,39.655357360839844,40.0115170524841,39.52505366063017,39.98545432418572,20616000
2015-06-26,39.31657028198242,40.20262686997482,39.116773695537205,39.65535925596612,49835300
2015-06-29,38.54343795776367,39.29050536742512,38.5347525916385,39.12545690096335,34081700
2015-06-30,38.35233688354492,38.84748568453878,38.169911024946366,38.838797003111644,35945400
2015-07-01,38.61293029785156,39.290501456017,38.30888949357109,38.621615663112095,28343900
2015-07-02,38.56950378417969,38.873541329408205,38.27415160577454,38.63899666004876,21752000
2015-07-06,38.56080627441406,38.63898781296616,38.17858726024823,38.187272625082926,23034000
2015-07-07,38.48263931274414,38.647691130963146,37.631330744797594,38.51738741276511,36435800
2015-07-08,38.43051528930664,39.003845607222445,38.24808944570012,38.604249138439314,39785900
2015-07-09,38.673744201660156,39.281822597179726,38.65637015450123,38.87354077334675,32424700
2015-07-10,38.75192642211914,39.212327081570365,38.7171783272049,39.09939742997943,25465800
2015-07-13,39.55979919433594,39.62929206652351,39.04727642113049,39.073335833980764,28178300
2015-07-14,39.629295349121094,39.92464753634428,39.36000589066756,39.48162091238991,22880300
2015-07-15,39.750919342041016,39.86384902216725,39.464255770965565,39.68142644841364,26629600
2015-07-16,40.53272247314453,40.55878188591242,39.93333278315941,39.96807756226308,26271700
2015-07-17,40.49797439575195,40.63696345350133,40.18524818737571,40.43716689009663,29467100
2015-07-20,40.758583068847656,40.94100892018073,40.341615848499444,40.52404169983252,30631900
2015-07-21,41.07129669189453,41.11473345643067,40.37635153819477,40.6369555566122,42781900
2015-07-22,39.55979919433594,40.76726725821981,39.26444703157754,39.4729289619008,59152400
2015-07-23,40.05495071411133,40.159191686541746,39.17757953101973,39.32525727957686,33934000
2015-07-24,39.90727233886719,40.23737261243399,39.78565732064803,39.881212924609,32333200
2015-07-27,39.394744873046875,39.968075115161156,39.307877959965445,39.90726761325209,39701400
2015-07-28,39.38606262207031,39.64666669568467,38.908287934817224,39.594547869218154,34328900
2015-07-29,40.211326599121094,40.63697930474243,39.31658108419614,39.43819945670691,40945900
2015-07-30,40.72383499145508,41.1755502720644,39.8985859848373,40.18524947586668,39777900
2015-07-31,40.56747055053711,41.149486193868164,40.39373340004288,41.079993321926786,31201500
2015-08-03,40.66303253173828,40.82808102804662,40.35030627451318,40.810706978894,24125900
2015-08-04,41.297149658203125,41.44482403113866,40.55008248891676,40.61088997350896,33403900
2015-08-05,41.331912994384766,42.05291771227879,41.297164900718386,41.679383989766734,26959700
2015-08-06,40.49797439575195,41.49696052653599,40.24605900679156,41.444838387219775,27368000
2015-08-07,40.602210998535156,40.636955771083606,40.18524059035476,40.298170213976945,19163000
2015-08-10,41.11473846435547,41.25372751202479,40.689082641878,40.78463823348071,23079900
2015-08-11,40.315547943115234,40.77594853063489,39.872521400338236,40.671707575939166,29237400
2015-08-12,40.602210998535156,40.741200030008656,39.70746600177459,40.12443309619509,30181400
2015-08-13,40.59353256225586,40.91494415730389,40.38505061932336,40.880199375988965,22627200
2015-08-14,40.82806396484375,40.91493086054168,40.41109690072629,40.419782264792225,21473400
2015-08-17,41.10606002807617,41.21898969299845,40.454548083446355,40.66303336378279,21099700
2015-08-18,41.333396911621094,41.47330249941123,40.834983046642954,40.957400019007785,23574100
2015-08-19,40.756290435791016,41.16726460453837,40.48522187024938,40.90493867986654,31485500
2015-08-20,39.92559814453125,40.633872113751785,39.92559814453125,40.28410644943268,36238200
2015-08-21,37.6608772277832,39.76820736512868,37.6608772277832,39.610813136147456,70053100
2015-08-24,36.4454460144043,37.32859954205689,34.73160147749436,35.369921024334914,88753700
2015-08-25,35.38740921020508,37.80952773638869,35.31745473904856,37.22367071509757,70616600
2015-08-26,37.34608840942383,37.45976275939393,35.903312438502795,36.73400011769392,63408000
2015-08-27,38.38663101196289,38.430350879780924,37.53845156672222,37.800774109242525,50943200
2015-08-28,38.412872314453125,38.605243785911945,37.94068961302492,37.949435590243766,28246700
2015-08-31,38.054359436035156,38.412867740217784,37.68710515567517,38.089336669519454,34441700
2015-09-01,36.56786346435547,37.24116025566266,36.42795785418857,36.87390594421653,49688900
2015-09-02,37.914451599121094,37.93194021483066,36.620324057124606,37.04004082731706,37671500
2015-09-03,38.03688430786133,38.45660125167442,37.84451279109183,37.958187172420516,28285200
2015-09-04,37.2586555480957,37.63465256819967,36.90014714934697,37.43353842603462,37138800
2015-09-08,38.37788772583008,38.47407344313589,37.77454550220134,37.86198524396354,32469800
2015-09-09,37.6608772277832,38.82384532685418,37.52097161709021,38.6577051209224,33469500
2015-09-10,37.85324478149414,38.290450186679486,37.38106214334696,37.70459320921261,31366600
2015-09-11,38.019378662109375,38.1155643774279,37.54719606087966,37.72207887640314,27132500
2015-09-14,37.634647369384766,37.9844097413333,37.477253134543375,37.97566709967011,23656000
2015-09-15,38.45659255981445,38.727661150758536,37.66962471888851,37.765807119920595,28882200
2015-09-16,38.73640823364258,38.80636271762778,38.33417995756785,38.447854326237106,23372200
2015-09-17,38.692691802978516,39.34850013862222,38.544043514660515,38.72766904809347,32768200
2015-09-18,38.019378662109375,38.46533000847486,37.88821905217596,38.036867277222946,63143700
2015-09-21,38.57026290893555,38.885051346852244,38.124311510016014,38.141800127190564,26177200
2015-09-22,38.38663101196289,38.51779061541699,37.870728566241056,37.931937048308725,28085900
2015-09-23,38.36039733886719,38.62271988765202,38.04560894608053,38.412863182869025,17145200
2015-09-24,38.39537811279297,38.58774955628024,37.835755734225444,37.99314994514912,27905600
2015-09-25,38.421607971191406,39.11239327892748,38.26421376599553,38.893790586779026,29384600
2015-09-28,37.85324478149414,38.552772762668184,37.78329031557047,38.325427419641315,27613800
2015-09-29,37.98440933227539,38.09808368635067,37.64338960566252,37.92320083445323,32763600
2015-09-30,38.70142364501953,38.73640088037246,38.17677845717667,38.36914991600501,34958900
2015-10-01,39.007469177246094,39.12988616450966,38.25547530049826,39.12988616450966,28657900
2015-10-02,39.846893310546875,39.846893310546875,38.40411439450041,38.71016012534066,41839000
2015-10-05,40.773780822753906,41.001126186975384,39.960578426448144,40.004298303920024,34369300
2015-10-06,40.87868881225586,41.25468557513192,40.41525233803656,40.51143802188083,27017200
2015-10-07,40.922428131103516,41.403353443447294,40.1791802243552,41.18475072550805,27711500
2015-10-08,41.49079895019531,41.55200744793669,40.66010790648855,40.71257376267242,33772700
2015-10-09,41.193485260009766,41.569482097275056,41.0273451057319,41.490785007251816,28600600
2015-10-12,41.09729766845703,41.158506142816435,40.66009237411174,41.079809056409815,19769100
2015-10-13,41.00112533569336,41.210985413059156,40.71257148187975,40.71257148187975,19987800
2015-10-14,40.8174934387207,41.18474434688531,40.68633049402634,40.79126218402673,24697800
2015-10-15,41.10606002807617,41.123548648513875,40.68634314441107,41.10606002807617,27189400
2015-10-16,41.543243408203125,41.56947799269502,41.009855779169996,41.11478411030306,26450300
2015-10-19,41.63945388793945,41.866802632273114,41.114808584361526,41.46457100820898,29387600
2015-10-20,41.770606994628906,41.80558422941866,41.114798852578105,41.482049811032454,30802200
2015-10-21,41.272186279296875,41.96297154242044,41.19348918178137,41.901759723808695,25144300
2015-10-22,41.99795150756836,42.80241121354159,41.1760065201635,41.560746088299524,56637100
2015-10-23,46.23009490966797,47.27938846524072,45.68796118460675,45.73168105450306,135227100
2015-10-26,47.436798095703125,47.49800660059044,45.906578802293346,45.93281006564124,64633300
2015-10-27,46.94710922241211,47.5417087645041,46.850926847448726,47.20943510056783,50999900
2015-10-28,47.20069885253906,47.20069885253906,46.221359601939504,46.81595926656386,47000800
2015-10-29,46.658565521240234,47.069539706030355,46.53614853060815,46.81595974794229,30202100
2015-10-30,46.02897644042969,47.209432828481354,46.01148782702019,46.62357595390491,46619800
2015-11-02,46.55363082885742,46.6585591872102,46.01149375020794,46.21260782688925,30285000
2015-11-03,47.34934616088867,47.55920288497512,46.25633266073531,46.28256391734299,36596900
2015-11-04,47.567962646484375,47.987679551906986,47.27066275485834,47.37559114731063,37087800
2015-11-05,47.55045700073242,47.830268170833854,47.21817998538238,47.64664271588209,31468500
2015-11-06,48.022640228271484,48.0751060778495,47.18320664869848,47.296880988311244,32851200
2015-11-09,47.35809326171875,47.97892418773282,46.833448066475576,47.69911297218809,32513100
2015-11-10,46.789710998535156,47.33184798677717,46.579854316825575,47.27938214854387,55283700
2015-11-11,46.91215515136719,47.39308057183847,46.74601491358753,46.95587503766212,36516300
2015-11-12,46.62357711791992,47.20068803239393,46.50990279572613,46.76348269307689,35361100
2015-11-13,46.203857421875,46.59734286908447,45.93278892810585,46.40497146475722,36848200
2015-11-16,47.01707077026367,47.1219991359834,46.212611071445494,46.41372849785949,32165200
2015-11-17,46.62974166870117,47.12271015823415,46.52410268543327,46.80579992462239,31551300
2015-11-18,47.40440368652344,47.51884423039041,46.63853958731219,46.65614608314524,29710000
2015-11-19,47.48362731933594,48.11744768462615,47.34277872239316,47.5276452343331,28149200
2015-11-20,47.70372009277344,47.80055416657352,46.89384121753021,47.75653959432711,37147600
2015-11-23,47.70372009277344,47.94140281262003,47.316387155669716,47.75653959432711,28235900
2015-11-24,47.75652313232422,47.923779792444726,47.16672067971866,47.466021011062054,24600000
2015-11-25,47.2635612487793,47.73892662404915,47.2635612487793,47.61568449522278,21005100
2015-11-27,47.47483444213867,47.606881495112376,47.35159231701444,47.360393886767866,9009100
2015-11-30,47.84455871582031,48.38154511578402,47.536453416544035,48.011818756652495,56241400
2015-12-01,48.61042785644531,48.619229426109044,47.80054576544534,47.89737982222647,39952800
2015-12-02,48.60161209106445,49.26184048578924,48.46956842697666,48.69844612625267,47274900
2015-12-03,47.71251678466797,49.0945949347931,47.47483410585653,48.84811068629059,38627800
2015-12-04,49.217838287353516,49.4995355378426,47.624485485821566,47.64209198373915,43963700
2015-12-07,49.12980651855469,49.27065513623842,48.67204767155858,49.11220002158223,30709800
2015-12-08,49.112178802490234,49.38507099241946,48.407936018342184,48.830481688831014,32878000
2015-12-09,48.3991584777832,49.1826292282992,47.985414138842515,48.74247681941638,36373200
2015-12-10,48.65443801879883,48.997756292253875,48.42555693109832,48.760073635685984,31775800
2015-12-11,47.58928298950195,48.504797511928814,47.54526505905445,48.16147914625667,39549500
2015-12-14,48.53998565673828,48.601606698093995,47.2547419968978,47.82694121873789,46768900
2015-12-15,48.59281539916992,49.20902930102972,48.495981354265375,48.99775471595657,39843000
2015-12-16,49.411495208740234,49.51713081421052,48.205475560414364,48.89211539120959,37503300
2015-12-17,49.0329704284668,49.99250264600363,48.8833168894623,49.61397137205175,41280900
2015-12-18,47.6508903503418,49.29705906085721,47.56285787287573,49.094589399828735,84684200
2015-12-21,48.2671012878418,48.72485671009328,47.73891652985898,48.311115844816506,37246300
2015-12-22,48.724853515625,48.83929404273272,47.97659602182544,48.407946711326694,28322200
2015-12-23,49.13860321044922,49.19142269612368,48.80408651736882,49.03296759719589,27279800
2015-12-24,49.00655746459961,49.26184661493238,48.79528623253473,49.173817494587965,9558500
2015-12-28,49.253047943115234,49.253047943115234,48.39915132154776,48.72486311569474,22458300
2015-12-29,49.78123092651367,50.04532166920817,49.349883497001706,49.55235317833736,27731400
2015-12-30,49.56995391845703,49.98369480265732,49.55234742324278,49.71080252207543,21704500
2015-12-31,48.83930206298828,49.46431756473873,48.78648257455042,49.332273880787724,27334100
2016-01-04,48.24069595336914,48.24069595336914,46.99946648475076,47.81815010853053,53778000
2016-01-05,48.46077346801758,48.760077202840534,48.01181954483112,48.3551378434024,34079700
2016-01-06,47.58046340942383,47.8885720372019,47.21953865432623,47.81814605664842,39518900
2016-01-07,45.92549133300781,47.08749654412079,45.837462212483594,46.39205507445411,56564900
2016-01-08,46.066341400146484,46.902628084945555,45.907886303257165,46.10155103204757,48754000
2016-01-11,46.039939880371094,46.524106843619805,45.30048372188526,46.22480308046848,36943800
2016-01-12,46.46249008178711,46.744187372253464,45.82867285728612,46.44488358137089,36095500
2016-01-13,45.458927154541016,47.59806751403222,45.15962346841192,47.36038487874482,66883600
2016-01-14,46.75297927856445,47.025871563760816,45.39730934700383,45.775840605271995,52381900
2016-01-15,44.8867301940918,45.74942824458573,44.31453089702459,45.168427379636945,71820700
2016-01-19,44.508201599121094,45.49414180673867,44.06804930095845,45.31808021585451,43564500
2016-01-20,44.7106819152832,45.23006188529342,43.22296464354229,43.99763381330757,63273000
2016-01-21,44.43777084350586,45.40610781024737,44.279315764549885,44.89552958736809,40191200
2016-01-22,46.03113555908203,46.066348554547474,45.12441939537526,45.25646644932264,37555800
2016-01-25,45.590972900390625,46.34803534155197,45.46773080217279,45.72301656644031,34707700
2016-01-26,45.92549133300781,46.163173988138034,45.37970339794714,45.59097798853923,28900800
2016-01-27,45.089202880859375,45.95190098960488,44.9131412884817,45.78464096570308,36775200
2016-01-28,45.82865524291992,45.96069890814536,45.115607361559505,45.65259366452405,62513800
2016-01-29,48.4959716796875,48.4959716796875,47.53643970683681,48.17906154434673,83611700
2016-02-01,48.16147232055664,48.49598906758777,47.976609128024755,48.311125875055886,44208500
2016-02-02,46.6561393737793,47.76532158699026,46.34803413624715,47.686094046182674,56313800
2016-02-03,45.91668701171875,46.999461248119076,45.124411542110956,46.87621914353464,57559800
2016-02-04,45.77584457397461,46.488892592599136,45.221251670599976,45.8638737010708,46987100
2016-02-05,44.15608596801758,45.775846836558095,43.62790446314189,45.72302734283208,62009000
2016-02-08,43.495849609375,43.63669820929509,42.42187693617459,43.619091714543146,59290500
2016-02-09,43.381412506103516,44.22650753060749,42.84442612700171,43.15253477240388,46740500
2016-02-10,43.75994873046875,44.35855623477848,43.592692035301326,43.91840385561522,38237000
2016-02-11,43.742340087890625,44.11206981447201,42.70358025534216,42.853233803131,48878600
2016-02-12,44.45538330078125,44.61383840099604,43.79515483591816,44.23530714582689,34243300
2016-02-16,45.29767990112305,45.29767990112305,44.446520552836944,45.12922233704765,37291200
2016-02-17,46.476890563964844,46.78721140797023,45.61686643460553,45.65233225372729,40789000
2016-02-18,46.27296829223633,46.94680534295866,46.193171888393074,46.39709866215331,27176000
2016-02-19,45.944915771484375,46.352762535581654,45.6877936619509,46.07791089909316,33559100
2016-02-22,46.68081283569336,46.991130267596844,46.352759113731004,46.352759113731004,25008300
2016-02-23,45.37746810913086,46.432550649408526,45.200142431366665,46.40595298151599,28895300
2016-02-24,45.537071228027344,45.66119821600515,44.5085861219454,44.943030579867724,33014500
2016-02-25,46.19316482543945,46.19316482543945,44.872095364279176,45.86511449633476,26939500
2016-02-26,45.483863830566406,46.7074073315738,45.306538146300596,46.63647570498503,35975900
2016-02-29,45.11149978637695,45.794201727350064,44.916441122611104,45.52821141050303,31654000
2016-03-01,46.61874771118164,46.62761247369324,45.14694685099589,45.19128081017255,33024500
2016-03-02,46.946800231933594,46.9556649948592,46.246365583587654,46.46802186099791,29289900
2016-03-03,46.41482925415039,46.96453932976644,45.90945314562457,46.96453932976644,24427800
2016-03-04,46.131103515625,46.503487821578375,45.84738375023499,46.45915724239989,33034200
2016-03-07,45.244476318359375,45.92717802930961,44.845497741931545,45.7143899061756,38407800
2016-03-08,45.794185638427734,46.219765260773286,44.86322662095276,45.04055230914829,33835100
2016-03-09,46.849281311035156,46.85814607592529,45.98038891689562,46.00698659377315,28251600
2016-03-10,46.148834228515625,46.93792999985853,45.359738457172725,46.92906523732707,38387800
2016-03-11,47.053192138671875,47.053192138671875,46.44142205868968,46.99112865442178,32275700
2016-03-14,47.1418571472168,47.514241465371434,46.66308214131298,46.73401039388126,24083600
2016-03-15,47.51424026489258,47.51424026489258,46.76061026658717,46.769475029606795,21104800
2016-03-16,48.18807601928711,48.409732308947504,47.345784824342864,47.39011540583363,31691700
2016-03-17,48.462928771972656,48.76438144711581,47.877756329895526,48.06394679278225,28223900
2016-03-18,47.42557907104492,48.73778384040269,47.39011325457964,48.69344987871788,67625500
2016-03-21,47.75363540649414,47.815698901988405,46.929073672405394,47.212793475295406,23925700
2016-03-22,47.93981170654297,48.09940447121748,47.39896993539109,47.531965033355135,23124100
2016-03-23,47.85115432739258,48.090543493238286,47.647230974755,47.97528129141492,20129000
2016-03-24,48.06394577026367,48.17034321725521,47.63836612891654,47.735895430888945,19950000
2016-03-28,47.46990966796875,48.13487850700834,47.28371920476721,48.0639468740517,17025100
2016-03-29,48.50725555419922,48.64025066425385,47.39010948212371,47.576299930435276,23924300
2016-03-30,48.80870056152344,49.33180939309502,48.67570885450358,48.702306519466426,23008300
2016-03-31,48.96830368041992,49.28748925635589,48.64025334168855,48.72004973567254,26360500
2016-04-01,49.269752502441406,49.30521831526715,48.38312747503421,48.808707082324936,24399200
2016-04-04,49.1456184387207,49.3495417596948,48.76436946144568,49.1456184387207,18928800
2016-04-05,48.374271392822266,49.03037213679365,48.28560684484865,48.93284282512601,19272300
2016-04-06,48.87078094482422,48.941712585543044,48.06395213378491,48.19694726902931,21188700
2016-04-07,48.28561019897461,48.684592237054204,48.08168679777991,48.64912641540115,19225100
2016-04-08,48.250144958496094,49.01264322218654,48.16148378550244,48.471801273187175,22167200
2016-04-11,48.152618408203125,48.897383751374136,48.14375026169246,48.312211223325974,21414200
2016-04-12,48.454063415527344,48.569322244165726,47.66496422981244,48.20580608584585,24944300
2016-04-13,49.07469940185547,49.15449579853354,48.66685265537039,48.87077602861293,20818000
2016-04-14,49.08356475830078,49.27862335736568,48.826442674480006,48.95943778878903,20877100
2016-04-15,49.340694427490234,49.580080258518336,48.86191600102048,49.03037357379757,28793800
2016-04-18,50.058860778808594,50.17412300827021,48.950579216850166,49.19883658662956,23786000
2016-04-19,49.996795654296875,50.333714185181975,49.36729255932728,50.20958719543662,29596800
2016-04-20,49.28749465942383,50.09432345050655,49.198833492925075,49.90813297153516,36195700
2016-04-21,49.45595169067383,49.85493369999148,49.136766083219705,49.47368460022202,38909100
2016-04-22,45.90944290161133,46.48575052312153,45.0139531108373,46.02470510235458,126834100
2016-04-25,46.2020378112793,46.21977072041414,45.77645813866279,45.90944988386424,33226900
2016-04-26,45.608001708984375,46.414830552373914,45.29768422391414,46.33503414446915,33532600
2016-04-27,45.16469192504883,45.661203314608066,44.818908596440856,45.643470402601615,43369300
2016-04-28,44.24260711669922,45.01397023810841,43.94115435696809,44.88097508032422,43134800
2016-04-29,44.21598434448242,44.5529027651469,43.754938974679895,43.754938974679895,48411700
2016-05-02,44.872100830078125,44.996227813929,44.136200308381284,44.33125892997932,33114500
2016-05-03,44.13619613647461,44.69477089321178,43.97660334883542,44.6327074071528,26460200
2016-05-04,44.21598434448242,44.384445245917505,43.852468258204276,44.18938667886875,24257600
2016-05-05,44.27804946899414,44.59723499707482,44.091859038349014,44.21598599211243,25390700
2016-05-06,44.677032470703125,44.677032470703125,44.02979663726133,44.260317645282086,24787300
2016-05-09,44.39331817626953,44.8543636309132,44.33125469027965,44.76570247441517,17951600
2016-05-10,45.235618591308594,45.306546849315986,44.49971804401716,44.62384841439193,22891000
2016-05-11,45.262210845947266,45.909446765476105,45.21788026722459,45.33314247766863,24039100
2016-05-12,45.67005920410156,45.936049450299315,45.14695023929591,45.39520757693338,24102800
2016-05-13,45.2888069152832,46.015839149391454,45.25334110332524,45.607989076286884,22592300
2016-05-16,45.95378494262695,46.06904378143954,44.99622811977163,45.0405587025616,20032000
2016-05-17,45.096656799316406,46.185906020719386,44.96273489223613,46.17697925592557,27803500
2016-05-18,45.36451721191406,45.65914819574263,44.909173774365925,45.06988282222257,24907500
2016-05-19,44.927024841308594,45.194872084105356,44.480611634693155,45.06095016563821,23842400
2016-05-20,45.19487380981445,45.73057172172541,44.99845430739011,45.06987865212734,23905800
2016-05-23,44.66810607910156,45.248444632328784,44.62346543789853,45.177016881713854,26118700
2016-05-24,46.0609245300293,46.16806276861973,44.99846209983813,45.266309399245806,34757900
2016-05-25,46.534114837646484,46.86446308500916,46.23948387248778,46.355548861802845,24040200
2016-05-26,46.32876205444336,46.409116567897826,45.855565145135074,46.364475928392565,24335200
2016-05-27,46.71269226074219,46.71269226074219,46.2216382612332,46.35556022153736,17721400
2016-05-31,47.31979751586914,47.31979751586914,46.49839889191701,46.659104504804006,37653100
2016-06-01,47.18588638305664,47.275171090236704,46.8198275982767,46.8198275982767,25324800
2016-06-02,46.855533599853516,47.08767039361198,46.28412519346769,46.99838570144997,22840800
2016-06-03,46.23948669433594,46.801964954655,46.069847474293724,46.76625448199714,23368300
2016-06-06,46.54305648803711,46.739476044629356,46.328776583006835,46.41806129587926,18243300
2016-06-07,46.51625061035156,47.07873215406588,46.51625061035156,46.64124915795866,20866800
2016-06-08,46.46269989013672,46.819828508207685,46.31091758791243,46.44484294835366,21149400
2016-06-09,46.08769989013672,46.42697489105906,45.97163490513013,46.42697489105906,20305700
2016-06-10,45.96271896362305,46.47162991963543,45.56987643441492,45.578803203001264,25833200
2016-06-13,44.76631546020508,45.2841564105951,43.80206471259471,44.26633485250431,83217800
2016-06-14,44.48954772949219,44.730607896000535,44.25741092386224,44.552045314270345,42577100
2016-06-15,44.36454391479492,44.748459550729194,44.36454391479492,44.44489842942913,33757600
2016-06-16,44.989524841308594,45.0609525930288,44.203836601699656,44.21276677359601,31188600
2016-06-17,44.75740051269531,45.025247824096276,44.480623027591754,45.00739088255443,45710500
2016-06-20,44.703819274902344,45.38236927197971,44.66810540013773,45.21273006977909,35607900
2016-06-21,45.703792572021484,45.91807245527704,44.7841822609976,44.8198961425174,34097800
2016-06-22,45.52522659301758,45.94485274917013,45.4895127141518,45.6055811175341,28816800
2016-06-23,46.34662628173828,46.480551627183004,45.66807959928046,45.78414459907867,29028800
2016-06-24,44.48954772949219,45.48058231920133,44.212770278429694,44.47169079014658,133503000
2016-06-27,43.239593505859375,43.8824297625339,42.89139166878176,43.83778570681563,50216300
2016-06-28,44.1413459777832,44.16813309183079,43.45386908552383,43.677075736028954,38140700
2016-06-29,45.12345886230469,45.284167928760326,44.462765655113344,44.56097712970994,31304000
2016-06-30,45.68593215942383,45.8020005626111,45.08774001581045,45.284162943379236,28527800
2016-07-01,45.677005767822266,46.17698985762081,45.596651242780766,45.650222061429425,21400400
2016-07-05,45.68593215942383,45.784143623208216,45.30201988278212,45.382374407163624,24806400
2016-07-06,45.8734245300293,46.01627662758658,44.98952483486304,45.3377266097925,28167500
2016-07-07,45.8734245300293,46.07877420740147,45.59664710094715,45.90913500002162,19585200
2016-07-08,46.694828033447266,46.74839885272959,46.025208118801665,46.18591717078565,28391000
2016-07-11,46.95375061035156,47.16803049101517,46.84661237295134,46.873396080835604,22269200
2016-07-12,47.50728988647461,47.676929074941704,47.132304449391675,47.26622636012318,27317600
2016-07-13,47.775150299072266,48.08764165541356,47.48051928945911,47.81979435416618,25356800
2016-07-14,47.98049545288086,48.20370206785249,47.83764335553352,48.069776736524446,24545500
2016-07-15,47.94478225708008,48.21262951767238,47.50729578695124,48.167988875217446,32024400
2016-07-18,48.176918029785156,48.516193059815436,47.81085929412662,47.94478463399362,31433900
2016-07-19,47.40016555786133,48.123356348702146,47.2573134343961,47.953717110556184,53336500
2016-07-20,49.91793441772461,50.748263417347694,49.578659360514614,50.132214297505435,89893300
2016-07-21,49.81971740722656,50.20363306998253,49.78400353025792,49.98042644772268,32776700
2016-07-22,50.5072021484375,50.56077297230778,49.80186829386368,50.06971900735177,32157200
2016-07-25,50.65005111694336,50.65898128996363,50.230421537431106,50.41791770636274,25610600
2016-07-26,50.67683029174805,51.150030649469656,50.45362366828818,50.46255384050974,28079000
2016-07-27,50.16792297363281,50.71254771792743,50.09649862017581,50.542911898336904,32327500
2016-07-28,50.18577194213867,50.3286240322256,49.7482889063123,49.9982792124988,37550400
2016-07-29,50.60539627075195,50.67682060555866,50.04291473350226,50.23040744396478,30558700
2016-08-01,50.51612854003906,50.66790742084672,50.12328267279469,50.53398207412922,26003400
2016-08-02,50.51612854003906,50.80183276756422,50.27506495946539,50.75718871474969,35122000
2016-08-03,50.86433792114258,50.98933311354647,50.43578151610199,50.605417362098194,22075600
2016-08-04,51.23931121826172,51.35537961447544,50.596475061832166,50.712543458045886,26587700
2016-08-05,51.74821472167969,51.971421310443866,51.29287477918016,51.471440731363955,29335200
2016-08-08,51.83750915527344,51.86429286108927,51.587515412828424,51.83750915527344,19473500
2016-08-09,51.962501525878906,52.23034878720485,51.801792487910795,51.935714415642416,16920700
2016-08-10,51.80179977416992,52.06964707317033,51.623233772881925,51.926794953312566,15756900
2016-08-11,52.05177688598633,52.18570220433596,51.810713356474395,51.810713356474395,18162300
2016-08-12,51.73038101196289,51.95358770094319,51.44467672253721,51.81073555623035,21655200
2016-08-15,51.891082763671875,52.23035783659404,51.748230639156745,51.79287128946836,19283900
2016-08-16,51.603599548339844,51.76531027064043,51.45087465899547,51.75632786477534,20523500
2016-08-17,51.71141052246094,51.81921653151064,51.41493971371021,51.69344228310412,18856400
2016-08-18,51.74734115600586,51.83718234859183,51.45087378819985,51.585630436442194,14214300
2016-08-19,51.76529312133789,51.86411668857027,51.38797051236699,51.59460004972105,17271000
2016-08-22,51.810218811035156,51.88209175197204,51.44187855645975,51.747331701260606,15221900
2016-08-23,52.00787353515625,52.26840784330694,51.971937059461474,52.01685936762542,18732400
2016-08-24,52.061767578125,52.14262291832067,51.85513802586725,51.92700753543548,18151500
2016-08-25,52.25941467285156,52.36722408479787,51.90904265175225,51.99888382837417,18552600
2016-08-26,52.133644104003906,52.735568034711626,51.82819093627701,52.35824192065336,20971200
2016-08-29,52.19651412963867,52.64570961587339,52.19651412963867,52.26838705243923,16417200
2016-08-30,52.00787353515625,52.27739024868515,51.75632505947473,52.08872889192401,16930200
2016-08-31,51.621559143066406,51.92701229769777,51.477816683656975,51.792255669739866,20860300
2016-09-01,51.73834991455078,51.94497948157423,51.21728136781213,51.21728136781213,26075400
2016-09-02,51.810218811035156,52.27738264585355,51.58562101124307,51.810218811035156,18900500
2016-09-06,51.75632858276367,51.92702171329728,51.3969706555347,51.90905347422672,16278400
2016-09-07,51.801239013671875,51.962949711826916,51.57664120257772,51.63054591099294,17493400
2016-09-08,51.5946044921875,51.91802585749021,51.370006702626206,51.77428340925459,20146100
2016-09-09,50.49856185913086,51.675455409427265,50.49856185913086,51.01963033130621,35113900
2016-09-12,51.25321960449219,51.39696206594293,49.9595374514355,50.30990948702852,29303000
2016-09-13,50.78606033325195,50.8938697593916,50.35483290996612,50.7591096902625,30130200
2016-09-14,50.543479919433594,50.87588708171476,50.33685038528284,50.660271717724,24062500
2016-09-15,51.37898635864258,51.522728799191135,50.291933937801,50.44466220862203,26847000
2016-09-16,51.432899475097656,51.774289112421684,50.98370384649419,51.774289112421684,44607000
2016-09-19,51.14540481567383,51.88208523225027,51.0735318837688,51.45085792209016,20937100
2016-09-20,51.0376091003418,51.52273777982183,50.98370439058148,51.52273777982183,17384000
2016-09-21,51.891082763671875,51.97193812209283,51.28017979982479,51.66648492662378,33707300
2016-09-22,51.944984436035156,52.1066951434061,51.77429132362842,52.03482219475643,19822200
2016-09-23,51.5946044921875,52.02583183689435,51.5496856196933,51.98989536806287,19955300
2016-09-26,51.11846160888672,51.33407358175701,51.05557449787534,51.2801723020847,21688700
2016-09-27,52.061767578125,52.16059115248529,50.9208104118485,51.14540819827088,28065100
2016-09-28,52.133644104003906,52.16059817242352,51.810222699694165,51.99888747026865,20536400
2016-09-29,51.567657470703125,52.25941569522752,51.396960945327294,51.93599773433284,25463500
2016-09-30,51.74734115600586,51.90006946985647,51.513760909464494,51.720390511775605,29910800
2016-10-03,51.58563232421875,51.70242416530897,51.262214300347004,51.576649918176976,19189500
2016-10-04,51.423912048339844,51.74732999059289,51.1813460213323,51.45086268675501,20085900
2016-10-05,51.783267974853516,52.07075288332716,51.44187836088216,51.46883242717623,16726400
2016-10-06,51.87311553955078,51.98092153673354,51.45985293401697,51.87311553955078,16212600
2016-10-07,51.92700958251953,52.08872026928587,51.585619974113875,51.97192845615677,20089000
2016-10-10,52.142635345458984,52.45707095055356,51.98990703220515,52.02584350909912,18196500
2016-10-11,51.37898635864258,52.12465262511266,51.1094697110003,52.0078608212013,26497400
2016-10-12,51.3071174621582,51.450859904416426,50.669260588830475,51.3071174621582,22177500
2016-10-13,51.13643264770508,51.47782231128262,50.59739922276448,50.938788886342024,25313700
2016-10-14,51.58563232421875,51.873120723923414,51.31611559078003,51.31611559078003,27402500
2016-10-17,51.40595245361328,51.621564451353706,51.09151343519637,51.53172669014368,23830000
2016-10-18,51.801239013671875,52.06177329704284,51.57664120257772,51.68444719231754,19149500
2016-10-19,51.684444427490234,51.96294693210129,51.567656039474045,51.63054314904905,22878400
2016-10-20,51.432899475097656,51.675465525794415,50.90284849626193,51.657497289399394,49455600
2016-10-21,53.598018646240234,54.30774851397871,53.44529378783826,54.1550202284863,80032200
2016-10-24,54.80186462402344,54.80186462402344,53.840586289211906,53.84956869352551,54067000
2016-10-25,54.792877197265625,55.134263363339144,54.622180687138645,54.667099558770396,35137200
2016-10-26,54.46944808959961,54.9815306929536,54.32570566457199,54.63115874614189,29911600
2016-10-27,53.99330139160156,54.64912988192621,53.98431898891174,54.45148275185084,28479900
2016-10-28,53.786678314208984,54.37063394474056,53.5261474798566,53.912452529501245,33574700
2016-10-31,53.83160400390625,54.28079964516885,53.83160400390625,54.047219419632235,26434700
2016-11-01,53.72380065917969,53.92144784775199,53.229686114839865,53.87652896682854,24533000
2016-11-02,53.39140319824219,53.840598915254425,53.27461135223343,53.741775309177115,22147000
2016-11-03,53.193756103515625,53.58006469516625,53.10391833075139,53.48124108887079,21600400
2016-11-04,52.74456024169922,53.25664308466008,52.57386710307605,52.69065894902419,28697000
2016-11-07,54.280799865722656,54.37064105059468,53.70582999090484,53.70582999090484,31664800
2016-11-08,54.32572555541992,54.60422467814275,54.03824060010481,54.3975950807032,22935400
2016-11-09,54.056209564208984,54.433535738981654,53.18477222581043,53.90348466931639,49632500
2016-11-10,52.73556900024414,54.34369021939906,51.77429060155171,54.33470438739776,57822400
2016-11-11,53.02305603027344,53.11289379128903,52.11567887939781,52.313326066141194,38767800
2016-11-14,52.21449279785156,53.07695090841297,51.459844093041745,53.02304620553717,41328400
2016-11-15,53.24557113647461,53.80633894600251,52.74811871532206,52.757165249479336,35904100
2016-11-16,53.9510612487793,53.960104334171156,53.191314416893775,53.30889177820001,27332500
2016-11-17,54.84648132324219,55.12686530578701,54.240494475789504,54.63845583306099,32132700
2016-11-18,54.58418273925781,55.298707269955464,54.53896041015193,54.973100980005015,27686300
2016-11-21,55.04545974731445,55.144950942,54.64749496857227,54.71985345570451,19652600
2016-11-22,55.280616760253906,55.40724065981336,55.00023625415584,55.15399286069446,23206700
2016-11-23,54.629417419433594,55.26253703055592,54.49374695976846,55.181135444805456,21848900
2016-11-25,54.74697494506836,54.74697494506836,54.38519293426753,54.538949512553465,8409600
2016-11-28,54.81934356689453,55.190172180511475,54.4575580388691,54.57513885301374,20732600
2016-11-29,55.253482818603516,55.54290985405556,54.73794069606441,54.855521507417556,22366700
2016-11-30,54.50277328491211,55.33487851114513,54.46659749700445,55.04545150643157,34655400
2016-12-01,53.54405212402344,54.403290125934674,53.3088905065358,54.36711088474545,34542100
2016-12-02,53.58926773071289,53.78825008206046,53.18225994397555,53.43551115030207,25515700
2016-12-05,54.46660232543945,54.80125168238561,53.86965864401875,53.99628253852581,23552700
2016-12-06,54.22239685058594,54.68367009547973,54.08672642254772,54.656537389969,19907000
2016-12-07,55.50673294067383,55.51577947667258,54.08673041021475,54.27666626327786,30809000
2016-12-08,55.18112564086914,55.69667122585467,55.027369034126565,55.44341997615735,21220800
2016-12-09,56.049415588378906,56.067505211536435,55.28966866697702,55.33489099974942,27349400
2016-12-12,56.23030090332031,56.34788172032481,55.82329648719547,55.913741146280415,20198100
2016-12-13,56.962913513183594,57.36087483267098,56.293614773580146,56.5287729509494,35718900
2016-12-14,56.69158172607422,57.38801669205841,56.55591127741442,56.981008796321824,30352700
2016-12-15,56.60113525390625,57.116677421970245,56.347883987840575,56.70966953922427,27669900
2016-12-16,56.347877502441406,56.935778093214395,56.18507436808096,56.935778093214395,42453100
2016-12-19,57.5417594909668,57.67742990703586,56.456406513140315,56.58303384491771,34338200
2016-12-20,57.46942138671875,57.70457960020219,57.0081445964631,57.60508839249046,26028400
2016-12-21,57.46942138671875,57.614134929687715,57.08954618002333,57.36993017900702,17096300
2016-12-22,57.478450775146484,57.975903244906974,57.3518268865066,57.7407450874675,22176600
2016-12-23,57.19807052612305,57.46940792434793,56.80010578850049,57.38800635985624,12403800
2016-12-27,57.234249114990234,57.94877361044828,57.17093716731597,57.17093716731597,11763200
2016-12-28,56.971961975097656,57.34279060018315,56.827248449460456,57.34279060018315,14653300
2016-12-29,56.89055633544922,57.16189374534678,56.7367962846871,56.854377094064915,10250600
2016-12-30,56.20315170288086,56.97194488047159,56.103660536937454,56.94480873051512,25579900
2017-01-03,56.60113525390625,56.836293447135745,56.19412737116027,56.79107111577346,20694100
2017-01-04,56.347877502441406,56.754885338342525,56.18507436808096,56.51068063680185,21340000
2017-01-05,56.347877502441406,56.6734837711623,56.10367280090073,56.248386314749766,24876000
2017-01-06,56.8362922668457,57.11667623585762,56.11272462934699,56.347882817693076,19922900
2017-01-09,56.6553955078125,57.053360268112186,56.564950853331155,56.76392978323859,20382700
2017-01-10,56.637298583984375,57.044306377155145,56.329781968060004,56.73678976123078,18593000
2017-01-11,57.15283203125,57.18901126302584,56.46544387871632,56.62824697146615,21517300
2017-01-12,56.62826919555664,57.342793777462205,56.031325437947096,57.035277087163784,20968200
2017-01-13,56.70967102050781,56.863427641204304,56.39310779221761,56.637312528243946,19422300
2017-01-17,56.55589294433594,56.70965296632394,56.103662862387964,56.69156334901702,20664000
2017-01-18,56.52876663208008,56.70965937535115,56.18507076488924,56.68252322120313,19670100
2017-01-19,56.347877502441406,56.962910798860364,56.257432850126634,56.29361209114948,18451700
2017-01-20,56.7458610534668,56.81821610924183,56.41120813849642,56.68254563557887,30213500
2017-01-23,56.944820404052734,57.08953391593405,56.592081434482175,56.709662241086455,23097600
2017-01-24,57.451332092285156,57.65031450885059,56.92674333961011,57.16190500468618,24672900
2017-01-25,57.59602737426758,57.975899012455216,57.388001936654064,57.84023204892046,23672700
2017-01-26,58.12966537475586,58.37387354073842,57.478456249691625,57.99400183863783,43554600
2017-01-27,59.49540710449219,59.612991378922665,58.6904378586346,59.14266808217192,44818000
2017-01-30,58.90752029418945,59.50446764194797,58.6090535207974,59.414022956056826,31651400
2017-01-31,58.473365783691406,58.92559598016159,58.12062678248348,58.663301638150664,25270500
2017-02-01,57.50558090209961,58.4462203337409,57.40608972852807,58.21105875070966,39671500
2017-02-02,57.134761810302734,57.35183382440348,56.7548900984297,57.20712029841719,45827000
2017-02-03,57.59602737426758,57.61411699278727,57.04430608526386,57.433224257832315,30301800
2017-02-06,57.559852600097656,57.5688991351799,57.10762245276786,57.43322871088407,19796400
2017-02-07,57.36992263793945,57.68648239337249,57.18902987044519,57.650306600067694,20277200
2017-02-08,57.28852844238281,57.713625983199684,57.17999414800683,57.496553944204706,18096400
2017-02-09,57.939720153808594,58.283419457685376,57.27042151541876,57.45131425155508,22644400
2017-02-10,57.88546371459961,58.1568045859558,57.8673740931597,58.111578807234764,18170700
2017-02-13,58.536685943603516,58.66330986433245,58.00305064868631,58.10254185789992,22920100
2017-02-14,58.755062103271484,58.89155504132716,58.25459031117374,58.609474727046184,23108400
2017-02-15,58.71867370605469,58.7550722920027,58.38199893509628,58.69137650217378,17005200
2017-02-16,58.70956039428711,59.36472092358285,58.63677017950237,58.90974910516292,20546300
2017-02-17,58.80056381225586,58.864259592933735,58.50938210882566,58.664070870140584,21248800
2017-02-21,58.682254791259766,59.1008279711782,58.645856217921036,58.79145051127597,20655900
2017-02-22,58.56396484375,58.59126203827201,58.28188457726515,58.53666764922799,19292700
2017-02-23,58.80056381225586,58.90065817365244,58.40928774742908,58.61857090866235,20273100
2017-02-24,58.80056381225586,58.96435395433031,58.363787785950855,58.71866527005893,21796800
2017-02-27,58.44568634033203,58.7277666630615,58.281896198223436,58.7277666630615,15871500
2017-02-28,58.218196868896484,58.41838212030526,58.01800814632801,58.30919332059111,23239800
2017-03-01,59.09174728393555,59.13724030445568,58.25459378699342,58.3546881513852,26937500
2017-03-02,58.24549102783203,58.91884733928897,58.12719738943472,58.864252945535846,24539600
2017-03-03,58.46388626098633,58.49118346286618,57.89062072338961,58.22730241198766,18135900
2017-03-06,58.482078552246094,58.745963058359926,58.06350875442787,58.20909960760107,18750300
2017-03-07,58.600379943847656,58.94615607583987,58.40929258598459,58.40929258598459,18521000
2017-03-08,59.13724136352539,59.219139909639736,58.46388494381964,58.47298632501452,21510900
2017-03-09,58.90065383911133,59.32832151086502,58.673167933099855,59.31922707309417,19846800
2017-03-10,59.08263397216797,59.38291700470624,58.91884385826693,59.246424086069005,19538200
2017-03-13,58.8824577331543,59.319233776676086,58.75506616677704,59.15544362814538,20100000
2017-03-14,58.60947799682617,58.73686956150009,58.372890687151916,58.718666799506906,14280200
2017-03-15,58.91885757446289,59.073546345181164,58.46388570130102,58.73687160212608,24833800
2017-03-16,58.818763732910156,58.92795948268052,58.5093861887073,58.91885810128635,20674300
2017-03-17,59.02804946899414,59.3647241900659,58.8551579469393,59.06444804954881,49219700
2017-03-20,59.08263397216797,59.31011985579062,58.891546663003126,59.06443815609818,14598100
2017-03-21,58.4274787902832,59.601306888805105,58.35468163479684,59.31922658919402,26640500
2017-03-22,59.17363739013672,59.273731751997744,58.34559223748212,58.34559223748212,20680000
2017-03-23,59.02804946899414,59.3647241900659,58.93704954644777,59.091745249384964,19269200
2017-03-24,59.12814712524414,59.55581485037747,58.92795839219632,59.47392324630506,22617100
2017-03-27,59.23732376098633,59.34651948630287,58.55486609797423,58.80964918139448,18614700
2017-03-28,59.410221099853516,59.57401123277709,58.8278577255295,59.10993803244047,20080400
2017-03-29,59.573997497558594,59.60129468969912,59.10082302606475,59.2555186853901,13618400
2017-03-30,59.79239273071289,60.03808138879978,59.4739138612657,59.5285082553656,15122800
2017-03-31,59.92888641357422,60.22916946954551,59.55580620300646,59.7377990894976,21040300
2017-04-03,59.646812438964844,60.00168992733511,59.3192321508816,59.883392802998685,20400900
2017-04-04,59.81060028076172,59.88339049795208,59.40112146525967,59.501215824005556,12997400
2017-04-05,59.655906677246094,60.37476303244223,59.54671787646457,60.32927001288976,21448600
2017-04-06,59.81060028076172,60.110876414680135,59.58311436403366,59.69230316097882,18103500
2017-04-07,59.76511001586914,60.01989317316563,59.5467254442322,59.91979879818195,14108500
2017-04-10,59.628597259521484,59.89248171120769,59.47390852856276,59.70139440667314,17952700
2017-04-11,59.58311080932617,59.70140097973269,59.00984189028818,59.69229959975717,18791500
2017-04-12,59.355628967285156,59.61041208548151,59.24643322706416,59.52851354473594,17108500
2017-04-13,59.10084915161133,59.92890137160755,59.10084915161133,59.41023366470811,17896500
2017-04-17,59.58311080932617,59.59220524698288,59.15543620062127,59.18273339822901,16689300
2017-04-18,59.50120544433594,59.79238708925999,59.29192232515322,59.44661105538706,15155600
2017-04-19,59.18273162841797,59.82879074098382,59.04623870214212,59.73779777090613,26992800
2017-04-20,59.601318359375,59.82880430731155,59.27373803896076,59.56491977462673,22299500
2017-04-21,60.420257568359375,60.693236488118195,59.55580696665931,59.755995673207096,32522600
2017-04-24,61.44849395751953,61.566791075842616,61.057217907882965,61.40300094012686,29770000
2017-04-25,61.803375244140625,61.912570988800226,61.512193534034594,61.78517942452381,30242700
2017-04-26,61.72148132324219,62.158250400830134,61.530393984007546,61.94896724266238,26190800
2017-04-27,62.12183380126953,62.22192813216609,61.49397756656612,62.01264503470406,34971000
2017-04-28,62.29474639892578,62.913508407815804,61.5940927873378,62.70422523937457,39548800
2017-05-01,63.159183502197266,63.28657504051277,62.33113156082828,62.49492167327939,31954400
2017-05-02,63.0590934753418,63.432166736712006,62.90439778909694,63.432166736712006,23906100
2017-05-03,62.858890533447266,63.13186938282522,62.52220898266567,63.13186938282522,28928000
2017-05-04,62.613243103027344,62.858931865565914,62.4585542924344,62.813431889593105,21749400
2017-05-05,62.786094665527344,62.81339185678508,62.32202158719419,62.695101713895816,19128800
2017-05-08,62.73152542114258,62.8316197907428,62.2583507753379,62.75882262333901,18566100
2017-05-09,62.82250213623047,63.0408866395534,62.49492191008698,62.65871202315873,22858400
2017-05-10,63.06817626953125,63.295662124714745,62.71329889083038,62.77699465258907,17977800
2017-05-11,62.29474639892578,62.54043509165899,61.9853688656406,62.20375341515483,28789400
2017-05-12,62.22195053100586,62.43124064612607,61.91257299127663,62.43124064612607,18714100
2017-05-15,62.2674446105957,62.312944570288884,61.48489251164307,62.003560117477335,31530300
2017-05-16,63.521209716796875,63.54866337837916,62.37726060345975,62.441321474522184,34956000
2017-05-17,61.754974365234375,63.2375284843346,61.709213591288446,63.04534580156656,30548800
2017-05-18,61.965431213378906,62.349796417919194,61.443790726613976,61.68173408366263,25201300
2017-05-19,61.9471549987793,62.32236680069134,61.70921154993654,61.773272442073406,26961100
2017-05-22,62.64265441894531,62.68841517907399,61.77325583339408,62.13016741964031,16237600
2017-05-23,62.8531608581543,62.91722175010623,62.57861018858114,62.889768079571624,15425800
2017-05-24,62.935516357421875,63.03618446197391,62.64266559384677,63.02703789400587,14593900
2017-05-25,63.71339797973633,63.95133438928921,63.06363566359687,63.11854299163032,21854100
2017-05-26,64.0245590209961,64.26250245059181,63.62188659892842,63.87813712886159,19827900
2017-05-30,64.4363784790039,64.4363784790039,63.850670023339326,63.868977121826006,17072800
2017-05-31,63.91472244262695,64.73836721268377,63.88726878064362,64.54618459668907,30436400
2017-06-01,64.15266418457031,64.61939737274699,63.5578092556567,64.28078592530724,21603600
2017-06-02,65.67184448242188,65.76335903155041,64.28079820006295,64.46383428043258,34770300
2017-06-05,66.14772033691406,66.70596812966915,65.71759430163273,65.86402315709536,33316800
2017-06-06,66.36735534667969,66.45887687061915,66.138565501055,66.16602614750403,31511100
2017-06-07,66.2484130859375,66.59617127392217,65.8457405656602,66.47720302116511,22301800
2017-06-08,65.84571838378906,66.367358981095,65.43389943195736,66.35821241388976,24588300
2017-06-09,64.35401153564453,65.96469410488906,62.7707826324595,65.92808688943892,49187400
2017-06-12,63.85982131958008,64.00625017385822,62.34980692486897,63.37478795847982,47761700
2017-06-13,64.65599060058594,64.81156596896606,64.0245285991364,64.079435909833,25258600
2017-06-14,64.3082504272461,65.06783443402581,63.53951985323702,64.89395888920703,25510700
2017-06-15,63.96962356567383,64.25332065718503,62.96294993511188,63.3930688543963,26068700
2017-06-16,64.06116485595703,64.08861852375723,63.34734156470014,63.81407486364228,48345100
2017-06-19,64.85733795166016,64.9213988192738,64.38145123614945,64.51872651878179,23798300
2017-06-20,63.97879409790039,64.85734624412117,63.94218688571055,64.81158548335593,21512200
2017-06-21,64.3082504272461,64.6285618151956,64.00625312009247,64.2533430954204,19891100
2017-06-22,64.29910278320312,64.60110008529922,63.795762309522516,64.55534630358152,22965700
2017-06-23,65.16851043701172,65.20511765670767,63.987953784741954,64.14352923186482,27617300
2017-06-26,64.54619598388672,65.62608443244967,64.46383498340666,65.34238723242375,19607000
2017-06-27,63.338172912597656,64.22587853107828,63.3107192513434,64.16181766078128,25215100
2017-06-28,63.878150939941406,63.9147511843036,62.95383767221916,63.33820307705293,25806200
2017-06-29,62.67926788330078,63.59442732027395,62.31320271208904,63.49375922363791,28918700
2017-06-30,63.081939697265625,63.49375864732061,62.90805717154305,62.94466438654319,24161100
2017-07-03,62.38641357421875,63.6950917735178,62.24913827010251,63.44800181179818,16165500
2017-07-05,63.21919250488281,63.548650340500004,62.432155117809515,62.46876231977919,21176300
2017-07-06,62.75246810913086,62.94465070953871,62.340649248558435,62.47791754734203,21117600
2017-07-07,63.56696701049805,63.91472504664089,62.871443956100684,62.871443956100684,16878300
2017-07-10,64.04286193847656,64.2899519199897,63.329031696312086,63.56697511036691,15014500
2017-07-11,64.05200958251953,64.68347185338486,63.83237326391482,64.06116313224426,17460000
2017-07-12,65.11358642578125,65.23255462274561,64.56449223516748,64.69261398024031,17750900
2017-07-13,65.68096923828125,65.92806611919526,65.25999686639798,65.43387933947746,20269800
2017-07-14,66.60528564453125,67.05371169879032,65.85485537772378,66.11109883730039,25868100
2017-07-17,67.1269302368164,67.21844476627454,66.55038241733016,66.62359683374109,21803900
2017-07-18,67.08116149902344,67.1635224625298,66.49546026261328,66.88897195328963,26435300
2017-07-19,67.59366607666016,67.75839502901876,67.21844741435561,67.26420817194297,22416200
2017-07-20,67.92313385009766,67.99634828003039,67.06288175366889,67.88652663513129,42361000
2017-07-21,67.52961730957031,67.98719703901683,66.9622159314961,67.21845946284814,46717100
2017-07-24,67.3557357788086,67.49301109610457,66.92560970960048,67.29167489501883,21394800
2017-07-25,67.89569091796875,68.00550559811602,67.26422857866822,67.53877924326326,22018700
2017-07-26,67.76753997802734,68.06953720060532,67.5478967480119,68.03292999560276,16252200
2017-07-27,66.9531021118164,68.10619856689772,66.18436415964621,67.50219665930027,36844200
2017-07-28,66.84325408935547,67.09034409468876,66.38567431627564,66.50464254371563,18306700
2017-07-31,66.53209686279297,67.20931996068721,66.26670673607421,67.08119818154253,23600100
2017-08-01,66.42229461669922,67.19102543544724,66.33992661062501,66.89817460228876,22132300
2017-08-02,66.12942504882812,66.40396869969548,65.37899456507712,66.39482213214542,26499200
2017-08-03,66.02875518798828,66.29415226422783,65.75420456233014,66.0653624035502,18214400
2017-08-04,66.51377868652344,66.84323659548593,66.11110635732229,66.25753519779958,22579000
2017-08-07,66.25755310058594,66.71513287754838,66.12943132160551,66.62361831857855,18705700
2017-08-08,66.61444854736328,66.92559936851784,65.66268200518388,65.97383282633844,22044600
2017-08-09,66.32162475585938,66.3582319818123,65.93725935652526,66.12028850417548,22213400
2017-08-10,65.35153198242188,66.06535515224923,65.29661767405014,65.79995810513952,24734500
2017-08-11,66.34906768798828,66.53209680600638,65.23257191458332,65.53457624321514,21443700
2017-08-14,67.34658813476562,67.4655633451744,66.76088657958071,66.86155468895124,20096600
2017-08-15,67.36498260498047,67.70539115753067,67.19937597803563,67.70539115753067,19181400
2017-08-16,67.76058959960938,68.17460260570824,67.31896964303431,67.47537393251068,18150400
2017-08-17,66.61055755615234,67.96301057901948,66.61055755615234,67.69619949797045,22977500
2017-08-18,66.69335174560547,67.01536267170387,66.17813426384804,66.49094287225455,18761500
2017-08-21,66.38054656982422,66.68415989555085,65.96652648402099,66.6749575773831,17734800
2017-08-22,67.30978393554688,67.3833814227027,66.56455059135556,66.56455059135556,14343700
2017-08-23,66.90495300292969,67.30056837320062,66.73014408929744,67.12575945956837,13766500
2017-08-24,66.87737274169922,67.03377706867839,66.3069482900359,66.9233702982334,17098300
2017-08-25,66.9969711303711,67.48458872257783,66.68416249360165,67.0337733851638,12794300
2017-08-28,67.00617980957031,67.24538395946121,66.7485710208798,67.2177840205748,14569700
2017-08-29,67.20857238769531,67.30977681855983,66.28853721206258,66.47254143946459,11478400
2017-08-30,68.0918197631836,68.27582402963162,67.00617774478947,67.17178439231782,16897800
2017-08-31,68.79102325439453,68.96583217444255,67.89859507876065,68.11019922683998,27652800
2017-09-01,68.02742004394531,68.76344415583883,67.75140661491457,68.73584421679837,21736200
2017-09-05,67.72379302978516,67.98140176800635,67.14417336878746,67.47537958984924,21556000
2017-09-06,67.53058624267578,68.11940821923494,67.48458167416175,67.84339484677399,16535800
2017-09-07,68.3954086303711,68.63461973110111,67.71458459524369,67.78818909074694,17471200
2017-09-08,68.064208984375,68.48742434524905,67.93539759520213,68.3862199090279,14703800
2017-09-11,68.78185272216797,68.9474593851799,68.3678325549814,68.3678325549814,17910400
2017-09-12,68.70821380615234,69.22343115791386,68.42300520347149,68.78181829049255,14394900
2017-09-13,69.19584655761719,69.21425119243375,68.58862697558955,68.93823782467749,13380800
2017-09-14,68.79102325439453,69.45344966793341,68.56101447298857,69.00263442178482,15733900
2017-09-15,69.28785705566406,69.36146156521137,68.14701523493042,68.84624403700502,38578400
2017-09-18,69.14984893798828,69.89507520312661,69.03944218713717,69.21425112115688,23307000
2017-09-19,69.4074935913086,69.6559001351427,69.01187797015416,69.19588229748942,16093300
2017-09-20,68.94744110107422,69.50866314248952,68.36781442458636,69.3246518883221,21587900
2017-09-21,68.27582550048828,69.22346082980475,68.18382336528228,69.10385875596825,19186100
2017-09-22,68.45982360839844,68.5518257258896,67.94459911568701,68.07340348403696,14111400
2017-09-25,67.40177917480469,68.31261203655153,67.08896356392201,68.16540303865112,24149200
2017-09-26,67.40177917480469,67.90779431163676,67.15336574567559,67.77898994812959,18019600
2017-09-27,67.94459533691406,68.23900630809894,67.3189711457323,67.66858899979081,19565100
2017-09-28,67.9629898071289,68.05499190574444,67.44776542012362,67.6593765643185,10883800
2017-09-29,68.5334243774414,68.57942894804903,67.97220230872585,68.0274091973174,17079100
2017-10-02,68.64383697509766,69.01185251333118,68.35862826714015,68.7358391048279,15304800
2017-10-03,68.32180786132812,68.89222512570872,68.25740568569448,68.69901859880781,12190400
2017-10-04,68.71744537353516,68.74504531208413,67.81580760482849,68.16541852530379,13317700
2017-10-05,69.89508056640625,70.03308726073196,68.96584297854594,69.2050541140897,21195300
2017-10-06,69.92269897460938,69.95029891690386,69.4994834810281,69.61908557074219,13959800
2017-10-09,70.18948364257812,70.42869475109798,69.7938682405039,69.89507267028878,11386500
2017-10-10,70.18948364257812,70.50229222968686,70.05147696384316,70.22628589152819,13944500
2017-10-11,70.30911254882812,70.34591481183853,69.8766947325983,70.25391266396949,15388900
2017-10-12,70.95313262939453,71.1095369628794,70.26310607886508,70.37350583458944,16876500
2017-10-13,71.29351043701172,71.64312823060796,71.10950624408424,71.38551253347546,15335700
2017-10-16,71.44073486328125,71.58793684560895,71.16472149486346,71.22912367825273,12380100
2017-10-17,71.3855209350586,71.41312788462588,71.07271236640446,71.27512121403282,16824000
2017-10-18,71.4039306640625,71.6247371411834,71.1831241869416,71.45913052851489,13300700
2017-10-19,71.67996215820312,71.69835977790429,71.16473755550015,71.36714646877849,15092800
2017-10-20,72.50796508789062,72.65517407539929,71.96514773990187,72.05714984743935,22866400
2017-10-23,72.52637481689453,72.99558770409719,72.46197263516213,72.67357679543517,20627200
2017-10-24,72.55399322509766,72.86680189622308,72.18597765606357,72.59079548393238,17517200
2017-10-25,72.34233856201172,72.77475606958306,71.77192144079756,72.29634103056709,20410800
2017-10-26,72.46196746826172,73.069186992825,72.4527651517243,72.86677814486696,32120700
2017-10-27,77.10813903808594,79.30702235280161,76.9241348268763,77.62336346423224,71066700
2017-10-30,77.18177795410156,77.58659582248828,76.46415138328065,77.00696896196843,31756700
2017-10-31,76.52853393554688,77.61417583344647,76.46413174750673,77.61417583344647,27086600
2017-11-01,76.52853393554688,77.0621560760578,76.25252054719651,76.98855156992276,22307400
2017-11-02,77.3289566040039,77.70616736272449,76.47332363994128,76.68492779209132,23992900
2017-11-03,77.41175842285156,77.77977389367078,76.73093436438835,77.35655855898763,17633500
2017-11-06,77.71537780761719,77.92698198189835,77.35656462573884,77.4669643621249,19860900
2017-11-07,77.5313720703125,78.11099880487068,77.21856343585635,77.99138972285083,17939700
2017-11-08,77.79817199707031,77.84417656345335,77.1265502514706,77.41175890897365,18034200
2017-11-09,77.36576843261719,77.53137507472088,76.27093115028245,77.38417307024682,21178400
2017-11-10,77.16336822509766,77.37497242723319,76.5745461558234,77.08976371161019,19397800
2017-11-13,77.21856689453125,77.22776921340164,76.78614915868694,76.97016043953167,14196900
2017-11-14,77.3289566040039,77.37495414958339,76.34451928142099,76.82293446745194,18801300
2017-11-15,76.7279281616211,77.38443281990493,76.45977717929739,77.18100745024124,19383100
2017-11-16,76.93133544921875,77.13476078972302,76.69093009640615,76.83887130932455,20962800
2017-11-17,76.1916275024414,76.85738070381588,76.04367921121916,76.85738070381588,22079000
2017-11-20,76.31185150146484,76.36732859887886,76.05294897411312,76.19164877221291,16315000
2017-11-21,77.41218566894531,77.52313985140641,76.50601986965036,76.50601986965036,21237500
2017-11-22,76.84812927246094,77.57860806004317,76.78340366113403,77.51388244871626,20553100
2017-11-24,76.98681640625,77.14400614305276,76.54297867665007,76.7556525387537,7425600
2017-11-27,77.55089569091797,77.65260840797949,77.02384209094691,77.0330835709962,18265200
2017-11-28,78.48478698730469,78.65122532456326,77.68958238202089,77.7358179969233,21926000
2017-11-29,77.06078338623047,78.52174072007902,76.91284217958933,78.32756391817176,27381100
2017-11-30,77.8282699584961,78.1518980483326,77.06080402076718,77.21800085402771,33054600
2017-12-01,77.91149139404297,78.4200477971978,76.94984861780733,77.30121524478139,29532100
2017-12-04,74.97108459472656,78.06867972698693,74.6197109196851,78.05943119486399,39094900
2017-12-05,75.44266510009766,76.45054361404094,74.87863153910605,75.2115011446917,26152300
2017-12-06,76.54299926757812,76.8758758906853,75.29471545820792,75.40567668409805,26162100
2017-12-07,76.27484893798828,76.56149701043519,75.82176960707739,76.3210845461594,23184500
2017-12-08,77.81903076171875,78.20738448090634,77.05156480149319,77.32895729181426,24489100
2017-12-11,78.80841827392578,78.93786952375505,77.78204975416222,77.93923954973148,22857900
2017-12-12,79.13203430175781,79.56662359742025,78.66970646459572,78.88237331913503,23924100
2017-12-13,78.91935729980469,79.52038487547371,78.75291900276653,79.27997243429357,22062700
2017-12-14,78.30909729003906,79.40019135116177,78.16114898467026,78.99334056596105,19306000
2017-12-15,80.30633544921875,80.52825081241492,78.4847628338514,78.83613646802107,53936700
2017-12-18,79.87176513671875,80.9073821681136,79.7330724109388,80.55601550519793,22283800
2017-12-19,79.36323547363281,79.84405354597085,78.84542325584617,79.84405354597085,23524800
2017-12-20,79.07655334472656,79.79779072554112,78.32758447585992,79.70531951073907,23674900
2017-12-21,79.05806732177734,79.61285936575429,78.96560315687512,79.56663081058497,17990700
2017-12-22,79.06731414794922,79.17826832161148,78.52176359404382,78.96560145238318,14145800
2017-12-26,78.96562194824219,79.08582468576326,78.62349669666882,78.88239924183125,9891200
2017-12-27,79.25225067138672,79.5019116970779,78.7991712880859,79.1967735788172,14678000
2017-12-28,79.26146697998047,79.45564377959226,79.10427724523205,79.42790524458505,10594300
2017-12-29,79.09506225585938,79.56663871463924,79.05807517531152,79.17827789616885,18717400
2018-01-02,79.47418975830078,79.80706652195457,79.05809733101667,79.64062814012767,22483800
2018-01-03,79.84403991699219,79.99198825526754,79.49267319543578,79.57588884479189,26061400
2018-01-04,80.54673767089844,81.05530099563414,80.04742287603828,80.06591288122807,21912000
2018-01-05,81.54540252685547,81.74882794472589,80.84266209818432,81.05533604993003,23407100
2018-01-08,81.62862396240234,81.90602356183749,80.99985765097225,81.55464979527765,22113000
2018-01-09,81.57312774658203,82.04470413327556,81.24025112709992,81.97072998348771,19484300
2018-01-10,81.20327758789062,81.54540279676549,80.82417235252088,81.24026466894988,18652200
2018-01-11,81.44367980957031,81.48990836413721,80.66696531447342,81.48990836413721,17808900
2018-01-12,82.84912109375,83.01555934524983,81.78576598997668,81.98919130342766,24271500
2018-01-16,81.6933364868164,83.94949884015071,81.37895690882785,83.31148409656204,36599700
2018-01-17,83.34845733642578,83.47790855934845,82.06318658414891,82.36832463299343,25621200
2018-01-18,83.3115005493164,83.8385541641075,82.90465672419536,83.03410799417458,24159700
2018-01-19,83.21900177001953,83.7830422352702,82.90462226063376,83.34845298618569,36875000
2018-01-22,84.70772552490234,84.71697405895789,82.9786164938695,83.21902899736216,23601600
2018-01-23,84.97586822509766,85.34573195076203,84.64299157745609,84.97586822509766,23412800
2018-01-24,84.90190124511719,86.39059775218495,84.67998581278738,85.57690313059938,33277500
2018-01-25,85.37345886230469,86.21489184533438,85.00359518703944,85.5029100904631,26383200
2018-01-26,86.97312927246094,86.97312927246094,85.60464252915904,86.1039575477901,29172200
2018-01-29,86.84368133544922,88.25840374838914,86.65875297535743,87.97176267387745,31569900
2018-01-30,85.75255584716797,86.60324433562087,85.16077684493422,86.27036776504411,38635100
2018-01-31,87.8515625,88.212177750861,86.46457859528383,86.68649404476024,48756300
2018-02-01,87.1580581665039,88.83168291632245,86.52929193683532,87.64812461449074,47227900
2018-02-02,84.86491394042969,86.8899125369779,84.60601142763281,86.5847744092254,47867800
2018-02-05,81.36971282958984,86.21490739098292,81.36971282958984,83.7368294908083,51031500
2018-02-06,84.44880676269531,84.58750652858922,78.82689841435906,80.34333319778932,67998600
2018-02-07,82.85840606689453,84.85565890879322,82.47929380606895,83.67210062402899,41107600
2018-02-08,78.60497283935547,83.10804099950988,78.37380894433113,82.95085124398825,55628700
2018-02-09,81.53611755371094,82.22960913857878,77.5138677723897,79.79776785395092,63499100
2018-02-12,82.41455841064453,83.01558601495651,81.30497441388626,82.05394325896994,35720300
2018-02-13,83.06181335449219,83.21900311171937,81.18476363525782,82.22962191246253,26407700
2018-02-14,84.3624267578125,84.5296469204601,82.13283403944776,82.22573255476256,34960900
2018-02-15,86.08108520507812,86.13682289932902,84.18592563581777,84.73403186315882,27823900
2018-02-16,85.46793365478516,86.86143257306969,85.28213663409468,85.88598049518971,30596900
2018-02-20,86.13680267333984,86.45265898353156,84.54821497088493,84.98484570719789,30911700
2018-02-21,84.994140625,86.73137179915298,84.994140625,86.37835463062913,26922500
2018-02-22,85.2171401977539,86.14613983886547,84.87340777896891,85.51441979940142,24392800
2018-02-23,87.38167572021484,87.39096769817876,85.80237967606901,86.95433687400718,26329200
2018-02-26,88.6451416015625,88.67301045599213,87.55821375257958,87.6975651124323,30199800
2018-02-27,87.51172637939453,89.03528458001894,87.51172637939453,88.94238607270316,25869100
2018-02-28,87.11227416992188,88.91453534744315,86.98221481563716,88.10630328492827,31167300
2018-03-01,86.2575912475586,87.85547131949056,85.31929988667709,87.31664997659206,37135600
2018-03-02,86.44339752197266,86.53629604498755,84.40888655574228,85.07776726177435,32830400
2018-03-05,86.99149322509766,87.57676022808525,85.70947675239536,85.78379130917797,23901600
2018-03-06,86.69422149658203,87.78114906560094,86.3412042852271,87.64179774164147,22175800
2018-03-07,87.19586944580078,87.27019108623023,85.86740024585694,86.54557281129753,26716100
2018-03-08,87.72541809082031,88.34784601945381,87.1122750535133,87.5767747771568,25887800
2018-03-09,89.68560028076172,89.68560028076172,88.25494039644242,88.52435106501905,36937300
2018-03-12,89.89923858642578,90.30800045302469,89.22107322160547,89.6484119513677,26073700
2018-03-13,87.70681762695312,90.33587996889177,87.2980557120405,90.11292214607643,35387800
2018-03-14,87.18656921386719,88.63581271421776,86.86142092740108,88.36640210894555,32132000
2018-03-15,87.49317932128906,87.86478056485572,86.23903132599274,86.88932818645625,27611000
2018-03-16,87.8833236694336,88.60794191772524,87.25160392441241,87.95764530713056,49081300
2018-03-19,86.29473114013672,87.23302227340898,85.57011293159619,87.08437900616933,33344100
2018-03-20,86.51770782470703,87.11226684794981,86.39694045950863,86.44339326257867,23075200
2018-03-21,85.91387176513672,87.37240060981932,85.66303794595186,86.33191868017377,24457100
2018-03-22,83.41483306884766,85.23567052044977,83.29406573303406,84.7897478176672,38604700
2018-03-23,80.99015045166016,84.03726669032281,80.89725194930121,83.14542830981432,44068900
2018-03-26,87.1215591430664,87.32594013699392,83.98154384716022,84.1766328628994,56396800
2018-03-27,83.1175765991211,88.38500144202068,82.22573803479705,88.19920439900842,56569000
2018-03-28,83.0432357788086,84.7525979483188,82.56015932585862,83.44270570801197,52501100
2018-03-29,84.78978729248047,85.73737081916349,82.1235630734915,83.77718116737276,45867500
2018-04-02,82.23500061035156,84.42743914393223,81.29671658373766,84.04655318280305,48515400
2018-04-03,83.34051513671875,83.65637854181578,81.64973692176751,83.2197477955441,37213800
2018-04-04,85.77449798583984,86.17396792604086,81.50110307596715,81.61257844403161,35560000
2018-04-05,85.8209457397461,86.46195747220777,84.91053046957026,85.87669051280902,29771900
2018-04-06,83.82362365722656,85.895288465694,83.12687406835393,84.99415786338619,38026000
2018-04-09,84.32525634765625,86.55485590025206,84.18591213437655,84.57609010696288,31533900
2018-04-10,86.28548431396484,86.65708558880787,85.1335267408858,85.83027647332716,26812000
2018-04-11,85.33788299560547,86.66635238288978,84.98486578533583,85.47723431913653,24872100
2018-04-12,86.9357681274414,87.47458949644601,85.8674173682642,85.8674173682642,26758900
2018-04-13,86.47122955322266,87.4931270466989,85.8766707538292,87.37235972696897,23346100
2018-04-16,87.48385620117188,87.9390709291667,86.78710677538166,87.39095769527351,20288100
2018-04-17,89.24893188476562,89.68556254017875,88.14342082852386,88.25490325789521,26771000
2018-04-18,89.59272003173828,89.85283877507837,88.7380350480012,89.38833899405559,21043300
2018-04-19,89.28611755371094,90.17795597388933,88.57078416955525,89.59268900406337,23552500
2018-04-20,88.25492858886719,89.28611832150062,87.37238213805924,89.10032130692056,31154400
2018-04-23,88.5801010131836,89.45336281229106,87.91122023835266,88.94241025159972,22331800
2018-04-24,86.50840759277344,89.62055347858393,85.84881901482625,89.4068805451384,34524800
2018-04-25,85.75592803955078,86.67564250251182,83.8700604862854,86.67564250251182,33729300
2018-04-26,87.5674819946289,88.39429086118965,86.48983933079087,86.9078932970188,42529000
2018-04-27,89.0167007446289,90.94902073140591,87.24231600439612,90.67031814357608,48272800
2018-04-30,86.8800048828125,89.55552720170498,86.53627970379486,89.49049753910421,41523600
2018-05-01,88.25492858886719,88.52433922139953,86.20184110063987,86.59201908387905,31408900
2018-05-02,86.8707275390625,88.41286270941369,86.57344804310912,88.24564254995852,27471000
2018-05-03,87.39096069335938,88.1899006293572,85.8859793304491,86.3597709407971,31142500
2018-05-04,88.403564453125,88.5986534283755,86.32260120838384,86.69420229406627,22531300
2018-05-07,89.3883056640625,89.84351329517553,88.34782399095977,88.41285365254734,24242000
2018-05-08,89.00741577148438,89.33257117876971,88.31066633479027,89.04457659196561,23484600
2018-05-09,90.05717468261719,90.08504352148003,88.3013669572513,89.19320523936567,27327400
2018-05-10,90.95833587646484,90.99548961578475,90.15939581472942,90.54028188823415,22388100
2018-05-11,90.76325988769531,90.92119520948768,90.15012382512327,90.85616551970422,16778300
2018-05-14,91.06980895996094,91.68295195873316,90.40092826591955,90.96761846016557,19454100
2018-05-15,90.41021728515625,90.9025858111258,89.49979479524269,90.33589563542807,24594000
2018-05-16,90.6434555053711,90.87671194922515,90.14895298334797,90.8393900639979,17384700
2018-05-17,89.73844146728516,91.00735740386516,89.41188378914109,90.27959825873735,17246700
2018-05-18,89.9063720703125,90.43819652359427,89.57981444433639,89.57981444433639,17865800
2018-05-21,91.0633316040039,91.44587566163955,90.31691511253574,90.50351745579701,19422500
2018-05-22,90.97001647949219,91.59514206380177,90.69010588910956,91.13796141003736,15441200
2018-05-23,92.05233001708984,92.11764153918467,89.86904591570725,90.23292541286733,21251200
2018-05-24,91.72577667236328,92.31358756259259,90.3262377808427,92.11765297199045,26649300
2018-05-25,91.77243041992188,92.35090905521858,91.30591745809568,91.71645114239806,18363900
2018-05-29,91.44586181640625,92.25758971695964,90.7181028220803,91.28724201838438,28671000
2018-05-30,92.32290649414062,92.60281710100887,91.35256585875489,91.72577051001598,22158500
2018-05-31,92.22028350830078,93.29326479807118,92.00569152140065,92.64014946608393,34140900
2018-06-01,94.03968811035156,94.10499964333395,92.52818348050076,92.63081690639068,28655600
2018-06-04,94.86073303222656,95.03801021521382,94.09565214761821,94.47819614913341,27281600
2018-06-05,95.34593200683594,95.47655508118288,94.73013141198004,95.16865478375493,23514400
2018-06-06,95.6258316040039,95.7284650322512,95.07534968742605,95.61650646938024,21122900
2018-06-07,94.12364196777344,95.81242353907001,93.65712905872107,95.77510165213518,28232200
2018-06-08,94.82341766357422,95.12198566056895,93.80642287076867,94.31958283394138,22165100
2018-06-11,94.28227233886719,94.78610007292728,93.92771793244053,94.24495044774739,23490900
2018-06-12,94.52485656738281,94.65547963070276,94.00236431410303,94.3289219724029,18325200
2018-06-13,94.09565734863281,95.1779707721775,93.82507899274664,94.90739241629133,29492900
2018-06-14,94.62747955322266,95.19662588851781,94.23561040648832,94.84207862981849,25691800
2018-06-15,93.42388916015625,94.73012696067008,93.36790987904475,94.71146957310735,65738600
2018-06-18,94.10499572753906,94.33825220968775,92.76143611246731,93.31192511191811,23586000
2018-06-19,94.10499572753906,94.23561878806849,92.83607989517638,92.97603520815018,28653100
2018-06-20,95.04735565185547,95.65381682182691,94.34758619257484,94.58084267900172,26180800
2018-06-21,94.3662338256836,95.59782766198296,94.12364511171518,95.24328040189243,23198200
2018-06-22,93.68512725830078,94.02101000905284,92.9573611294751,93.68512725830078,38923100
2018-06-25,91.8004150390625,93.40522067894193,90.78342025473339,93.3025872634783,35433300
2018-06-26,92.44422149658203,93.37724753400795,92.13632119580978,92.20163273369265,26897200
2018-06-27,91.00735473632812,93.32125517514591,90.87673166889921,92.9107285854079,31298400
2018-06-28,92.02434539794922,92.47220097881412,90.74610442290755,90.85806297930654,26650700
2018-06-29,92.00567626953125,93.21861267749306,91.74443018004337,92.3042442458634,28053200
2018-07-02,93.31195068359375,93.35859772175313,91.4365660600201,91.52986725476372,19564500
2018-07-03,92.41621398925781,93.89038943341315,92.31358057550732,93.75044124959189,14670300
2018-07-05,93.07865905761719,93.22793948926052,92.39754706768208,92.83607034797181,18977400
2018-07-06,94.3848876953125,94.63680151412822,92.99467421126174,93.19994101392274,19234600
2018-07-09,95.02869415283203,95.4019059666061,94.46887999138256,94.84209180515663,18212000
2018-07-10,95.28059387207031,95.64447335166318,95.03800517953451,95.16862821741802,19293100
2018-07-11,95.14998626708984,95.48586904868206,94.32891890330956,94.3755730465872,19644600
2018-07-12,97.21195983886719,97.4172266526723,95.84974303265916,95.88705780024019,24335900
2018-07-13,98.36892700195312,98.52753970633557,97.11866851709442,97.37992176471764,24635200
2018-07-16,97.8837661743164,98.73281617695201,97.51987946641677,98.34094694496635,21786900
2018-07-17,98.85409545898438,99.36726257316333,97.33326573998045,97.6038441166909,25901700
2018-07-18,98.07966613769531,98.94738034104718,97.7064544264347,98.84474694248998,29493900
2018-07-19,97.40789794921875,98.2569477518369,96.93205278337834,97.9024004995292,40171600
2018-07-20,99.15267181396484,100.95341231368171,98.97540171104927,100.8414537472979,56004000
2018-07-23,100.73880004882812,100.8974127315773,99.02202881928545,99.18064862045681,29707000
2018-07-24,100.44956970214844,101.53187602184825,100.07635792629857,101.29861955174489,26316600
2018-07-25,103.40726470947266,103.7058327199657,100.3935878473892,100.72947774899673,30702100
2018-07-26,102.2783203125,103.56589372591932,102.16635462151501,103.32330495466385,31372100
2018-07-27,100.4682388305664,102.80080380423445,99.0313779525761,102.80080380423445,37005300
2018-07-30,98.31293487548828,100.32826697912625,97.74378854620771,100.0110416118143,34668300
2018-07-31,98.97538757324219,99.57252357007198,98.32226518279408,99.35792448445069,27655200
2018-08-01,99.1620101928711,99.3206229173286,98.3596071982432,98.92875367393098,23628700
2018-08-02,100.3656005859375,100.85077094507196,97.81843662481825,98.34093599437423,26104300
2018-08-03,100.80410766601562,100.81343991711636,99.66581505807143,100.58018346855145,18659600
2018-08-06,100.88806915283203,101.15864746748359,100.35624477394349,100.87874402083882,20265900
2018-08-07,101.58785247802734,101.79311930497038,100.92540497552542,101.2892844893163,16080200
2018-08-08,102.15702056884766,102.39960933583156,101.47591553634811,102.00774010192025,15487500
2018-08-09,102.32496643066406,102.78215432594983,102.25965489111238,102.36228832732559,13677200
2018-08-10,101.69983673095703,102.34362696614032,101.12135803279064,102.09170595305831,18183700
2018-08-13,100.96275329589844,102.241001613874,100.86011985555756,101.92376903870468,18472500
2018-08-14,102.2223129272461,102.39959012198118,100.804116724633,101.28928704914148,16788300
2018-08-15,100.83612823486328,102.08182265533847,100.04936671822058,101.61351444056571,29982800
2018-08-16,100.8174057006836,101.9600790444256,100.49895950105306,101.4355760587672,21384300
2018-08-17,100.76119995117188,101.06091693096086,99.927611877827,100.55514318772636,18061500
2018-08-20,100.09619140625,101.06090509868977,99.73091160320612,100.6956252956459,17914200
2018-08-21,99.26263427734375,100.54579449598543,99.14086954127912,100.14304905647025,22881900
2018-08-22,100.27415466308594,100.53640612526557,99.07528675265534,99.14084961820025,18000600
2018-08-23,100.74246215820312,101.32316692441043,100.09620167274169,100.35845313302359,18167700
2018-08-24,101.52922821044922,101.6790831319401,100.74246664871791,100.84549503353767,17234000
2018-08-27,102.65315246582031,102.6906179780244,101.63224405506799,102.34406734949839,19662300
2018-08-28,103.27134704589844,103.49613302630314,102.83113610598518,102.97163002341968,19151500
2018-08-29,104.9197769165039,104.92914508230857,103.28069804571155,103.44928930111143,20818000
2018-08-30,104.85421752929688,105.47238786822903,104.3765482446497,104.59196604459245,22798700
2018-08-31,105.21012878417969,105.63160333332333,104.45146459157802,104.61069482077622,23222700
2018-09-04,104.62943267822266,104.86358681289215,103.23387603642121,103.8239418832942,22634600
2018-09-05,101.613525390625,104.35781211075539,101.2482455154043,103.97380304908467,32872400
2018-09-06,101.84767150878906,102.08182562298259,100.69563726861412,101.38873144579836,23477600
2018-09-07,101.35127258300781,101.82894900814723,100.43339239677421,101.37000891503043,22498600
2018-09-10,102.44710540771484,102.69062768715796,101.49175976654027,101.94133166386366,20727900
2018-09-11,104.18921661376953,104.51703095694624,101.98816928579241,101.9975374515451,24301800
2018-09-12,104.62943267822266,104.7605584219722,103.50549569013587,104.36718119072354,18891100
2018-09-13,105.75336456298828,106.5213897499132,105.01343672563853,105.01343672563853,26055600
2018-09-14,106.1842269897461,106.52140953892064,105.31317326201479,106.17485882287525,19122300
2018-09-17,105.03217315673828,106.49329260198623,104.76992168152114,106.48393158202616,20736500
2018-09-18,106.03433990478516,106.49327993181218,104.63878349437961,105.07899433789807,22170900
2018-09-19,104.62007141113281,106.13739287634445,104.0019081706657,105.88450953838463,21728400
2018-09-20,106.37153625488281,106.58696119532966,104.83548575736815,105.16330010516393,23714500
2018-09-21,107.01778411865234,107.98249779749374,106.31532186949806,106.77426187145052,71229700
2018-09-24,107.40180969238281,107.61723462623164,105.10710218227763,105.86575924191418,27334500
2018-09-25,107.19573974609375,107.80454181040652,106.540111151182,107.52356118936538,22668000
2018-09-26,106.75553894042969,107.76707920762652,106.53074586254955,107.21447896925706,19352000
2018-09-27,107.15828704833984,107.62659525399647,106.96159131364588,107.50483054720343,19091300
2018-09-28,107.12083435058594,107.30815479693361,106.4745666627976,106.95224309054625,21647800
2018-10-01,108.28223419189453,108.3477970610953,107.4580142439682,107.47674342981836,18883100
2018-10-02,107.85137939453125,108.49763984841243,107.186382611079,107.99187328305011,20787200
2018-10-03,107.87012481689453,108.81610951979165,107.645338848915,108.10427895106986,16648000
2018-10-04,105.6409912109375,107.48612712682156,104.55451248340093,107.34563320228591,34821700
2018-10-05,105.02279663085938,105.99687856542401,103.62724016550584,105.49110484098759,29068900
2018-10-08,103.82393646240234,104.9291442061696,102.40964356201331,104.58260067827553,29640600
2018-10-09,105.14456176757812,105.91258694948763,103.77710264592541,104.09554880011939,26198600
2018-10-10,99.43121337890625,104.4327421750558,99.08466269336486,104.1892198785722,61376300
2018-10-11,99.19705200195312,102.02563054684424,97.5954315784439,98.6725419289343,63904300
2018-10-12,102.62504577636719,104.18919325297394,100.33033874282148,102.10054294488592,47742100
2018-10-15,100.7799301147461,102.54077364069461,100.17112798387701,102.00690254195452,32068100
2018-10-16,103.96442413330078,104.34844030108228,102.04435758602591,102.59696499769406,31610200
2018-10-17,103.69280242919922,104.7230790563576,102.60633110381173,104.6013214949225,26548200
2018-10-18,101.62288665771484,103.5242169421737,100.99535533989359,103.12147157557774,32506200
2018-10-19,101.77275085449219,103.83330426649405,101.35126914807132,102.02563416169134,32785500
2018-10-22,102.68125915527344,103.53358355737394,101.37936285745415,102.39091034154605,26545600
2018-10-23,101.24822998046875,102.06308880945073,98.44774898486058,100.93914485783945,43770400
2018-10-24,95.8345947265625,101.61351649892464,95.1508615749849,101.53859261386364,63897800
2018-10-25,101.43557739257812,102.34408946302068,99.42185033785012,99.79649839502558,61646800
2018-10-26,100.18049621582031,101.85704054528202,98.11994285162167,98.99099644970364,55523100
2018-10-29,97.26763153076172,101.81022056722784,95.18834155574065,101.25762020861788,55162000
2018-10-30,97.15525817871094,97.76405334678036,93.76470298667438,97.0896952923426,65350900
2018-10-31,100.04004669189453,101.28574885761199,98.71005243694883,98.75688613928877,51062400
2018-11-01,99.2064208984375,100.51768546637362,98.84114102430188,100.26480214805551,33384200
2018-11-02,99.43121337890625,100.5176848283107,98.3260055974093,99.73093038003337,37680200
2018-11-05,100.6956558227539,100.91107364584752,99.1877024778274,99.62791343695496,27922100
2018-11-06,100.892333984375,101.9413399270377,99.54360389144634,100.57388064762594,24340200
2018-11-07,104.86357116699219,105.12582261536274,102.46583547238595,102.50330098584118,37901700
2018-11-08,104.6668930053711,105.09773573429341,103.88013858189994,104.7137266883087,25644100
2018-11-09,102.62504577636719,104.38588181477942,101.86638887428676,103.82391347450447,32039200
2018-11-12,100.09619140625,102.99033248356932,99.37499281862907,102.48455879955111,33621800
2018-11-13,100.16175842285156,101.84766362708768,99.88077064923759,100.73309498893498,35374600
2018-11-14,98.74137115478516,101.83615249918697,98.27103977435972,101.68564301264092,39495100
2018-11-15,100.91429901123047,101.40344766182095,97.74427012614555,98.76018044528102,38505200
2018-11-16,101.8643798828125,102.41936751402731,100.46279425961175,100.7261787067434,33502100
2018-11-19,98.4121322631836,102.11833834592643,97.40562348164902,101.84554530725245,44773900
2018-11-20,95.67481994628906,96.86005717567562,93.45485499199788,95.75948333673219,64052500
2018-11-21,96.99171447753906,98.23338873564178,96.17333548916102,97.4526371098348,28130600
2018-11-23,96.95411682128906,97.65020530041825,95.94760788835133,96.10751884576017,13823100
2018-11-26,100.15238189697266,100.30288423177814,98.37452955840888,98.57206790972835,32336200
2018-11-27,100.7825927734375,100.96132096820409,99.10821445410717,99.96421370847533,29124500
2018-11-28,104.52645111083984,104.72398943421905,101.45988842643234,101.48810716167401,46788500
2018-11-29,103.6516342163086,104.52645089039292,102.5604619446819,103.78332643161698,28123200
2018-11-30,104.31008911132812,104.38534385181254,102.87087628882739,104.13136089684943,33665600
2018-12-03,105.43885803222656,106.68994090160633,104.15956361230624,106.29486436707128,34732800
2018-12-04,102.08071899414062,105.95625212756151,101.78911583668973,105.29779106987006,45197000
2018-12-06,102.71097564697266,102.75800448197585,98.7695961333036,99.54093935889617,49107400
2018-12-07,98.60028076171875,102.95554722271972,98.11113923194607,101.94903824893815,45044900
2018-12-10,101.20590209960938,101.57276717564733,97.72545278593303,98.58145933554282,40801500
2018-12-11,102.14656829833984,104.36653304333619,101.06481183778708,103.28477658278342,42381900
2018-12-12,102.60749816894531,104.66754478511174,102.56987079639461,104.31009551091134,36183000
2018-12-13,102.95551300048828,104.29125927283292,102.18416999825143,103.0778037247983,31333400
2018-12-14,99.73845672607422,102.7768001548162,99.23990668436569,101.82672889651741,47043100
2018-12-17,96.7847671508789,99.52209855836453,95.6747850782588,99.15524074574891,56957300
2018-12-18,97.80070495605469,98.30866369026091,96.4367396947545,97.5937580076721,49319200
2018-12-19,97.53731536865234,100.53802443102674,95.33616097047434,97.49968800033369,68198200
2018-12-20,95.48667907714844,98.12053050741318,92.9186665765358,96.93530059330335,70334200
2018-12-21,92.4012680053711,96.8882243643071,91.67695395962673,95.59951433041822,111242100
2018-12-24,88.5445785522461,92.156727100459,88.40348488670755,91.88393405260621,43935200
2018-12-26,94.59304809570312,94.71533885178029,88.38467510195547,89.49465748392001,51634800
2018-12-27,95.17626190185547,95.18567053927964,90.6798948892371,93.40781843055292,49498500
2018-12-28,94.43311309814453,96.3332554736779,93.61473409363037,96.03223656717414,38196300
2018-12-31,95.54312133789062,96.32387319270401,94.4801749460507,95.2797368993241,33173800
2019-01-02,95.11981964111328,95.7124345886197,93.06917456384244,93.64297941413524,35329300
2019-01-03,91.62053680419922,94.24498626580323,91.43239998202982,94.16032290165552,42579100
2019-01-04,95.88172149658203,96.42730742679093,93.05973421483432,93.80285839356338,44060600
2019-01-07,96.0040512084961,97.14225243176435,94.98814075267295,95.60897452141552,35656100
2019-01-08,96.70012664794922,97.80070026425463,95.67480059197456,96.92588368231493,31514400
2019-01-09,98.08289337158203,98.65669817399824,97.11401197045893,97.69722540904053,32280800
2019-01-10,97.45266723632812,97.5937680954181,96.30505744153847,97.09521794642963,30067600
2019-01-11,96.70012664794922,97.30215019071561,95.60895449125594,97.06698452005102,28314200
2019-01-14,95.99462890625,96.76597201309896,95.2515045313964,95.85352806958649,28437100
2019-01-15,98.77901458740234,98.81664196515689,95.83473507413393,96.42735730290731,31587600
2019-01-16,99.12704467773438,99.95483254648335,98.73196801857021,99.01416973322331,29853900
2019-01-17,99.8231201171875,100.30285288761121,98.5438183760184,98.76957539602286,28393000
2019-01-18,101.31879425048828,101.49752248771381,99.62560543421861,101.08362853906017,37427600
2019-01-22,99.40924072265625,100.74498011889754,98.6378975468435,100.4157495883715,32371300
2019-01-23,100.37812805175781,100.6885485028788,99.08941741257198,99.82314043613641,25874300
2019-01-24,99.89837646484375,100.65090950000453,99.08940596388634,100.51921729535442,23164800
2019-01-25,100.81082153320312,101.47869120024069,99.89837755057714,100.87666763624381,31225600
2019-01-28,98.84484100341797,100.16177025559415,98.44976438077123,99.95482330753528,29476700
2019-01-29,96.83183288574219,98.74137726006862,96.107518496157,98.6567138744798,31490500
2019-01-30,100.06769561767578,100.06769561767578,98.1393413853101,98.41213442999036,49471900
2019-01-31,98.2334213256836,98.97654583545942,97.0575927678145,97.64080631612524,55636400
2019-02-01,96.68132781982422,97.92300251074741,96.2768425020476,97.62199068193839,35535700
2019-02-04,99.46566772460938,99.52211236439351,96.67189847429468,96.76597048170603,31315100
2019-02-05,100.85785675048828,100.90488557989966,99.67261972834298,99.76668456385265,27325400
2019-02-06,99.73845672607422,100.65090061826663,99.26812541477392,100.65090061826663,20609800
2019-02-07,99.0235595703125,99.3245713481541,98.10171414047313,98.94831200836727,29760700
2019-02-08,99.39981079101562,99.50328424654043,98.07348031598465,98.19576386492955,21461100
2019-02-11,99.00477600097656,100.25585945337046,98.74139152188076,99.89840293743575,18914100
2019-02-12,100.54743957519531,100.78260525989297,99.22110884537786,99.84194252110234,25056600
2019-02-13,100.4721908569336,101.38463491653091,100.37812601275283,101.12125048214973,18394900
2019-02-14,100.55684661865234,100.92370450683256,99.39042685050721,100.00185187968289,21784700
2019-02-15,101.79852294921875,101.87377769088145,100.98955241806276,101.5069197961348,26606900
2019-02-19,101.75149536132812,102.21242530963815,101.3846374362244,101.39404607388258,18038500
2019-02-20,101.22247314453125,101.96877128095086,100.41004769006621,101.89319514394548,21607700
2019-02-21,103.35743713378906,103.4235644422162,100.9579491879048,100.98628843332557,29063200
2019-02-22,104.83113098144531,105.0484033250841,103.74474764124416,103.9620271922187,27763200
2019-02-25,105.41682434082031,105.97418921778795,105.1050854580215,105.57742539798181,23750600
2019-02-26,106.14427947998047,106.97559555243522,105.02010761244448,105.10513258757733,21536700
2019-02-27,105.96476745605469,106.14425898541508,104.74612923493187,105.51132503402692,21487100
2019-02-28,105.83251953125,106.63549624368551,105.54911980133396,105.84196835111521,29083900
2019-03-01,106.30484008789062,106.76773127349874,105.49241470487596,106.64492546716824,23501200
2019-03-04,106.04978942871094,106.98502070422992,104.67055735559426,106.76774111126231,26608000
2019-03-05,105.52075958251953,106.17259112880612,105.07676600947781,106.04033649728954,19538300
2019-03-06,105.56800842285156,106.42767083239418,105.2657110583906,105.68137263727606,17687000
2019-03-07,104.28323364257812,105.37906599687508,103.792003171321,105.23736254315226,25339000
2019-03-08,104.39659118652344,104.58552430787523,102.78118921475482,103.12127459905733,22818400
2019-03-11,106.58827209472656,106.70162910964508,104.84061511046357,104.85005672348133,26491600
2019-03-12,107.33454132080078,107.68406829874702,106.41820059216161,106.57879445810103,26132700
2019-03-13,108.16584777832031,108.63818772495054,107.4856771019991,107.81631362317313,35513800
2019-03-14,108.25089263916016,108.8271480950577,108.0052809946386,108.20366295706174,30763400
2019-03-15,109.49785614013672,110.7637238098711,108.25087169078259,108.95938165118687,54681100
2019-03-18,111.06603240966797,111.10382047628282,109.6301219149873,109.7434789074951,31207600
2019-03-19,111.14161682128906,111.8879149760128,110.51812448670825,111.55727117033899,37588700
2019-03-20,111.01879119873047,112.18075077801713,110.25360269977124,110.89598539251988,28113300
2019-03-21,113.5694351196289,114.13624169995389,110.61258199325013,110.65981887800085,29854400
2019-03-22,110.57479858398438,112.97427947844122,110.56534976578482,112.88926173665482,33624500
2019-03-25,111.15104675292969,111.48168329508216,109.8851718678281,110.1118930385418,27067100
2019-03-26,111.38723754882812,112.14297732816111,110.38587171038922,112.05795957601282,26097700
2019-03-27,110.31031036376953,111.67065223927426,109.12946004332123,111.3589060249147,22733400
2019-03-28,110.46141052246094,111.07545384071071,109.70566379117892,110.9431992438366,18334800
2019-03-29,111.41556549072266,111.77454130891901,110.48977588638711,111.53837130047324,25399800
2019-04-01,112.43582153320312,112.52084648941533,111.56671757712907,112.36969421496568,22789100
2019-04-02,112.5964126586914,112.87037072637554,111.96347157463804,112.4735996447392,18142300
2019-04-03,113.33326721191406,113.76781917179834,112.55862985606177,113.22935182940513,22860700
2019-04-04,112.75701904296875,113.57889333722271,111.83122935953311,113.4560803096422,20112800
2019-04-05,113.25769805908203,113.57889304500007,112.76646757203578,112.78535800304871,15826200
2019-04-08,113.29548645019531,113.38050420100086,112.07684823728805,113.18212224178394,15116200
2019-04-09,112.68142700195312,112.92704581511403,112.02015389806178,112.067383572719,17612000
2019-04-10,113.54110717773438,113.69225225078107,112.92706365151442,113.13489443337386,16477200
2019-04-11,113.67334747314453,114.16457790772184,113.2860252090457,113.87172941060862,14209100
2019-04-12,114.25904083251953,114.28738728611536,113.71113192105035,113.96619234472254,19745100
2019-04-15,114.35352325439453,114.85420252911716,113.90007365790156,114.24960787201775,15792600
2019-04-16,114.08900451660156,114.92032755908333,113.45607062368417,114.91087874069058,14071800
2019-04-17,115.03368377685547,115.10925990881587,113.87173137914496,114.53300451545691,19300900
2019-04-18,116.54518127441406,116.68687751715254,114.58969384391747,115.4304585184045,27991000
2019-04-22,116.91360473632812,117.14032592975076,115.78943317307387,115.83667005839962,15648700
2019-04-23,118.50066375732422,118.63291838324955,116.9797283518464,117.23478878546338,24025500
2019-04-24,118.09444427490234,118.88797198485345,117.63154590342805,118.83129349338155,31257000
2019-04-25,122.00541687011719,124.10260763422319,121.7031267641713,122.8650791341199,38033900
2019-04-26,122.70449829101562,123.29965137000285,121.88263121216619,122.52500676467507,23654900
2019-04-29,122.59114837646484,122.97845628683946,122.19438443909982,122.71394699526277,16324200
2019-04-30,123.37520599365234,123.46966533889803,122.23213692320574,122.62890076845024,24166500
2019-05-01,120.80567932128906,123.42243982621928,120.63563662804668,123.30908283561544,26821700
2019-05-02,119.22807312011719,120.91905134363124,118.57624155262006,120.90016091308712,27350200
2019-05-03,121.76923370361328,122.26991289891765,120.21051762988024,120.31443299577387,24911100
2019-05-06,121.06075286865234,121.44807518139439,119.13361174630688,119.39812102947833,24239800
2019-05-07,118.57622528076172,120.1443974722007,117.34814565848089,119.46422674855661,36017700
2019-05-08,118.56680297851562,119.37922845213072,117.84884407471543,118.50067565891149,28419000
2019-05-09,118.55734252929688,118.83130060002185,116.73410980210666,117.41428056979122,27235800
2019-05-10,120.09716796875,120.85291486529836,116.97027941877091,117.99998438513462,30915100
2019-05-13,116.52626037597656,118.604560411755,116.23341192299348,117.24421909432442,33944900
2019-05-14,117.82994079589844,118.9163170413206,116.85691433162265,117.01751541086755,25266300
2019-05-15,119.48926544189453,120.14350990367045,117.28949503446358,117.82047908730318,24722700
2019-05-16,122.24842834472656,122.67511948077474,119.90643771638348,120.18140985751204,30112200
2019-05-17,121.43302154541016,123.69916373935858,121.29078633074188,121.66057474002949,25770500
2019-05-20,119.67888641357422,120.9778841035706,119.24272591881484,119.96333513588748,23706900
2019-05-21,120.32365417480469,120.92100303800294,120.02023784578108,120.82618679156104,15293300
2019-05-22,121.05374908447266,121.5942168889053,119.96334414864516,120.05816763055573,15396500
2019-05-23,119.64094543457031,119.74524545825878,118.2755685673865,119.65990578705245,23603800
2019-05-24,119.69786071777344,120.81670985090066,119.44185611445505,120.33314479640855,14123400
2019-05-28,119.62200164794922,121.36664367850013,119.51770160981675,120.39950641965397,23128400
2019-05-29,118.46521759033203,118.8918942779165,117.61185698114781,118.88241048392133,22763100
2019-05-30,119.21427917480469,119.24272332301526,118.31350682204962,118.7686348954648,16829600
2019-05-31,117.2705078125,118.16179632621848,116.92916358316164,117.79200795010442,26646800
2019-06-03,113.62952423095703,117.92477196720918,112.84254284635166,117.43171589341557,37983600
2019-06-04,116.7774658203125,116.89124241400611,114.39753987067775,114.99488868961531,29382600
2019-06-05,119.30909729003906,119.34702523292148,117.77304815637065,118.47469701465678,24926100
2019-06-06,121.19598388671875,121.33821188356437,119.09102978864948,119.88750223057512,21459000
2019-06-07,124.5904312133789,125.3963873160439,121.61315650913318,122.49496849529856,33885600
2019-06-10,125.72823333740234,127.13153077032348,125.15932154317673,125.53858642730852,26477100
2019-06-11,125.25418853759766,127.2832867558924,124.47667644642166,126.94194245430857,23913700
2019-06-12,124.6758041381836,125.13092506611554,123.93622720478164,124.59045720891918,17092500
2019-06-13,125.4627685546875,126.10752187223672,124.7421448844494,125.14037742788226,17200800
2019-06-14,125.58602142333984,126.8565749354195,124.81800048645633,125.40586550618828,17821700
2019-06-17,125.96528625488281,126.79967195152378,125.66186275208324,125.75668621371534,14517800
2019-06-18,128.1555633544922,128.23141922494509,126.64796590781442,127.23583081878937,25934500
2019-06-19,128.65809631347656,128.88564945765052,126.87551952129806,128.0038520879205,23744400
2019-06-20,129.85281372070312,130.5260256346186,128.68656027313457,130.32690213477508,33042600
2019-06-21,129.87179565429688,130.5924049147958,129.3882306270185,129.50200722919416,36727900
2019-06-24,130.6397705078125,131.22763536877162,129.9001939188553,129.9001939188553,20628800
2019-06-25,126.51525115966797,130.4596709829963,125.85153014805815,130.13729427279054,33327400
2019-06-26,126.98933410644531,128.70554656798112,126.67644843954676,127.38758116401719,23657700
2019-06-27,127.19794464111328,127.7289359388001,126.59111191179043,127.18846807916715,16557500
2019-06-28,127.01776885986328,127.62460142533526,126.25922453601592,127.59615727914357,30043000
2019-07-01,128.64866638183594,129.6158111079522,127.97546871991858,129.54944623206106,22613500
2019-07-02,129.50198364257812,129.5114602016895,128.32623925145506,129.06581596695904,15237800
2019-07-03,130.33642578125,130.60191420213036,129.22704588281601,129.7106254457318,13629300
2019-07-05,129.95709228515625,130.2131040375174,128.6865390176314,128.89513904281043,18141100
2019-07-08,129.8623046875,129.99504886465655,128.35469253575667,129.33131351084356,16779700
2019-07-09,129.38819885253906,129.87176376106612,128.76239875819,128.9520312045911,19953100
2019-07-10,130.7061767578125,131.39834176594837,129.91918828312447,130.02348830911998,24204400
2019-07-11,131.22772216796875,132.0052344372161,130.7251893961035,131.03808961655406,22327900
2019-07-12,131.7017364501953,131.9198275058696,130.85785977483945,131.6543391901191,18936800
2019-07-15,131.7017364501953,132.30856895305763,131.2845508597503,132.21375996487708,16651500
2019-07-16,129.97607421875,131.843983625322,129.44509753895824,131.75865118779035,22726100
2019-07-17,129.20806884765625,130.7820314893076,129.16065710955138,130.56395485566256,20211000
2019-07-18,129.3502960205078,129.53992851431775,127.69098638061503,128.52538671501702,30381800
2019-07-19,129.53993225097656,133.38005185053402,129.37874390318694,132.9533751101459,48992400
2019-07-22,131.25613403320312,131.97675780652844,130.21314802301904,130.2890039185287,25074900
2019-07-23,132.07159423828125,132.73532984475054,130.87689618910082,132.51723867438002,18034600
2019-07-24,133.4274444580078,133.44641204562544,131.6543584185616,131.70175568556033,20738300
2019-07-25,132.92489624023438,133.32312872511844,132.09998712640513,133.15244939272327,18356900
2019-07-26,134.01528930664062,134.3376659075051,133.02919191928214,133.0955567639175,19037600
2019-07-29,133.72137451171875,134.17649532999744,132.14739753296877,134.16701877037724,16605900
2019-07-30,133.0766143798828,133.90152353333843,132.5551142669968,132.87749089386116,16846500
2019-07-31,129.20806884765625,133.20937648078439,128.0797360337035,133.05766470606125,38598800
2019-08-01,130.90530395507812,133.6360581289414,129.83385940002145,129.90023872942893,40557500
2019-08-02,129.80540466308594,131.15182851868855,128.25039521157714,130.9337374267353,30791600
2019-08-05,125.35850524902344,126.98935660887165,124.0026044240583,126.3920148527299,42749600
2019-08-06,127.70994567871094,128.6486315259362,126.30664795398958,126.86606883821912,32696700
2019-08-07,128.26939392089844,128.62021480989594,124.99818589625956,126.85660486655514,33414500
2019-08-08,131.6923065185547,131.7871300083364,128.8856961565949,129.52098749567253,27496500
2019-08-09,130.57342529296875,132.15687871335274,129.3882043674093,131.42677857216003,23466700
2019-08-12,128.7529296875,130.7156627359224,128.23144398797666,129.96660938109434,20484300
2019-08-13,131.41734313964844,131.60697565347672,128.0039000186056,128.99948880124586,25154600
2019-08-14,127.45977020263672,130.25669547153197,127.16485888123252,129.7239505662586,32527300
2019-08-15,127.17436218261719,128.0305717618473,125.81396110218503,127.8498159223584,28074400
2019-08-16,129.505126953125,129.8190689754021,128.1637422714522,128.315959224594,24449100
2019-08-19,131.67420959472656,131.80739584202053,130.22817711252605,131.14146460555065,24355700
2019-08-20,130.58013916015625,131.95958549088326,130.56112292606468,131.4839183468282,21170800
2019-08-21,132.03567504882812,132.70162064122573,131.28412737345974,131.80736411768265,14970300
2019-08-22,131.07481384277344,132.42570655071816,129.65732077867466,131.9119925132432,18697000
2019-08-23,126.89847564697266,131.6170999371632,126.33719192061987,130.51354871788033,38508600
2019-08-26,128.85821533203125,128.962862675366,127.38364440911691,128.4206097262371,20312600
2019-08-27,129.13412475585938,130.0664283172189,128.1066819568019,129.7524862522672,23102100
2019-08-28,128.96286010742188,129.15312404163978,127.05068361678919,128.31595982783944,17393300
2019-08-29,131.3983154296875,131.70274943500172,130.24720882309745,130.57065906658454,20168700
2019-08-30,131.1509552001953,132.40670900457172,129.63833705456977,132.37817013512296,23940100
2019-09-03,129.4194793701172,130.52303036560912,129.09602927301964,129.96174675307998,18869300
2019-09-04,130.93214416503906,130.9892219003631,129.8381010118939,130.61820210454746,17995900
2019-09-05,133.23439025878906,133.54833236365718,132.00716071101266,132.34013356908196,26101800
2019-09-06,132.33058166503906,133.35800973856473,131.4743722488255,133.21531542729912,20824500
2019-09-09,130.82748413085938,132.9489553466287,129.81907219465174,132.79673838971223,25773900
2019-09-10,129.4575958251953,130.2281744197636,127.96399374637079,130.14255780174756,28903400
2019-09-11,129.49562072753906,129.63832958276805,128.51574755637984,129.29584865291176,24726100
2019-09-12,130.82748413085938,131.68367911015054,130.20910818696422,131.14142616092158,27010000
2019-09-13,130.63723754882812,131.34121566473092,129.92373679922292,131.07484321284176,23363100
2019-09-16,129.69540405273438,130.04739309092596,129.05801182748056,129.21973691303367,16731400
2019-09-17,130.70379638671875,130.8274744696061,129.7905092288717,130.2947296759482,17814200
2019-09-18,131.77883911132812,131.92153345830215,129.88567851628142,130.67528777402822,23982100
2019-09-19,134.20472717285156,135.44145006237719,133.25339294016516,133.47219574914467,35772100
2019-09-20,132.654052734375,134.75649333887543,131.52196263216297,134.14763998762805,39167300
2019-09-23,132.36862182617188,132.83478074597855,131.70269088088082,132.45423840852231,17139300
2019-09-24,130.69432067871094,133.84323512763393,130.21865349268123,133.52929304290907,29773200
2019-09-25,132.57797241210938,133.1487789009914,129.41002688285937,130.8084897160295,21382000
2019-09-26,132.74920654296875,133.35806002764394,131.70274732792095,132.65408180498918,17456600
2019-09-27,131.0272216796875,133.52923462885389,129.99977926538577,133.32944811098793,22477700
2019-09-30,132.26402282714844,132.44477868896257,131.07485480596196,131.33171916307737,17280900
2019-10-01,130.39944458007812,133.42468173286935,130.3328441882574,132.8633977855851,21466600
2019-10-02,128.0972137451172,129.73351061847353,127.079293147094,129.61935509770498,30521700
2019-10-03,129.64784240722656,130.09497070733468,126.73676165585712,128.38256599587913,24132900
2019-10-04,131.3983154296875,131.52199355887296,129.78104969603967,130.09499182044033,22897700
2019-10-07,130.44696044921875,131.4553725300679,130.35183572465775,130.46599120061498,15303700
2019-10-08,129.06748962402344,131.05577431699612,129.01992001798655,130.40887412675275,25550500
2019-10-09,131.512451171875,131.95005679522282,130.3042526169469,130.77041162253866,19749900
2019-10-10,132.33058166503906,132.872834564055,131.5219418579829,131.75026727221453,17654600
2019-10-11,132.88238525390625,134.16669253160555,132.7111520255257,133.30097472267377,25446000
2019-10-14,132.75872802734375,133.46270624389632,132.73018915457604,132.89191427233033,13304300
2019-10-15,134.68038940429688,134.88966957298553,133.0060319251249,133.2438654746702,19695700
2019-10-16,133.5768585205078,134.1286341811286,132.73967965388178,133.93835569965174,20751600
2019-10-17,132.89186096191406,134.53766486821195,132.2544688654427,134.09053668593697,21460600
2019-10-18,130.7228546142578,133.18680706099585,129.91421462204636,132.95848159448425,32273500
2019-10-21,131.69320678710938,131.75980715923063,130.34231375529208,131.7122375386026,20078200
2019-10-22,129.7334442138672,133.19630022812208,129.62879686798826,132.20691901670997,27431000
2019-10-23,130.56112670898438,130.7608987861986,129.0104471292481,130.21864577469321,29844600
2019-10-24,133.12974548339844,133.58638195564055,131.92154666529177,132.60650863176076,37029300
2019-10-25,133.88128662109375,134.2713372106556,132.42574614415415,132.55893238007639,25959700
2019-10-28,137.17286682128906,138.58083723111196,136.52595208193924,137.372638854116,35280100
2019-10-29,135.87904357910156,137.46776969452617,135.70779590233548,137.0682111370127,20589500
2019-10-30,137.5724639892578,137.94348381334873,135.84102846602647,136.5355130086204,18496600
2019-10-31,136.39280700683594,137.87688633435837,136.03130980924124,137.84834746392224,24605100
2019-11-01,136.7257843017578,137.3917154939673,136.0122834852024,137.23949850254476,33128400
2019-11-04,137.51536560058594,137.9434631000686,137.14434583220648,137.78173802320663,16912000
2019-11-05,137.42977905273438,137.96252401445963,136.90654220953581,137.91495438940314,18250200
2019-11-06,137.04920959472656,137.48682973641874,136.23106155990013,137.34412088933692,16575800
2019-11-07,137.23947143554688,137.829308531926,136.77332695104104,136.83991279902398,17786700
2019-11-08,138.8567352294922,138.88527409193688,136.7637885421695,136.97308321090176,16732700
2019-11-11,138.9994354248047,139.29434669335302,137.68658963195605,138.26690405323768,14362600
2019-11-12,139.9127655029297,140.38843273123985,138.9519084113676,139.16120315312102,18641600
2019-11-13,140.14105224609375,140.28376109963375,139.16117908653143,139.59879924802777,16919200
2019-11-14,140.85458374023438,141.1875566217024,139.84617149287973,139.86520224741824,19729800
2019-11-15,142.67160034179688,142.69063109156312,141.05433500067744,141.68220458087544,23485700
2019-11-18,143.0236053466797,143.22339195101608,141.72979002604472,142.76675551908917,21534000
2019-11-19,143.07118225097656,143.965438924669,142.8904263893309,143.53734134068316,23935700
2019-11-20,142.8229522705078,143.9875304138099,141.7156606399206,143.48160879351005,25696800
2019-11-21,142.68939208984375,142.99486206483826,141.75391578124072,142.61302459609513,18576100
2019-11-22,142.79434204101562,143.47209419044654,142.05933249975104,143.25254683173145,15901800
2019-11-25,144.35984802246094,144.47440651037036,143.10936165195878,143.18572912202984,22420900
2019-11-26,145.12350463867188,145.495786942738,144.44576702733355,144.4839434786406,24620100
2019-11-27,145.40032958984375,145.57214545856706,144.63666952021893,145.4098700606825,15184400
2019-11-29,144.5030059814453,145.38120981697125,144.4075430265743,145.19029847283116,11977300
2019-12-02,142.75619506835938,144.93261729404318,141.58207600162126,144.91352178241925,27418400
2019-12-03,142.5270538330078,142.64159774035983,139.98789040561118,140.78974145388634,24066000
2019-12-04,143.04257202148438,143.35756785803324,142.42209169034848,143.3193913997148,17574700
2019-12-05,143.11886596679688,143.49116275144036,142.68931180107228,143.23342442576484,17869100
2019-12-06,144.8562469482422,144.9707908845051,143.44348499377273,144.13077774256487,16403500
2019-12-09,144.48391723632812,145.2953086938829,144.05436305051785,144.20709795921564,16687400
2019-12-10,144.264404296875,144.9898734377157,143.91120291561845,144.41712467637416,16476100
2019-12-11,144.80844116210938,144.97071651043245,143.50068334200006,144.65570628171125,18856600
2019-12-12,146.27857971191406,146.46949114813748,144.1594292689336,144.7607995647569,24612100
2019-12-13,147.50994873046875,147.853595090369,145.88717991756462,146.04945534229435,23845400
2019-12-16,148.46449279785156,148.81767956466223,147.78675524177686,148.06357454659525,24144200
2019-12-17,147.6626739501953,148.6363410000052,147.43357153682658,148.38814307745426,25425600
2019-12-18,147.3572235107422,148.4167986432831,147.17585256359257,147.2904110681968,24129200
2019-12-19,148.6363067626953,148.69357871144388,146.76534056516215,147.00398339534942,24958900
2019-12-20,150.25909423828125,151.290033143907,149.18996431822254,150.2018222822361,53477500
2019-12-23,150.25909423828125,150.93683180562138,150.12545481897445,150.93683180562138,17718200
2019-12-24,150.23046875,150.54547909584807,149.98227083566834,150.32591716153846,8989200
2019-12-26,151.46185302734375,151.5191249849072,150.2495431850334,150.40227811560572,14520600
2019-12-27,151.7386932373047,152.30188693097045,151.0323050781543,152.20642395398073,18412800
2019-12-30,150.430908203125,151.795952922549,149.60997619045432,151.76731694488873,16348400
2019-12-31,150.53591918945312,150.6027461844132,149.34270484177895,149.64817470627386,18369400
2020-01-02,153.32325744628906,153.42826088554256,151.1372952944172,151.5668495220527,22622100
2020-01-03,151.41412353515625,152.68370535175205,150.87956583671692,151.12776374356721,21116200
2020-01-06,151.8054962158203,151.8723232086729,149.3999720884019,149.94408480527218,20813700
2020-01-07,150.42138671875,152.41643776412104,150.17320335916705,152.0823464607139,21634100
2020-01-08,152.8173370361328,153.49508916164322,150.77455475450427,151.71003067939102,27746500
2020-01-09,154.72650146484375,154.8506004292795,153.71465793650782,154.48785857360957,21385000
2020-01-10,154.01052856445312,155.80512725217918,153.85779366217815,155.4233045620937,20725900
2020-01-13,155.86241149902344,155.89104747475955,153.93417326104023,154.41145894411306,21626500
2020-01-14,154.76467895507812,156.16790019811782,154.37330115192177,155.96743377813863,23477400
2020-01-15,155.76695251464844,156.49243609343492,155.18467794940653,155.23239486645008,21417900
2020-01-16,158.62115478515625,158.68798178601898,156.57837222412832,156.8838421156046,23865400
2020-01-17,159.50889587402344,159.86208265119686,157.91474872726818,159.8143511653507,34371700
2020-01-21,158.9361572265625,160.54938541719685,158.8693302290307,159.10797310774927,29517200
2020-01-22,158.17247009277344,159.88116096936955,158.1533745873671,159.79523847784247,24138800
2020-01-23,159.14617919921875,159.22254667551476,157.7620532846694,158.64025741366353,19680800
2020-01-24,157.54244995117188,159.91933786769545,156.97925634771383,159.90024236223502,24918100
2020-01-27,154.90785217285156,155.95788658346538,152.92234182907538,153.8291817842759,32078100
2020-01-28,157.9434051513672,158.22976494589605,155.66197987278883,156.3397174739805,24899900
2020-01-29,160.40618896484375,161.08394114088054,158.16295467202275,160.21527757735336,34754500
2020-01-30,164.9308624267578,166.14317230881892,163.03125990019,166.14317230881892,51597500
2020-01-31,162.49667358398438,164.56809162420643,161.876208045128,164.386735306438,36142700
2020-02-03,166.45816040039062,166.57270430396193,162.6589558551061,162.6875918309989,30107000
2020-02-04,171.93740844726562,172.43378968983822,168.30049347850374,169.0927895461623,36433300
2020-02-05,171.72740173339844,175.8320619700683,170.30509956420224,175.66978656794012,39186300
2020-02-06,175.28794860839844,175.4693195025829,171.88012176235213,172.74878522102316,27751400
2020-02-07,175.5361328125,177.19709227933504,174.19018365311317,174.54338497300552,33529100
2020-02-10,180.12759399414062,180.26123338802435,174.92518353606553,175.24019379999174,35844300
2020-02-11,176.06117248535156,182.03678492319855,175.16387293112035,181.9890534343469,53159900
2020-02-12,176.31890869140625,177.40711962197622,173.5888336107686,177.14938123785024,47062900
2020-02-13,175.3643341064453,177.76984376399173,174.5624829883249,174.76294940925624,35295800
2020-02-14,176.9298095703125,176.98708152211782,174.35245521424756,174.92520386350716,23149500
2020-02-18,178.72442626953125,179.17307606087337,177.0730215752583,177.17802502781936,27792200
2020-02-19,179.26046752929688,180.12192271783215,178.48515493853688,180.00706592079845,29997500
2020-02-20,176.52291870117188,179.2317365523129,173.3450925691192,178.94457998121786,36862400
2020-02-21,170.94253540039062,175.6422861817176,169.659919486155,175.3264154675454,48572600
2020-02-24,163.57223510742188,167.0755119618359,156.240244210252,160.58584282779552,68311100
2020-02-25,160.87301635742188,167.35310504591126,160.47098848757176,166.74051131834014,68073300
2020-02-26,162.88308715820312,165.8407656458263,161.00702520579085,162.4427931635171,56206100
2020-02-27,151.40650939941406,159.87754615716182,151.2150765935854,156.32642160207112,93174900
2020-02-28,155.07252502441406,156.69974059416424,145.49117093338563,145.88361772869663,97012700
2020-03-02,165.39089965820312,165.51533756180737,155.35967106198723,158.231207136145,71030800
2020-03-03,157.46548461914062,167.5062958390929,155.31183224406658,166.3576841601314,71677000
2020-03-04,163.24685668945312,163.39042767558934,158.52795733810908,161.27507058443427,49814400
2020-03-05,159.15011596679688,163.5531294844052,158.59495053526152,158.93953547189074,47817300
2020-03-06,154.65138244628906,156.1254313406518,149.319889632788,155.64684195080312,72821100
2020-03-09,144.1702423095703,150.99493069721586,143.57679622556182,144.53397486706558,70419300
2020-03-10,154.02920532226562,154.1344955707755,146.04633791651764,151.38739718518477,65354400
2020-03-11,147.05137634277344,150.9470862685925,144.67756252194508,150.40150197475725,56371600
2020-03-12,133.1052703857422,146.89821923788367,132.64582868992906,139.07807085286538,93226400
2020-03-13,152.02871704101562,154.97682962340602,134.70377417991185,141.183879021812,92727400
2020-03-16,129.6211395263672,142.95464658961282,129.2191262196637,134.00501978335495,87905900
2020-03-17,140.293701171875,141.18387042907835,129.21913564695305,134.00502955980318,81059800
2020-03-18,134.38787841796875,139.7480847719235,129.23826714365302,132.09065546935233,81593200
2020-03-19,136.59901428222656,143.7204133965548,133.0478739539187,136.65644268232242,85922700
2020-03-20,131.468505859375,140.80099857992752,130.0423042779866,139.7480961231457,84866200
2020-03-23,130.15716552734375,134.55062719768026,126.84533515014516,131.14305849558977,78975200
2020-03-24,141.9879150390625,143.19396980491564,135.22066778616053,137.59446737731713,82516700
2020-03-25,140.628662109375,147.72135823117682,138.25486354180532,142.53345256391995,75638200
2020-03-26,149.4251708984375,149.9516221166955,142.0166023310872,142.04531652432053,64568100
2020-03-27,143.2896270751953,148.25738612335064,142.81103779665065,145.25184603830556,57042300
2020-03-30,153.3687286376953,153.72289466440344,143.58636181693944,145.91231349541476,63420300
2020-03-31,150.95664978027344,157.72389517204311,149.8558855807532,152.5742694137717,77927200
2020-04-01,145.596435546875,150.99492219682824,144.36168159521696,146.44832390564008,57969900
2020-04-02,148.611572265625,148.82215276585558,143.9214020813381,145.35717025269807,49630700
2020-04-03,147.2427978515625,150.64078508097487,145.67302540319514,148.45841886264432,41243300
2020-04-06,158.1929473876953,159.37027324467843,150.83223993821088,153.45491515825577,67111700
2020-04-07,156.4891815185547,162.72041081597885,156.2690198586282,162.32796396695244,62769000
2020-04-08,158.05892944335938,159.5329782713047,156.49872342902765,158.57579953473572,48318200
2020-04-09,158.06849670410156,160.20300120701708,156.33600551975834,159.23625593654953,51385100
2020-04-13,158.42262268066406,158.48006566440998,155.3500875953282,157.31230661980788,41905300
2020-04-14,166.2619171142578,166.30977896453348,160.80600210671437,161.7631806906829,52874300
2020-04-15,164.51986694335938,166.13750115848333,161.99291595443174,163.86897788274868,40940800
2020-04-16,169.45892333984375,169.68865150302491,165.49620380864962,166.83626285245634,50479600
2020-04-17,170.95211791992188,172.29216222843243,168.33900961024494,171.813572888909,52765600
2020-04-20,167.56370544433594,171.09569728029905,167.4967105283148,169.06648305481082,36669600
2020-04-21,160.63375854492188,166.2332459470786,158.99697631635922,166.07052729833796,56203700
2020-04-22,166.08966064453125,166.5491023546214,163.50528094286486,164.05086523508652,34620200
2020-04-23,164.07958984375,167.56372012764132,163.5914339086313,166.6544031792957,32790800
2020-04-24,167.07559204101562,167.08515857276916,163.40002830356804,164.69221114910923,34277600
2020-04-27,166.59695434570312,169.3249048560136,165.87907032634968,169.02818179820954,33194400
2020-04-28,162.53854370117188,168.14761253686197,162.136530323167,168.07103647361475,34392700
2020-04-29,169.83224487304688,170.07153959756306,164.51991367310004,165.80252989121303,51286600
2020-04-30,171.5360107421875,172.67504118966917,168.6836075425225,172.2921755306454,53875900
2020-05-01,167.09469604492188,170.99040583781405,166.55866369356815,168.27202178019542,39370500
2020-05-04,171.1818389892578,171.33499108993863,166.3576646609175,167.01812031538887,30372900
2020-05-05,173.01963806152344,175.78588426417025,172.196463692982,172.88563361108132,36839200
2020-05-06,174.72341918945312,176.312339570622,173.85239754434082,174.28312510166273,32139300
2020-05-07,175.73800659179688,176.6473233913739,174.76168027590157,176.28359082938823,28316000
2020-05-08,176.77174377441406,177.07804794901972,175.50827556763306,177.05890028676012,30877800
2020-05-11,178.74354553222656,179.48056257343904,175.0201211851634,175.3072630945256,30892700
2020-05-12,174.69468688964844,179.0307054211164,174.4936875329091,178.80099187055717,32038200
2020-05-13,172.05287170410156,176.16874304424806,168.98032164396082,174.73297499108446,44711500
2020-05-14,172.79946899414062,172.95262109094764,168.1571464717192,169.93749943228426,41873900
2020-05-15,175.31687927246094,179.04987089422696,169.4206541318444,171.39244019900235,46610400
2020-05-18,176.99192810058594,178.22668227519873,176.08261119923372,177.79595475407282,35264500
2020-05-19,175.7667236328125,178.60954544769828,175.6327192033904,177.10676792703353,26799100
2020-05-20,178.20472717285156,178.3870999648644,176.5537935187178,177.38885351786695,31261300
2020-05-21,176.06431579589844,179.1742180643741,175.92993811648662,177.95521112866575,29119500
2020-05-22,176.1410675048828,177.05293154116515,175.21001712283223,175.83392486587098,20826900
2020-05-26,174.27899169921875,179.0110185646772,173.8278635638584,178.85743991305102,36073600
2020-05-27,174.5093536376953,174.6821332908131,169.508571208277,172.9640031638953,39517100
2020-05-28,174.11575317382812,176.7553250444935,173.13672251605504,173.48226705587552,33810200
2020-05-29,175.89149475097656,176.870540186914,173.16554003905907,175.39237153809773,42130400
2020-06-01,175.48834228515625,175.65151406528506,174.17336022725445,175.20997922500655,22622400
2020-06-02,177.48484802246094,177.57123051143805,174.06780398409765,176.85134714449978,30794600
2020-06-03,177.91680908203125,178.4735207496143,176.2082867366514,177.39849940314627,27311000
2020-06-04,175.57473754882812,178.3774814657733,174.97963870194747,176.8993275200795,28761800
2020-06-05,179.6829376220703,180.19165417737295,174.7013409332871,175.28684682755016,39893600
2020-06-08,180.7963104248047,180.97868322299243,177.03372174610007,178.4734884946584,33211600
2020-06-09,182.1785125732422,183.04236687645738,179.7404990263667,180.45078932074512,29783900
2020-06-10,188.935791015625,190.5483374184694,183.33989572978047,183.4550870310254,43872300
2020-06-11,178.79025268554688,187.89916830840505,178.59828670019016,185.37478704113605,52854700
2020-06-12,180.2012176513672,184.02139478658034,177.7440033475555,182.88877062323658,43373600
2020-06-15,181.35299682617188,183.15750892070102,176.62095648660215,177.16807480524406,32770200
2020-06-16,185.79708862304688,187.7263706057299,183.77181634137804,185.14438681128263,42556700
2020-06-17,186.4402313232422,188.43670996599147,185.91231383303278,187.19850215749418,25687800
2020-06-18,188.43667602539062,188.5998478300532,186.20982979362395,186.20982979362395,23061600
2020-06-19,187.3136444091797,191.2873999704439,186.5649668864824,190.61551176367254,44441100
2020-06-22,192.51602172851562,192.69837988397876,187.39044087875726,187.92795146469385,32818900
2020-06-23,193.80223083496094,195.7603074164586,193.34149487196547,193.9749958365343,30917400
2020-06-24,189.8956298828125,195.08839207499327,188.66703011055674,193.50465452912027,36740600
2020-06-25,192.29525756835938,192.55441970306296,187.6208192009114,189.8572588057207,27803900
2020-06-26,188.44625854492188,191.86330236955007,187.0544870517757,191.7097237458207,54675800
2020-06-29,190.47158813476562,190.5579706443073,185.77794805078412,187.91839767047975,26701600
2020-06-30,195.33795166015625,196.19221269128647,189.7996593627015,189.93403700874228,34310300
2020-07-01,196.4801483154297,198.06390038374025,193.66781121683078,194.98279337525491,32061200
2020-07-02,197.97752380371094,199.66685951857852,196.76812499098386,197.4208122291355,29315800
2020-07-06,202.23924255371094,202.65198332371176,199.73404770725878,200.4443379426205,31897600
2020-07-07,199.8876190185547,206.04981900940203,199.63806471877396,201.99927400934564,33600700
2020-07-08,204.28369140625,204.69641748025515,200.30993605944343,201.63452605706684,33600000
2020-07-09,205.71388244628906,207.69115979383565,202.97831973392456,207.64316463911499,33121700
2020-07-10,205.08999633789062,205.48353614357757,202.60400230969233,205.0420011781126,26177600
2020-07-13,198.75502014160156,207.13445905255088,198.20790171209103,205.86745720277855,38135600
2020-07-14,199.9835968017578,200.46351902624386,193.91737285414357,197.85274095335467,37591800
2020-07-15,199.68606567382812,202.84396263388592,196.79693867821612,201.14503357793527,32179400
2020-07-16,195.73147583007812,197.43999775620557,194.1861257007085,197.15204149590082,29940700
2020-07-17,194.73329162597656,196.80654498524902,193.30311779296517,196.2594411384903,31635300
2020-07-20,203.10313415527344,203.7750224822405,194.8580574662761,196.76815359571623,36884800
2020-07-21,200.3675537109375,205.34914936573205,199.67646444980613,205.08039405818826,37990400
2020-07-22,203.24705505371094,203.7749724116346,200.0219772306525,200.79944886411118,49605700
2020-07-23,194.40687561035156,202.45037625649584,194.03253688543424,198.87016079551077,67457000
2020-07-24,193.21670532226562,194.71406043410218,189.5788863799343,192.37203745566444,39827000
2020-07-27,195.66432189941406,195.7794985613358,192.79438135598141,193.3798871308601,30160900
2020-07-28,193.9077911376953,196.48016738279762,193.63903584779104,195.43394038666563,23251400
2020-07-29,195.8658905029297,196.4321953127748,193.8982061058397,194.3685352414771,19632600
2020-07-30,195.71231079101562,196.2498360771528,191.55619650401667,192.92876727090675,25079600
2020-07-31,196.77769470214844,196.86409182895045,191.01862831588247,196.1921890337022,51044000
2020-08-03,207.8447265625,208.90056139620748,201.98968375994193,203.02631760229153,78983000
2020-08-04,204.7252655029297,206.14584617553913,201.86493245533285,205.56993350869016,49280100
2020-08-05,204.38931274414062,206.36659028912158,203.07433032066746,206.27059997009545,28806400
2020-08-06,207.662353515625,207.68153985954203,203.0550972064512,203.81336788096826,32656800
2020-08-07,203.94775390625,207.03845434743357,202.45999201190585,206.22259531548428,27820400
2020-08-10,199.8876190185547,203.37185927330196,198.0639203097045,203.17028548212394,36716500
2020-08-11,195.21319580078125,199.31172162131807,194.98282782848577,198.84140714955558,36446500
2020-08-12,200.78994750976562,201.83617488639277,196.52823401127804,197.04654378857538,28013100
2020-08-13,200.31954956054688,202.86314634098838,199.79163214226165,201.02983978206382,22588900
2020-08-14,200.51153564453125,201.17383077697343,199.17735220601244,200.37715798331593,17958900
2020-08-17,201.83612060546875,202.7095827034484,200.53073136822354,201.18343330987926,20184800
2020-08-18,202.9975128173828,203.83257282194666,200.8090685911667,202.07605567926134,21336200
2020-08-19,201.7659912109375,204.07519594711397,201.33301991086452,203.48827472833474,27627600
2020-08-20,206.46131896972656,206.86542641303618,201.0058464628428,201.61200028707256,26981500
2020-08-21,204.9603271484375,208.06811499805988,204.79676091229612,205.76854196753658,36249300
2020-08-24,205.60499572753906,207.36575904990627,204.39265869951632,206.66336818458626,25460100
2020-08-25,208.27980041503906,208.4145028900692,205.03730997086967,205.03730997086967,23043700
2020-08-26,212.7827606201172,213.68719797029723,209.13616212854078,209.63649198466678,39600800
2020-08-27,218.00730895996094,222.40439459903496,211.09895784566456,214.45691838795236,57602200
2020-08-28,220.24913024902344,221.91367110887785,218.00728468282475,219.54673943062858,26292900
2020-08-31,216.9970245361328,220.04708516739845,215.8231823144508,218.41140795600424,28774200
2020-09-01,218.6711883544922,218.84437096358388,215.93862928769175,216.97776898664924,25725500
2020-09-02,222.88546752929688,224.04969338399036,218.74817068121502,219.34470815240513,34080800
2020-09-03,209.07839965820312,220.63399282952477,206.8269377039403,220.59551270000665,58400300
2020-09-04,206.143798828125,210.0982965597646,197.42658849392637,206.96164474273786,59664100
2020-09-08,194.99227905273438,202.0834273727746,194.54967688212514,198.68698754947286,52924300
2020-09-09,203.2957763671875,206.71146404500217,198.87944384466067,199.745400897871,45679000
2020-09-10,197.59979248046875,206.61528719660927,196.38747004293234,205.32597512707235,35461500
2020-09-11,196.3104705810547,200.7364342543364,193.62603741830603,199.3605310428003,33620100
2020-09-14,197.63827514648438,201.28487327965124,196.310483024045,196.51254409194786,30375800
2020-09-15,200.88075256347656,201.84291730022335,199.1007419279075,200.53437267098897,21823900
2020-09-16,197.29185485839844,202.67996782842008,196.89736384746254,202.65110406483618,26328100
2020-09-17,195.23284912109375,196.59912127754978,192.39446610049652,192.4810574027475,34011300
2020-09-18,192.80816650390625,195.94481786171005,188.82480558731032,195.1269867483012,55225300
2020-09-21,194.87681579589844,195.04039670109088,188.949892890935,189.72924388458395,39839700
2020-09-22,199.57223510742188,200.2265148518583,194.43427823717715,197.30152543226745,33517100
2020-09-23,193.00064086914062,200.22650818137478,192.46183091018491,200.03406346905894,30803800
2020-09-24,195.50225830078125,197.79221510852776,191.6632156551125,192.28863155277108,31202500
2020-09-25,199.9571075439453,201.13093516203398,194.87686359418942,195.84865949548796,29437300
2020-09-28,201.51577758789062,204.52735780399723,200.18798560071832,202.9012971081629,32004900
2020-09-29,199.4182586669922,202.12195391801143,198.98528747041638,201.42919413090266,24221900
2020-09-30,202.3721160888672,203.95968207307456,198.72550342042436,199.87048183587524,33829100
2020-10-01,204.42153930664062,205.8936502720816,203.32467202491068,205.41256787340234,27158400
2020-10-02,198.38873291015625,203.0071261985201,197.76331707443288,200.13024858971463,33154800
2020-10-05,202.4202423095703,202.4491060800491,199.14887306776157,199.37979791306213,21331600
2020-10-06,198.1193389892578,202.22777173091453,197.0705829787535,200.91924181932862,28554300
2020-10-07,201.89105224609375,202.16045722958788,198.89871897520425,199.2258515006656,25681100
2020-10-08,202.61268615722656,203.19960733277122,200.43819877120225,202.54532756720232,19925800
2020-10-09,207.64479064941406,207.6929018274482,203.2380739442481,203.2380739442481,26458000
2020-10-12,213.02328491210938,215.3902168251195,208.60695191939405,210.51203414893342,40461400
2020-10-13,214.4280548095703,216.68914803485708,212.08998663603225,214.29335232049814,28950800
2020-10-14,212.5037078857422,215.73658204233402,210.8391669742481,214.5627398694277,23421700
2020-10-15,211.34915161132812,212.02266412464428,207.83724081519037,208.8860117446452,22733100
2020-10-16,211.34915161132812,213.87963538860683,211.02201905935624,211.8206030299136,26057900
2020-10-19,206.1149444580078,213.88923779727742,205.63386205841044,212.08036327672104,27625800
2020-10-20,206.52867126464844,209.14576073086545,205.02769650520895,207.6351696086239,22753500
2020-10-21,206.67298889160156,208.71277344039027,205.05654449557616,205.05654449557616,22724900
2020-10-22,206.75955200195312,207.88528283140693,203.69024455375336,205.83586751853454,22351500
2020-10-23,208.04888916015625,208.0970003361188,205.0950508788664,206.894294344403,18879600
2020-10-26,202.13157653808594,208.15472270981957,200.2264944052897,205.75894182990785,37111600
2020-10-27,205.181640625,206.54791285941357,202.37212121151256,203.58444355660558,36700300
2020-10-28,195.0115509033203,200.9384894820073,194.45350824964038,199.81275844922078,51195600
2020-10-29,196.97434997558594,199.51446408564465,195.67542181459797,196.34894882042437,31432600
2020-10-30,194.8094940185547,196.56062619243986,192.0673186660171,195.80052251573846,36953700
2020-11-02,194.67478942871094,197.51317241451213,192.54839893909204,196.5606240570228,30842200
2020-11-03,198.6196746826172,200.24573556056401,195.43491151052956,196.17578252504643,27512000
2020-11-04,208.202880859375,210.0598669178454,204.38308468812383,205.9225545392452,42311800
2020-11-05,214.841796875,215.64039551423602,212.78276454929107,213.6390907342478,36080100
2020-11-06,215.25550842285156,215.87129330242155,209.78078840779185,213.8507413668018,25231900
2020-11-09,210.12718200683594,219.4890419311931,209.636483216324,215.94828231340466,44395000
2020-11-10,203.0263671875,208.30865665308457,201.78518118969018,206.38432726137017,44045100
2020-11-11,208.3568115234375,209.79042782480155,204.1713883460507,204.35420202564052,29440800
2020-11-12,207.28878784179688,210.81993091272767,206.3458704441471,208.9918236566661,21593900
2020-11-13,208.3182830810547,209.19385652014648,206.0572047454115,208.1739642422896,18621100
2020-11-16,209.01104736328125,209.50176078856936,206.40358907707915,206.74033793525987,24953300
2020-11-17,206.3458709716797,209.44402814330667,205.9802436469447,207.92382066792086,24154100
2020-11-18,203.62547302246094,207.5710265175272,203.48076161003306,206.1047029137225,28372800
2020-11-19,204.91812133789062,205.50657901685545,202.51605349033142,203.9148567100995,24792700
2020-11-20,202.9597930908203,205.75736979552403,202.5835670550856,204.70586814691993,22843100
2020-11-23,202.689697265625,204.79270071244719,200.80856695312227,203.50002805871765,25683500
2020-11-24,206.30731201171875,206.68353816684336,201.4838922178601,202.18810738618893,33979700
2020-11-25,206.31692504882812,207.68677431464604,204.95673204200565,207.51313829161182,21012900
2020-11-27,207.62887573242188,208.63215505789094,206.48089973496474,207.26230592341696,14512200
2020-11-30,206.50985717773438,207.17547659970663,203.39391807067915,206.53879651260684,33064800
2020-12-01,208.57431030273438,209.64511000927192,205.81531378894712,206.93433591405113,30904500
2020-12-02,207.763916015625,207.8603902699916,205.28468665337226,207.29123044098043,23724500
2020-12-03,206.67385864257812,208.73828134614044,206.10468402437849,207.03078693135419,25120900
2020-12-04,206.7896270751953,207.77360870664114,205.65129249765855,206.65457192734252,24666000
2020-12-07,206.72207641601562,207.92793111579616,205.4679993041687,206.7992528831903,24620000
2020-12-08,208.38131713867188,209.28812215619436,205.37150875702693,206.4133689014205,23284100
2020-12-09,204.32003784179688,207.6288963083449,203.75087791569962,207.56137609469448,32440600
2020-12-10,203.08523559570312,205.55482374295858,202.93088265652304,204.29109033322288,26733300
2020-12-11,205.72848510742188,205.7863785066773,201.72505277355577,202.63185800308318,30979400
2020-12-14,206.63526916503906,208.57429304394526,205.36189419014732,205.57412580594706,28798400
2020-12-15,206.56773376464844,207.81216931133375,204.74448208653865,207.5709983765578,27000600
2020-12-16,211.53587341308594,212.33656277483357,207.13691741304723,207.16585675094953,35023300
2020-12-17,211.67091369628906,213.08900003353037,210.22388802317806,212.1050184542411,32515800
2020-12-18,210.8701934814453,211.93135137414484,208.39096417927163,210.8701934814453,63354900
2020-12-21,214.72897338867188,216.08918114203118,209.60650453017766,209.8669732897354,37181900
2020-12-22,216.03125,217.6615676562462,214.01506478767703,214.82539548738046,22612200
2020-12-23,213.2144012451172,215.66469143243353,213.00216964780174,215.23058669970848,18699600
2020-12-24,214.88331604003906,215.71294469525253,213.38805320891043,213.60028482209808,10550600
2020-12-28,217.01527404785156,218.0474780591343,215.14378512132973,216.52327588928569,17933500
2020-12-29,216.23387145996094,219.15686224473382,215.68400933921407,218.3175920352169,17403200
2020-12-30,213.8511199951172,217.6616331779801,213.6485446191628,217.27575078583914,20272300
2020-12-31,214.56497192382812,215.12449030176415,211.9217329770077,213.87039840086666,20942100
2021-01-04,210.0019989013672,215.12446703936178,207.22370510995103,214.6710645186819,37130100
2021-01-05,210.20460510253906,210.80271909929093,208.08230357575826,209.5872080271136,23823000
2021-01-06,204.75413513183594,208.84439971467242,204.45508551109228,204.6769586619817,35930700
2021-01-07,210.58082580566406,211.59374676648795,206.1625868380979,206.48091954701593,27694500
2021-01-08,211.86383056640625,212.78993339989754,209.3653033034142,210.95702552858702,22956200
2021-01-11,209.80909729003906,211.17894660014582,209.0759281382161,210.7544833480183,23031300
2021-01-12,207.33946228027344,209.4328388800025,205.78633564161188,208.85402276728118,23249300
2021-01-13,208.69969177246094,209.1048572059806,206.3748002592561,206.46163298922275,20087100
2021-01-14,205.49693298339844,209.78013111431568,205.22682271567444,208.28486838376134,29480800
2021-01-15,205.13998413085938,206.9342964122726,204.54188494369004,205.97926896436093,31746500
2021-01-19,208.79615783691406,209.31708059671112,205.1207150230666,206.20115613666417,30480900
2021-01-20,216.41712951660156,217.81591788456504,209.61610674558082,210.01163058035596,37777300
2021-01-21,217.02491760253906,218.30794883439074,214.56497094658008,216.76444885263814,30709400
2021-01-22,217.97032165527344,221.94482928529737,217.8256249599665,219.06041915961237,30172700
2021-01-25,221.4238739013672,221.66504485405198,216.30140522152732,221.02835000618649,33152100
2021-01-26,224.12498474121094,225.90964090519284,221.95444623265263,223.67158218627512,49169600
2021-01-27,224.6748504638672,231.94857453738325,222.01232848295177,229.59474371719836,69870600
2021-01-28,230.49188232421875,234.07086552904022,226.787500240888,227.28913991464296,49111200
2021-01-29,223.76805114746094,229.6140323700672,223.17959346585073,227.6557255174755,42503100
2021-02-01,231.1864776611328,233.93583250847365,224.22145911978276,226.758582343544,33314200
2021-02-02,231.0514678955078,233.75258613716048,230.26043464125758,232.77826056109694,25916300
2021-02-03,234.41818237304688,236.43436814545282,230.8102593698669,231.10932373679375,27158100
2021-02-04,233.4630889892578,234.649660498191,231.88100836391817,234.09014220485196,25296100
2021-02-05,233.6464080810547,234.68826832765416,231.92927213385542,233.67534741680137,18054800
2021-02-08,233.90689086914062,235.074150067436,232.30551216876293,234.56286881199966,22211900
2021-02-09,235.16094970703125,236.11597714944006,232.85535625247002,233.32804184480403,23565000
2021-02-10,234.24452209472656,237.23503297528765,232.38267474839645,236.34752566570722,22186700
2021-02-11,235.85556030273438,236.49224045800057,233.5981889016559,236.1353121430884,15751100
2021-02-12,236.33787536621094,236.63692497119087,234.15768068749534,235.31529823447488,16561100
2021-02-16,235.0934295654297,237.43761875854926,234.34097740959032,236.37646073369578,26728500
2021-02-17,236.1183624267578,236.22472264095413,232.96625524373655,233.33368412074378,21653500
2021-02-18,235.721923828125,235.85729003006736,232.8888973325426,233.7977910115024,16925600
2021-02-19,232.9952392578125,235.7895957994359,232.23137558595567,235.68323559527133,25262600
2021-02-22,226.7490234375,230.05583876789643,224.708852062903,229.56272223089456,36446900
2021-02-23,225.55007934570312,227.05844976056775,221.16031954469048,222.70737444670027,30228700
2021-02-24,226.78773498535156,227.4162177891035,221.42140539723303,222.39797484329023,26339700
2021-02-25,221.41172790527344,226.8263906391963,220.33846205428335,224.39946279317778,39542200
2021-02-26,224.68954467773438,227.5805831932529,221.9435213576159,223.86766895538668,37819200
2021-03-01,229.0986328125,229.61109163953674,225.4340520450375,228.09304264916807,25324000
2021-03-02,226.13018798828125,229.44668157548566,225.72408944258817,229.16627071410718,22812500
2021-03-03,220.029052734375,225.84982902079332,219.73897808151912,224.47682473467253,34029500
2021-03-04,219.22650146484375,224.79588713553701,216.83824346443632,219.23617996323304,44727800
2021-03-05,223.93531799316406,225.55004839538876,218.9654243512307,221.92415279805,41872800
2021-03-08,219.8646697998047,225.64676131468542,219.61327964830866,223.71295006186025,35267400
2021-03-09,226.04322814941406,227.59028327211888,224.00305639882998,225.17301886402453,33080500
2021-03-10,224.72816467285156,229.15659343887822,224.36073587776528,229.15659343887822,29746800
2021-03-11,229.28233337402344,231.25481433839158,226.55565245589904,227.18414995839444,29907600
2021-03-12,227.9480438232422,228.01573431150928,225.511437060427,226.26562240899642,22653700
2021-03-15,227.0391082763672,227.40653713643047,224.13839139075358,227.18415297293328,26034900
2021-03-16,229.84310913085938,232.11532816634644,228.1316822928339,228.46042661653397,28092200
2021-03-17,229.19529724121094,230.65533414161612,225.5113892608555,228.33475184620352,29562100
2021-03-18,223.08445739746094,226.43962095239084,222.70736481006173,224.86356013012343,34833000
2021-03-19,222.72669982910156,224.7765348783474,221.75979427699573,223.37452477855553,46430700
2021-03-22,228.1800537109375,229.05992657806183,222.5236501521513,222.64935259908694,30127000
2021-03-23,229.7174530029297,233.0726168895931,229.2243364179776,229.63043503272812,31638400
2021-03-24,227.6676025390625,230.12353630883382,227.53223634315083,229.9785063681459,25620100
2021-03-25,224.65081787109375,229.09858902395177,223.9063112669808,227.5128646114541,34061900
2021-03-26,228.6538543701172,228.8762533024649,223.88701638085823,223.88701638085823,25479900
2021-03-29,227.45489501953125,228.96326550344105,224.2060913796449,228.76020882115643,25227500
2021-03-30,224.17706298828125,226.1108741341666,223.45188380857425,225.801457268997,24792000
2021-03-31,227.96730041503906,231.1870973105144,224.69915529665505,225.20195025805404,43623500
2021-04-01,234.32958984375,234.80336416913414,230.17189260393687,230.5779912058987,30338000
2021-04-05,240.8271942138672,241.6877396410895,234.66799527040416,234.72600724804468,36910600
2021-04-06,239.65724182128906,241.14627007299995,238.70967838838214,239.41551540190804,22931900
2021-04-07,241.62969970703125,242.6256112789347,239.00939383471342,239.60887057598896,22719800
2021-04-08,244.86883544921875,245.72938081582777,243.66020348747534,244.40472490697556,23625200
2021-04-09,247.38284301757812,247.51820923296117,244.08569085612123,244.5014532484366,24326800
2021-04-12,247.44082641601562,249.1425897885859,246.19350987554677,246.28054259623266,27148700
2021-04-13,249.93540954589844,250.61225524306778,248.33034277035014,248.74613458824243,23837500
2021-04-14,247.13140869140625,250.26417351882526,246.71564634853144,248.95887451247958,23070900
2021-04-15,250.91201782226562,251.32778017266665,249.20060543327276,249.39396885997098,25627500
2021-04-16,252.11093139648438,252.36233626968766,249.07486346118392,250.8829720304803,24878600
2021-04-19,250.17713928222656,252.82648062554435,249.28760267660581,251.5791641704195,23209300
2021-04-20,249.71304321289062,251.58884238878173,248.3400243131991,249.28760239933078,19722900
2021-04-21,251.9562225341797,252.0529189858282,248.73644019834435,250.37051285607768,24030400
2021-04-22,248.6591339111328,253.11655470286385,247.17975472336747,251.59850578156508,25606200
2021-04-23,252.50741577148438,252.85551716485244,248.75581696222662,249.34564477879303,21462600
2021-04-26,252.8941192626953,253.75467931298164,251.5598144720666,253.00049421062025,19763300
2021-04-27,253.30027770996094,254.47990379909567,251.5114963319327,252.9231703377434,31014200
2021-04-28,246.13551330566406,248.04999721965194,244.57879453424712,247.6051993509469,46903100
2021-04-29,244.15335083007812,247.62455347518554,240.75951716455182,247.00573442282663,40589000
2021-04-30,243.83425903320312,244.70448296798347,241.339655446737,241.47502164719492,30945100
2021-05-03,243.5248260498047,245.9324261177645,242.8093106501304,245.01385406622066,19626600
2021-05-04,239.5895233154297,242.8963533290899,237.62670619996604,242.6642906822587,32756100
2021-05-05,238.31321716308594,241.2429398616624,237.6847344437271,240.81749904999444,21901300
2021-05-06,241.46531677246094,241.59101921408728,236.5921193344772,238.2938677763207,26491100
2021-05-07,244.10501098632812,245.8841138712641,242.8576944147671,243.80525783659894,27032900
2021-05-10,238.99974060058594,243.39916442664116,238.94172861998285,242.567624945774,29299900
2021-05-11,238.08116149902344,238.43892660322572,234.54229821975156,236.45676717461123,33641600
2021-05-12,231.09042358398438,236.29238009968748,230.19120851546433,234.15551236901376,36684400
2021-05-13,234.98709106445312,237.47204579500448,233.43037229747455,233.79780118465277,29624300
2021-05-14,239.93765258789062,240.93356431608504,237.36569454194392,237.452712517306,23901100
2021-05-17,237.06591796875,238.42925846341785,235.46086581765138,238.39058872945552,24970200
2021-05-18,235.03543090820312,238.25522854433697,234.8613802164558,238.11986234133778,20168000
2021-05-19,235.616943359375,235.72354918406748,231.23644806154488,231.92452810356752,25739800
2021-05-20,238.8732147216797,240.2978492693949,236.3340769942939,236.43099674377723,21800700
2021-05-21,237.6036376953125,240.66611830409525,237.18691532018093,239.9295785121088,21863100
2021-05-24,243.0404815673828,243.4087588230103,239.87139544817546,240.14275296667708,21411500
2021-05-25,243.95152282714844,244.9497342108329,243.07930416944234,243.99998270543847,17704300
2021-05-26,243.7285919189453,245.13383947058784,243.01142426646751,243.6704312001958,17771600
2021-05-27,241.61585998535156,243.71888825894953,241.55771405514977,243.4184577609893,24426200
2021-05-28,241.97442626953125,244.30036689523058,241.85813441400282,243.25369583184727,18270200
2021-06-01,239.7648162841797,243.53476378625956,239.3384078419396,243.4766178526758,23213300
2021-06-02,239.66790771484375,241.57711137410448,238.25295927147903,240.47229428901912,19406700
2021-06-03,238.12696838378906,238.7375154318653,235.50059719238536,237.65208531272862,25307700
2021-06-04,243.05018615722656,243.8836456812786,239.87141373709244,240.11369831050433,25281100
2021-06-07,245.97695922851562,246.24831673602768,242.10040650648614,242.26515822262738,23079200
2021-06-08,244.77525329589844,248.1090912201015,244.7170925794638,247.28531779785183,22455000
2021-06-09,245.76380920410156,247.64394011127652,245.39554665902227,245.97702084024792,17937600
2021-06-10,249.30108642578125,249.51429800025812,245.8412709451783,246.4421318616816,24563600
2021-06-11,249.9311065673828,250.51256592443156,248.6905810703303,250.02799674305382,18999700
2021-06-14,251.8693389892578,251.92748491473486,248.87467594843733,249.9407338751007,19150500
2021-06-15,250.38653564453125,251.966235670972,249.72752875489684,251.75302408011953,18038900
2021-06-16,249.43682861328125,252.5380535301165,246.5681726439987,251.3944773965789,27220000
2021-06-17,252.8481903076172,253.67196382257416,248.10911914224442,248.16726507734677,27565500
2021-06-18,251.4235382080078,254.20496035415408,250.76453127231352,251.61737769533121,37202200
2021-06-21,254.52481079101562,255.3873285471839,249.96017742223518,251.80153438075388,26696100
2021-06-22,257.31591796875,257.58727550810795,254.3018824942618,254.6120138466005,24694100
2021-06-23,257.0832824707031,258.59513571313266,256.26920992291423,257.78106316534377,19518700
2021-06-24,258.4594421386719,259.5836458832554,257.2770924741744,257.94580012893306,21446900
2021-06-25,256.841064453125,259.00225386982646,256.5891085646179,258.01374328624,25611100
2021-06-28,260.4268493652344,260.60128716387084,257.7035730643105,257.9749306096631,19590000
2021-06-29,263.024169921875,263.26645453484207,259.7097329789105,260.57225082167884,19937800
2021-06-30,262.53961181640625,262.98540724193595,261.2797436059164,262.33610101410613,21656500
2021-07-01,263.2179260253906,263.4505097158875,261.27964973591907,261.28932100585706,16725300
2021-07-02,269.0812072753906,269.4204115504062,264.0901516096608,264.400282922575,26458000
2021-07-06,269.0909729003906,270.74819129061393,265.8346524823873,269.4495493778783,31565600
2021-07-07,271.2909240722656,272.0274787717085,268.5967203160117,270.7772818675907,23260000
2021-07-08,268.85833740234375,270.1279061016344,266.3870172014392,268.35436660059395,24618600
2021-07-09,269.3622741699219,269.46886517575774,266.82313681336774,267.21078617893124,23916700
2021-07-12,268.7613830566406,271.1357536391102,268.0442007562918,270.54459359872203,18931700
2021-07-13,272.30859375,274.12087832815627,268.8293894788242,268.95535266209936,26120100
2021-07-14,273.7912902832031,274.90579349318665,271.89175778408145,273.63622459496327,23113700
2021-07-15,272.3569030761719,273.7912382379195,271.1939254233224,273.29696829909597,22604200
2021-07-16,272.08563232421875,275.33225219586626,270.83543538513163,273.3649022351098,26186800
2021-07-19,268.46099853515625,271.71728888837185,265.9800069586817,270.32172742963587,32935600
2021-07-20,270.69970703125,272.298779251892,267.7341463091132,269.44951038932874,26259700
2021-07-21,272.7154846191406,272.8317764714701,268.73234079810254,270.29263910977414,24364300
2021-07-22,277.30926513671875,277.5806226950854,274.6732076086904,275.0802291583625,23384100
2021-07-23,280.73028564453125,281.04038740226895,277.65810442516977,278.50124995779606,22768100
2021-07-26,280.1294250488281,280.749687782131,277.79382767857606,280.08097996218163,23176100
2021-07-27,277.6969299316406,280.64308942099046,274.21772656817114,280.49772457377867,33604100
2021-07-28,277.38677978515625,281.1954864033692,275.0705249317499,280.07128236801464,33566900
2021-07-29,277.65814208984375,279.712710695351,277.2510909624528,277.4061566502324,18168300
2021-07-30,276.1171569824219,277.8131487640664,275.1480188214822,276.36914236850606,20944800
2021-08-02,276.0299987792969,277.91980086313254,274.98331277295944,277.52245058070406,16267400
2021-08-03,278.259033203125,278.365653814384,275.23532590418637,276.6115155470413,17879000
2021-08-04,277.6678466796875,278.71450311661016,275.8652339137432,277.38678826831455,16191300
2021-08-05,280.5849304199219,280.69155102008517,277.2704937547623,278.02642050082994,13900200
2021-08-06,280.5267639160156,280.56553772921,278.7435529938738,279.60610027686425,16589300
2021-08-09,279.43157958984375,282.5522055021152,278.927638417484,280.80776872600615,16117600
2021-08-10,277.5999755859375,280.323251828828,276.39825356437836,279.8871277657764,18616600
2021-08-11,278.0942077636719,279.7514257415527,277.03782113911234,278.34616357459697,13955900
2021-08-12,280.865966796875,281.0210324731041,277.50305573152406,277.784114118174,14561300
2021-08-13,283.8121032714844,283.86054834699974,280.3716452131962,280.5461125516975,18249000
2021-08-16,285.5081787109375,285.72139034208413,281.06950827409173,284.14169001710104,22507600
2021-08-17,284.0350341796875,284.37423849294635,282.09675761906914,283.3663559759671,20075300
2021-08-18,282.29693603515625,286.2682956848342,281.85025771340634,283.5689350824852,21813000
2021-08-19,288.1617736816406,288.84148108685145,280.2676202301463,280.3161580595009,29850500
2021-08-20,295.5315856933594,296.9686668297904,289.41433811840545,291.0261909838644,40817600
2021-08-23,295.8132019042969,296.54144712298415,293.09443160748054,294.45381675588874,22830200
2021-08-24,293.8420715332031,296.7841808862447,293.2400602566373,296.1724501915496,18175800
2021-08-25,293.24981689453125,295.75496760292793,291.70594046702064,295.4733711327904,20006100
2021-08-26,290.4144287109375,293.6575432926412,290.2785050361577,292.2593103477623,17666100
2021-08-27,291.0262145996094,292.1428513577284,288.2200287600035,290.31737857564724,22605700
2021-08-30,294.7839660644531,295.39569682052434,292.3273532534391,292.3856105033149,16348100
2021-08-31,293.12359619140625,295.66759505960573,292.75461382749137,295.58992859832875,26285300
2021-09-01,293.0749816894531,296.3375355546533,292.7448474253484,294.0848233182499,18983800
2021-09-02,292.4147033691406,294.5605908301483,291.47283843482785,293.43426438203664,16285600
2021-09-03,292.4049987792969,293.8226410017637,291.55051975237325,292.25932604742155,14747900
2021-09-07,291.4728698730469,292.3564776599139,289.5503213901356,292.27881120532527,17180400
2021-09-08,291.5019836425781,291.8903751604786,288.841470630968,291.08446350164445,15046800
2021-09-09,288.6278381347656,293.3760109065936,288.3850897427263,292.0942922848566,19927000
2021-09-10,287.13250732421875,291.2204116894065,286.81209247651026,289.76392129871317,19633400
2021-09-13,288.37542724609375,289.88048535323895,285.549831849137,288.9191813810018,23652900
2021-09-14,291.0941162109375,292.64771155887985,289.4531350139215,290.87077706394933,21853400
2021-09-15,295.978271484375,296.4637682765353,293.0652907314132,294.4635238634247,28356300
2021-09-16,296.3666076660156,296.4539935164066,292.0359853854491,294.94896559461677,19550800
2021-09-17,291.1718444824219,295.66754956676783,290.84171021613025,295.3471347187819,41372500
2021-09-20,285.7633972167969,290.05520185574835,281.1220491144486,287.7345129883881,38278700
2021-09-21,286.2489318847656,288.90947478186877,285.5401254460653,287.1131305042579,22364100
2021-09-22,289.9192810058594,291.5117248704752,285.9673592342835,288.12296639713196,26626300
2021-09-23,290.8708801269531,292.1720081725724,288.899764035342,290.18148287396775,18604600
2021-09-24,290.66693115234375,291.1038604794902,288.3171136743252,289.5794230949498,14999000
2021-09-27,285.6371765136719,287.87044975435487,284.4428438176853,287.5500349313378,23571700
2021-09-28,275.29608154296875,282.34550422174806,274.54842717463856,281.3939198719329,43186200
2021-09-29,275.76214599609375,278.4517872453746,274.8008719413528,276.8302447415665,26353700
2021-09-30,273.7425231933594,279.48106917638046,273.45120733984913,277.42256752734704,32343600
2021-10-01,280.71429443359375,281.56877366071757,273.1308357414354,273.9367475024316,30086300
2021-10-04,274.8979797363281,279.40340419607827,272.1209523056505,279.0635505147171,31350700
2021-10-05,280.3841552734375,281.9765695608801,275.810753529912,275.810753529912,24993000
2021-10-06,284.60791015625,285.11284577573076,277.22838275407764,277.4905403494736,28002600
2021-10-07,286.2974853515625,288.0355722925851,285.39446836339914,286.61790021974554,20430500
2021-10-08,286.2974853515625,288.0355722925851,285.2391058225794,287.62774191888644,17685700
2021-10-11,285.6954040527344,289.32690995378505,284.25832312640716,284.42340504571285,19298600
2021-10-12,284.3846130371094,286.87035430636377,283.86998760946784,286.7732490189577,17974100
2021-10-13,287.7151184082031,288.6569834089462,284.9769092762647,286.3557332608353,23416300
2021-10-14,293.96832275390625,294.47322877603534,289.1910210354,290.53099699177517,27262900
2021-10-15,295.3859558105469,295.6190144253903,291.8029870432012,293.57020251326225,25384800
2021-10-18,298.37664794921875,299.2699455159141,293.9100712186177,294.76455037450006,22729300
2021-10-19,299.28936767578125,300.32830830606736,298.30865465847006,299.40588216647706,17682100
2021-10-20,298.49322509765625,300.71680932696535,297.23091530429093,300.24100218707787,16537100
2021-10-21,301.7459411621094,301.99837931508694,297.4735461748686,298.260078149805,16918100
2021-10-22,300.1923828125,302.06639333549975,298.87181611698935,301.3964053856401,17449300
2021-10-25,299.1922302246094,300.42538129506664,297.57065805042623,300.3865332582201,17554500
2021-10-26,301.1147766113281,303.33835999791415,299.648596593139,301.9789750399638,28107300
2021-10-27,313.7960205078125,316.64102469624345,306.83398322982805,306.83398322982805,52588700
2021-10-28,314.94183349609375,315.44673958606427,312.03854198972346,314.92239465607844,26297900
2021-10-29,322.0008850097656,322.36986730991435,314.504813415939,314.728152606127,34766000
2021-11-01,319.8161315917969,321.874633117205,316.90315102587124,321.7483992181689,27073200
2021-11-02,323.4671630859375,323.7778882077054,320.42794780947315,320.7289535110675,26487100
2021-11-03,324.31182861328125,325.1857168357652,321.05899446568606,324.21472333692304,21500100
2021-11-04,326.68109130859375,326.77819659570866,319.9521127279951,323.2340758588148,23992200
2021-11-05,326.31207275390625,328.9628956726154,324.7196588251079,328.6910186783147,22570100
2021-11-08,327.21514892578125,327.85600830691146,324.73912690846595,327.51615459432156,20897000
2021-11-09,326.2053527832031,328.89499472568826,324.82652865961444,327.33167942431567,21307400
2021-11-10,321.2047119140625,324.923634469583,320.35026232849066,324.86537721675717,25500900
2021-11-11,322.78741455078125,324.0885424963487,320.9231233219346,321.6416491463469,16849800
2021-11-12,326.9529724121094,327.44818863991225,324.1079682216262,324.2342021332131,23831000
2021-11-15,326.32183837890625,328.07933448956584,324.34100306430065,327.7492002091939,16723000
2021-11-16,329.6620788574219,330.78843509945784,325.77810407759137,325.94315641160364,20886800
2021-11-17,329.88580322265625,332.8722146599983,328.79630542199965,329.71071172324827,19053400
2021-11-18,331.97723388671875,333.12512514075434,327.94024399966935,328.97137790759274,22463500
2021-11-19,333.76708984375,335.7029222691092,332.8818952960747,333.3099164573995,21963400
2021-11-22,330.57647705078125,340.1485617416483,330.30410258797383,335.23605452302024,31031100
2021-11-23,328.4849853515625,330.20680734992084,324.4771774711079,327.87213546649167,30427600
2021-11-24,328.7087097167969,328.95190221343387,324.8176297706052,327.1230898888703,21661300
2021-11-26,320.70281982421875,328.7281726582677,319.18530093597997,325.24566897540836,24217200
2021-11-29,327.4635925292969,329.7982347536724,325.6250428524022,325.8196087405112,28563500
2021-11-30,321.5880432128906,328.58226215914226,320.0316052151952,326.1892561785547,42885600
2021-12-01,321.0919494628906,330.0414464781885,320.4207653890021,326.00445640096814,33337600
2021-12-02,320.51800537109375,324.40908570580257,318.87402155475235,321.3059467639453,30766000
2021-12-03,314.2144775390625,323.64062212414194,309.3700717841347,322.9499339831109,41779300
2021-12-06,317.307861328125,318.5335610767089,310.53739017038447,315.12886594094084,30032600
2021-12-07,325.8002014160156,326.6562142368086,321.11144202840745,322.6095164163275,31021900
2021-12-08,325.84881591796875,326.3643829061841,321.7923513604336,326.1795542041268,24761000
2021-12-09,324.02972412109375,327.32739930142947,323.0763987421778,325.3040505688048,22214200
2021-12-10,333.2126770019531,333.6601429338765,325.67370875782035,325.8585374509906,38095700
2021-12-13,330.1581726074219,334.4286476814138,329.8468790444135,331.4033171728672,28899400
2021-12-14,319.39935302734375,325.52782289057154,315.28452453431606,324.14647619151833,44438700
2021-12-15,325.5374755859375,326.06277969983233,315.6638659922189,319.6619364552254,35381100
2021-12-16,316.0530090332031,327.59007820230164,314.2241964404909,326.56865175470983,35034800
2021-12-17,314.98291015625,316.0724374792518,308.6112786111731,312.14243841653024,47750300
2021-12-20,311.1988525390625,314.0101423864705,308.922574314058,311.3350249012845,28326500
2021-12-21,318.37786865234375,318.80588978295987,311.0918019197525,314.48678905516573,24740600
2021-12-22,324.1270446777344,324.52585433819615,316.8798947647335,319.3604469166515,24831500
2021-12-23,325.5763854980469,327.23010633114734,323.6697646581755,323.6892093705167,19617800
2021-12-27,333.12506103515625,333.1542429444219,326.29619740117903,326.3253793104447,19947000
2021-12-28,331.957763671875,334.44805250573944,331.0530946934616,333.8060207410828,15661500
2021-12-29,332.63873291015625,334.9247187951422,330.4305258810565,332.0064086237529,15042000
2021-12-30,330.0802917480469,333.7865427163204,329.59390679487103,332.59976224310805,15994500
2021-12-31,327.1619567871094,330.1191556999199,326.70475377893587,329.2923250925796,18000800
2022-01-03,325.63482666015625,328.79632983161406,320.8001575458787,326.21849472143583,28865100
2022-01-04,320.0511169433594,326.07256655416444,317.239796956852,325.7126166614886,32674300
2022-01-05,307.7650146484375,317.1911594657353,307.3759125385984,316.9868563666347,40054300
2022-01-06,305.3330383300781,310.0217966395678,303.00810388727007,304.62290557551444,39646100
2022-01-07,305.48870849609375,307.8817144573573,301.6462550034294,305.5956989498197,32720000
2022-01-10,305.7124938964844,306.1502523809237,296.39336802101064,301.062653317601,44289500
2022-01-11,306.4031066894531,307.9886968599788,301.45171092918275,304.84666874501306,29386800
2022-01-12,309.603515625,314.60356797191446,308.4459168812307,310.96541745526014,34372200
2022-01-13,296.5002746582031,312.1424323832411,295.72207055768473,311.7435931335858,45366000
2022-01-14,301.75335693359375,302.3564697657393,295.4789766655642,295.96536181233876,39846400
2022-01-18,294.4088439941406,301.3641437796384,293.5236197033921,295.7901905004896,42333200
2022-01-19,295.0703125,305.36223577548463,294.4574923336944,297.9497330886086,45933900
2022-01-20,293.3874206542969,303.16374670375416,292.9399547929001,300.654013313696,35380700
2022-01-21,287.96917724609375,295.82914784018726,287.5606006771118,294.44783070331806,57984400
2022-01-24,288.2998046875,289.0196448992482,268.53311359414414,284.24337091095356,85731500
2022-01-25,280.6344299316406,286.9574354302845,277.40485583875466,283.5819220766219,72848600
2022-01-26,288.6306457519531,300.0996150409669,285.0508584412383,299.60349272546875,90428900
2022-01-27,291.6754150390625,298.9322724644333,289.8174203829924,294.41863414508794,53481300
2022-01-28,299.86614990234375,300.080160532773,286.43219588020236,292.05480642156255,49743700
2022-01-31,302.5120544433594,303.8739266373001,298.0275688741196,300.53733234049855,46444500
2022-02-01,300.35247802734375,302.17155319764396,296.82131813836816,301.9575426078095,40950400
2022-02-02,304.924560546875,306.5393627575981,300.46928577201163,301.1988634745713,36636000
2022-02-03,293.0469970703125,302.7552535027513,291.79211531003233,301.06261331619567,43730000
2022-02-04,297.6092529296875,300.3913608497898,291.80181490555054,292.0352702032978,35096500
2022-02-07,292.755126953125,299.4574964401452,291.73370069846914,297.83298725575605,28533300
2022-02-08,296.2668151855469,297.23958514076253,291.78235994156273,293.04694900870976,32421200
2022-02-09,302.7357482910156,303.436143889823,299.0197893926343,301.4322400322935,31284700
2022-02-10,294.1462707519531,300.70273268836434,292.5120238689188,295.7610729173056,45386200
2022-02-11,287.0060729980469,296.0041956198733,286.20839446246674,294.9341426680689,39175600
2022-02-14,286.96722412109375,288.6793092630172,283.41661864132067,285.77070602487333,36359500
2022-02-15,292.2882080078125,292.609209051119,288.932139576683,291.84074211252357,27058300
2022-02-16,291.94708251953125,293.2825285212972,286.2738465978352,290.8455745770607,29982100
2022-02-17,283.3981628417969,289.31506240664834,282.6865618217376,288.8861562778404,32461600
2022-02-18,280.6688537597656,286.4493014013889,279.08971235663495,285.65973069982357,34264000
2022-02-22,280.4640808105469,284.18775256896157,277.3252837900346,277.8126744469591,41736100
2022-02-23,273.2019958496094,284.34377082174444,273.03629965616943,282.86208392715645,37811200
2022-02-24,287.1609191894531,287.7165518626673,264.6726996596511,265.6377537099638,56989700
2022-02-25,289.812255859375,290.1241930471081,284.2949895617122,287.696996878739,32546700
2022-02-28,291.2549743652344,291.59615384176226,285.6109811188131,286.8879425112131,34627500
2022-03-01,287.51177978515625,292.4051716010198,284.7823740737529,288.9251949366631,31217800
2022-03-02,292.6196594238281,293.8673785477649,286.29333703933276,287.91144814315027,31873000
2022-03-03,288.4573669433594,295.4855335304221,286.6345004718667,295.2515954797372,27314500
2022-03-04,282.5501708984375,288.2039218391596,279.92803584979396,286.8684758512566,32356500
2022-03-07,271.8763122558594,282.3844556560814,271.5058905254741,281.25370554415764,43157200
2022-03-08,268.8934326171875,276.79889483000477,263.1909559552312,270.7942383391963,48159500
2022-03-09,281.22442626953125,282.29669173003094,273.699112875797,276.29203489919934,35204500
2022-03-10,278.3878173828125,279.37235611943896,273.5041530332084,275.8826220369622,30628000
2022-03-11,273.0070495605469,282.2089888863428,272.38317514959226,280.6980597805448,27209300
2022-03-14,269.4686279296875,278.202662737741,268.86426809726044,273.27027022073963,30660700
2022-03-15,279.9084777832031,280.56159442132866,271.7008349155803,273.27997605054975,34245100
2022-03-16,286.9659118652344,287.14136537848043,276.05810557225556,281.8190374929418,37826300
2022-03-17,287.7750244140625,288.1551737681547,282.0725461188908,285.8937030703345,30816600
2022-03-18,292.85357666015625,293.409209212463,285.34777752908354,287.92118502466127,43390600
2022-03-21,291.6155700683594,292.5708664280095,287.46299231367186,291.352389833133,28351200
2022-03-22,296.39202880859375,297.3083257004259,291.23542689570303,292.2394505433956,27599700
2022-03-23,291.9372863769531,295.5829892215264,290.2119339230564,292.93158249273176,25715400
2022-03-24,296.43109130859375,296.5285754184512,290.7968548353262,291.5961828889944,24484500
2022-03-25,296.0216979980469,297.795807822461,291.7424218259452,297.5326274740826,22566500
2022-03-28,302.8646240234375,302.9620783750849,296.65524087861996,296.65524087861996,29578200
2022-03-29,307.4558410644531,307.8555050551628,301.25621516316215,305.99366879267336,30393400
2022-03-30,305.9448547363281,307.9821738994421,303.72235448816923,305.84740040145147,28163600
2022-03-31,300.5348815917969,307.1926558891614,300.12549002106,305.98390660172134,33422100
2022-04-01,301.6168518066406,302.3089382205671,297.83469549172077,301.56809489142785,27110500
2022-04-04,307.0268859863281,307.1633399077133,301.8995265160975,302.26994819237575,24289600
2022-04-05,303.0400695800781,306.92943814434017,302.05553077139234,305.3697818354029,23156700
2022-04-06,291.94708251953125,299.2579443522407,289.2274335883309,297.49359207645136,40110400
2022-04-07,293.7698669433594,295.992367354406,288.87647500488833,289.1786548602699,31411200
2022-04-08,289.4808349609375,293.52617184109016,288.808233411817,292.8633276253669,24361900
2022-04-11,278.0661315917969,285.2307505657463,277.8126789267604,284.43145248395456,34569300
2022-04-12,274.9468688964844,283.4079652196335,273.4164547942549,281.945792962261,30966700
2022-04-13,280.3665771484375,281.3023588149463,274.20595253566563,275.59991232556723,21907200
2022-04-14,272.7730712890625,281.0392284284024,272.27595299417413,280.82477532638273,28221600
2022-04-18,273.4457092285156,275.33678781211535,271.32069259266757,271.87632521472943,20778000
2022-04-19,278.10516357421875,278.9532485087538,271.3889341815737,272.3344734724712,22297700
2022-04-20,279.13836669921875,282.39416251169047,278.17334270422043,282.1017102646242,22906700
2022-04-21,273.72833251953125,285.90334135028814,272.9972465497491,281.3023724572072,29454600
2022-04-22,267.1193542480469,276.0581130561113,266.48575226772533,274.57642624284045,29405800
2022-04-25,273.64068603515625,274.0208353820041,263.94159742532975,266.39806604300793,35678900
2022-04-26,263.40545654296875,271.34016243652076,263.1910034243338,270.5018646305653,46518400
2022-04-27,276.07763671875,283.63219386636825,272.12002593480327,274.9858861228988,63477700
2022-04-28,282.32598876953125,283.6419498287943,274.36201031302176,277.99795625122795,33646600
2022-04-29,270.5213317871094,282.5696457327582,269.52706543762076,281.3316542777626,37073900
2022-05-02,277.2961120605469,277.7542605844876,269.2541641761208,270.70657918377503,35151100
2022-05-03,274.6739501953125,276.9646928393328,273.08505147312025,276.79896688296844,25978600
2022-05-04,282.66717529296875,283.54447277162893,269.75131926588415,275.46352508638273,33599300
2022-05-05,270.35565185546875,279.12868525425324,267.42155005496926,278.33911462820026,43260400
2022-05-06,267.8017578125,272.2077599045494,264.4289920814444,267.8797272508487,37780300
2022-05-09,257.90771484375,265.49151486071605,256.6795101982503,263.24952897380894,47726000
2022-05-10,262.70361328125,266.84643464097286,258.38533839168707,264.8383871382154,39336400
2022-05-11,253.97927856445312,264.51666298143766,252.76080183031553,258.9799118410286,48975900
2022-05-12,248.9104461669922,253.32620489164097,243.71485931707107,251.1914311623768,51033800
2022-05-13,254.534912109375,256.40650546957653,248.9104341914434,250.859996973835,34925100
2022-05-16,254.9053955078125,259.11645927674795,249.3296434104186,253.404223472521,32550900
2022-05-17,260.0911865234375,261.56308624410974,255.84112404859522,259.39907029430674,28828800
2022-05-18,248.24932861328125,257.55086612903364,246.9693931124063,256.96462907264123,31356000
2022-05-19,247.33090209960938,251.75696064928601,246.09982214872184,248.0734561306582,32692300
2022-05-20,246.76417541503906,252.60695532586712,240.7846237709333,251.336770223208,39199300
2022-05-23,254.66859436035156,255.49909451246748,247.6142778239517,249.62701743972758,33175400
2022-05-24,253.66220092773438,255.33295127139317,247.68264827273939,251.97192028094892,29043900
2022-05-25,256.49560546875,258.508329616122,251.22931223025788,252.21614400385604,28547900
2022-05-26,259.7980651855469,260.98028950347117,255.4306424883963,256.2513624145197,25002100
2022-05-27,266.9696044921875,267.06731562839224,261.41995783588675,262.3188585448169,26910800
2022-05-31,265.631103515625,268.46454814999765,262.75856845520855,266.27596136768364,37827700
2022-06-01,266.16845703125,271.31750913902687,263.843069041527,268.8846597665916,25292200
2022-06-02,268.27886962890625,268.34727041092106,255.59675637137263,258.3813599596805,44008200
2022-06-03,263.823486328125,267.1747962824876,262.2504474211242,264.1068396667638,28059000
2022-06-06,262.5826721191406,267.8880562545602,261.0877840528828,265.81671120246483,22400300
2022-06-07,266.24664306640625,266.862190534899,259.83718498016987,260.52113323788575,22860700
2022-06-08,264.2045593261719,266.73511970427035,263.42290005939776,265.474714635958,17372300
2022-06-09,258.7135925292969,266.45182722597934,258.5572606402289,261.6349682995289,26439700
2022-06-10,247.18434143066406,254.60014614141426,246.73489104071965,254.60014614141426,31422800
2022-06-13,236.70059204101562,243.3054725413383,235.9873483160347,239.4851959678667,46135800
2022-06-14,238.87940979003906,240.10072459035263,235.96778457187938,238.26386235992007,28651500
2022-06-15,245.98257446289062,249.4413464461291,240.76512103312788,242.61174847888114,33111700
2022-06-16,239.34840393066406,241.7421780918866,237.44315571698203,240.33522097758944,33169200
2022-06-17,241.9668731689453,244.75147677232087,238.42995041110007,239.08457333039794,43084800
2022-06-21,247.9171600341797,248.90397710820878,243.78421967026023,244.51700861169755,29928300
2022-06-22,247.32110595703125,251.26840324353233,244.62443367591388,246.10955646054185,25939900
2022-06-23,252.91964721679688,253.4179532405101,247.8096847275751,249.70516784913139,25861400
2022-06-24,261.5567626953125,261.8303359897914,255.71398255656243,255.80191363508214,33923200
2022-06-27,258.811279296875,262.1429998718292,257.238210310739,262.0550687832511,24615100
2022-06-28,250.59426879882812,260.78491242096936,250.4379369250215,257.9221576614475,27295500
2022-06-29,254.28753662109375,255.95828701853867,249.89078816963055,251.678794932752,20069800
2022-06-30,250.9362335205078,253.57428565271542,247.09642660004045,251.15118613733407,31730900
2022-07-01,253.62306213378906,253.8087043384855,248.76712899708065,250.50629470450627,22837700
2022-07-05,256.818115234375,256.9451367607204,248.89422319352843,250.2816351962551,22941000
2022-07-06,260.1009216308594,261.84007244359304,256.37835708328197,257.6973828261266,23824400
2022-07-07,262.24072265625,262.8855804850251,258.9382824803674,259.0359936333195,20859900
2022-07-08,261.5176696777344,261.94757482439326,257.2479583876133,258.7135359828816,19658800
2022-07-11,258.4399719238281,260.41360575508605,256.16342461352093,259.55379543105175,19455200
2022-07-12,247.8487548828125,259.8371859282168,246.25615550734784,259.77856519931385,35868500
2022-07-13,246.9205322265625,247.73148701005059,242.4163228297024,244.44859236387242,29497400
2022-07-14,248.24932861328125,249.28500115876392,240.29612738205486,244.81988208668008,25102800
2022-07-15,250.8287353515625,254.39496840213428,248.92348735319365,249.85168356689877,29774100
2022-07-18,248.41542053222656,254.85418832606308,247.48722430252386,253.789205440495,20975000
2022-07-19,253.57423400878906,253.7598762226603,247.85847543127215,251.66897121053262,25012600
2022-07-20,256.2513427734375,258.79168319801533,252.9684633205692,253.93573497770862,22788300
2022-07-21,258.7623596191406,258.811230092786,251.13158849383416,253.828260633241,22404700
2022-07-22,254.3852081298828,259.2411570700672,253.12483269805247,259.1532259806783,21881300
2022-07-25,252.89031982421875,255.49906141021802,250.9166858010749,255.01053548017936,21056000
2022-07-26,246.11936950683594,253.91625446198128,243.84285168222232,253.8966943407885,39348000
2022-07-27,262.5728759765625,263.8528113750205,252.909849739427,255.16683688127296,45994000
2022-07-28,270.0669250488281,271.46410213964964,261.72289329505287,263.5597556772068,33459300
2022-07-29,274.29754638671875,275.528641347026,270.2818773091578,271.327330019347,32152800
2022-08-01,271.6301574707031,274.82510585209405,269.50994212455083,271.4445152590342,21539600
2022-08-02,268.5134582519531,271.51301527660706,266.1294488049544,269.6663725436415,22754200
2022-08-03,275.98785400390625,276.99421627776303,270.26231431061575,270.40889595081245,23518900
2022-08-04,277.1407775878906,277.2873294158462,273.74065591028534,275.33322553041455,18098700
2022-08-05,276.4177551269531,277.14076398755924,272.28481487787076,272.74403046110217,16774600
2022-08-08,273.8871765136719,279.3586727325531,272.91012468234504,277.5315607614773,18739200
2022-08-09,275.8216857910156,276.58378493208386,271.2393108859861,273.2227544817394,23405200
2022-08-10,282.52435302734375,283.1594308484471,280.35529644740274,281.55708111239034,24687800
2022-08-11,280.4334411621094,284.527291235615,279.93516494120047,284.1755668443852,20065900
2022-08-12,285.2111511230469,285.2111511230469,280.3552032231576,281.85987111506347,22619700
2022-08-15,286.73541259765625,287.42911107438584,283.4525028196031,284.32209329350565,18085700
2022-08-16,285.9928894042969,287.2923852930113,283.75546173926654,285.2894107547985,18102900
2022-08-17,285.23895263671875,287.22657693681026,283.4275638200521,283.6919170451894,18253400
2022-08-18,284.1129455566406,285.8166148810079,283.0456721434277,284.132517315576,17186200
2022-08-19,280.1767883300781,283.21208370807085,279.5991078037717,282.8693837672335,20570000
2022-08-22,271.9521789550781,276.5638529031188,271.4332434991886,276.191780334642,25061100
2022-08-23,270.6695251464844,273.0389927321079,269.65122599832847,270.6695251464844,17527400
2022-08-24,270.0330810546875,271.4430244316459,269.3672528796194,269.6610085134701,18137000
2022-08-25,273.0292053222656,273.195639956881,268.78957434075147,271.54091514615766,16583400
2022-08-26,262.4938049316406,274.48809473855994,262.3861154474646,273.2543867966453,27549300
2022-08-29,259.69354248046875,261.81822869891334,258.34234411748866,260.30059568573864,20338500
2022-08-30,257.4806823730469,261.47550201720145,255.2189044329555,261.1034593568575,22767100
2022-08-31,256.0119934082031,261.53424671982935,255.87490146998655,259.85017923118824,24791800
2022-09-01,254.96429443359375,255.44408628539085,250.07846736309196,253.46623349507178,23263400
2022-09-02,250.7149200439453,259.2137238025939,249.1581137933587,256.23720323972685,22855400
2022-09-06,247.9635772705078,252.44795971595647,246.6809250263043,250.85200996486964,21328200
2022-09-07,252.70260620117188,253.42714982333212,247.93426773101635,249.38336991561278,24126700
2022-09-08,253.12359619140625,254.99373009299137,249.4714610666313,252.1346994321278,20319900
2022-09-09,258.9396057128906,259.6935517170331,254.85666778097755,255.06227583640336,22084700
2022-09-12,261.0838623046875,261.867180794142,259.62497457136203,260.2320277253486,18747700
2022-09-13,246.72988891601562,254.96432464482666,246.33822967440065,253.43689095320934,33353300
2022-09-14,246.95509338378906,248.92313072711704,244.64435605806372,248.23774570259533,23913000
2022-09-15,240.2578887939453,246.1522152354102,238.92627713488778,244.55625037262143,31530900
2022-09-16,239.63124084472656,240.17954887293567,237.00717607223177,239.16124972888457,39791800
2022-09-19,239.4158477783203,240.02290100098614,235.82245784044076,237.40863687528983,26826900
2022-09-20,237.38902282714844,238.4268936780499,234.63768200232818,237.01696522076853,26660300
2022-09-21,233.96209716796875,242.4902891041455,233.91313789195507,239.17105337813675,28625600
2022-09-22,235.94972229003906,238.76960926962832,232.61091479132295,232.9046405681356,31061200
2022-09-23,232.95358276367188,236.09658280757657,230.29035968717196,234.53976160325183,34176000
2022-09-26,232.493408203125,236.40991123435145,231.95488604827668,232.10176387611173,27694200
2022-09-27,231.47511291503906,236.75259989953264,229.60497922142935,234.9705839342444,27018700
2022-09-28,236.037841796875,237.27153481149165,229.83017344834093,231.8667567155219,29029700
2022-09-29,232.54237365722656,234.94122883953057,229.5168785708888,233.90335789912527,27484200
2022-09-30,228.0383758544922,235.5188958115648,227.87192627372596,233.31586292569597,35694800
2022-10-03,235.7147216796875,236.5665562407545,229.76163574998006,230.49598001028534,28880400
2022-10-04,243.68479919433594,245.13390098876755,239.86620015378074,239.9739045740591,34888400
2022-10-05,243.9981231689453,245.34932142534083,239.00459102796964,240.85513801638095,20347100
2022-10-06,241.63844299316406,245.11434247606232,240.94327206074857,242.75464577699583,20239900
2022-10-07,229.3504180908203,236.28263010395378,228.30274638054547,235.8713841468346,37769600
2022-10-10,224.46458435058594,229.66373983539455,221.99718320956242,228.1852652907987,29743600
2022-10-11,220.7047576904297,224.2785610061986,219.4318911189659,222.868617415671,30474000
2022-10-12,221.0376434326172,223.1035994129206,219.28501487125726,220.69494343568198,21903900
2022-10-13,229.3504180908203,231.17159255986616,214.55582760214386,215.26079932824376,42551800
2022-10-14,223.78895568847656,232.28777408099603,223.57354685072175,230.6232485273866,30198600
2022-10-17,232.5717315673828,233.9718891188807,230.2316216892533,230.89743494920083,28142300
2022-10-18,233.52149963378906,238.83814547298792,230.45683114701563,238.16256123142458,26329600
2022-10-19,231.5436248779297,234.6082928817596,229.39933735705645,232.09193284047285,19985700
2022-10-20,231.22052001953125,236.27281204109534,229.96724036243702,230.84846242588492,21811000
2022-10-21,237.06591796875,237.92755339567935,229.60498465550126,229.83998021019283,26299700
2022-10-24,242.0888214111328,242.66650196958307,236.26302667463216,238.67166745134122,24911200
2022-10-25,245.4276580810547,245.7997156975737,240.6984790313292,242.0986216482708,34775500
2022-10-26,226.49136352539062,233.32565671091658,225.25765558472068,226.3444857065967,82543200
2022-10-27,222.0167694091797,228.81190467591765,221.06701621251608,226.21721240884574,40424600
2022-10-28,230.94638061523438,231.6611531534628,221.33137373801566,221.51741001672517,40647700
2022-10-31,227.28448486328125,230.01623936925662,226.32493078796733,228.8804498149715,28357300
2022-11-01,223.4071502685547,230.81914035220967,222.58468811494055,229.7029374465118,30592300
2022-11-02,215.50558471679688,226.47179018805932,215.44682462164948,224.67020238397998,38407000
2022-11-03,209.77764892578125,215.80906589479645,209.5132808442094,215.49573854770827,36633900
2022-11-04,216.7686309814453,216.96445312693717,208.9747840925836,213.008792003022,36789100
2022-11-07,223.11337280273438,223.64210905753552,216.66093790033182,217.35612373452656,33498000
2022-11-08,224.09249877929688,226.81446708596394,221.12574904260384,223.92604919971197,28192500
2022-11-09,219.82351684570312,223.85752509677178,219.64728138196077,222.62381708948223,27852900
2022-11-10,237.90794372558594,238.25064367555294,230.09452530489162,230.51554215858724,46268000
2022-11-11,241.9517364501953,242.81337179055075,236.87985788801873,237.91774361175214,34620200
2022-11-14,236.50782775878906,238.81856512501489,234.21667709082797,236.93864547897454,31123300
2022-11-15,236.9190673828125,241.84406888595643,235.01956096953973,240.5320439197712,31390100
2022-11-16,237.35107421875,239.38358350898213,236.06480717183115,238.39186999771098,24093300
2022-11-17,237.3019561767578,238.84352279600523,233.32533397016593,233.47261072508567,23123500
2022-11-18,236.85031127929688,239.3246657828085,234.6999806378717,239.09882143559938,27613500
2022-11-21,237.665283203125,240.23781728148245,236.8208614471362,237.05650427423635,26394700
2022-11-22,240.59129333496094,240.8662199512073,236.34955769689049,239.17737646147847,19665700
2022-11-23,243.09510803222656,243.78242458645812,239.84507083963527,240.66985070471313,19508500
2022-11-25,243.00674438476562,244.19481694408375,242.26050213358,242.82999727913526,9200800
2022-11-28,237.38055419921875,242.18197209929966,236.43795282260217,241.6223053411296,24778200
2022-11-29,235.9764404296875,238.3918693092864,233.89484887777672,237.02704966267706,17956300
2022-11-30,250.51817321777344,250.7047337909563,235.51496952522623,236.21211456463936,47594200
2022-12-01,250.0762939453125,251.48038230881465,246.37458328695274,249.27114105088032,26041500
2022-12-02,250.4003448486328,251.42149877038435,245.16689541650894,245.29454527511953,21528500
2022-12-05,245.66766357421875,249.22209803476176,243.5664299350595,247.444873313301,23435300
2022-12-06,240.67965698242188,247.29756756690452,239.3639346203721,246.2764137142749,22463700
2022-12-07,239.94325256347656,241.70083524943195,237.82239217411686,240.39492629319693,20481500
2022-12-08,242.91836547851562,244.2341028868354,238.65698778008183,240.40474204316993,22611800
2022-12-09,240.97422790527344,243.81187510910007,239.73705813217018,240.26726946853532,20609700
2022-12-12,247.935791015625,247.96524636882398,242.69252839292668,242.96745501103524,30665100
2022-12-13,252.26593017578125,259.13912579674894,248.485666591298,256.94951126161465,42196900
2022-12-14,252.5604705810547,257.83318843883563,249.70318152574393,252.47210452343725,35410900
2022-12-15,244.49920654296875,249.5951926755457,242.8594602024895,249.12389201647076,35560400
2022-12-16,240.2574462890625,245.31414811434402,239.0988141825931,244.04752303949846,86102000
2022-12-19,236.0942840576172,240.76806701451366,234.3858134655363,240.42440121507883,29696400
2022-12-20,237.41981506347656,238.50970810030006,234.10103870258786,235.06328188479955,25150800
2022-12-21,240.002197265625,241.17064307525112,235.76046090371935,237.3118413500618,23690600
2022-12-22,233.8751983642578,237.60636448544406,229.6334478309404,236.88957762417527,28651700
2022-12-23,234.40541076660156,234.54287407253264,229.70218803003908,231.83287676315888,21207000
2022-12-27,232.66748046875,234.60178017051703,231.55794560399602,234.37595081143152,16688600
2022-12-28,230.28150939941406,235.37749542343812,229.9280301670431,232.5987588155398,17457100
2022-12-29,236.6441192626953,237.53763828702606,231.38121460067237,231.38121460067237,19770700
2022-12-30,235.47569274902344,235.6131560642394,232.37293222571697,233.8948571328509,21938500
2023-01-03,235.24002075195312,241.2982496784464,233.09950356417312,238.67661840759735,25740000
2023-01-04,224.9498748779297,228.6515707937887,221.86675636636124,228.07226219993836,50623400
2023-01-05,218.28285217285156,223.42793497169325,217.74281242583197,223.0842692283964,39585600
2023-01-06,220.85540771484375,221.67037414337992,215.376502057129,218.96037666884743,43613600
2023-01-09,223.0057373046875,227.05111407181693,222.30860727948638,222.34787609092098,27369800
2023-01-10,224.70440673828125,227.11983564696362,223.21193722037137,223.63414061358225,27033900
2023-01-11,231.49903869628906,231.67577081089505,226.92345084138603,227.100182955992,28669300
2023-01-12,234.18939208984375,235.5542116762938,229.32906420902535,230.99826575626707,27269500
2023-01-13,234.8963623046875,235.0338256158968,230.6644400284827,232.7067627824332,21333300
2023-01-17,235.99609375,236.54594701807417,232.79513868140307,233.65920237830696,29831300
2023-01-18,231.53831481933594,237.9893068890098,231.25357474268407,237.19398238340665,30028700
2023-01-19,227.7285919189453,231.25357062675482,226.50123560933417,229.5450852501205,28623000
2023-01-20,235.86842346191406,236.3790078733517,230.2618533398891,230.60551909385947,35389800
2023-01-23,238.1856689453125,240.72874754062073,235.30873805800567,236.7324833169044,31934000
2023-01-24,237.6554412841797,239.5308452494921,236.0844342572351,238.10711498113173,40234400
2023-01-25,236.2513885498047,238.8926620229458,226.71727706998303,230.2324277347602,66526600
2023-01-26,243.5074920654297,243.81187403333118,237.61618177352415,239.23628611084743,33454500
2023-01-27,243.66458129882812,245.30432742471842,242.35867247182847,244.47954763367946,26498900
2023-01-30,238.31333923339844,241.1509865733433,237.81256824363442,240.0807204276458,25867400
2023-01-31,243.32093811035156,243.45840142159702,238.5489760451487,239.03991858279355,26541100
2023-02-01,248.17141723632812,250.55739043602162,241.02329611056416,243.50746379667407,31259900
2023-02-02,259.8067932128906,259.8951592726371,252.5899320193859,254.13149875716766,39940400
2023-02-03,253.6699981689453,259.41403146682933,252.4426419072074,254.83844372730002,29077300
2023-02-06,252.1186065673828,253.62088945397664,250.16466496034164,252.77648271728145,22518000
2023-02-07,262.713134765625,263.9012071647271,255.36862455396962,255.81048476727034,50841400
2023-02-08,261.898193359375,271.74649858000214,261.38759398871423,268.2509904236017,54686000
2023-02-09,258.84454345703125,269.0168886035488,258.039390489122,268.84012651357125,42375100
2023-02-10,258.3339538574219,259.30601043512377,255.93815201976537,256.7923871898371,25818500
2023-02-13,266.4050598144531,269.62564159022224,262.3105859582913,262.79173001037145,44630900
2023-02-14,267.23968505859375,269.9889513959728,264.40202269183845,267.7306276163226,37047900
2023-02-15,265.1036376953125,266.49156688669603,262.01278189893924,264.11929330764815,28922400
2023-02-16,258.0458679199219,262.5640049267377,257.79978182996587,259.88658706642394,29603600
2023-02-17,254.01992797851562,256.01814602312515,251.99218080181078,255.3291229276305,30000100
2023-02-21,248.7143096923828,251.49016824327242,247.6512158869296,250.49597073877874,28397400
2023-02-22,247.5724639892578,250.35816054888014,246.42078280013976,250.11207443958386,22491100
2023-02-23,250.7814178466797,252.81900287001184,246.55857211355595,251.55904328555934,29219100
2023-02-24,245.31829833984375,247.07043006861863,244.21583748216142,246.04671856075686,24990900
2023-02-27,246.24359130859375,248.8619509386829,245.48564193779885,248.50758636453622,21190000
2023-02-28,245.5151824951172,247.5527826462789,244.83598244472995,245.17067096137697,22491000
2023-03-01,242.41448974609375,247.00152304863036,241.94199363895714,246.8341863098164,27565300
2023-03-02,247.17872619628906,247.46417946735576,241.76483192375827,242.69011807533903,24808200
2023-03-03,251.2932586669922,251.61809409992222,247.45432176855098,248.24180024051145,30760100
2023-03-06,252.84854125976562,256.0476605602481,251.97247534442963,252.41542732051573,24109800
2023-03-07,250.17111206054688,253.65569949180863,249.42301575717852,252.2874464179105,21473200
2023-03-08,249.72816467285156,250.55501034221174,246.88341003286706,250.06283815522548,17340200
2023-03-09,248.36978149414062,255.49642520187024,247.6413612448282,251.81498682862087,26653400
2023-03-10,244.69815063476562,248.83239377023597,243.72365937177543,247.14917339603343,28333900
2023-03-13,249.94473266601562,253.87227229864152,241.8829494842542,243.52680285893817,33339700
2023-03-14,256.7071533203125,256.9827685172578,251.8543282071445,252.73039401598515,33620300
2023-03-15,261.284423828125,262.3081505872303,255.1519463716988,255.9099109124936,46028000
2023-03-16,271.87591552734375,272.23026506647096,259.1581735865581,261.0579509308683,54768800
2023-03-17,275.0553283691406,278.89426524045854,271.9940319281041,273.90366232764774,69527400
2023-03-20,267.96807861328125,273.1358865548913,265.6253342067157,272.643714369976,43466600
2023-03-21,269.49383544921875,270.69473693831935,265.3005182751805,270.57662040493403,34558700
2023-03-22,268.02716064453125,276.64017464446556,267.91886713354575,269.1197685728432,34873300
2023-03-23,273.3131103515625,276.6598758012789,270.89163117862455,273.58872562295534,36610900
2023-03-24,276.1775207519531,276.2365790138879,270.9703303661151,272.8996370155353,28172000
2023-03-27,272.0531005859375,277.0535567459473,271.20654881077553,276.1085945660647,26840200
2023-03-28,270.92108154296875,271.81683842450656,267.79084396535427,271.4723119254839,21878600
2023-03-29,276.1184387207031,276.7385804574417,274.0513096115096,274.5926869792437,25087000
2023-03-30,279.6029968261719,280.00658160899906,277.07325471108254,279.7802016370314,25053400
2023-03-31,283.7864685058594,284.7412837418121,278.56945538558534,279.28803758659916,32766000
2023-04-03,282.7331848144531,283.75688111554035,279.5045371607013,282.03427882991485,24883300
2023-04-04,282.68402099609375,285.90284644844036,281.1976813612138,282.7332562405726,25824300
2023-04-05,279.88848876953125,282.6544941864627,278.490736515466,281.37485845642465,22064800
2023-04-06,287.03485107421875,287.50731719041386,277.61466736506213,278.7761866204537,29770300
2023-04-10,284.85943603515625,285.06613994489004,280.25268148244174,284.68223121557776,23103000
2023-04-11,278.4020690917969,281.50277748977504,277.23072707898575,281.2763674995061,27276600
2023-04-12,279.0517883300781,282.51669989305793,277.5457425781535,280.331454092245,27403400
2023-04-13,285.3023681640625,285.3614264229886,278.73680804839455,279.15021586087715,24222700
2023-04-14,281.6603088378906,283.96367102936733,279.2486531464038,282.5068305661248,20987900
2023-04-17,284.2786560058594,287.0348384011463,281.68000236209434,285.3909700049731,23836200
2023-04-18,283.85540771484375,287.1923498602999,282.51671366556474,287.00532200932577,20161800
2023-04-19,283.93414306640625,284.52472565141113,280.08535300849246,281.51263430866226,17150300
2023-04-20,281.63079833984375,284.50509757761904,280.6169246781258,280.78427646531526,23244400
2023-04-21,281.2862854003906,281.7882806530925,278.6285433150847,280.54802704778444,21676400
2023-04-24,277.3586730957031,280.4889106927274,274.3564350994669,277.6736704704658,26611000
2023-04-25,271.1081237792969,277.19136442128627,271.05888853978684,275.1340884128389,45772200
2023-04-26,290.7458190917969,294.88007785035614,288.1471653314123,292.05501404925786,64599200
2023-04-27,300.0577087402344,300.42194142413604,290.62770202416357,291.336431237466,46462600
2023-04-28,302.44970703125,304.09354555846096,298.561534158712,299.2505873390995,36446700
2023-05-01,300.7762756347656,303.7686910534892,300.3726908217299,302.1642048581886,21294100
2023-05-02,300.6286315917969,304.33959922450805,299.1521149683054,302.9418469765617,26404400
2023-05-03,299.63446044921875,303.778542392161,299.3293160567343,301.81970644560397,22360800
2023-05-04,300.6286315917969,302.9418469765617,298.65008970357985,301.44562423928016,22519900
2023-05-05,305.7865905761719,307.085932430796,299.50646831862997,300.93377975527426,28181200
2023-05-08,303.8178405761719,305.3435921565261,301.29792175060055,305.2746808508748,21318600
2023-05-09,302.1937255859375,305.18614092145225,301.51452555847186,303.1780699689536,21340800
2023-05-10,307.42059326171875,308.09979329228884,302.85325092434726,303.78836006860274,30078000
2023-05-11,305.2550048828125,306.2492022660023,301.46530325501186,305.24518186660805,31680200
2023-05-12,304.1329040527344,305.78659550903757,301.8000125269122,305.68815505667965,19758100
2023-05-15,304.6152038574219,305.04831778842316,302.77448467056973,304.26085429922443,16336500
2023-05-16,306.8595275878906,308.7986873456042,304.97942609367624,304.97942609367624,26730300
2023-05-17,309.7597961425781,310.18398226866987,306.5438090074736,308.07289612814964,24315000
2023-05-18,314.21875,314.73174727715974,309.48358041459244,310.28263990581155,27276000
2023-05-19,314.04119873046875,314.44566578774686,312.0977999996557,312.46279877914503,27529500
2023-05-22,316.8428649902344,318.23382834454407,313.71568867126024,314.29771785830155,24115700
2023-05-23,311.0028381347656,318.36209222067146,310.9929635378551,315.7084147228856,30797200
2023-05-24,309.6118469238281,312.22605590477934,308.3885711303924,310.47996842062906,23384900
2023-05-25,321.5188903808594,322.4856374964896,315.6788189832587,318.87505739171115,43301700
2023-05-26,328.3947448730469,328.8978374792633,319.5064041956886,319.6444980132169,36630600
2023-05-30,326.7374267578125,331.20625373329415,326.0567419114066,330.7031610986949,29503100
2023-05-31,323.9555358886719,331.4035709455312,322.9098221088515,327.8028654551653,45950600
2023-06-01,328.0888671875,329.0260505461007,320.3350221149729,321.5286739937124,26773900
2023-06-02,330.870849609375,332.94249783924806,328.0593291620814,329.73638489709236,25864000
2023-06-05,331.4035339355469,333.98814914784583,330.14082001100866,330.6932554714019,21307100
2023-06-06,329.174072265625,330.8412533912164,327.68448335101743,330.8017851103892,20396200
2023-06-07,319.0131530761719,329.9731116515835,318.1450315839659,327.17146599385774,40717100
2023-06-08,320.86773681640625,322.2291062754514,318.98352561929755,319.5655547159742,23277700
2023-06-09,322.3770751953125,325.53384471319896,320.02920961494186,320.601364117621,22514900
2023-06-12,327.3688049316406,327.61542900796314,320.7691422408111,324.1429427458358,24260300
2023-06-13,329.7758483886719,332.42952577838406,325.9285189350578,329.95341049295934,22951300
2023-06-14,332.7846374511719,334.46169309865223,328.31581069541244,329.8251487359543,26003800
2023-06-15,343.3993225097656,345.1158162103727,332.6465202868888,332.9227380100379,38899100
2023-06-16,337.7072448730469,346.72383496475805,337.3324015901357,346.57586654973045,46533600
2023-06-20,333.48504638671875,337.46062508330874,331.3246171835482,334.72804129963237,26375400
2023-06-21,329.0556945800781,333.1693972869812,327.5858247663164,331.82774670017375,25117800
2023-06-22,335.1226806640625,335.5271477971593,328.83870346826325,329.60816944926967,23556800
2023-06-23,330.4959716796875,333.39627314072527,328.9471954059109,329.8448805246099,23084700
2023-06-26,324.1627197265625,331.57128714262643,324.05418946882884,329.2135764257294,21520600
2023-06-27,330.0520324707031,331.61068318067953,324.85317836133345,327.3786061607091,24354100
2023-06-28,331.31475830078125,333.4160000459161,329.30229760192987,330.14082540190753,20259500
2023-06-29,330.5255432128906,331.57122678735186,328.1283646472187,330.19013811405165,16997000
2023-06-30,335.94140625,338.1018352198604,332.6465127324508,333.189073570984,26823800
2023-07-03,333.42584228515625,336.2965498508415,332.0250345348407,334.60964977189394,12508700
2023-07-05,333.5837097167969,337.0364466828848,330.2099093118582,330.5650335205982,18172400
2023-07-06,336.66156005859375,338.3583347909345,330.9694876074592,332.7451687923729,28161200
2023-07-07,332.666259765625,337.17455476042386,332.4492293908837,334.7379078689779,21185300
2023-07-10,327.3489990234375,330.7031099646927,323.1662650474364,330.08161258316045,32791400
2023-07-11,327.98040771484375,328.36512559547043,322.58427205153635,326.58944439701025,26698200
2023-07-12,332.64654541015625,337.03643563123427,331.1372073615491,332.0546416428547,29995300
2023-07-13,338.03277587890625,339.0981784792485,334.4419154262678,334.9746317791757,20567200
2023-07-14,340.5779113769531,346.684324777907,339.6604772092067,342.89618328373626,28302200
2023-07-17,341.0613708496094,342.3043356947929,337.57904017391905,341.0120279721599,20363900
2023-07-18,354.6354675292969,361.82703240968596,337.5493782381458,341.1599274120165,64872700
2023-07-19,350.28509521484375,357.5654427726351,347.6807606209098,356.86503882465547,39732900
2023-07-20,342.18597412109375,353.1360893076159,340.70622963927934,348.7955115153894,33778400
2023-07-21,339.1277770996094,345.56959587744933,335.2409797862232,344.43513130446024,69368900
2023-07-24,340.44970703125,342.2352929441679,337.6875295682125,341.1797347293557,26678100
2023-07-25,346.240478515625,347.1381937516986,340.41028183220885,342.42271258678073,41637700
2023-07-26,333.20880126953125,340.01564894257064,328.61172549409804,336.8292554681692,58383700
2023-07-27,326.2540283203125,336.7207386752654,324.6065664004519,335.8822409797451,39635300
2023-07-28,333.8007507324219,335.418619127257,328.67098799700807,329.16423615072927,28484900
2023-07-31,331.3838195800781,333.1397816268532,328.85836158947654,332.3703157885018,25446000
2023-08-01,331.7981262207031,333.96842988932275,329.1937919238342,330.6636616188916,18311900
2023-08-02,323.0775146484375,329.12474134255,321.9528944979642,329.12474134255,27761300
2023-08-03,322.2489013671875,325.4254208190329,321.54849738808366,321.5978101634016,18253700
2023-08-04,323.3537292480469,330.61435706998384,322.82101286060225,327.39836976439574,23727700
2023-08-07,325.6522521972656,326.638748415641,323.09723060433043,323.9357584110446,17741500
2023-08-08,321.6470947265625,324.31064668065517,318.6382931645677,322.54480993915706,22327600
2023-08-09,317.87872314453125,322.69279994467314,316.7146345953678,322.06145794853927,22373300
2023-08-10,318.5692138671875,323.8272555255074,316.84284549970266,321.6174835434037,20113700
2023-08-11,316.6751708984375,318.05625962756983,314.8994595848591,315.9352987108156,24342600
2023-08-14,319.6642150878906,319.6839341725632,315.75766872867933,317.0500063588165,18836100
2023-08-15,317.513671875,320.7000656335948,316.5666438946888,318.63829206231935,16966300
2023-08-16,316.7425842285156,320.7167146880456,316.1494272765782,317.13801214006867,20698900
2023-08-17,313.2628173828125,318.19584684332114,312.600452163101,316.8810420771974,21257200
2023-08-18,312.8673400878906,314.74564524442695,307.9935939126714,310.90003574711136,24744800
2023-08-21,318.2057189941406,319.08554388527233,313.42097159988043,314.30079649101214,24040000
2023-08-22,318.77911376953125,322.35778667744705,317.7905287598652,321.7844206462977,16102000
2023-08-23,323.2672424316406,325.44214114565574,319.76764365334907,320.1235498834675,21166400
2023-08-24,316.3175048828125,329.1790038104103,316.3076093798751,329.05048294908903,23281400
2023-08-25,319.29315185546875,321.64595850158366,315.16084417438077,317.8003790491066,21684100
2023-08-28,320.0049133300781,322.42692799992096,318.0475045559713,321.9425310997952,14808500
2023-08-29,324.6611328125,325.22463338047504,318.2056753742059,318.2056753742059,19284600
2023-08-30,325.03680419921875,326.0451498323158,322.72351939208045,324.9181788505266,15222100
2023-08-31,324.0185852050781,327.13262149789296,323.0497611758668,325.4421498250876,26411000
2023-09-01,324.9082946777344,328.2002688955857,323.04975036551434,327.5280384500807,14931200
2023-09-05,329.7424621582031,331.02764055502126,324.9082979662232,325.2444131923776,18553900
2023-09-06,329.0801696777344,330.6421206560539,326.41097819074616,329.57446216279004,17535800
2023-09-07,326.14404296875,329.27784015884396,325.27408344304047,327.5082949368657,18381000
2023-09-08,330.45428466796875,332.3227247289634,325.69919341024064,326.32200676390556,19530100
2023-09-11,334.08233642578125,334.5568679718072,331.6009790224152,333.39031502564495,16583300
2023-09-12,327.9827880859375,332.94550339059816,327.69612019842117,331.9865748697913,17565500
2023-09-13,332.22381591796875,333.0048063818992,327.38965178199726,327.52803797035625,16544400
2023-09-14,334.833740234375,336.9690572131861,332.7280494285724,335.2785853677861,20267000
2023-09-15,326.45050048828125,333.54853269059,325.88699986571044,333.07403125618623,37666900
2023-09-18,325.3037414550781,326.6284415872305,322.63455018467687,324.058114839662,16834200
2023-09-19,324.89837646484375,325.6299497048408,320.8056512322667,322.446705559853,16505900
2023-09-20,317.1083068847656,325.8276312763471,316.8512953749707,325.7485577739205,21436500
2023-09-21,315.8824768066406,321.636047161945,311.40418919733315,315.61556979110196,35529500
2023-09-22,313.39129638671875,317.78061558235316,312.54109771841047,317.6520947233704,21447900
2023-09-25,313.9152526855469,314.04377354761226,311.404238631424,312.9760849775433,17836000
2023-09-26,308.576904296875,312.27420215829727,306.4810789726441,311.5327634853885,26297600
2023-09-27,309.2195129394531,310.7122557856898,306.1548933823973,308.7350857707144,19410100
2023-09-28,310.0597839355469,311.87877653956156,305.9176107720618,307.4400098031896,19683600
2023-09-29,312.1456604003906,315.82319717862225,311.38446094140835,314.12283006246753,24140300
2023-10-02,318.1265563964844,318.2155555717482,311.58213026261114,312.669579507487,20570000
2023-10-03,309.8126220703125,317.7213009072656,307.657484158639,317.1676656330005,21033500
2023-10-04,315.31903076171875,316.38671934680445,310.4156581127954,310.4453144529802,20720100
2023-10-05,315.7144470214844,316.3273949780159,311.30536698470246,315.4475399696837,16965600
2023-10-06,323.5242614746094,325.4322228400408,312.6893506739022,312.93649686639475,25645500
2023-10-09,326.0550537109375,326.5295551178962,319.49083600200555,321.0429214154338,19891200
2023-10-10,324.6413879394531,327.32044439073553,323.92960565259705,327.1820280328287,20557100
2023-10-11,328.62542724609375,329.02085519813727,325.38286976858666,327.4292177169471,20063200
2023-10-12,327.3797302246094,329.82153576980227,324.9675810152199,326.7964688409997,19313100
2023-10-13,323.9889221191406,330.01926553838706,322.63453553932317,328.58583561463803,21072400
2023-10-16,328.8428649902344,332.3029118179807,326.8261435346823,327.27098859672117,22158000
2023-10-17,328.2695007324219,329.65351356385685,323.67258696373347,325.8276948133406,18338500
2023-10-18,326.3417663574219,331.759222794045,324.55242999504236,328.6946033870838,23153600
2023-10-19,327.5379333496094,333.0344625947889,327.1326099487148,328.35844548463956,25052100
2023-10-20,322.9410400390625,328.13111072358873,321.73496526369917,327.9333816774439,25012600
2023-10-23,325.560791015625,328.9318691915997,320.68707463176605,321.7547330640911,24374700
2023-10-24,326.7569274902344,328.0519711439017,323.86038131335783,327.5181269130942,31153600
2023-10-25,336.78125,342.24812359609695,333.7660477847726,341.08157042022475,55053800
2023-10-26,324.1471252441406,337.7302724471152,323.20795749855927,336.6527185001531,37828500
2023-10-27,326.0451965332031,332.876322086507,324.65128814798715,326.6581143687127,29856500
2023-10-30,333.4595642089844,335.5751503381647,328.04210819348634,329.60408920215934,22828100
2023-10-31,334.25042724609375,335.1302822914459,330.8694837708354,334.98200058976215,20265300
2023-11-01,342.11956787109375,343.45416345864317,335.7728398301243,335.9112561909914,28158800
2023-11-02,344.3439025878906,344.8480603761851,340.83440806099617,343.2762139918915,24348100
2023-11-03,348.77276611328125,350.34464276794165,343.36520510875204,345.63896864627054,23624000
2023-11-06,352.4601745605469,353.45865496757824,349.3164818069367,349.41534633116447,23828300
2023-11-07,356.4145202636719,358.3224819200667,353.54763002740117,355.29741447617323,25833900
2023-11-08,359.05401611328125,359.7163510431648,356.43424222372255,357.55134788937477,26767800
2023-11-09,356.5726623535156,360.62586616316025,356.2464124670446,358.1642694379123,24847300
2023-11-10,365.4501953125,365.8752795812783,356.94835909084804,357.3635478564213,28042100
2023-11-13,362.4942932128906,364.2638685791425,361.7231982203745,364.0167223614231,19986500
2023-11-14,366.0433044433594,367.70414993309754,363.15665355329156,366.77487775321134,27683900
2023-11-15,366.1919250488281,369.6193627244979,363.6559833296178,367.7867626439103,26860100
2023-11-16,372.6307678222656,372.8090670130161,366.6971049772861,367.4697650343208,27182300
2023-11-17,366.3702087402344,370.84767066024057,363.5470174090878,370.09481157714856,40157000
2023-11-20,373.8888244628906,375.305362924845,367.5094133597198,367.7273446792859,52465100
2023-11-21,369.5599060058594,372.680262575537,367.6282408658245,372.13544944909,28423100
2023-11-22,374.294921875,376.21667138013174,371.44201414653855,374.44350452118096,23345300
2023-11-24,373.8788757324219,374.4138035112927,371.61044336899096,373.7798105540461,10176600
2023-11-27,375.04779052734375,377.05872006421737,372.6604918874323,373.23502159050327,22179200
2023-11-28,379.099365234375,379.39653058129164,374.6020715248377,374.7902863213691,20453100
2023-11-29,375.2855529785156,380.68425789892774,373.88881549531266,380.1493603159181,28963400
2023-11-30,375.344970703125,376.5138612366037,371.9373340529728,374.92890903622725,30554400
2023-12-01,370.98638916015625,374.6020416682448,367.8164846369156,373.21521977574577,33020400
2023-12-04,365.6669006347656,366.0432999492324,359.4855901354516,365.6272685167618,32063300
2023-12-05,369.01507568359375,369.5698044164444,362.1800014727598,363.002209215325,23065000
2023-12-06,365.330078125,370.65946442979055,364.5673336677576,370.0255016850389,21182100
2023-12-07,367.4598693847656,367.95516505438763,362.8734266471938,364.76545973280383,23118900
2023-12-08,370.708984375,370.93680102116286,364.765436714598,365.7263114622475,20144800
2023-12-11,367.8065490722656,368.10374460980563,362.6554922898368,365.0131044942587,27708800
2023-12-12,370.85760498046875,370.8972371001198,366.97447347680867,367.36081862489453,24838300
2023-12-13,370.84765625,374.0869091144722,367.2815215613571,372.48212583174757,30955500
2023-12-14,362.487060546875,370.2434072135556,360.7040083315525,369.79762904450155,43277500
2023-12-15,367.241943359375,368.8962139906386,362.8337997442001,363.39844407099264,78478200
2023-12-18,369.14385986328125,369.4905728812435,365.2112110016812,365.9739856872879,21802900
2023-12-19,369.7481384277344,369.7481384277344,366.3603026960237,367.9947723838569,20603700
2023-12-20,367.1329345703125,372.49203701128664,367.04378498295705,371.47172920429006,26316700
2023-12-21,370.0255126953125,370.88732235937965,366.5584428639484,369.0547222595686,17708000
2023-12-22,371.0556945800781,371.6500554361655,369.20329359245756,370.16416841117154,17091100
2023-12-26,371.13494873046875,373.393495737859,369.98585916804944,371.47174615266005,12673100
2023-12-27,370.550537109375,371.5312129344826,369.30238225527376,370.1741075355698,14905400
2023-12-28,371.74908447265625,372.91797489669426,370.6396271054035,371.83823405783414,14327000
2023-12-29,372.5019836425781,373.61144112939365,369.96607217829995,372.46235152363494,18723000
2024-01-02,367.3805847167969,372.3632576668665,363.3191544056819,370.3424429826701,25258600
2024-01-03,367.1131591796875,369.7481357898977,365.04282689247566,365.5381225658885,23083500
2024-01-04,364.4781799316406,369.5896348719219,363.71543548306664,367.1825051718643,20901500
2024-01-05,364.28997802734375,368.559424433647,363.0517388090319,365.4985007136341,20987000
2024-01-08,371.1646728515625,371.66988411040546,365.53812127674354,365.8253710003868,23134000
2024-01-09,372.25433349609375,372.4524336286839,367.6976072202341,368.509899386066,20830000
2024-01-10,379.1685791015625,380.5554309526062,372.7792840611572,372.8288015285042,25514200
2024-01-11,381.0111389160156,387.0042042259602,376.80112586493703,382.3682441685505,27850800
2024-01-12,384.8150329589844,385.0230486833725,381.03096664819185,381.8630597761942,21645700
2024-01-16,386.5980529785156,390.32268591338345,383.9729920985464,389.95617197189966,27202300
2024-01-17,385.80560302734375,386.4395657529972,381.1894438434919,384.32963163268903,22234100
2024-01-18,390.16424560546875,390.2831117413872,386.4495277057587,388.03448005572534,23392100
2024-01-19,394.91912841796875,394.91912841796875,389.7977570380765,392.0365035120912,29272000
2024-01-22,392.7793884277344,396.85070439221124,389.8868483654438,396.25634353223927,27016900
2024-01-23,395.14691162109375,395.6224063859319,390.2236710516202,392.02655469237413,20525900
2024-01-24,398.7724304199219,401.8135529594447,396.6822972921996,397.7620381791371,24867000
2024-01-25,401.0607604980469,403.18064073795176,398.7427801039566,400.5159472859716,21021200
2024-01-26,400.12957763671875,402.3485229332517,398.64369053415635,400.5654402719064,17803300
2024-01-29,405.8650817871094,406.1226452071924,400.52577999660826,402.23951388406,24510200
2024-01-30,404.7457275390625,409.16375662074074,402.6258777098208,408.3812111979871,33477600
2024-01-31,393.83929443359375,411.41240548584386,393.47278047208044,403.1310461052013,47871100
2024-02-01,399.9809875488281,404.161284395668,398.01960572688716,398.0493222591689,30657700
2024-02-02,407.35101318359375,408.7675516875465,399.7630791252122,400.01072698522285,28245000
2024-02-05,401.8334045410156,407.2915729534139,400.189019151807,406.0434180871643,25352300
2024-02-06,401.67486572265625,404.13154308563696,399.11915341177513,402.0612108490808,18382600
2024-02-07,410.154296875,410.40194468865,403.5668710779984,403.6065031927073,22340500
2024-02-08,410.21380615234375,411.65017583057954,408.6486849806617,410.15437308446036,21225300
2024-02-09,416.5931396484375,416.86061863442,411.18451986779826,411.34301809604267,22032800
2024-02-12,411.35296630859375,416.78138746189904,410.847755055397,416.6030882773996,21202900
2024-02-13,402.4971008300781,406.21181854248556,399.5946753127585,401.13007987504017,27824900
2024-02-14,406.38739013671875,406.7347443342126,401.5046846687993,404.9781660710295,20401200
2024-02-15,403.4795837402344,406.03011869599004,401.22679392364836,405.0476293953427,21825500
2024-02-16,400.9985046386719,405.19646556123695,400.38320711756694,404.86894895397035,22281100
2024-02-20,399.7381591796875,401.4252604899609,394.9943773768075,400.1847314590158,24307900
2024-02-21,399.13275146484375,399.24193376469594,394.21034092041026,397.1380014467668,18631100
2024-02-22,408.531005859375,409.70205797134184,405.4743557171247,407.08207646174907,27009900
2024-02-23,407.23095703125,412.70912252547726,405.87134201034183,412.5205899694505,16295900
2024-02-26,404.4521789550781,409.0371695148512,404.27351975281573,408.34246112673543,16193500
2024-02-27,404.39263916015625,405.22627106063214,400.7901378959309,404.898754425873,14835800
2024-02-28,404.63079833984375,406.1988137086949,402.24898865810695,405.0873045429746,13183100
2024-02-29,410.5059509277344,411.06170550216336,402.84444253870316,405.5438348800808,31947300
2024-03-01,412.3518371582031,412.71902889421233,407.76684684717014,408.153876143975,17800300
2024-03-04,411.7762451171875,414.18782621068357,409.19593875466035,410.307447886493,17596000
2024-03-05,399.59918212890625,411.1112969231929,397.6044321579871,410.8234857245891,26919200
2024-03-06,399.04345703125,402.0902036474927,395.37150921419715,399.91679432847235,22344100
2024-03-07,406.0400390625,406.67517415608603,399.19229481283145,403.04290164123864,18718500
2024-03-08,403.14215087890625,407.3103404061873,401.2664565057241,404.8689575439801,17971700
2024-03-11,401.45501708984375,402.6062316222378,398.21973809181884,400.70079606171487,16120800
2024-03-12,412.13348388671875,412.4212950799544,403.70782104780903,404.5315189350478,22457000
2024-03-13,411.95489501953125,415.0115452878592,408.3325562328795,414.9321647542621,17115900
2024-03-14,421.9981689453125,424.5784751674573,414.8229387375938,417.0558908033508,34157300
2024-03-15,413.2648620605469,419.3980298678985,409.6623611748997,416.11311165944556,45049800
2024-03-18,414.15802001953125,417.54218646296124,410.644833725834,411.11127379953496,20106000
2024-03-19,418.2170715332031,418.4751112612702,412.40145573236146,414.6641794557911,19837900
2024-03-20,422.0081481933594,422.73259778034867,417.4727666861834,418.8026102027015,17860100
2024-03-21,426.11676025390625,427.55578606152034,423.9235133811952,426.57326646256405,21296200
2024-03-22,425.4915466308594,426.6030558566972,422.8417934382558,426.4442947841674,17636500
2024-03-25,419.6560363769531,424.1715798565736,418.41550744623606,422.0180083068545,18060500
2024-03-26,418.4552001953125,422.76231287812396,418.15748537548563,422.3851872487767,16725600
2024-03-27,418.23687744140625,421.2340147133464,415.83523039825434,421.2240807902947,16705000
2024-03-28,417.53228759765625,418.6735682140503,415.94440442920035,417.7704594727013,21871200
2024-04-01,421.3531494140625,424.6480018954086,419.02094870327977,420.73785184065474,16316000
2024-04-02,418.2468566894531,419.17973696688534,414.6741269340057,416.9269168072685,17912000
2024-04-03,417.26434326171875,420.0530500088036,415.91463197146663,416.54979735190346,16502300
2024-04-04,414.7138366699219,425.4220921238306,414.4061878822782,421.769951509971,19370900
2024-04-05,422.2959289550781,423.2784485638512,415.1504997519638,416.8276974614869,16544300
2024-04-08,421.3729553222656,424.0425761054586,420.09272093696904,421.9485777283347,14272400
2024-04-09,423.0501708984375,424.4991003259259,418.4254750382327,423.20896224870864,12512300
2024-04-10,420.0530700683594,420.81722505973426,416.5200457584293,418.99116993330387,16216600
2024-04-11,424.6876525878906,426.1167444183971,419.15984809671994,422.5936541739285,17966400
2024-04-12,418.703369140625,421.9585162359949,416.58950274190113,420.8370731015467,19232100
2024-04-15,410.5059509277344,423.5860815606245,410.2975202475589,423.36774724307367,20273500
2024-04-16,411.43878173828125,415.2298454910269,410.5952462785095,411.42887810136665,16765600
2024-04-17,408.7196044921875,415.7062729403422,407.2210356312864,414.0886181303493,15855500
2024-04-18,401.2069091796875,408.76919927263555,400.88935677884103,407.5187363707615,21029900
2024-04-19,396.095947265625,402.4077746386735,394.7561698730406,400.9687488676842,30276500
2024-04-22,397.9219970703125,399.7976914523607,392.7514806878664,397.04865981007964,20286900
2024-04-23,404.48193359375,405.10716505974153,400.0060952402287,401.1771473553241,15734500
2024-04-24,405.96063232421875,409.3447990752087,403.6979086365787,406.45684392489727,15065300
2024-04-25,396.0165710449219,396.8601368410158,385.08998167747234,391.04452101034235,40586500
2024-04-26,403.2414245605469,409.87080464048637,402.6856699602139,409.04710666417816,29694700
2024-04-29,399.2022399902344,403.24140976178137,396.1654273618807,402.1795096483343,19582100
2024-04-30,386.380126953125,399.112934090919,386.2213658866136,398.44799719369325,28781400
2024-05-01,391.9476318359375,398.6762601059751,387.35270744745037,389.635268755834,23562500
2024-05-02,394.8256530761719,396.89981398666424,391.6598205584853,394.64702416400013,17709400
2024-05-03,403.5788269042969,404.06510458639696,398.815177316325,399.2320083912343,17446700
2024-05-06,410.4067077636719,410.7937370714025,403.29101993493754,405.66292597330005,16996600
2024-05-07,406.238525390625,411.52815821970637,405.99041958064737,411.5182242956741,20018200
2024-05-08,407.4294128417969,409.1066104061556,403.6284151762591,405.07737479693975,11792300
2024-05-09,409.1959228515625,409.5928860565961,406.0003190785622,407.45918232898305,14689700
2024-05-10,411.5976257324219,412.2327911756722,408.6798988359958,409.81127592440214,13402300
2024-05-13,410.5853271484375,415.18025140614657,407.7073059282806,414.84283115281045,15440200
2024-05-14,413.40380859375,414.3267549073316,408.43175863614476,408.8981987547859,15109300
2024-05-15,420.6317443847656,421.35753100749633,414.85536761085484,415.48172683662517,22239500
2024-05-16,418.5538330078125,422.9582208339026,417.91755229509,419.35914332573157,17530100
2024-05-17,417.7783508300781,420.4726906446292,415.61097317740536,420.09488474644235,15352200
2024-05-20,422.8786315917969,424.30034916156967,417.5595849948594,417.77831310874586,16272100
2024-05-21,426.5572814941406,430.46453247000767,422.3915253519068,424.36004826198655,21453300
2024-05-22,428.0286865234375,429.9077641693655,424.6583193119375,427.60118209872775,18073700
2024-05-23,424.5290832519531,431.090897164325,422.9582395726222,430.46453792464195,17211700
2024-05-24,427.6707763671875,428.565562226306,421.95405016489985,424.71796179341015,11845800
2024-05-28,427.8298645019531,428.3269711402922,424.13138989907134,427.14385491376675,15718000
2024-05-29,426.6865234375,428.44627000677747,423.22665032702537,423.22665032702537,15517100
2024-05-30,412.2704162597656,421.84466424386284,411.84288150879064,421.84466424386284,28424800
2024-05-31,412.7277526855469,414.3383733012913,402.1692127903504,414.3383733012913,47995300
2024-06-03,411.1270751953125,414.02023955543035,406.55371826249007,413.1254536486165,17484700
2024-06-04,413.6623229980469,414.03017705380546,407.30928563189894,410.04337212748766,14348900
2024-06-05,421.5563659667969,421.6259378345122,413.89096003424896,415.39223173706347,16988000
2024-06-06,422.0633850097656,422.848821948627,418.14618249774657,421.5563568996983,14861300
2024-06-07,421.3973083496094,423.81323935854607,420.55222098628695,423.73371564550735,13621700
2024-06-10,425.3940124511719,425.6027887352665,421.4370631899479,422.24237348386436,14003000
2024-06-11,430.1761779785156,430.3153823959729,422.78918087724,423.01786084549974,14551100
2024-06-12,438.5076904296875,440.8341457768561,430.7428874309175,432.8009161252906,22366200
2024-06-13,439.0246887207031,440.8242426789463,436.8274858579273,438.2989324414096,15960600
2024-06-14,440.00897216796875,440.5756810111054,434.19281849694386,435.74378876375306,13582000
2024-06-17,445.775390625,448.3305259626429,438.16966532085047,440.0288392462003,20790000
2024-06-18,443.75714111328125,447.53516969127554,442.3155500964385,447.10763493198164,17112500
2024-06-20,443.120849609375,443.946033241849,438.7164619327626,443.7173532757514,19877400
2024-06-21,447.17724609375,447.97260457820744,443.9261796037789,444.79114029939626,34486200
2024-06-24,445.0794372558594,450.1300269693388,443.82671891288334,447.19708588858595,15913700
2024-06-25,448.3404541015625,448.80773551860256,444.1647465305247,445.65606632861267,16747500
2024-06-26,449.54345703125,450.9751265075422,445.59642930053803,446.4017395883299,16507000
2024-06-27,450.2294921875,453.5302875755873,449.1557248487335,449.56335593650766,14806300
2024-06-28,444.3636169433594,452.7448272217048,443.8267333016812,450.44819707911165,28362300
2024-07-01,454.0870056152344,454.7232862857242,443.08105821287796,446.06369781193524,17662800
2024-07-02,456.62225341796875,456.9304570935814,450.48794440717063,450.57745029839504,13979800
2024-07-03,458.1036376953125,458.3521910129211,455.23037712106725,455.5385808076234,9932800
2024-07-05,464.8543395996094,465.6397765538939,456.3140515175161,456.95033221316646,16000300
2024-07-08,463.5419921875,464.99356542878803,461.77229375422786,463.8501958785038,12962300
2024-07-09,456.8807678222656,464.6256672353131,455.3496709136752,464.29759021110544,17207200
2024-07-10,463.55194091796875,463.7607172108967,456.20469022907776,458.55104934272356,18196100
2024-07-11,452.06878662109375,462.0904430463112,448.93699054354346,460.3008712942663,23111200
2024-07-12,450.9254150390625,453.71915189160546,448.0422026334216,451.70090017355875,16324300
2024-07-15,451.3330383300781,454.6139602586164,448.8176800220224,450.67685394437046,14429400
2024-07-16,446.91876220703125,451.671100679191,444.0753266658107,451.5915769633523,17175700
2024-07-17,440.9534606933594,442.2757813397234,436.63857872187197,440.0288496296795,21778000
2024-07-18,437.8216857910156,442.07691730431753,431.886231451246,441.7687136228689,20794800
2024-07-19,434.58056640625,438.587275182443,429.50015094371236,430.59379165551553,20940400
2024-07-22,440.3768310546875,442.0272287343498,436.37015276462773,439.23349185507885,15808800
2024-07-23,442.2757568359375,445.79528012902404,440.53588370152465,441.3312421408644,13107100
2024-07-24,426.4180603027344,438.9252800797557,425.11564336198785,437.90124163761953,26805800
2024-07-25,415.9788513183594,427.31287721528406,415.09401723172687,426.31866388501027,29943800
2024-07-26,422.8090515136719,426.4379540941027,414.8553456338981,415.7799870015666,23583800
2024-07-29,424.2606201171875,429.6492388018038,422.2423684855505,429.0825299821325,15125800
2024-07-30,420.4726867675781,426.5671885866718,414.9448331085773,425.2448982961915,32687600
2024-07-31,415.9291076660156,419.3392517370681,409.82462391670987,418.0666600260145,42891400
2024-08-01,414.6962585449219,424.98637136355273,410.6995323530128,418.3549862264431,30296400
2024-08-02,406.12615966796875,412.59849761680636,402.0001807599968,410.1030126570464,29437900
2024-08-05,392.8633728027344,398.7193036046689,383.34874440032485,386.91799678720787,40709200
2024-08-06,397.29754638671875,403.3225066578681,396.1939842314513,397.6853041219084,24946500
2024-08-07,396.1243896484375,407.70696828580475,395.1699533956427,406.27532907710327,20650900
2024-08-08,400.3597412109375,403.51138026295973,397.62565473832814,400.11118789524573,20203000
2024-08-09,403.6704406738281,405.68869229684987,399.93221959838144,401.6919660750819,19276700
2024-08-12,404.4559020996094,406.39463013243375,401.9007666876047,404.7044554196647,16762900
2024-08-13,411.6142272949219,412.5487901543895,407.19991814538804,407.21979148714996,19414300
2024-08-14,414.4477233886719,415.30276256625774,410.0632696291805,412.3996465083127,18267000
2024-08-15,419.34808349609375,419.42775054091777,415.991550712489,418.1229861127925,20752100
2024-08-16,416.7983093261719,419.6568394696199,415.6329698343419,418.919805326896,22775600
2024-08-19,419.8460693359375,420.0651916950313,414.79631569386714,417.28632868553893,15234000
2024-08-20,423.10302734375,424.15879050030776,419.9556774327427,420.015435317403,16387600
2024-08-21,422.4456787109375,424.69662989295495,420.03533264675815,422.38589043229285,16067300
2024-08-22,413.88995361328125,425.0850728631847,412.95370628251766,422.66475709775676,19361900
2024-08-23,415.1250305175781,417.58516466451346,410.44379375355777,415.3142739439322,18493800
2024-08-26,411.8382263183594,415.6130949578331,409.6968209788455,414.70672647734364,13152800
2024-08-27,412.18682861328125,412.7047404254691,408.61117324322794,411.2107324794244,13492900
2024-08-28,408.9597473144531,413.3421641808517,405.6828816466664,413.22264841837114,14882700
2024-08-29,411.4696960449219,420.3640158924635,408.95977368399144,413.2824329478728,17045200
2024-08-30,415.4736328125,415.822210323597,410.48363692465733,413.93977626013776,24308300
2024-09-03,407.80438232421875,418.20267931936957,405.4040060811421,416.2405478075573,20313600
2024-09-04,407.26654052734375,409.5971891641853,402.7546379619835,404.2884945573242,15135800
2024-09-05,406.75860595703125,411.4497822581618,404.50762432491115,405.9916624475026,14195500
2024-09-06,400.0953369140625,409.00956601687597,399.1989078370585,407.42592125419515,19609500
2024-09-09,404.0992431640625,407.01753119323797,400.5434971977151,405.6131601713445,15295100
2024-09-10,412.5453796386719,414.66684525245614,406.0713456246143,406.56934824108026,19594300
2024-09-11,421.3500671386719,422.29625388353406,407.9438146629927,413.84017908445105,19266900
2024-09-12,425.29425048828125,425.6627675750461,418.07321227741465,421.6189886086143,17418800
2024-09-13,428.869873046875,430.1049097614262,423.7603615358477,424.12887859450143,15874600
2024-09-16,429.61688232421875,431.79813615912246,426.50935094179886,428.879848197679,13834700
2024-09-17,433.41168212890625,440.08492951868885,430.5431821213062,438.47140586333086,18874200
2024-09-18,429.0890197753906,434.28816840172493,428.6906237541022,433.2622842089649,18898000
2024-09-19,436.9375305175781,439.73630274210893,435.15467267064554,439.4673922763036,21706600
2024-09-20,433.53118896484375,437.4853309751932,432.4853956233,435.47341133704515,55167100
2024-09-23,431.77825927734375,434.7164566201473,428.6707276626035,432.5451724016005,15128900
2024-09-24,427.45556640625,431.6188608604207,424.3978231376462,431.2702529601879,17015800
2024-09-25,430.3838195800781,431.38979462226376,426.8579828341436,428.11292879639643,13396400
2024-09-26,429.5870056152344,433.5610566850483,427.41572154773536,433.3519041012862,14492000
2024-09-27,426.3101501464844,430.1248672217253,425.762359424982,429.7961684722898,14896100
2024-09-30,428.5810241699219,428.70057032593814,423.67072584299484,426.49937695538483,16807300
2024-10-01,419.0094299316406,426.7683189487975,417.13693529272734,426.73844000863045,19092900
2024-10-02,415.46368408203125,421.1309565128566,415.0453484935869,420.89189457845896,16582300
2024-10-03,414.87603759765625,417.8739927473743,412.63502577299244,415.9616796785687,13686400
2024-10-04,414.39794921875,418.07321108796054,413.3123071245128,416.5692334072243,19169700
2024-10-07,407.9040222167969,415.4437592952022,407.3661708398638,414.3382079936023,20919800
2024-10-08,413.0533447265625,413.99956190900485,406.5394920239681,409.25856700863125,19229300
2024-10-09,415.7923278808594,418.70067647812056,412.6449477589923,414.19871346026423,14974300
2024-10-10,414.1788024902344,415.68278008253634,411.4995460461954,413.5712539026246,13848400
2024-10-11,414.65692138671875,415.46368322393135,411.59917791222887,414.4776477330423,14144900
2024-10-14,417.46563720703125,422.34605664401147,415.8520832387316,416.1010845405741,16653100
2024-10-15,417.0672302246094,420.7923105426525,413.60115139482065,420.4934907291295,18900200
2024-10-16,414.45770263671875,414.6967341717602,408.84024879356656,413.51151588006746,15508900
2024-10-17,415.0553283691406,420.81223776702603,413.92983752079977,420.6727824355961,14820000
2024-10-18,416.4895324707031,417.97357047210465,414.59712869532103,415.4736181228242,17145300
2024-10-21,417.1070861816406,417.2863598354636,412.09718088424023,414.457708513249,14206100
2024-10-22,425.8022155761719,428.85992860317606,416.3700446113444,416.8182287379404,25482200
2024-10-23,422.9038391113281,429.3579337373482,420.8421009299413,429.13881136450993,19654400
2024-10-24,423.0332946777344,424.2783011634291,420.71258556682636,423.6308734743349,13581600
2024-10-25,426.43963623046875,430.79217425375066,424.8659613297776,425.0552047565001,16899100
2024-10-28,424.8858947753906,430.21452917811945,424.59704472930554,429.93564891158985,14882400
2024-10-29,430.2244873046875,431.43961494644003,424.09903059516625,426.29025434116863,17644100
2024-10-30,430.8021545410156,436.7483071680008,430.3738795735308,435.69254402246366,29749100
2024-10-31,404.72674560546875,414.4975548257246,404.67692710480617,413.70073237613923,53971000
2024-11-01,408.73065185546875,413.8401634297127,405.87212177522963,407.3760993641267,24230400
2024-11-04,406.8282775878906,408.78046967487955,403.9498383507318,408.1629209153218,19672300
2024-11-05,409.8163146972656,413.24257521436044,406.4498120639611,406.73866209939297,17626000
2024-11-06,418.50146484375,418.77040570560524,408.8800507986786,410.77248502778195,26681800
2024-11-07,423.73052978515625,425.1448706929316,418.2027124984046,419.5971138468432,19901800
2024-11-08,420.85205078125,424.7962229099081,420.095077093531,423.6209440547306,16891400
2024-11-11,416.34014892578125,423.11297221775334,414.3381687204943,420.83211176857736,24503300
2024-11-12,421.340087890625,422.744458901271,415.533390819855,416.57918414479684,19401200
2024-11-13,423.50146484375,427.61494119189337,416.5393671420712,419.9556884147255,21502200
2024-11-14,425.1846923828125,426.4595778768523,418.3222016749388,423.30222788535474,30246900
2024-11-15,413.3421936035156,421.1110226744225,411.98764100476023,418.14294637599176,28247600
2024-11-18,414.0991516113281,416.72858966014985,410.45376875637714,413.21269235073834,24742000
2024-11-19,416.1210632324219,416.270457948444,409.90596948487496,411.45973532284427,18133500
2024-11-20,413.8302001953125,415.62302783332285,408.93981090505724,415.2046922657536,19191700
2024-11-21,412.0437927246094,418.9399686403921,409.4689690149979,418.6605301722443,20780200
2024-11-22,416.16552734375,416.56472079906104,410.2374116400306,410.5467888521348,24814600
2024-11-25,417.95196533203125,420.23736087052777,414.0198472532827,417.54278213072394,27691100
2024-11-26,427.133544921875,428.18146205416855,418.01185069672323,418.75036014607525,23458900
2024-11-27,422.1435546875,426.37509083138485,421.17549451394376,424.2593075311874,18332400
2024-11-29,422.61260986328125,424.0297817162198,416.9639323784013,419.24935840992123,16271900
2024-12-02,430.1175842285156,432.13353107658475,420.4669212999132,420.72641076442574,20207200
2024-12-03,430.3371276855469,431.60457529422956,426.88402964452257,428.9798333762607,18302000
2024-12-04,436.544677734375,438.79017518476684,431.7642546343851,432.1634480898198,26009400
2024-12-05,441.7342529296875,443.770179142923,435.2971785217715,437.0436765362191,21697800
2024-12-06,442.682373046875,445.2073090094776,440.88595677867977,441.4148949698492,18821000
2024-12-09,445.12744140625,447.4328163406456,439.6184986530788,441.7143023543043,19144400
2024-12-10,442.4428405761719,448.7202622082635,440.71632196493806,443.500747434082,18469500
2024-12-11,448.0915222167969,449.4488165759074,443.1614051498909,443.1614051498909,19200200
2024-12-12,448.6603698730469,455.24716851093444,448.2112581986308,448.2112581986308,20834800
2024-12-13,446.37493896484375,450.5266178755225,444.6883184556146,447.5426110314286,20177800
2024-12-16,450.6863098144531,451.27512549789225,444.38893932865295,446.37494735046533,23598800
2024-12-17,453.5505676269531,454.3789237624039,448.67036888572403,450.10748972576295,22733500
2024-12-18,436.5147399902344,451.7441820228141,436.1454548251872,450.4168569277278,24444500
2024-12-19,436.15545654296875,442.29314366547726,435.4468858542376,440.73626782337294,22963700
2024-12-20,435.726318359375,442.85201454579715,427.7722660445124,432.2432815476765,64263700
2024-12-23,434.3790283203125,436.7742196281346,431.96385754199804,435.86603695951885,19152500
2024-12-24,438.4508361816406,438.7203153724094,433.32113775673025,433.7802087154167,7164500
2024-12-26,437.2332763671875,440.0576302640168,435.7562575113133,438.20133650274425,8194200
2024-12-27,429.66845703125,434.3490742197977,425.49682901810996,433.73031978660106,18117700
2024-12-30,423.9798583984375,426.6944166190143,421.05572893712207,425.2074080072107,13158700
2024-12-31,420.6565246582031,425.8760697244736,419.81820926028456,425.24732556190753,13246500
2025-01-02,417.74237060546875,425.2174031564215,414.01985416103116,424.67847521686525,16896500
2025-01-03,422.5028381347656,423.1814700735548,418.7004647827294,420.2373611517797,16662900
2025-01-06,426.99383544921875,433.450889550372,424.6285829292995,427.1435291929144,20573600
2025-01-07,421.5247802734375,429.7882097463078,419.957914728963,428.1415176926379,18139100
2025-01-08,423.7104187011719,426.11559975123726,420.69647292951623,422.61261379874435,15054600
2025-01-10,418.11163330078125,423.86008600637365,414.1894746460312,423.7802594986814,20201100
2025-01-13,416.35516357421875,417.66253969684465,411.4649750549722,414.4090535363967,17604800
2025-01-14,414.8382263183594,418.9000587938386,409.89811945983064,416.9739281792526,16935900
2025-01-15,425.4569091796875,427.29322350331137,417.4329894853562,418.29128437786517,19637800
2025-01-16,423.7303466796875,428.6305247845027,423.5407549144398,427.84212760615685,15300000
2025-01-17,428.1714782714844,433.61058460419247,427.31321381371214,433.22135040368397,26197500
2025-01-21,427.64251708984375,430.03770829379437,424.7483264493822,429.33912735658424,26085700
2025-01-22,445.30712890625,446.37496460039233,435.1275277712005,436.68440364505375,27803800
2025-01-23,445.8160705566406,445.85599903960934,440.61650492666485,441.1155043659929,18389300
2025-01-24,443.17138671875,445.7562002010948,440.5167060042179,444.2691915941594,15549500
2025-01-27,433.6903991699219,434.32913308449037,422.6525337820519,423.16152296669173,35647800
2025-01-28,446.30511474609375,447.4827461239755,430.51676503368185,433.73032267022137,23491700
2025-01-29,441.44482421875,445.98573732495043,439.51869372032735,445.79611510422404,23581400
2025-01-30,414.1595458984375,422.0137922192137,412.33322134699057,417.9319804505241,54586300
2025-01-31,414.22943115234375,419.84816997012905,414.0797374049759,418.141600337115,34223400
2025-02-03,410.09771728515625,414.57872255523336,407.8422300476431,410.7763492208031,25679100
2025-02-04,411.5447998046875,413.09171636714575,408.9200578355856,411.86416676091864,20532100
2025-02-05,412.4629821777344,413.0018796658512,409.5787506797878,411.5248607564065,16316700
2025-02-06,414.9879150390625,417.36315732347487,413.1715497090401,413.1715497090401,16309800
2025-02-07,408.9300537109375,417.8122379259866,407.2833615993766,415.6465973451397,22886800
2025-02-10,411.3951110839844,414.62861779989964,410.0977246861568,412.8821197108573,20817900
2025-02-11,410.6166687011719,411.6645553606299,408.48093644203584,408.8202828688126,18140600
2025-02-12,408.2214660644531,409.92803560329327,403.56079794352274,406.3951110778186,19121700
2025-02-13,409.7184753417969,410.17754630619044,405.54681680905935,406.185550721702,23891700
2025-02-14,407.6126708984375,408.0917213200678,405.06778596420224,406.9739674594389,22758500
2025-02-18,408.8202819824219,409.7783523938356,405.6865508328786,407.18354917543536,21423100
2025-02-19,413.94000244140625,414.6585628844229,406.8342549807474,407.06380569744374,24114200
2025-02-20,416.1300048828125,419.30999755859375,412.5400085449219,415.2900085449219,23508700
2025-02-21,408.2099914550781,418.04998779296875,407.8900146484375,417.3399963378906,27524800
2025-02-24,404.0,409.3699951171875,399.32000732421875,408.510009765625,26443700
2025-02-25,397.8999938964844,401.9200134277344,396.70001220703125,401.1000061035156,29387400
2025-02-26,399.7300109863281,403.6000061035156,394.25,398.010009765625,19619000
2025-02-27,392.5299987792969,405.739990234375,392.1700134277344,401.2699890136719,21127400
2025-02-28,396.989990234375,397.6300048828125,386.57000732421875,392.6600036621094,32845700
2025-03-03,388.489990234375,398.82000732421875,386.1600036621094,398.82000732421875,23007700
2025-03-04,388.6099853515625,392.5799865722656,381.0,383.3999938964844,29342900
2025-03-05,401.0199890136719,401.6700134277344,388.80999755859375,389.3399963378906,23433100
2025-03-06,396.8900146484375,402.1499938964844,392.67999267578125,394.2799987792969,23304600
2025-03-07,393.30999755859375,394.79998779296875,385.5400085449219,392.32000732421875,22034100
2025-03-10,380.1600036621094,386.3999938964844,377.2200012207031,385.8399963378906,32840100
2025-03-11,380.45001220703125,386.0,376.9100036621094,379.0,30380200
2025-03-12,383.2699890136719,385.2200012207031,378.95001220703125,382.95001220703125,24253600
2025-03-13,378.7699890136719,385.32000732421875,377.45001220703125,383.1600036621094,20473000
2025-03-14,388.55999755859375,390.2300109863281,379.510009765625,379.7799987792969,19952800
2025-03-17,388.70001220703125,392.7099914550781,385.57000732421875,386.70001220703125,22474300
2025-03-18,383.5199890136719,387.3699951171875,381.1000061035156,387.07000732421875,19486900
2025-03-19,387.82000732421875,389.67999267578125,384.0,385.5299987792969,19185500
2025-03-20,386.8399963378906,391.7900085449219,383.2799987792969,385.739990234375,18470500
2025-03-21,391.260009765625,391.739990234375,382.79998779296875,383.2200012207031,39675900
2025-03-24,393.0799865722656,395.3999938964844,389.80999755859375,395.3999938964844,21004500
2025-03-25,395.1600036621094,396.3599853515625,392.6400146484375,393.9200134277344,15775000
2025-03-26,389.9700012207031,395.30999755859375,388.57000732421875,395.0,16108400
2025-03-27,390.5799865722656,392.239990234375,387.3999938964844,390.1300048828125,13766800
2025-03-28,378.79998779296875,389.1300048828125,376.92999267578125,388.0799865722656,21632000
2025-03-31,375.3900146484375,377.07000732421875,367.239990234375,372.5400085449219,35184700
2025-04-01,382.19000244140625,382.8500061035156,373.2300109863281,374.6499938964844,19689500
2025-04-02,382.1400146484375,385.0799865722656,376.6199951171875,377.9700012207031,16092600
2025-04-03,373.1099853515625,377.4800109863281,369.3500061035156,374.7900085449219,30198000
2025-04-04,359.8399963378906,374.5899963378906,359.4800109863281,364.1300048828125,49209900
2025-04-07,357.8599853515625,371.0,344.7900085449219,350.8800048828125,50425000
2025-04-08,354.55999755859375,373.6499938964844,350.25,368.260009765625,35868900
2025-04-09,390.489990234375,393.2300109863281,353.1000061035156,353.5400085449219,50199700
2025-04-10,381.3500061035156,383.8999938964844,367.79998779296875,382.05999755859375,38024400
2025-04-11,388.45001220703125,390.04998779296875,378.8900146484375,380.6400146484375,23839200
2025-04-14,387.80999755859375,394.6499938964844,384.2099914550781,393.2200012207031,19251200
2025-04-15,385.7300109863281,391.8900146484375,384.1600036621094,388.510009765625,17199900
2025-04-16,371.6099853515625,381.6099853515625,368.0,380.6700134277344,21967800
2025-04-17,367.7799987792969,374.32000732421875,366.8900146484375,373.75,20943700
2025-04-21,359.1199951171875,364.4800109863281,355.6700134277344,362.82000732421875,20807300
2025-04-22,366.82000732421875,367.7699890136719,359.8599853515625,363.3800048828125,19485000
2025-04-23,374.3900146484375,380.3900146484375,373.0199890136719,376.05999755859375,20545500
2025-04-24,387.29998779296875,388.45001220703125,375.19000244140625,375.70001220703125,22232300
2025-04-25,391.8500061035156,392.1600036621094,384.6000061035156,387.0,18963600
