Date,Close,High,Low,Open,Volume
1999-01-22,0.0376117043197155,0.044775311584014724,0.03558146497740723,0.04011878256394706,2714688000
1999-01-25,0.04155206307768822,0.042028902060171895,0.037611710674091144,0.04059654725381971,510480000
1999-01-26,0.03832788020372391,0.04286519762474585,0.037730910960754434,0.0420288934263442,343200000
1999-01-27,0.038208670914173126,0.03940260605087674,0.036297642968090835,0.03844709036978854,244368000
1999-01-28,0.038088541477918625,0.038447087859194894,0.03785012203787199,0.03820866841914826,227520000
1999-01-29,0.03629765659570694,0.03820868525926709,0.03629765659570694,0.038088558265092616,244032000
1999-02-01,0.03701474145054817,0.037253160942705046,0.03629764853126397,0.03629764853126397,154704000
1999-02-02,0.03414909914135933,0.03725314593628837,0.03307437570871562,0.03629763390974933,264096000
1999-02-03,0.03486529365181923,0.03534305161147145,0.03343202318895751,0.0336713616335548,75120000
1999-02-04,0.03677540645003319,0.03773091886160421,0.0348652903080615,0.035343048221894324,181920000
1999-02-05,0.03785013407468796,0.0382086805699865,0.036417779120394844,0.03737237611340842,136848000
1999-02-08,0.03653698042035103,0.03820867351122404,0.03653698042035103,0.03808854655398507,154080000
1999-02-09,0.03510371968150139,0.037491590760992566,0.034625961679678456,0.03725316780879758,86976000
1999-02-10,0.03474607318639755,0.036059216201006716,0.03414910397448758,0.035103704039233886,148224000
1999-02-11,0.037730928510427475,0.03916328368876384,0.03486529922406552,0.03486529922406552,132240000
1999-02-12,0.039880361407995224,0.04011878084876381,0.03820866853484699,0.03820866853484699,109728000
1999-02-16,0.04011879488825798,0.04226824632439577,0.03605923046976305,0.04059655286624167,211008000
1999-02-17,0.03796932473778725,0.03964101737199695,0.03725314758859015,0.03916325962949065,67728000
1999-02-18,0.03856630623340607,0.039641030057642995,0.037491582409169145,0.03916327216224794,70704000
1999-02-19,0.039880361407995224,0.04059653865955702,0.037730910724053775,0.03820866853484699,75360000
1999-02-22,0.04011879488825798,0.04107431084422536,0.03796934345212019,0.04059655286624167,205248000
1999-02-23,0.04202890023589134,0.04286520456979152,0.038686432856333795,0.04107430338290805,138096000
1999-02-24,0.045372284948825836,0.05014894134726499,0.04429756117183743,0.04823791326579459,612768000
1999-02-25,0.04393993690609932,0.04871567851414547,0.04322284052127843,0.047283320187443745,149136000
1999-02-26,0.041909683495759964,0.04585003490962295,0.041552052640679314,0.04441768046304832,172608000
1999-03-01,0.04214901477098465,0.043939918845953614,0.04011877577236899,0.042984403345272516,92160000
1999-03-02,0.04179048165678978,0.04226823955829625,0.04107430426924533,0.04202890114282775,55248000
1999-03-03,0.038924846798181534,0.04202889425513681,0.03868642735121572,0.04202889425513681,61392000
1999-03-04,0.038088541477918625,0.04107429634597417,0.03773091060980173,0.040834957976674274,57360000
1999-03-05,0.04023800045251846,0.040357208489075806,0.03844709578707338,0.03844709578707338,78768000
1999-03-08,0.04083495959639549,0.04202889470249269,0.03844708938420109,0.03916326666200147,75888000
1999-03-09,0.04214901477098465,0.042745983934672126,0.04071574493605647,0.04071574493605647,143184000
1999-03-10,0.04143192991614342,0.04274599200181149,0.040834960639794284,0.04274599200181149,235344000
1999-03-11,0.03964102640748024,0.0414319308612876,0.03964102640748024,0.04071575354885032,54288000
1999-03-12,0.038924846798181534,0.03988036244460466,0.038208669528004155,0.03988036244460466,90768000
1999-03-15,0.040596555918455124,0.041074313932358594,0.03964103989064818,0.039880378362423266,108816000
1999-03-16,0.039283398538827896,0.041312722610243977,0.038924852098325295,0.04083496472197923,79152000
1999-03-17,0.03952183201909065,0.04035721764218596,0.038566315986654824,0.03964104008268467,51360000
1999-03-18,0.0399995818734169,0.04059654783141827,0.03868643508595517,0.0396410319939549,46320000
1999-03-19,0.04011879488825798,0.0413127303684284,0.03988037536405494,0.03988037536405494,105312000
1999-03-22,0.038924846798181534,0.04107429753799361,0.038924846798181534,0.040954170593277765,36672000
1999-03-23,0.03653698042035103,0.0391632703278831,0.0358208030755128,0.0391632703278831,163968000
1999-03-24,0.03629765659570694,0.03653699165439763,0.03486529804952817,0.03629765659570694,60864000
1999-03-25,0.03677540645003319,0.03820867677543703,0.03605922562791644,0.0361784370820584,40320000
1999-03-26,0.0399995818734169,0.04011878991268658,0.037253161329760115,0.037253161329760115,88272000
1999-03-29,0.04119352996349335,0.0421490426807923,0.04047734891222575,0.04119352996349335,65952000
1999-03-30,0.037730928510427475,0.041671281937338565,0.037491593443674094,0.041312735385957616,69504000
1999-03-31,0.040357206016778946,0.040834963895372625,0.03713395017074511,0.03892485131038437,153600000
1999-04-01,0.039163265377283096,0.040596538815156215,0.038447088122976314,0.04035720044421425,30432000
1999-04-05,0.03796932473778725,0.03964101737199695,0.037730905331096444,0.03868642081610905,98640000
1999-04-06,0.03701474145054817,0.03844709626239762,0.03629764853126397,0.038327888224366495,69696000
1999-04-07,0.04011879488825798,0.04035721441246102,0.03701474642573043,0.03725316594993346,89280000
1999-04-08,0.04083495959639549,0.04202889470249269,0.03988036286909155,0.04035720176809867,130128000
1999-04-09,0.04011879488825798,0.04107431084422536,0.03988037536405494,0.04107431084422536,48624000
1999-04-12,0.038447096943855286,0.03964103228470983,0.037730919525236634,0.03964103228470983,33312000
1999-04-13,0.03689461573958397,0.03916327500210716,0.03629764976745411,0.03916327500210716,36144000
1999-04-14,0.03582080826163292,0.03761171305574989,0.03582080826163292,0.03677540863259292,48288000
1999-04-15,0.03677540645003319,0.03677540645003319,0.03582080613572714,0.03677540645003319,35856000
1999-04-16,0.03796932473778725,0.03856629389168565,0.036536970439393045,0.036536970439393045,38928000
1999-04-19,0.03629765659570694,0.0384471048043949,0.03582081408935594,0.0384471048043949,31296000
1999-04-20,0.03558146208524704,0.037730909270276065,0.03522291230060615,0.036297639309214424,67680000
1999-04-21,0.03617842122912407,0.03629763263102908,0.035343032735016836,0.035581455538826856,37488000
1999-04-22,0.03462595492601395,0.036297648141524884,0.03426832398357132,0.036297648141524884,227184000
1999-04-23,0.03295517712831497,0.03462595482563264,0.032715842126062274,0.0345067433731325,126048000
1999-04-26,0.031283486634492874,0.03343201877494472,0.030566390324921228,0.032955176391697164,123504000
1999-04-27,0.03462595492601395,0.034865289928960486,0.031521906914033206,0.03199966482267122,226944000
1999-04-28,0.03438752889633179,0.0348652832980122,0.033312801830609896,0.0348652832980122,120096000
1999-04-29,0.03438752889633179,0.03462594834058423,0.03367135163430499,0.03450673691041104,48144000
1999-04-30,0.03486529365181923,0.0362976520173285,0.03450674715774195,0.03474608560233924,99312000
1999-05-03,0.03510371968150139,0.035222927741503623,0.03414911919138375,0.035222927741503623,33840000
1999-05-04,0.033193595707416534,0.035103708158054754,0.03247741840459242,0.035103708158054754,96048000
1999-05-05,0.03390977159142494,0.03390977159142494,0.03152190139570737,0.033432013766424754,144576000
1999-05-06,0.03325321152806282,0.03438754306831116,0.03223809146711775,0.03367136551112942,35616000
1999-05-07,0.0334320068359375,0.03367134516346421,0.03223807198558256,0.03223807198558256,25008000
1999-05-10,0.0334320068359375,0.03414909947333148,0.03319358743750366,0.03319358743750366,19680000
1999-05-11,0.03522292524576187,0.03629765264935476,0.03414911677172734,0.03486529425890481,171744000
1999-05-12,0.03629765659570694,0.03641778358988142,0.03510372101075136,0.03558147903066525,168480000
1999-05-13,0.03629765659570694,0.037253169219439324,0.036178445115095346,0.03629765659570694,69936000
1999-05-14,0.03438752889633179,0.03629764123815973,0.03390977107855744,0.03629764123815973,28464000
1999-05-17,0.03605923056602478,0.03605923056602478,0.033790571069776724,0.03390978254024403,35760000
1999-05-18,0.037730928510427475,0.038208686546436006,0.03534305726007404,0.03641778481671868,151536000
1999-05-19,0.03605923056602478,0.040834972499455495,0.03546226453239349,0.039402617491258306,451728000
1999-05-20,0.033193595707416534,0.036297643305868876,0.0318804491226383,0.036297643305868876,178176000
1999-05-21,0.03247741237282753,0.03271583178638194,0.03152189686030762,0.03271583178638194,303504000
1999-05-24,0.03235728666186333,0.03343201021353272,0.03188044440072757,0.03271583301678382,162624000
1999-05-25,0.032596636563539505,0.03295518308307912,0.03223809004399989,0.0324774285055939,130080000
1999-05-26,0.03247741237282753,0.03414910163906831,0.03247741237282753,0.03247741237282753,104736000
1999-05-27,0.03223808482289314,0.03271584273909846,0.03223808482289314,0.03271584273909846,82320000
1999-05-28,0.032596636563539505,0.032715848037580306,0.03223809004399989,0.032715848037580306,88656000
1999-06-01,0.03271583840250969,0.03271583840250969,0.03199966108786271,0.03247741894073969,98544000
1999-06-02,0.03152189776301384,0.032715832723279395,0.03152189776301384,0.032715832723279395,130128000
1999-06-03,0.03235728666186333,0.03259662159747647,0.03199965582003492,0.03235728666186333,41568000
1999-06-04,0.032596636563539505,0.032715848037580306,0.032357301518040685,0.032596636563539505,78912000
1999-06-07,0.03295517712831497,0.03343201952222096,0.032715842126062274,0.03277544614426505,125136000
1999-06-08,0.03379056975245476,0.03438753917890835,0.03295518081045642,0.03307439227627627,153312000
1999-06-09,0.03438752889633179,0.03510370615835858,0.03390977107855744,0.03390977107855744,95184000
1999-06-10,0.034506745636463165,0.034625957096782504,0.03414911467159996,0.03438753759223863,36096000
1999-06-11,0.03379056975245476,0.0346259586944531,0.03259663431564253,0.03450674722863324,61008000
1999-06-14,0.03247741237282753,0.033909766712456255,0.03223807403012198,0.033850159296997535,51648000
1999-06-15,0.03247741237282753,0.03271583178638194,0.03199965461656757,0.03247741237282753,49296000
1999-06-16,0.0334320068359375,0.0343875222878586,0.03247741031310927,0.03295516462297654,64416000
1999-06-17,0.03247741237282753,0.03367134729890185,0.03247741237282753,0.03319358954264189,74928000
1999-06-18,0.031283486634492874,0.0327158413947941,0.031283486634492874,0.0327158413947941,158736000
1999-06-21,0.03295517712831497,0.03295517712831497,0.03137243560437556,0.03223808421880928,83472000
1999-06-22,0.03235728666186333,0.03295516795239696,0.031641106049020803,0.03295516795239696,193056000
1999-06-23,0.03295517712831497,0.03295517712831497,0.03164111485905616,0.03199966472990358,210912000
1999-06-24,0.03223808482289314,0.033193600655303766,0.03199966532951989,0.033193600655303766,115200000
1999-06-25,0.03271583840250969,0.03307438481645458,0.03199966108786271,0.03199966108786271,73536000
1999-06-28,0.033193595707416534,0.03379056157327653,0.03247741840459242,0.03379056157327653,109152000
1999-06-29,0.033552136272192,0.03402897510481664,0.033193589926608515,0.03367134768839493,92688000
1999-06-30,0.03653698042035103,0.03653698042035103,0.03390977499953756,0.034625952344375786,269232000
1999-07-01,0.03462595492601395,0.036536983144471416,0.03271584222090612,0.036536983144471416,88992000
1999-07-02,0.037133947014808655,0.037133947014808655,0.034387530351394247,0.03510370764372513,224880000
1999-07-06,0.03725315257906914,0.037491575433792765,0.03677539818865566,0.037491575433792765,198096000
1999-07-07,0.03653698042035103,0.03749158065310442,0.03653698042035103,0.03749158065310442,63120000
1999-07-08,0.03737236186861992,0.037969327652246976,0.035581461101645076,0.03677539608499286,186048000
1999-07-09,0.040536921471357346,0.04083494482138165,0.037253140799068385,0.037253140799068385,211728000
1999-07-12,0.042387448251247406,0.04417834936024409,0.041312721067099795,0.04298441414888153,401040000
1999-07-13,0.04250665754079819,0.043103626872255045,0.04059654493176691,0.04286520397855598,138864000
1999-07-14,0.04083495959639549,0.04346216818738316,0.040596540146891937,0.042506652530789515,137952000
1999-07-15,0.04107430577278137,0.04250666060030199,0.04107430577278137,0.0411935172282114,137040000
1999-07-16,0.041909683495759964,0.042268229863966625,0.04107429484874785,0.041790472072035165,103872000
1999-07-19,0.04083495959639549,0.042149021648487175,0.040596540146891937,0.04202889470249269,43632000
1999-07-20,0.04011879488825798,0.04083497239044471,0.03868643988388453,0.04083497239044471,178752000
1999-07-21,0.038924846798181534,0.03964102406835892,0.03773091170479259,0.03964102406835892,112080000
1999-07-22,0.037133947014808655,0.03868642854790214,0.03677540061203608,0.03868642854790214,213264000
1999-07-23,0.037133947014808655,0.03820867070991211,0.03701473557959119,0.03701473557959119,80256000
1999-07-26,0.03725315257906914,0.038088541251568055,0.03725315257906914,0.038088541251568055,60528000
1999-07-27,0.03737236186861992,0.03749157328916248,0.03677539608499286,0.03725315044807735,98592000
1999-07-28,0.03796932473778725,0.03844708248029355,0.03713393959329145,0.03725314758859015,244224000
1999-07-29,0.03832788020372391,0.038447088216809096,0.03701473370469978,0.03725315314696406,388800000
1999-07-30,0.038447096943855286,0.039402612788327074,0.038208677447472535,0.03832788890371125,452304000
1999-08-02,0.03880563750863075,0.038924845520152684,0.038208668273489725,0.03844708771262746,313344000
1999-08-03,0.03785013407468796,0.038805649997247026,0.03749158757938942,0.038805649997247026,255216000
1999-08-04,0.03785013407468796,0.0382086805699865,0.03773092260870697,0.03808855359055498,89952000
1999-08-05,0.038447096943855286,0.038447096943855286,0.03725316160300074,0.037850130981475355,240576000
1999-08-06,0.038447096943855286,0.038566308400094,0.038208677447472535,0.03832788890371125,183984000
1999-08-09,0.038447096943855286,0.03892485486609118,0.038208677447472535,0.038566308400094,31056000
1999-08-10,0.039163265377283096,0.040834958256838624,0.038447088122976314,0.038686426493918284,212064000
1999-08-11,0.04179048165678978,0.04226823955829625,0.039402611078687956,0.039880368980194425,197712000
1999-08-12,0.04381980374455452,0.0448945275325087,0.041790479711361884,0.04202889918630097,239616000
1999-08-13,0.0433429554104805,0.044297555524275445,0.04298440902610131,0.043462166839582435,84672000
1999-08-16,0.0416712649166584,0.04370058878675101,0.04023799481014927,0.04370058878675101,223440000
1999-08-17,0.04179048165678978,0.04250665904433422,0.040715757818805126,0.04179048165678978,193536000
1999-08-18,0.04274597391486168,0.04322281262428975,0.040477312621334555,0.04131270099980437,279888000
1999-08-19,0.05181972682476044,0.05420851314457041,0.04417835645842008,0.0457308383463312,1966992000
1999-08-20,0.051342885941267014,0.05229748293493399,0.04943185751093578,0.05193985536893615,353088000
1999-08-23,0.04823790490627289,0.050625774935037886,0.04656621210029357,0.050625774935037886,507984000
1999-08-24,0.047999486327171326,0.0484772407111555,0.045133858455938855,0.04752172852709334,398064000
1999-08-25,0.04776015505194664,0.04859645935048458,0.04585004249733644,0.04811870147948907,350352000
1999-08-26,0.04704396054148674,0.04847723021530842,0.0463277834610476,0.04776013762192588,275376000
1999-08-27,0.049671195447444916,0.05158130847611517,0.047760166905269935,0.04799950536485365,552384000
1999-08-30,0.049491457641124725,0.05146209335745298,0.04740252939758918,0.05050657750943545,158640000
1999-08-31,0.05373075231909752,0.053969171815156966,0.04871567595272141,0.049671188379802826,786864000
1999-09-01,0.05122275650501251,0.05373075424272454,0.05038736760138,0.05373075424272454,565344000
1999-09-02,0.05062578618526459,0.05086512118276461,0.04847725062335925,0.049551058939600254,341088000
1999-09-03,0.05098433792591095,0.05229748137597788,0.05062579144105505,0.05158130391968993,258864000
1999-09-07,0.05074590817093849,0.05181971638184708,0.050506569780821235,0.05181971638184708,124416000
1999-09-08,0.05062578618526459,0.05122275211706867,0.05062578618526459,0.05086512118276461,170064000
1999-09-09,0.04990960285067558,0.051462084392848724,0.048954087169107194,0.051103537987979196,209472000
1999-09-10,0.05062578618526459,0.05134287908053034,0.05038736328499887,0.05074591314872626,167424000
1999-09-13,0.04895408824086189,0.0508651162297428,0.048477245902857784,0.0508651162297428,174432000
1999-09-14,0.047521743923425674,0.048954098858485715,0.04728332099466513,0.048954098858485715,250368000
1999-09-15,0.04788028076291084,0.04847724664573304,0.046566218627567144,0.04692476504578078,212736000
1999-09-16,0.046685442328453064,0.047760166352084396,0.04608847287276047,0.04728332388154465,158112000
1999-09-17,0.04656621813774109,0.04680555652917998,0.04489452511502183,0.04638740268714206,171648000
1999-09-20,0.044894516468048096,0.04632778975260902,0.044894516468048096,0.04573082057495218,229104000
1999-09-21,0.040596555918455124,0.044178362628261095,0.03999958984153513,0.043939943086132714,737328000
1999-09-22,0.04155206307768822,0.04179048256893006,0.03820867662359902,0.04059654725381971,375984000
1999-09-23,0.038088541477918625,0.04179047359536733,0.03773091060980173,0.04167126216729707,379584000
1999-09-24,0.03462595492601395,0.03916327324781414,0.03199966482267122,0.03820867635998235,684912000
1999-09-27,0.03677540645003319,0.03749158385605531,0.0346259553025126,0.03689461448808053,432000000
1999-09-28,0.04011879488825798,0.04059655286624167,0.03677541138804486,0.03683501541507185,413184000
1999-09-29,0.03689461573958397,0.04250666158289382,0.03629764976745411,0.04095417975068623,594048000
1999-09-30,0.03677540645003319,0.03940261209529198,0.036297648536200364,0.03820867677543703,342528000
1999-10-01,0.03653698042035103,0.03749158065310442,0.034625952344375786,0.03617843399129122,347760000
1999-10-04,0.03725315257906914,0.03785012181293829,0.03677539818865566,0.03773091038557647,177600000
1999-10-05,0.04083495959639549,0.04107429797518876,0.037253154278103884,0.037253154278103884,478080000
1999-10-06,0.0457308404147625,0.04776016482821854,0.04059655208504497,0.0409541830725152,1508736000
1999-10-07,0.04274597391486168,0.04764092040984799,0.042506635631223276,0.04764092040984799,487296000
1999-10-08,0.044894516468048096,0.04620857833647249,0.041074292234208165,0.042745984934948605,398928000
1999-10-11,0.04370058327913284,0.04537227604682828,0.042506648292092976,0.04525306462591707,544464000
1999-10-12,0.043103620409965515,0.044417682419927836,0.042984408980988695,0.04393992460694812,322992000
1999-10-13,0.041909683495759964,0.04262586071904728,0.04107429484874785,0.04262586071904728,280368000
1999-10-14,0.04107430577278137,0.042028902681307066,0.04059654785378645,0.042028902681307066,192336000
1999-10-15,0.04083495959639549,0.04107429797518876,0.038924847212497914,0.0390440586452967,210720000
1999-10-18,0.03868643194437027,0.04095417545567649,0.038447093539708405,0.04095417545567649,215184000
1999-10-19,0.037133947014808655,0.039880363678223056,0.036417769722477775,0.039880363678223056,308928000
1999-10-20,0.038447096943855286,0.03892485486609118,0.0371339535628567,0.037730919525236634,348720000
1999-10-21,0.04023800045251846,0.04023800045251846,0.037253160482141515,0.03832788775051603,382128000
1999-10-22,0.04119352996349335,0.04238746566536256,0.04011880233781354,0.04011880233781354,286752000
1999-10-25,0.039163265377283096,0.04155205444040497,0.039163265377283096,0.04095416968572678,213840000
1999-10-26,0.04298442229628563,0.04441769617921043,0.04059655142095586,0.04083497093667088,481248000
1999-10-27,0.04107430577278137,0.043462176438291845,0.04035720942955691,0.0432228380140623,214128000
1999-10-28,0.039163265377283096,0.04202889332376978,0.03892484593560069,0.041312716069463,222768000
1999-10-29,0.042268238961696625,0.042984416339132504,0.03940261052253556,0.039641030005208334,330528000
1999-11-01,0.044894516468048096,0.04656620916878854,0.04155204999572847,0.04155204999572847,782544000
1999-11-02,0.04776015505194664,0.04799949345213032,0.045372284626340936,0.04573083105388337,837504000
1999-11-03,0.05241668224334717,0.05373074435731754,0.049312634607183936,0.04967118101956579,2011680000
1999-11-04,0.05576007068157196,0.05719334087985914,0.05301456933902919,0.05301456933902919,1260336000
1999-11-05,0.05396915227174759,0.05779029191516998,0.05134286304825376,0.0573125375826819,616368000
1999-11-08,0.05552166700363159,0.05707414908709044,0.05062579779829759,0.052297487943139875,470016000
1999-11-09,0.05468534678220749,0.05564086258256436,0.05253681462554647,0.05540244309718913,272352000
1999-11-10,0.054208505898714066,0.05492468325899747,0.05313378210163839,0.054865079243780424,144048000
1999-11-11,0.058028724044561386,0.060894348650257925,0.053014564203390735,0.05420849930169648,562704000
1999-11-12,0.06113370507955551,0.06113370507955551,0.057074144176812495,0.06053674247826757,501504000
1999-11-15,0.05993974208831787,0.06340233518538754,0.05898422664929253,0.061550908302117575,362208000
1999-11-16,0.06567104160785675,0.06686497383946494,0.061133715158604315,0.061372138132358006,723792000
1999-11-17,0.06817811727523804,0.0716407125436193,0.06590945417369161,0.06686497021189845,786384000
1999-11-18,0.0684165209531784,0.07020834463919552,0.06781955839449379,0.06961045973492666,235968000
1999-11-19,0.08190926164388657,0.0847748932429431,0.07641642815541318,0.07665576654610569,2165184000
1999-11-22,0.08179008215665817,0.08405873842425315,0.07689420941867092,0.08399913439214242,540192000
1999-11-23,0.0759395956993103,0.07677498110648548,0.07259620937959337,0.07343159478676854,553248000
1999-11-24,0.07355081290006638,0.07641643803751447,0.0679396793443879,0.07558105259344501,406848000
1999-11-26,0.07307396084070206,0.07355080661653239,0.07068517489170942,0.0728346224395055,71760000
1999-11-29,0.07044676691293716,0.07379014664582405,0.068775073630399,0.07283463079023621,298608000
1999-11-30,0.06614785641431808,0.07187911298898371,0.06614785641431808,0.07068517436394813,314688000
1999-12-01,0.06949124485254288,0.07044676062281362,0.06614785858599428,0.06614785858599428,223536000
1999-12-02,0.07462551444768906,0.07558102998959075,0.06973055976195615,0.06973055976195615,309888000
1999-12-03,0.07283461838960648,0.07665576564799301,0.07187910952889051,0.07534170354596557,342768000
1999-12-06,0.07486487925052643,0.07522250338407759,0.07307397104940502,0.07307397104940502,178608000
1999-12-07,0.07235684245824814,0.07558101947478206,0.0694912185764808,0.07546180465678393,186384000
1999-12-08,0.07558105885982513,0.0762972363252251,0.07187912562583368,0.0721184572351308,201696000
1999-12-09,0.07331237941980362,0.07737194270779377,0.07068517073730565,0.07546182684126948,214944000
1999-12-10,0.07247607409954071,0.07498407484245928,0.07116293430453843,0.07462552842285292,98304000
1999-12-13,0.07223764061927795,0.07414774925460949,0.07068515597181299,0.07164067146209034,183840000
1999-12-14,0.0710437074303627,0.07414775460401145,0.07032753022555084,0.07235685383543061,273888000
1999-12-15,0.06877505779266357,0.07092450509191948,0.06710336489508809,0.07056595870431832,205968000
1999-12-16,0.06829728931188583,0.07020832038020698,0.06805887330902524,0.06913359684461612,132576000
1999-12-17,0.07187914103269577,0.07295386521787414,0.0698498162494531,0.07020836281572315,262080000
1999-12-20,0.07784969359636307,0.07925270388945183,0.06949123584554848,0.07199922956094823,402432000
1999-12-21,0.08119311183691025,0.08131231989992677,0.07498409893155387,0.07784972466923265,388368000
1999-12-22,0.08310320228338242,0.08405871117895526,0.07832746150329181,0.08143150922447907,251184000
1999-12-23,0.08859603852033615,0.08883445457853341,0.08286478184348493,0.08322241276296954,280224000
1999-12-27,0.08525265753269196,0.09062536810628892,0.08429714171815093,0.09050615323768982,202416000
1999-12-28,0.08501331508159637,0.08835670134444962,0.08477489902008614,0.08525265348859905,179184000
1999-12-29,0.08787894994020462,0.08883445891054825,0.08477490197611841,0.08483450599357431,132144000
1999-12-30,0.08859603852033615,0.08919300784349762,0.08644658411807626,0.08787894565478518,139776000
1999-12-31,0.08966983109712601,0.08978995461849024,0.08811826180289041,0.08841628865566192,127344000
2000-01-03,0.08943143486976624,0.09098392013926491,0.0842971468863959,0.09026774269917122,300912000
2000-01-04,0.08704354614019394,0.08811826983508378,0.08262543650934674,0.08787893828367033,300480000
2000-01-05,0.08417792618274689,0.08596882727034033,0.0829839875695589,0.08453647260557176,188352000
2000-01-06,0.07868508994579315,0.08417792339811299,0.07546182746786921,0.08417792339811299,120480000
2000-01-07,0.0799991637468338,0.08083454919946918,0.07713353174781268,0.07832747049600473,71184000
2000-01-10,0.08262542635202408,0.0859688118769718,0.07880520197710826,0.08023755638540289,239856000
2000-01-11,0.07928205281496048,0.08310320011294373,0.07928205281496048,0.08214768441013792,148128000
2000-01-12,0.07725271582603455,0.07940216974500573,0.07617799228264255,0.0792820393974379,123552000
2000-01-13,0.08047600090503693,0.08119309381545566,0.07617801417707619,0.07713352999279877,132192000
2000-01-14,0.0839385911822319,0.08728197744112612,0.0814315126608069,0.08167085106752617,604560000
2000-01-18,0.08752129226922989,0.08787892309691331,0.08119306789362576,0.08501329207797968,261648000
2000-01-19,0.08668497949838638,0.08787891776580478,0.08596880237341004,0.08787891776580478,164688000
2000-01-20,0.0864465981721878,0.09217785578080194,0.0857304207034947,0.08740211408346837,179568000
2000-01-21,0.08549103885889053,0.08656576218714675,0.08334158537019228,0.08620721590676075,544272000
2000-01-24,0.081670843064785,0.08823748456301779,0.08119308181146374,0.08823748456301779,256944000
2000-01-25,0.08095375448465347,0.08286478609456602,0.07832746783126686,0.0820284783248239,237120000
2000-01-26,0.07761035859584808,0.08310319882387107,0.07617800399319179,0.08095374457447262,232464000
2000-01-27,0.07355081290006638,0.07820733930924957,0.07068518093042904,0.07820733930924957,458208000
2000-01-28,0.07140229642391205,0.07307399018611202,0.06853667038048565,0.07259623553732991,194448000
2000-01-31,0.07080529630184174,0.07331237444804667,0.06686494130192797,0.07175988958156507,182400000
2000-02-01,0.07247607409954071,0.07307395891403323,0.06829730265527073,0.07092451142290952,92976000
2000-02-02,0.07450630515813828,0.07593958199375414,0.07247606592084099,0.0728346122999865,149040000
2000-02-03,0.07570026814937592,0.07844668552152664,0.07522250677200142,0.07689420017170705,108240000
2000-02-04,0.07749117165803909,0.0780881411011621,0.0759396086126323,0.0780881411011621,123696000
2000-02-07,0.0727154091000557,0.07784969602549767,0.07259620108090013,0.07784969602549767,217488000
2000-02-08,0.07617800682783127,0.07880521560288803,0.07259620467468329,0.07450631377631407,468816000
2000-02-09,0.07808811962604523,0.08035678188938579,0.0779689116057752,0.07904363531121635,589056000
2000-02-10,0.09408792108297348,0.09552119075679516,0.0828647503926387,0.0828647503926387,970080000
2000-02-11,0.0955212265253067,0.09886461272468954,0.08859603806955685,0.09874448235072253,423792000
2000-02-14,0.11080397665500641,0.11080397665500641,0.09480414366435118,0.09575965951622438,650112000
2000-02-15,0.10650599002838135,0.11116252339926483,0.10196867153105016,0.11104331535790199,450480000
2000-02-16,0.11140090227127075,0.1151028408969464,0.10650595445269802,0.10769989282304869,1019568000
2000-02-17,0.11534125357866287,0.11605834625781239,0.10960999839159717,0.11128169106525353,535776000
2000-02-18,0.1287148892879486,0.13038657635440123,0.11283425842378267,0.11366964420014711,960864000
2000-02-22,0.12513212859630585,0.12632606754435213,0.1203563864685016,0.12465529635940986,542496000
2000-02-23,0.1258491426706314,0.12716228885388048,0.12214721824114677,0.12369969590618156,511392000
2000-02-24,0.12465524673461914,0.12740074771540996,0.11940082977025737,0.1265653624555026,244320000
2000-02-25,0.11689374595880508,0.1247744559694374,0.11175946613341764,0.1247744559694374,278736000
2000-02-28,0.11605838686227798,0.11749074169559832,0.11414736201074972,0.11629680294191407,517872000
2000-02-29,0.12226647883653641,0.12369974913388496,0.11534128996124651,0.11534128996124651,306048000
2000-03-01,0.11868466436862946,0.12226646648000308,0.11677454845708775,0.12226646648000308,383568000
2000-03-02,0.11068475246429443,0.11964018064153158,0.11032712837119701,0.11964018064153158,191040000
2000-03-03,0.11247566342353821,0.1136695952884689,0.10984936996095797,0.11080397024421805,273696000
2000-03-06,0.11175952106714249,0.12178968328659713,0.11080400497108613,0.11319279179513142,432096000
2000-03-07,0.15916195511817932,0.16668411084503867,0.1370723335860556,0.14328134300187217,1952208000
2000-03-08,0.16047517955303192,0.16190845007088792,0.1475803087953604,0.15907217563762088,668736000
2000-03-09,0.19160912930965424,0.2063251561616336,0.16190839298986703,0.16238523870235066,952944000
2000-03-10,0.22542904317378998,0.2770103277962356,0.20011615527838378,0.20154942535802167,2161200000
2000-03-13,0.2851303815841675,0.2865627361418406,0.20250403110204354,0.2044150624179957,2415168000
2000-03-14,0.2103847861289978,0.28357796857666695,0.2063252218492663,0.28357796857666695,1567776000
2000-03-15,0.20178791880607605,0.23128051639120978,0.19486272879491418,0.2254593809936907,995616000
2000-03-16,0.17990729212760925,0.21539981185182383,0.17695271243138871,0.2082352789093716,750384000
2000-03-17,0.19080308079719543,0.20441503874936112,0.17572850186370353,0.1757587684532049,557616000
2000-03-20,0.19068390130996704,0.20465348536043923,0.18459409861909637,0.19832526662776565,365280000
2000-03-21,0.1812507063150406,0.19271320481663431,0.16620639224562175,0.19104151871384425,536640000
2000-03-22,0.18256473541259766,0.1881758601205808,0.17957897413184432,0.18268394340782568,230592000
2000-03-23,0.18578803539276123,0.19581819399326797,0.18053454686765635,0.18089308646650312,309408000
2000-03-24,0.17802748084068298,0.19295258998402398,0.1719376771010076,0.1845941304104646,231600000
2000-03-27,0.1663256287574768,0.18340018508273076,0.16477406591881355,0.17766892118567074,388944000
2000-03-28,0.15390849113464355,0.16238524127985535,0.15092272938573925,0.16059433353841732,393312000
2000-03-29,0.1437591314315796,0.15808726844952625,0.13755012083803858,0.15450545282506,469440000
2000-03-30,0.14292283356189728,0.1561771707754952,0.13468449816108832,0.13946023921788478,361920000
2000-03-31,0.1614004373550415,0.16787813256900097,0.14996818808970347,0.1526843389826341,962976000
2000-04-03,0.14877425134181976,0.16047518349030954,0.14459456325323916,0.15993781805601945,329952000
2000-04-04,0.14328134059906006,0.15928116044307217,0.1088938174888483,0.15665396601638124,513792000
2000-04-05,0.17516185343265533,0.18626581453142466,0.1373117156831563,0.14471466614158682,639600000
2000-04-06,0.18328095972537994,0.1925940115950593,0.17456486349848716,0.18328095972537994,404592000
2000-04-07,0.19593743979930878,0.20059397356632497,0.1843557162397103,0.19247484490301764,318576000
2000-04-10,0.17862442135810852,0.21086249831010972,0.1749224820920195,0.1992807776007905,395280000
2000-04-11,0.1679973006248474,0.18149005326668974,0.15283377725159525,0.1661761397577573,457584000
2000-04-12,0.15056511759757996,0.17193765141159578,0.14996814830185018,0.1682366412779731,313440000
2000-04-13,0.14411675930023193,0.15713175010238337,0.14160968779667202,0.15175904018791966,313296000
2000-04-14,0.1314309537410736,0.14531159468074634,0.12513207318896985,0.13492289840564178,421920000
2000-04-17,0.1381470412015915,0.14328133362683762,0.12035631478079448,0.12035631478079448,294096000
2000-04-18,0.16262462735176086,0.1714599336789136,0.14758030859452026,0.152057114860492,477504000
2000-04-19,0.1548631489276886,0.17002759248374566,0.15283382431315082,0.1677589362285079,278352000
2000-04-20,0.15402771532535553,0.16202763425508368,0.15187826780323946,0.15904278770586952,153936000
2000-04-24,0.14638543128967285,0.15163983513404922,0.1387440521012851,0.14519149269322928,205968000
2000-04-25,0.16238528490066528,0.16716194200976323,0.1525944701040066,0.15295300975525133,249696000
2000-04-26,0.16071359813213348,0.17766893397649627,0.16047516837625136,0.17372859155087278,254112000
2000-04-27,0.17384779453277588,0.17551948099361717,0.14913187078750428,0.14996817177462096,280992000
2000-04-28,0.17026595771312714,0.1834001561608115,0.17026595771312714,0.1765941763114362,179040000
2000-05-01,0.17575882375240326,0.18053456513332922,0.17157912257438251,0.1767134172548095,119424000
2000-05-02,0.1689528375864029,0.18602739389012313,0.16405695913343363,0.1757588185004872,234000000
2000-05-03,0.16620640456676483,0.17337092441797608,0.15283377560880199,0.16787809079347962,329184000
2000-05-04,0.16823667287826538,0.17528107039781407,0.16441552482566096,0.16584787973340478,241200000
2000-05-05,0.1759972721338272,0.180056836838549,0.16525093312502603,0.16751958935907837,170592000
2000-05-08,0.16954979300498962,0.1776689063496261,0.16931044777290605,0.17145989530901262,185136000
2000-05-09,0.16716192662715912,0.17384778387605265,0.16238526995761948,0.17241542910096375,176832000
2000-05-10,0.15068432688713074,0.16560943392588237,0.1492510567231395,0.16549022590126006,274080000
2000-05-11,0.15713173151016235,0.15987814790994131,0.1508035134793409,0.15283375265553664,245904000
2000-05-12,0.15235601365566254,0.17002753754892566,0.15235601365566254,0.16143066307341464,187824000
2000-05-15,0.16286304593086243,0.16549025516084878,0.1442369117698151,0.15163986258576223,282096000
2000-05-16,0.1795790195465088,0.18471331357201787,0.16811650655083732,0.17002753800302026,366432000
2000-05-17,0.21110087633132935,0.21898158553271457,0.1890121694459977,0.18913137744669278,1290624000
2000-05-18,0.19677279889583588,0.21575747108076188,0.19545965215006436,0.21229487664976562,509904000
2000-05-19,0.19510114192962646,0.20154948595698727,0.1896092225346653,0.19104157753176024,521184000
2000-05-22,0.20775845646858215,0.20775845646858215,0.17587800374289864,0.19295255783367724,517152000
2000-05-23,0.20608678460121155,0.22530987322176993,0.19916159560784807,0.20250406655342612,778560000
2000-05-24,0.20345954596996307,0.20919080906162665,0.17623654161820845,0.20584742308871298,739632000
2000-05-25,0.2005939483642578,0.2187432352817008,0.1980868628862871,0.20644442026696197,569184000
2000-05-26,0.2016090601682663,0.20716058239268784,0.1891314203541672,0.2016090601682663,183456000
2000-05-30,0.2099069505929947,0.21516043786580263,0.20608671952501326,0.20704131270328743,303648000
2000-05-31,0.21802614629268646,0.22160886436825725,0.2091908410936521,0.2091908410936521,469536000
2000-06-01,0.22411595284938812,0.22650383051088452,0.21850391016694365,0.22447450616973735,418992000
2000-06-02,0.251339852809906,0.25408535417965966,0.22877245027354073,0.22877245027354073,592176000
2000-06-05,0.2567419111728668,0.2693689989060953,0.24095116465982144,0.25098131002622387,491904000
2000-06-06,0.2439369410276413,0.26721959536051226,0.24262286497485658,0.2576681120671837,375888000
2000-06-07,0.23307131230831146,0.24417528444377773,0.22948859504236685,0.2421459607117321,332352000
2000-06-08,0.23486220836639404,0.23928031067283376,0.22542902088255906,0.23904099281245897,460704000
2000-06-09,0.24154798686504364,0.25217512363483535,0.23569753167062635,0.2392802478177254,467280000
2000-06-12,0.2351006418466568,0.2446530517104557,0.22972794591697399,0.2426227987507358,380016000
2000-06-13,0.2425035834312439,0.24262279144232932,0.22734006206517296,0.22853400053108286,447840000
2000-06-14,0.2422652244567871,0.24835409890245674,0.23907131259613384,0.24704097944500378,275088000
2000-06-15,0.24859346449375153,0.24859346449375153,0.22853407303978623,0.24154813762527716,338592000
2000-06-16,0.2860850393772125,0.2865628007299768,0.24763793102354448,0.2476975623741755,987840000
2000-06-19,0.30399492383003235,0.3271592658071535,0.27820426147233485,0.28536879438346235,1052160000
2000-06-20,0.29993537068367004,0.3128311538026628,0.2961151661493122,0.30924936531813607,610272000
2000-06-21,0.3303825855255127,0.33623397292753704,0.2952788796732304,0.2952788796732304,614880000
2000-06-22,0.31235334277153015,0.33575612622402035,0.3092493160587325,0.3289501470850636,614352000
2000-06-23,0.2828616797924042,0.30781602507894285,0.282741569940617,0.303994892067172,607392000
2000-06-26,0.31700995564460754,0.3188008636457419,0.28393557533878977,0.2884728866173153,618288000
2000-06-27,0.27223455905914307,0.3195178571845286,0.2638760887794816,0.31426344077231316,604608000
2000-06-28,0.2617276906967163,0.2884729563379737,0.25408542102244847,0.2779659491829086,586608000
2000-06-29,0.22399665415287018,0.2571902472619168,0.21969776008840192,0.2571902472619168,1184880000
2000-06-30,0.24286215007305145,0.24692169958840546,0.22304117990948855,0.2345036785006558,1209192000
2000-07-03,0.233549103140831,0.2521752343559184,0.2311603240444378,0.24453386865715265,232680000
2000-07-05,0.20847465097904205,0.2330713507741979,0.2015494486896275,0.232593589470887,777936000
2000-07-06,0.2211311310529709,0.2287724984779655,0.2036980326744983,0.20871310620501174,603936000
2000-07-07,0.22232502698898315,0.23307134947412225,0.21778770206374606,0.22925021557539116,346560000
2000-07-10,0.23378749191761017,0.23928032495934864,0.2163553150245294,0.21850384679000842,351264000
2000-07-11,0.25265300273895264,0.26459326383202725,0.2280562758652091,0.23068349841785502,755304000
2000-07-12,0.25981655716896057,0.27295075438238436,0.2548023874479241,0.2631599291058999,388152000
2000-07-13,0.2841748297214508,0.2856071841310745,0.26483162293543927,0.2653093841311395,458736000
2000-07-14,0.28202539682388306,0.29539800978542474,0.275100209744783,0.2899060789675505,280200000
2000-07-17,0.2789214253425598,0.2865627918889305,0.2779659026665111,0.2863243758087953,105552000
2000-07-18,0.27342861890792847,0.2865628210843205,0.2636377899318228,0.2636377899318228,183672000
2000-07-19,0.2559962868690491,0.2655477654983638,0.2505034549300254,0.26363765014222285,189504000
2000-07-20,0.2629215717315674,0.2693689991803471,0.25504086034461043,0.2557570377248467,142992000
2000-07-21,0.2662648558616638,0.2712789971900591,0.25981650204157114,0.2636376343739192,251928000
2000-07-24,0.24357835948467255,0.26841350308709916,0.23307135467546197,0.2665033870195694,281112000
2000-07-25,0.23450373113155365,0.24930963260614594,0.23402596977603596,0.24739951636186303,335304000
2000-07-26,0.21707147359848022,0.23450364899134493,0.21062404783057623,0.23450364899134493,380064000
2000-07-27,0.20154951512813568,0.2130120324822075,0.19868388920571328,0.2101464065597851,331560000
2000-07-28,0.2063252031803131,0.2213695200825276,0.19104155468634437,0.20250406901066814,512664000
2000-07-31,0.2292502224445343,0.22972798375949566,0.20632519473432964,0.21778770858943197,371232000
2000-08-01,0.22471290826797485,0.23116034972360341,0.22304122183786962,0.2292502335489449,350616000
2000-08-02,0.2292502224445343,0.23295124657449406,0.21802613832243622,0.22160885626703575,345432000
2000-08-03,0.23928029835224152,0.24453381293514453,0.20632513479263964,0.20632513479263964,368664000
2000-08-04,0.24357835948467255,0.24835408691359195,0.23975722550066708,0.24501164341859627,194784000
2000-08-07,0.2626822888851166,0.2648317507141231,0.24429459561862657,0.24525011847105735,246936000
2000-08-08,0.2569509446620941,0.2712790817270639,0.2559963513323223,0.2569509446620941,128112000
2000-08-09,0.2493095099925995,0.26196594373166304,0.24572772268322499,0.2602942717271528,136248000
2000-08-10,0.2521751821041107,0.25790643065286917,0.23880256943991085,0.24357829561659866,156432000
2000-08-11,0.246205672621727,0.2545632474478804,0.23450382167324496,0.2526531304661032,131928000
2000-08-14,0.24859346449375153,0.25169751965445836,0.24071275210510243,0.24930964196501884,108576000
2000-08-15,0.2720557749271393,0.2770103134938775,0.2490711476077208,0.2497873248539614,443328000
2000-08-16,0.2789214253425598,0.2868012079690658,0.27056295220027565,0.2868012079690658,266232000
2000-08-17,0.2841748297214508,0.2856071841310745,0.27414468680167525,0.27510020919307576,129816000
2000-08-18,0.2942041754722595,0.29754757585428787,0.28250325797048603,0.28298099200741783,204720000
2000-08-21,0.2987413704395294,0.3102038946903042,0.29802519326017024,0.3049503800792634,464472000
2000-08-22,0.2705628573894501,0.28942832931764534,0.2679365647172542,0.28321931978335935,658872000
2000-08-23,0.28632429242134094,0.28680112444274164,0.26077207560465737,0.26626490829684796,352800000
2000-08-24,0.29396578669548035,0.2968314259781112,0.27939922882375257,0.28465271865016517,332616000
2000-08-25,0.2865626811981201,0.29706968253633476,0.2851303269150776,0.29086157507329063,153048000
2000-08-28,0.2980252206325531,0.3018463812358333,0.2846526069448683,0.2879960063255473,189264000
2000-08-29,0.29730910062789917,0.29993539409154807,0.2942041440007142,0.2992192167085264,149376000
2000-08-30,0.29993537068367004,0.30399494777424874,0.2908616504543066,0.29396570499028946,178080000
2000-08-31,0.30327871441841125,0.3152189727769255,0.29850296088299205,0.30447265280226604,388896000
2000-09-01,0.3037565350532532,0.3123533959484125,0.30041313525316354,0.30948778475961086,204144000
2000-09-05,0.3042343854904175,0.31115960379452545,0.302084950813631,0.31092116032203354,246144000
2000-09-06,0.2832193374633789,0.3054281551372884,0.28083146063870873,0.3054281551372884,230136000
2000-09-07,0.29850295186042786,0.2989807130350218,0.27557793088565263,0.2875182162120082,239760000
2000-09-08,0.28083139657974243,0.3018462983764682,0.279875874396839,0.29515952877943596,222648000
2000-09-11,0.2693690359592438,0.2789214486561482,0.25886205701301473,0.27724974842221123,285888000
2000-09-12,0.26769736409187317,0.2836971778511394,0.26363778613023986,0.26960748043327853,125976000
2000-09-13,0.2675780951976776,0.27199619815524956,0.2612498490042816,0.2669811259031166,239976000
2000-09-14,0.26507091522216797,0.28083140181261546,0.26172751669698097,0.26889114567041744,216336000
2000-09-15,0.2708619236946106,0.27462255233171506,0.2617276683649307,0.26363778469594423,242592000
2000-09-18,0.25504082441329956,0.27319012201618187,0.2521752134471261,0.2715184222460108,163488000
2000-09-19,0.2629215717315674,0.26363774911180365,0.24071272150887377,0.24333994414001298,301104000
2000-09-20,0.254324734210968,0.26077219028767024,0.2502651833301102,0.255757089260061,227568000
2000-09-21,0.2652497887611389,0.2710406416165737,0.25599632859603666,0.25623474461290724,346824000
2000-09-22,0.26984676718711853,0.2731901672814332,0.23880263868837043,0.23904105476179532,387264000
2000-09-25,0.28918999433517456,0.2932495720400817,0.2760557931787761,0.27820432548529656,467568000
2000-09-26,0.2961152195930481,0.2994585926311654,0.2789214402304623,0.2922940578626461,337344000
2000-09-27,0.31235334277153015,0.32620374439004773,0.2937272421535198,0.2937272421535198,676128000
2000-09-28,0.32190582156181335,0.3238159376022668,0.3018464330014086,0.30948779901215545,333816000
2000-09-29,0.31283116340637207,0.3247714516660819,0.30757767487884186,0.31283116340637207,373872000
2000-10-02,0.3054282069206238,0.32954717163673297,0.2975475233786046,0.3171291496875701,340584000
2000-10-03,0.2889505624771118,0.30948770618197974,0.28656268584836136,0.3070998295532293,300264000
2000-10-04,0.28560736775398254,0.2903840262757717,0.27748823706830095,0.28130939991313086,419568000
2000-10-05,0.2789214253425598,0.2877567306451145,0.27295082971264356,0.2877567306451145,525048000
2000-10-06,0.2614884078502655,0.28154780386793965,0.2576681743491509,0.2796376871173823,1027176000
2000-10-09,0.26721954345703125,0.27127909318971327,0.23689156824652302,0.254802423553358,665256000
2000-10-10,0.24692179262638092,0.26889133024756756,0.24453394199153522,0.2559964449016735,415944000
2000-10-11,0.2490711510181427,0.26268218093570517,0.22256341008397754,0.2318773764652587,535776000
2000-10-12,0.23928029835224152,0.2693689221836201,0.2368915198001801,0.2545630535960404,401616000
2000-10-13,0.2488318234682083,0.25599635674085597,0.23838445104388087,0.24095114021745664,578976000
2000-10-16,0.2431005835533142,0.24883183326017252,0.2373693338464559,0.24883183326017252,339216000
2000-10-17,0.22542904317378998,0.24310056596260987,0.22280276374050853,0.24214597264417928,463248000
2000-10-18,0.22184723615646362,0.2347430181890074,0.20083232795553985,0.21086248540773317,416952000
2000-10-19,0.2433398813009262,0.24644393526550842,0.2325935339904119,0.23617534914434477,294888000
2000-10-20,0.26602569222450256,0.2722347051398281,0.23593705235857823,0.2376087527772918,387360000
2000-10-23,0.26005592942237854,0.26984672838894974,0.25169745771711743,0.26817505591089974,182112000
2000-10-24,0.25169748067855835,0.2631599804976143,0.25074288725729704,0.25886201448649654,193968000
2000-10-25,0.22972795367240906,0.24835405628624094,0.22805625387783854,0.24477226798845125,385512000
2000-10-26,0.23951882123947144,0.24835409915467999,0.21492209249150335,0.2311603481526141,265776000
2000-10-27,0.2340259701013565,0.24566823985449177,0.22542909421658874,0.23975724801996018,210960000
2000-10-30,0.21754930913448334,0.23539964781456293,0.21730996386986998,0.23020576265467516,192120000
2000-10-31,0.23742888867855072,0.2411904176404742,0.2192209186001996,0.22614610549019012,299256000
2000-11-01,0.2373693287372589,0.24071270113692272,0.22351895238643035,0.23163807915376147,304536000
2000-11-02,0.25551867485046387,0.2617276875243071,0.24166829444412138,0.24572787268084423,192888000
2000-11-03,0.27223455905914307,0.2770102851195229,0.250265060442476,0.25217517596264005,268632000
2000-11-06,0.2932495176792145,0.3056666099205224,0.27701033534964975,0.27868203517446005,635040000
2000-11-07,0.27342861890792847,0.2884729374532692,0.2636377899318228,0.2884729374532692,258240000
2000-11-08,0.26530954241752625,0.27653363043421963,0.2612499635983034,0.27653363043421963,187080000
2000-11-09,0.2376086264848709,0.2617275585914959,0.22590677076672577,0.2493095393612016,564528000
2000-11-10,0.22471290826797485,0.257906512742563,0.21874324181482815,0.24572783457834105,805248000
2000-11-13,0.22566840052604675,0.2502651124613755,0.20632517691746255,0.2134897103390274,530040000
2000-11-14,0.26698118448257446,0.26889130080875145,0.23880266439182066,0.240712753389238,470736000
2000-11-15,0.2634589970111847,0.27056299943983664,0.25145912881392807,0.26220545401610174,423864000
2000-11-16,0.24692179262638092,0.26268229003542826,0.24453394199153522,0.2559964449016735,235536000
2000-11-17,0.24214600026607513,0.2614883095273207,0.2340259438076404,0.24883184363931457,178776000
2000-11-20,0.22351904213428497,0.23330984536829583,0.22089183233498616,0.23319063729676467,298752000
2000-11-21,0.21922095119953156,0.23498144288017644,0.20775845245562155,0.2330713270391378,382512000
2000-11-22,0.20775845646858215,0.21683217644322042,0.19868380731633425,0.21014631994602487,409752000
2000-11-24,0.21969781816005707,0.22781786092518208,0.21014633618351355,0.21014633618351355,165072000
2000-11-27,0.21229487657546997,0.23689159086800898,0.2035191756333764,0.23545923608725372,363864000
2000-11-28,0.1964748054742813,0.21778774029042436,0.19175866767514346,0.21551908426179414,382344000
2000-11-29,0.18435567617416382,0.19963842107608154,0.16954979070338716,0.199399991360511,636408000
2000-11-30,0.15474388003349304,0.16859425557617205,0.13898338869072485,0.16859425557617205,981624000
2000-12-01,0.17002752423286438,0.18626577668517968,0.16334075255048414,0.16429627503137845,784080000
2000-12-04,0.17265386879444122,0.17671343311855428,0.15951966672053977,0.1711023057720865,474264000
2000-12-05,0.18387791514396667,0.1915192802052723,0.1676396625310082,0.1848334239699378,997224000
2000-12-06,0.1576094925403595,0.18531025516034302,0.15665398378936857,0.18029608542342274,950928000
2000-12-07,0.15474388003349304,0.16310233787370224,0.1418490133152685,0.1499681396088602,785184000
2000-12-08,0.1900869756937027,0.1910415692578034,0.1548035250444677,0.1707437481475652,853392000
2000-12-11,0.1900869756937027,0.19390719464136172,0.1791022218660491,0.18387796355562677,757632000
2000-12-12,0.18483339250087738,0.1886536097923273,0.17862438305464262,0.18531023815166778,409512000
2000-12-13,0.1705053150653839,0.18722131799491853,0.16716192864393192,0.18411636131066475,675072000
2000-12-14,0.15880344808101654,0.17074370819208676,0.1547438848089412,0.16931043807898588,569016000
2000-12-15,0.14304298162460327,0.15808729882234335,0.14232588868424406,0.14877423206715862,1094424000
2000-12-18,0.1477590948343277,0.1528337710399368,0.14566923773852752,0.14901262375638588,658872000
2000-12-19,0.13659457862377167,0.16334073296943927,0.1337289543665555,0.1499681203853318,946200000
2000-12-20,0.12178963422775269,0.14853487801459692,0.11510286210832343,0.1296694157599291,1105392000
2000-12-21,0.10650599002838135,0.13659462438051134,0.10507271966311431,0.12011795235256437,845256000
2000-12-22,0.1339683085680008,0.14614699850955112,0.11510286027774332,0.11510286027774332,949080000
2000-12-26,0.12847547233104706,0.13707236003577944,0.11987859829069099,0.13564000545232685,343824000
2000-12-27,0.13707241415977478,0.14232591800509017,0.12178967773053855,0.12704316791147222,339456000
2000-12-28,0.1377885341644287,0.14137125156724226,0.1294309918671876,0.13158043920623722,419232000
2000-12-29,0.12519168853759766,0.14208742998286916,0.1222664598916424,0.13755011923578273,495168000
2001-01-02,0.11438669264316559,0.12775931625345457,0.11390893814234293,0.1260876298411634,290808000
2001-01-03,0.14949041604995728,0.15068435487319332,0.10793834976935654,0.1108039819484945,910368000
2001-01-04,0.1666841357946396,0.1705052828167412,0.14280360321549807,0.14686316626532656,815448000
2001-01-05,0.14172889292240143,0.16596796617179516,0.13850563051200518,0.16525087336489022,432768000
2001-01-08,0.1552215814590454,0.1614305895597376,0.13778848155473372,0.13778848155473372,573768000
2001-01-09,0.1583257019519806,0.1614306721800593,0.14972881332712393,0.15737110852003874,302904000
2001-01-10,0.16931046545505524,0.17002755838416556,0.14662478197277684,0.15020658456484023,392928000
2001-01-11,0.18340016901493073,0.19056468893477124,0.1623852587244789,0.1652508835897606,447648000
2001-01-12,0.1795790195465088,0.19772830476610745,0.1776689036075881,0.18650420782118632,669000000
2001-01-16,0.16549016535282135,0.1805344749118836,0.1626245279221788,0.1805344749118836,414984000
2001-01-17,0.1714598834514618,0.18340015708480595,0.17074370616004664,0.17814665531615556,592584000
2001-01-18,0.20435550808906555,0.20919085370429122,0.1676397032526614,0.17145992212250363,948168000
2001-01-19,0.19892223179340363,0.21778767958012352,0.19581817742617819,0.21014631442045442,1018704000
2001-01-22,0.1910415142774582,0.20059391042094227,0.18554959670088406,0.192952545546935,377712000
2001-01-23,0.21008676290512085,0.21396659953920194,0.18769909791511621,0.18865369147870018,433632000
2001-01-24,0.20919081568717957,0.212056440491584,0.19701212548239697,0.20990699300996737,451728000
2001-01-25,0.18817584216594696,0.20250397500381906,0.18387786417036872,0.20202712940403114,440016000
2001-01-26,0.1941465139389038,0.1964151695996708,0.17635578093433363,0.17766891398103116,259248000
2001-01-29,0.19510114192962646,0.19534047355000078,0.18149009373893285,0.18817595202409249,354168000
2001-01-30,0.19940000772476196,0.203578779542699,0.19438493496810968,0.19820608267990725,243720000
2001-01-31,0.19725054502487183,0.20728070343896485,0.1929525654987575,0.19963842226155007,358344000
2001-02-01,0.1982656568288803,0.19963840738437813,0.18865364273641577,0.1972505303256459,371856000
2001-02-02,0.17910215258598328,0.20298175364585339,0.17766886902752627,0.1984444434723426,320520000
2001-02-05,0.17886286973953247,0.18005680853228273,0.16835587768535468,0.17886286973953247,367584000
2001-02-06,0.17981837689876556,0.1834001793029748,0.17510223982173348,0.17551946793867726,250440000
2001-02-07,0.1714598834514618,0.18005677115245908,0.16190840242110746,0.1786244165696288,720384000
2001-02-08,0.1705053150653839,0.1822062451949297,0.1697882221558519,0.17241543118111893,384288000
2001-02-09,0.16931046545505524,0.1702659881278734,0.16310236927936794,0.16907204937572606,259608000
2001-02-12,0.1647741198539734,0.16931051733103603,0.1566540739957109,0.1674004005778992,354336000
2001-02-13,0.16978822648525238,0.17766892458427666,0.16596799415637087,0.16787811032081162,467736000
2001-02-14,0.18220628798007965,0.18722136195769357,0.16047519348334555,0.16763972933197008,690888000
2001-02-15,0.21563829481601715,0.21922101332369273,0.20584747943565673,0.20728074994142195,1108512000
2001-02-16,0.22734008729457855,0.23307133690924045,0.20441507517155402,0.2046534912201834,1081176000
2001-02-20,0.20465350151062012,0.22638458979230036,0.20441508545000264,0.2216088488229062,701304000
2001-02-21,0.21396653354167938,0.22256340703601316,0.19486265717282214,0.1970121044246944,646512000
2001-02-22,0.22304120659828186,0.22925021788511815,0.20632519063085522,0.21277263164595378,815304000
2001-02-23,0.20763833820819855,0.2254290712287025,0.20059394149053994,0.2218472688536522,1034664000
2001-02-26,0.20298181474208832,0.20728072386957083,0.1941465232531313,0.2015494599299601,751824000
2001-02-27,0.19080308079719543,0.20584739314118597,0.18960914241151955,0.19796668378250173,533832000
2001-02-28,0.17074373364448547,0.20059395111182104,0.16716193109763772,0.1893698666275393,784056000
2001-03-01,0.18423552811145782,0.18722127609103123,0.15283375528185061,0.1685942457015186,915288000
2001-03-02,0.1665053367614746,0.18316173382170492,0.1642962852868694,0.17098214187339744,1413504000
2001-03-05,0.16811653971672058,0.17241544923504926,0.15904281766231612,0.15999741123127817,742296000
2001-03-06,0.18435567617416382,0.19032535556603383,0.17372856217838306,0.17671339504212952,834408000
2001-03-07,0.199161559343338,0.1996384050718752,0.18507183866892185,0.18841522451907378,938280000
2001-03-08,0.2058473825454712,0.20799682953565962,0.19343027913122596,0.19343027913122596,829344000
2001-03-09,0.19128084182739258,0.19605658204289836,0.17337090392218404,0.19510107326028514,1216776000
2001-03-12,0.18435567617416382,0.19343032563301807,0.17623654927536553,0.18483343745419178,762144000
2001-03-13,0.2063252031803131,0.20919084200967802,0.18578805202651186,0.18674357469554917,1082352000
2001-03-14,0.21802614629268646,0.21874323921581926,0.19701214940975315,0.19701214940975315,1351128000
2001-03-15,0.22877244651317596,0.24351874177161528,0.2230411967839865,0.23139966898875422,1875984000
2001-03-16,0.22781789302825928,0.23402597595169086,0.21850391028748717,0.22519068375685633,1225200000
2001-03-19,0.2409510761499405,0.24262274821110577,0.2142654302472458,0.22662292892765062,943896000
2001-03-20,0.21850387752056122,0.25313076299272,0.21587758415643102,0.23808551811064033,1990560000
2001-03-21,0.23474307358264923,0.24119050153157817,0.21778772446486647,0.21898166325044643,1877352000
2001-03-22,0.25838416814804077,0.25933969043250094,0.23498138758398937,0.23689150297553668,1697760000
2001-03-23,0.2559962868690491,0.26793654383648896,0.2431005076348608,0.2631598890088487,1509672000
2001-03-26,0.26984676718711853,0.27127912198312326,0.2559963893205235,0.2559963893205235,1542960000
2001-03-27,0.26005592942237854,0.27390630529758675,0.24883181935939755,0.2645932402581484,1702152000
2001-03-28,0.2602347135543823,0.2669810887394106,0.2521751919396343,0.252891369157891,1433280000
2001-03-29,0.2641155421733856,0.2731901933441521,0.25265304065841193,0.25796613406978475,1632960000
2001-03-30,0.24805612862110138,0.2672196309623398,0.2464440595642634,0.2622054588888265,1423176000
2001-04-02,0.2376086264848709,0.25336911559808695,0.23450364342420307,0.24739942383132624,1265160000
2001-04-03,0.24548843502998352,0.2519367905729161,0.23378749346280198,0.2340259094902502,1991616000
2001-04-04,0.22017556428909302,0.23665314923216868,0.20560899708878333,0.23617538796428883,3362472000
2001-04-05,0.24047425389289856,0.24429448522038394,0.22829466347308616,0.23474300505291523,1724760000
2001-04-06,0.23951882123947144,0.25217526065578205,0.23330978224183596,0.2373693598214923,1547664000
2001-04-09,0.22787469625473022,0.2500734457906351,0.22409206893864042,0.2441514690571672,1097160000
2001-04-10,0.2493857592344284,0.25676028853711447,0.23119887923665916,0.23333825657328638,1186416000
2001-04-11,0.2644400894641876,0.2743363773990984,0.25714260194041794,0.2647454609470792,1426872000
2001-04-12,0.26841339468955994,0.27987589016355324,0.2545822622374726,0.2595496715544752,1440264000
2001-04-16,0.2618798315525055,0.2691782485035246,0.25706559830869685,0.2636377263025892,764112000
2001-04-17,0.27471795678138733,0.2768197301204811,0.2579065849314443,0.25802120177235816,1112448000
2001-04-18,0.2951982319355011,0.3224790042257689,0.28629506798287685,0.28629506798287685,2301864000
2001-04-19,0.3205678462982178,0.32564987326242745,0.29554198102660645,0.2968789581191003,1632264000
2001-04-20,0.3322596848011017,0.3438368291822072,0.30834155730073326,0.31670918521500746,1773840000
2001-04-23,0.3147221505641937,0.3253447055792035,0.31139804334208976,0.3250384320895696,1239000000
2001-04-24,0.29244717955589294,0.33734171250839984,0.287518301723218,0.3138435460394781,1828320000
2001-04-25,0.3058958649635315,0.31632675788974796,0.2921032621876133,0.29321100584298937,1423728000
2001-04-26,0.28178706765174866,0.3125441907908704,0.2789214287661821,0.3125441907908704,1486008000
2001-04-27,0.3018465042114258,0.30310737130372073,0.2869828278209857,0.2926764747668563,915672000
2001-04-30,0.31827545166015625,0.3360423422779537,0.3034888168357807,0.3100609460422626,1583280000
2001-05-01,0.3480018079280853,0.3488426863504061,0.31426350499007116,0.3194216432767399,1867368000
2001-05-02,0.34001654386520386,0.3570571685535846,0.3354691488450644,0.3570571685535846,1547784000
2001-05-03,0.3385263979434967,0.3400541297556001,0.3276746156969679,0.32973785437569797,960504000
2001-05-04,0.34318768978118896,0.34857506388972287,0.32706407368551904,0.32859177897964253,953520000
2001-05-07,0.3585858643054962,0.3610691191154238,0.33787632374929866,0.3418882125674724,975600000
2001-05-08,0.3326420187950134,0.3640493139501524,0.3295856531374787,0.3638961636229367,1620144000
2001-05-09,0.3170531094074249,0.3290502165440777,0.31483671961925186,0.32205809856669565,1319040000
2001-05-10,0.30639296770095825,0.3300818367938068,0.3026103394822585,0.32622309798072885,998904000
2001-05-11,0.2985597848892212,0.30757756006995396,0.29244705526271964,0.3056289385915594,921216000
2001-05-14,0.3011200726032257,0.304673438221243,0.28866444976939076,0.29943919071539227,702432000
2001-05-15,0.3119334578514099,0.32477149751991247,0.3003178062303535,0.30375658393631944,1242600000
2001-05-16,0.326643168926239,0.3285917919362401,0.30283964967110233,0.3047882726811034,957096000
2001-05-17,0.33241280913352966,0.34196519254259766,0.32266967102052474,0.32771316526935773,919056000
2001-05-18,0.3297378718852997,0.34005414781301235,0.32324275671704067,0.33130503916763626,575832000
2001-05-21,0.34463924169540405,0.3515167426472883,0.3224019667546374,0.32901262969901063,1064688000
2001-05-22,0.35495540499687195,0.35839415461906043,0.3362339249530718,0.3496826501104325,1049976000
2001-05-23,0.351937472820282,0.38208386600363914,0.34769632489549784,0.3689019825331836,2244912000
2001-05-24,0.35713332891464233,0.36618871215689597,0.33909960219280266,0.3496065796293993,1680576000
2001-05-25,0.35037046670913696,0.3551471235824664,0.34387535023771937,0.3499504783644316,947952000
2001-05-29,0.33600476384162903,0.34846039315437566,0.3312666399368142,0.3483842825555298,920568000
2001-05-30,0.3297378718852997,0.34475376397613555,0.3262991223523128,0.328095523206264,3308904000
2001-05-31,0.3271014988422394,0.33432287569001906,0.3200332723225881,0.33237425366172957,1262928000
2001-06-01,0.34521234035491943,0.34800186871770883,0.32744544988798335,0.329356495309918,1022472000
2001-06-04,0.33986347913742065,0.3472756124542695,0.3353169848210111,0.34544160677343944,621552000
2001-06-05,0.35770636796951294,0.36125976139870947,0.3389078771434018,0.3394809883659737,987168000
2001-06-06,0.3592350482940674,0.36393466442151967,0.35380914325948715,0.35904429360668955,698976000
2001-06-07,0.37952375411987305,0.3805553600025627,0.35342774361512386,0.35606412138075877,1141152000
2001-06-08,0.36966589093208313,0.3789505331614762,0.36573014098678386,0.3783774219431804,712680000
2001-06-11,0.35885265469551086,0.37062142605468223,0.353121378343595,0.3702005359600025,581928000
2001-06-12,0.37081220746040344,0.376161073378785,0.3505620919096801,0.3513259579411873,1102728000
2001-06-13,0.35835662484169006,0.37917988001462066,0.35514710837381386,0.3735247131460306,938712000
2001-06-14,0.35759177803993225,0.3637054385714044,0.3486510127350066,0.3537330401938906,946152000
2001-06-15,0.3631707429885864,0.36947512978561653,0.3468554806728644,0.35342763453885506,1094544000
2001-06-18,0.34880420565605164,0.36813733263669457,0.3448308505374492,0.362253861467858,856656000
2001-06-19,0.3297378718852997,0.36366690007193947,0.32266964545925214,0.35537631322729657,1513128000
2001-06-20,0.34391382336616516,0.3476964509803016,0.31693842933179167,0.3236627787738107,1759200000
2001-06-21,0.3504089117050171,0.3564840387702841,0.33336828659579104,0.3425383129168332,1484568000
2001-06-22,0.3488427698612213,0.3579742651618133,0.34425776909934086,0.34865111326570436,761184000
2001-06-25,0.3481549322605133,0.35419152555496236,0.33799087760437574,0.35273993158232486,640032000
2001-06-26,0.3582034409046173,0.3599228294456111,0.3390995762251646,0.34043655351519875,757920000
2001-06-27,0.34712332487106323,0.35724791755814733,0.3410481975877629,0.35648405156432134,895752000
2001-06-28,0.3512113392353058,0.3562933675575399,0.34769647848301194,0.3517844779270276,909336000
2001-06-29,0.35438236594200134,0.3599228890763693,0.3484988668914847,0.35247224971225666,730920000
2001-07-02,0.338678777217865,0.3432261741142255,0.3335591706757438,0.34036056198195264,1040016000
2001-07-03,0.34299683570861816,0.34655020241276796,0.33462920820468894,0.3363485694932677,406296000
2001-07-05,0.31812310218811035,0.3410095892584567,0.31770218481639845,0.3389078445896557,1020096000
2001-07-06,0.3083415925502777,0.3157922322279307,0.30222793044042773,0.3133465815484267,802824000
2001-07-09,0.29825448989868164,0.3117041437127244,0.29535034544908695,0.30432961672879827,1014072000
2001-07-10,0.3007001578807831,0.30623975082551064,0.29706975163928817,0.30222786251716166,1221744000
2001-07-11,0.3001271188259125,0.30494138092717527,0.2908424997685796,0.29955400735103677,904632000
2001-07-12,0.3158683180809021,0.3180847076241148,0.30662217963433386,0.314263546125353,981552000
2001-07-13,0.30933472514152527,0.3169770222193326,0.302801101292987,0.3135382713870092,690144000
2001-07-16,0.28446096181869507,0.3094877583430367,0.2829332572554135,0.3058582541240628,1191696000
2001-07-17,0.30035629868507385,0.30314489751150664,0.27701035449447053,0.27968526570030766,1169904000
2001-07-18,0.2899630069732666,0.3013108897767206,0.28381176886999565,0.293211029474183,840984000
2001-07-19,0.29462507367134094,0.30688994663942093,0.28965766210904437,0.2941665517821312,840024000
2001-07-20,0.2861427962779999,0.293822668848621,0.2770103729561775,0.28728904632329794,742464000
2001-07-23,0.259052574634552,0.2869449674663381,0.2587086971290996,0.2865625837695813,1547976000
2001-07-24,0.2765903174877167,0.27681955102123273,0.25698942927722884,0.262529922889219,1365312000
2001-07-25,0.2739154100418091,0.27662882674746764,0.26470780835308066,0.2760932926067448,1245888000
2001-07-26,0.3018465042114258,0.3037566207025037,0.26994219690732074,0.27131770815619666,1714152000
2001-07-27,0.3094877600669861,0.31281189283008237,0.29229398499097214,0.3012732564285248,1094688000
2001-07-30,0.30211326479911804,0.311131043398958,0.29878913168562565,0.30987017662987676,582288000
2001-07-31,0.30910539627075195,0.3104433027461417,0.29153013800096855,0.30253417006938876,1187760000
2001-08-01,0.3279809355735779,0.32958568003252836,0.31300264651409787,0.31518052961053317,1204944000
2001-08-02,0.3357754647731781,0.33695929180313305,0.32091179192678565,0.33214505823748214,1097928000
2001-08-03,0.3331390917301178,0.33829720309829414,0.32614694755585955,0.33241283004301264,820344000
2001-08-06,0.34322595596313477,0.3466261985304837,0.32721606605588704,0.330769431586625,1292568000
2001-08-07,0.33814409375190735,0.34483086667851015,0.3341322048999903,0.34314908230334834,1088616000
2001-08-08,0.329547256231308,0.3438753978065822,0.32805712819569893,0.33520239679559993,1125696000
2001-08-09,0.3237774670124054,0.33447610208381706,0.3178939678975514,0.32801858972421705,1643616000
2001-08-10,0.3233959376811981,0.3278277871522807,0.31369040378326335,0.32362517127453,1036488000
2001-08-13,0.3369593024253845,0.34062731344425307,0.3240451806016852,0.32893555223427134,1514784000
2001-08-14,0.32801857590675354,0.3329859601679899,0.3238544658119666,0.33084661038069374,2321160000
2001-08-15,0.32840099930763245,0.33936650056094786,0.32549685389564853,0.335431650939633,1816392000
2001-08-16,0.34223198890686035,0.34272901689810453,0.32106488755829704,0.32236426034499616,1026096000
2001-08-17,0.3200717866420746,0.33791478415607307,0.3173583694107445,0.3335590455111101,1668840000
2001-08-20,0.31785547733306885,0.32129422786300577,0.30811233716720104,0.3180462047484376,1183320000
2001-08-21,0.3111686110496521,0.3270639149265495,0.3106725122188132,0.3186577548553184,1186656000
2001-08-22,0.3239690363407135,0.3243129140460358,0.3066221373837399,0.31667064675908296,1498104000
2001-08-23,0.3167852461338043,0.3270253841656844,0.31521900802793595,0.3228603730458861,1013592000
2001-08-24,0.3258408308029175,0.3323744562516371,0.3183140778887311,0.3201865904830859,1110936000
2001-08-27,0.33711233735084534,0.3414295688272102,0.3173207221398559,0.3185430823350453,1279608000
2001-08-28,0.3327181339263916,0.343684561093791,0.33012029003735255,0.3361954170726212,1178760000
2001-08-29,0.3220204710960388,0.33573696620245674,0.319230970075925,0.3336352207144397,1435800000
2001-08-30,0.32098886370658875,0.32324285788918594,0.30853233266871927,0.31598297265321773,1431312000
2001-08-31,0.32366272807121277,0.3266053786157859,0.31464585278491863,0.3188484680449994,887904000
2001-09-04,0.30115872621536255,0.3227843565804678,0.29890383023042505,0.3227843565804678,1856136000
2001-09-05,0.3075776994228363,0.3098701995335706,0.2886645598449,0.30089092648582233,2395584000
2001-09-06,0.2950063943862915,0.31101631098578536,0.29363091133008357,0.30150243703318164,1950768000
2001-09-07,0.2981013059616089,0.30261022152732975,0.28885519779353136,0.29038383134365986,1970256000
2001-09-10,0.28946685791015625,0.3001269834239049,0.2834678420107036,0.29557958873837226,1872360000
2001-09-17,0.25974053144454956,0.27808056089298844,0.25844113094746957,0.2714322937273491,1138596000
2001-09-18,0.24407540261745453,0.2666941308503625,0.2381910018548384,0.26478401466506396,894372000
2001-09-19,0.24109511077404022,0.2482779543913265,0.20678368308862088,0.24545084949684667,1561908000
2001-09-20,0.22069180011749268,0.23651004928598193,0.21396652280213083,0.22818002779797436,1470696000
2001-09-21,0.20609591901302338,0.21610682361029676,0.19875991170502702,0.20365028262741514,1226304000
2001-09-24,0.2292502224445343,0.23261286191588226,0.2125910636218169,0.22244883291596906,1507500000
2001-09-25,0.22030949592590332,0.2398718728412848,0.21962174036640938,0.22993800543691986,941724000
2001-09-26,0.21236181259155273,0.22390135234157713,0.21014633869182744,0.2231365707787207,430812000
2001-09-27,0.2005939483642578,0.2139665785498437,0.1949388087497417,0.21159795421746302,907296000
2001-09-28,0.2099170833826065,0.22015630688151372,0.1975375674728023,0.20632518317713988,1044876000
2001-10-01,0.19211170077323914,0.21320272457621162,0.18874906104854397,0.20976397425991283,972804000
2001-10-02,0.18248316645622253,0.1994476820681264,0.17316001654092592,0.19180631637151915,1123032000
2001-10-03,0.21839934587478638,0.22993796991391416,0.18156616886901641,0.18156616886901641,1798824000
2001-10-04,0.24674934148788452,0.2582888813129288,0.22206734832146235,0.2300140859311331,1980576000
2001-10-05,0.2514113187789917,0.2574479388273217,0.23375905120805127,0.24300515954450733,1078212000
2001-10-08,0.25706565380096436,0.26661803910046195,0.24147661880356427,0.24147661880356427,765900000
2001-10-09,0.24590934813022614,0.2628738634663948,0.23857335405482394,0.2577533294901251,917556000
2001-10-10,0.2617276906967163,0.2636378071907096,0.23994893563843292,0.24155368054539614,968124000
2001-10-11,0.2900775969028473,0.29084239203342455,0.2742593325215729,0.27571185570149725,918000000
2001-10-12,0.308953195810318,0.3094878009297111,0.28174851264136336,0.2827416396242253,1253100000
2001-10-15,0.3075776994228363,0.3171291819849082,0.2915301713189393,0.2999354038256441,908568000
2001-10-16,0.3385263979434967,0.34097111865086893,0.30085234890097323,0.30719524258388176,1383852000
2001-10-17,0.3186577558517456,0.3461677793159342,0.31712912211683986,0.34601462899054913,1695540000
2001-10-18,0.33210745453834534,0.33523993115546974,0.3178939327562554,0.31865779880226086,1020864000
2001-10-19,0.338984876871109,0.3438752472394716,0.32324272475305355,0.3273692292503371,1059264000
2001-10-22,0.34700870513916016,0.3515166926888636,0.328974049393543,0.33646322157561026,970824000
2001-10-23,0.34089505672454834,0.35770642199795016,0.3331766512686108,0.35144056716868044,953028000
2001-10-24,0.3559495210647583,0.35678949781354957,0.3308842115083392,0.3347053733045875,1212144000
2001-10-25,0.37681129574775696,0.3831532620345824,0.3423467254864543,0.34769649387784884,1152396000
2001-10-26,0.3499118685722351,0.3854456376866685,0.3476963815179288,0.37421237388620265,1097124000
2001-10-29,0.3214849531650543,0.35724799670156926,0.32110349833682444,0.35113526369902653,1004796000
2001-10-30,0.32095035910606384,0.3357755285519443,0.30834160680825434,0.3156014920809363,1153380000
2001-10-31,0.3275224268436432,0.3419651810047707,0.32286038750247187,0.33294740298855846,989292000
2001-11-01,0.35549092292785645,0.358164904612119,0.3266814997389773,0.3317250208165045,1093776000
2001-11-02,0.3604574203491211,0.36481315893373567,0.34081892403281866,0.3538861944441678,1087248000
2001-11-05,0.3617568612098694,0.37673425027415897,0.35946436103370316,0.3667242728699896,933456000
2001-11-06,0.3865920305252075,0.38827381505551645,0.3591590391456344,0.3610691554614896,1415376000
2001-11-07,0.38689830899238586,0.401799588587248,0.38139631908717514,0.383611779661794,1419144000
2001-11-08,0.380172997713089,0.3969082543404829,0.36871049691744356,0.3917125382763785,1915188000
2001-11-09,0.40653663873672485,0.40684291201896006,0.38964916666767097,0.39698515921847133,2270484000
2001-11-12,0.41746461391448975,0.42785700109049657,0.39262947229746176,0.40500898781637434,1458636000
2001-11-13,0.41402584314346313,0.41884010348902717,0.4080653329374078,0.4187639929136876,1446516000
2001-11-14,0.4024873375892639,0.42105660104164194,0.39125406966703496,0.4170823162055664,1150224000
2001-11-15,0.4046265482902527,0.41012856354104715,0.39285867922622686,0.39790217270955935,874944000
2001-11-16,0.4011116623878479,0.4092876313224328,0.39568575805818246,0.40500890585691884,496128000
2001-11-19,0.39232319593429565,0.40882921649912635,0.3706214600746455,0.4050850952774907,1943052000
2001-11-20,0.38131922483444214,0.4011117757104427,0.3769634857258473,0.39423427564713137,937884000
2001-11-21,0.3764288127422333,0.38643971756913936,0.36527168535694804,0.3749001789431074,728412000
2001-11-23,0.3817015588283539,0.3820839700602237,0.3713853100836357,0.37788042534366373,254016000
2001-11-26,0.40898245573043823,0.4095170609234459,0.3870505250125703,0.38812066457640815,1215780000
2001-11-27,0.41333818435668945,0.4225843233054922,0.40118792753027177,0.4087531838432306,1183992000
2001-11-28,0.392476350069046,0.4148667434060036,0.39155933373503615,0.4080653544596756,740844000
2001-11-29,0.4096700847148895,0.42311973913480855,0.4080653403468143,0.42097946052564333,5135472000
2001-11-30,0.4175408184528351,0.42052107437778025,0.4034804447703257,0.4095170672165459,1034028000
2001-12-03,0.4111987352371216,0.4138726896632659,0.40386271432284493,0.4087530852065049,851496000
2001-12-04,0.44428688287734985,0.44474540470679275,0.4132619972348688,0.4132619972348688,1384644000
2001-12-05,0.48012611269950867,0.4810431018605551,0.4474203663664141,0.44780182117686546,1707036000
2001-12-06,0.4725607931613922,0.4776043148577439,0.4605636884389602,0.47638195431353136,1138944000
2001-12-07,0.45811811089515686,0.47332563617176143,0.4499421113694853,0.4690460071499241,807036000
2001-12-10,0.46270307898521423,0.4731724525842893,0.4520053462909034,0.455825578603591,695868000
2001-12-11,0.47928598523139954,0.49021294860085246,0.4661417310712255,0.47080374250895957,792252000
2001-12-12,0.4941874146461487,0.4944166482719539,0.47363099583422197,0.48295414711893886,1004628000
2001-12-13,0.4799737334251404,0.4906714630820056,0.4780626886336614,0.4844817199617726,881400000
2001-12-14,0.5015994310379028,0.5039680687670179,0.47768130591650754,0.47989679331063606,754680000
2001-12-17,0.5196340680122375,0.5268930215942276,0.4977782271752642,0.4977782271752642,1080960000
2001-12-18,0.5062605738639832,0.5154305732462511,0.5019818201885065,0.5082477022140162,886968000
2001-12-19,0.49242958426475525,0.5080947039483512,0.49051946777138417,0.49793157460934034,854652000
2001-12-20,0.4730193316936493,0.5033573660578238,0.471262365986278,0.4944165996406397,951228000
2001-12-21,0.4934994876384735,0.49670897591463636,0.47775736304087857,0.4833354339881504,723972000
2001-12-24,0.5058020949363708,0.5083238285831475,0.4930410962155994,0.49327038447986077,265308000
2001-12-26,0.5181816220283508,0.5268170167794701,0.5082477287988224,0.508323812053524,642156000
2001-12-27,0.5301796197891235,0.5325482028468885,0.5219266095478121,0.5226904482055315,730152000
2001-12-28,0.5174176692962646,0.5368278061924221,0.5122980648418859,0.5333120715439439,757680000
2001-12-31,0.5112279057502747,0.5242190648390199,0.5100816286147237,0.5212388098755899,737580000
2002-01-02,0.5142844319343567,0.5230729788934254,0.500529429225126,0.5134444551339551,1298904000
2002-01-03,0.5479840636253357,0.5502004801017084,0.5150490909694734,0.5153544077911798,1414752000
2002-01-04,0.5320135354995728,0.5552439023537882,0.5226903870236508,0.5552439023537882,936288000
2002-01-07,0.5177230834960938,0.5349168600121298,0.5105402123195103,0.5341529666691279,973068000
2002-01-08,0.5238367319107056,0.5362923580048065,0.5148959661506914,0.5166538609065484,774360000
2002-01-09,0.5166536569595337,0.5406478560154707,0.5093176385152574,0.5310964056946812,1141188000
2002-01-10,0.5042741894721985,0.5209324270692429,0.49976532885668545,0.5139027081936585,992508000
2002-01-11,0.4819599986076355,0.5077891108850487,0.4799737450495677,0.5076360152269269,1380852000
2002-01-14,0.45666640996932983,0.4842525738930456,0.45666640996932983,0.4808908091584962,1369560000
2002-01-15,0.49930673837661743,0.4996121097510305,0.4751593889963679,0.4756939938671634,1838808000
2002-01-16,0.47982072830200195,0.49571513379109977,0.47798675002902674,0.49250564448463546,1115388000
2002-01-17,0.4966321289539337,0.49670914139411904,0.47775752220659756,0.495715139806319,1121544000
2002-01-18,0.4875391721725464,0.49097795002066785,0.47760440277278565,0.47791064885532597,803676000
2002-01-22,0.4753117859363556,0.4934225506303003,0.469809742727811,0.49212405225446193,1085028000
2002-01-23,0.4842526316642761,0.4876913545814158,0.4701161212239421,0.4795914934176099,889164000
2002-01-24,0.5015994310379028,0.5066429525085993,0.478750516071043,0.4890667925973516,1137684000
2002-01-25,0.5002999901771545,0.5127565436761036,0.4883028876207693,0.4944164929358518,817752000
2002-01-28,0.5195571184158325,0.5196341855116774,0.505038278791318,0.5100817463104609,924288000
2002-01-29,0.49411046504974365,0.5223082269383272,0.48601054796264576,0.5207804944896351,1381932000
2002-01-30,0.5000706911087036,0.5004530749265796,0.48486404750407175,0.4967089273719568,1218456000
2002-01-31,0.5023635029792786,0.510464240334271,0.4856281882073124,0.5065669947174527,973980000
2002-02-01,0.49006080627441406,0.50687219876617,0.4871566888753093,0.5015233603268987,688272000
2002-02-04,0.46698257327079773,0.5009115981804322,0.46621873472671016,0.4889905790877906,1104864000
2002-02-05,0.4623977541923523,0.4678997441223013,0.4442108743629606,0.4638494032644991,1474620000
2002-02-06,0.4739362895488739,0.48211316204668425,0.4653779076458771,0.4746240449708599,1242528000
2002-02-07,0.458576500415802,0.47454785989877474,0.4563610132105139,0.47454785989877474,964476000
2002-02-08,0.4410773813724518,0.4642316672727446,0.4235782616399176,0.46163379602142346,1871292000
2002-02-11,0.46545401215553284,0.46614176752816866,0.43878486692141316,0.4403896112383954,1249224000
2002-02-12,0.4753117859363556,0.48410033033784483,0.4531515285910534,0.4584242835609044,1216500000
2002-02-13,0.46919918060302734,0.48952543812187166,0.4646141798010951,0.4814255214630544,1230432000
2002-02-14,0.47500643134117126,0.48486418623036726,0.46721194272855343,0.47317239865393235,1225692000
2002-02-15,0.4382501542568207,0.4558254080869024,0.43366515571757674,0.45315142683811044,3988548000
2002-02-19,0.409211665391922,0.4238836829648159,0.40584902570708303,0.41952794354730116,1972524000
2002-02-20,0.43060797452926636,0.4351929739814146,0.401187834665506,0.40195170062458735,1838736000
2002-02-21,0.4011878967285156,0.4248767909417178,0.40065329159084023,0.4247245697671522,1531044000
2002-02-22,0.3814724087715149,0.39774917128602816,0.37635277582599297,0.39316417084010985,2585616000
2002-02-25,0.41135096549987793,0.41433122064623457,0.3831531857273323,0.38323022548137237,1599564000
2002-02-26,0.4202916920185089,0.4275516023186356,0.40921157746120346,0.4203687317704243,1902672000
2002-02-27,0.4061552882194519,0.4316781884258867,0.4050090381583027,0.4298441828622966,1723224000
2002-02-28,0.389801561832428,0.41074036621361415,0.38636278389809303,0.4034804536567197,1585440000
2002-03-01,0.4274755120277405,0.4279340065219624,0.3924002322953367,0.3935464821952681,1311396000
2002-03-04,0.45131754875183105,0.4562079200838132,0.4246474990621626,0.42877400437255037,1484724000
2002-03-05,0.45017123222351074,0.4622444456870166,0.4439814888376478,0.44436294353882877,1379448000
2002-03-06,0.43603384494781494,0.44115347669660265,0.42663458529929327,0.4367216003196888,1446060000
2002-03-07,0.43251901865005493,0.44367524463421526,0.4204448744732499,0.4422236505315443,1346532000
2002-03-08,0.4454331398010254,0.454603166602841,0.4386317507764586,0.44077202948426525,1270356000
2002-03-11,0.4402365982532501,0.445433244052026,0.43290060242360556,0.4405428990011357,810540000
2002-03-12,0.4171592891216278,0.42908028336367793,0.4141790337289265,0.42678778341987,1255032000
2002-03-13,0.40959393978118896,0.4162422049323443,0.40806530611805797,0.4132619500251885,1031616000
2002-03-14,0.38689830899238586,0.4065368104768651,0.3860574303806148,0.4065368104768651,1139460000
2002-03-15,0.40325114130973816,0.4037096631950731,0.3822362563366501,0.3896492909942163,1248288000
2002-03-18,0.40325114130973816,0.4194518197743795,0.3986661410864449,0.410587163530013,1236996000
2002-03-19,0.39469265937805176,0.40691902210848,0.39232312025917593,0.4061551562655448,846072000
2002-03-20,0.35549092292785645,0.38896145597541787,0.3541915227833255,0.38819666086647936,2292588000
2002-03-21,0.3743656575679779,0.37864528658720015,0.3519752325573154,0.36152764503060286,1721712000
2002-03-22,0.37115609645843506,0.38108998989418197,0.3683289913234648,0.38108998989418197,1249140000
2002-03-25,0.35197508335113525,0.36985661080221593,0.3515165889538954,0.3693981164049761,884160000
2002-03-26,0.359158992767334,0.36809973192405104,0.34632098170915754,0.3483072083637128,1123512000
2002-03-27,0.3476964831352234,0.36083986638575,0.34158284881210027,0.3536569944308487,1068012000
2002-03-28,0.338984876871109,0.3522813792162454,0.31995712587106456,0.3500649903210224,3124080000
2002-04-01,0.3334059715270996,0.3360047452345521,0.30994633598849564,0.320186476753114,2365344000
2002-04-02,0.3246944546699524,0.3415067515827553,0.32278433842818616,0.32339598337062714,1438008000
2002-04-03,0.33080804347991943,0.3350106593701747,0.31942165449828724,0.3261469330728817,1094640000
2002-04-04,0.3292033076286316,0.34043657389215237,0.32377742920933217,0.3282863185710507,1130964000
2002-04-05,0.3217141330242157,0.3366924212201951,0.3183523958093017,0.3313426538803418,1026900000
2002-04-08,0.33248889446258545,0.33248889446258545,0.3067367654280883,0.30681287600260376,1151316000
2002-04-09,0.3114749491214752,0.338526483654825,0.3107101811730249,0.3357754889437452,1380768000
2002-04-10,0.2942812442779541,0.31636537068527687,0.2720439674898121,0.31399675957607126,3689724000
2002-04-11,0.28136610984802246,0.2956566432019907,0.2781566209912167,0.29191162008396243,1437288000
2002-04-12,0.2802969217300415,0.289925416386626,0.27150837639033026,0.28763291635749844,1376880000
2002-04-15,0.29160618782043457,0.2964204474311577,0.285034061139585,0.28572181641665234,1157208000
2002-04-16,0.3042910397052765,0.3078068281269599,0.2983305310465889,0.3046734235091148,854856000
2002-04-17,0.30788296461105347,0.3123918526868748,0.29825444560865005,0.30788296461105347,944484000
2002-04-18,0.302763432264328,0.30803618788037207,0.296115193006331,0.3047496589558997,693156000
2002-04-19,0.2821308970451355,0.2961151853420448,0.28174851309448734,0.29252328498573144,1125672000
2002-04-22,0.2835063636302948,0.2892376127487553,0.2789213643355264,0.2789974749084225,808176000
2002-04-23,0.2720438838005066,0.28900839873625983,0.26952212308625506,0.2857218701886015,773508000
2002-04-24,0.24820183217525482,0.2792267435004169,0.24751410412508631,0.2751763491306384,1582956000
2002-04-25,0.257830411195755,0.2627968937938533,0.24713174884588893,0.24720785943811427,1168296000
2002-04-26,0.23207733035087585,0.2609628694328501,0.23207733035087585,0.26065749790805787,1191120000
2002-04-29,0.2707444131374359,0.2746416563221547,0.25079964818086714,0.25951115063001556,3930852000
2002-04-30,0.26600638031959534,0.28083154838885177,0.2601990192159187,0.2771635371294952,1776504000
2002-05-01,0.27082058787345886,0.2745656108291604,0.2548501020526184,0.26165058887576537,1718904000
2002-05-02,0.25989362597465515,0.27884436911857186,0.25981661354066043,0.27212001942583414,1125084000
2002-05-03,0.2502652108669281,0.2621862365862742,0.2489658100996846,0.26019908013079696,852756000
2002-05-06,0.2407127469778061,0.25523164206674703,0.23872561825989522,0.24376911338809598,1102044000
2002-05-07,0.24674934148788452,0.25118212034278253,0.23467612571878002,0.2460615860183936,1412448000
2002-05-08,0.2751002311706543,0.27937985899935275,0.25523157293407617,0.2635615950238213,1688688000
2002-05-09,0.26333245635032654,0.2799145649060233,0.2628739343922877,0.27425942431852907,1230840000
2002-05-10,0.24361680448055267,0.26975134187391775,0.24071266030310587,0.26875731328398605,1321548000
2002-05-13,0.2583649456501007,0.25920585131679996,0.2440753430114148,0.24613858172180783,800892000
2002-05-14,0.2840411961078644,0.28694534286776197,0.2701330367635045,0.274871190175608,1526112000
2002-05-15,0.28961920738220215,0.29496897653839016,0.2757880662193001,0.27968533899794545,1504548000
2002-05-16,0.29015469551086426,0.2961152068917633,0.28381180015148916,0.28969617361328914,985560000
2002-05-17,0.29932472109794617,0.300164697866097,0.2906132142508239,0.2980253205450027,934404000
2002-05-20,0.3025342524051666,0.3045204521208625,0.29542749000846386,0.2968029738947938,953412000
2002-05-21,0.2794559895992279,0.3106340253205775,0.2791506454367434,0.30643140961245335,1382604000
2002-05-22,0.2907653748989105,0.2924471591119408,0.28121389327251556,0.2816723877839962,1547988000
2002-05-23,0.27303698658943176,0.29221789097594186,0.2644015923503432,0.2916062461402707,2556780000
2002-05-24,0.26768821477890015,0.26921594730158777,0.2614984685349632,0.26784043599015145,737784000
2002-05-28,0.25706565380096436,0.27020993995493436,0.25171678699475963,0.2700567895863933,1367088000
2002-05-29,0.2667711675167084,0.2678403778175184,0.24904185484499528,0.252939126938023,1311012000
2002-05-30,0.2628738284111023,0.26921582020090773,0.2562255906450035,0.2613451947609178,1066080000
2002-05-31,0.25569015741348267,0.26554791484045476,0.25523166278801535,0.26440166461240594,674112000
2002-06-03,0.24063663184642792,0.2506466368002142,0.2375793636447465,0.2495003866868404,901248000
2002-06-04,0.25278690457344055,0.25408537581319013,0.23872560311571475,0.23910798708613498,1095432000
2002-06-05,0.24911898374557495,0.2533977121639804,0.24033043485430725,0.25332160154765326,1114308000
2002-06-06,0.24919499456882477,0.2525576340392204,0.24644399998958127,0.24652011057542905,739356000
2002-06-07,0.2468263953924179,0.24988276163450462,0.22886784903779062,0.22894487514054124,1371300000
2002-06-10,0.24476313591003418,0.2570656409995775,0.2441515183016711,0.25011200244987536,749148000
2002-06-11,0.2337590903043747,0.24988272699403527,0.23314744546964705,0.24881258765985606,859308000
2002-06-12,0.21358506381511688,0.23230655738008096,0.20380342008349278,0.2281800523992705,2267544000
2002-06-13,0.21136872470378876,0.21916322836609073,0.20464436058448865,0.21518987277345106,1265892000
2002-06-14,0.21534211933612823,0.21694686425082757,0.1966967297352246,0.2035742450301133,1116444000
2002-06-17,0.21725307404994965,0.22298432336941487,0.2135080374652185,0.2201562894086734,1054140000
2002-06-18,0.21610689163208008,0.22237276162684458,0.21205649596776918,0.21457824372248516,1008300000
2002-06-19,0.18225392699241638,0.20556133818839717,0.18064916879946452,0.20556133818839717,2593620000
2002-06-20,0.18057303130626678,0.18760276506742565,0.17820350556983244,0.18263628372438176,1425048000
2002-06-21,0.17316000163555145,0.18660965566784046,0.16949200485396815,0.17965603233932675,1484364000
2002-06-24,0.17636950314044952,0.18179539454577678,0.16353149396680394,0.1687281381363967,1379592000
2002-06-25,0.16177453100681305,0.17957902338045453,0.16070439163099925,0.17957902338045453,1172232000
2002-06-26,0.15336842834949493,0.15879432139313449,0.13946026204312795,0.1434345469954995,2067828000
2002-06-27,0.13051952421665192,0.16024594959720836,0.12838016027762508,0.1590235886574735,3182808000
2002-06-28,0.1312842071056366,0.13670918123005682,0.1255529460935371,0.12838006356845036,1991184000
2002-07-01,0.13097797334194183,0.13449376290320905,0.12822697896499202,0.13067261550767453,1164372000
2002-07-02,0.12272495031356812,0.1299087217322789,0.11936322732229379,0.12945022732225203,1368180000
2002-07-03,0.1333475112915039,0.13357675854263673,0.1218849984267164,0.12196110900601008,1073304000
2002-07-05,0.14511536061763763,0.14519147118572356,0.13877246711297853,0.14289897168322532,739524000
2002-07-08,0.14947114884853363,0.15466779386896243,0.1432813904840089,0.1434345271706348,1587180000
2002-07-09,0.14213520288467407,0.15176371557058677,0.13892569865603652,0.14985359863003905,1075080000
2002-07-10,0.1382378786802292,0.14672013689328023,0.1372447653610619,0.145573886891331,926988000
2002-07-11,0.15229827165603638,0.15283380602886817,0.13625075570570142,0.13747404564225463,1143948000
2002-07-12,0.15214599668979645,0.1610867612005809,0.14901260520265805,0.1604751164484875,1344900000
2002-07-15,0.16727657616138458,0.16735268675634937,0.14565001705754063,0.1525275316582406,1495272000
2002-07-16,0.1627676784992218,0.1784328109271261,0.16009279408629074,0.1631500761794762,1773432000
2002-07-17,0.148936465382576,0.16238520020290675,0.14259357308551712,0.1592527248441178,1922364000
2002-07-18,0.14511536061763763,0.15512625059341892,0.144732963086599,0.1464908575862616,1243188000
2002-07-19,0.13854314386844635,0.1462615445318007,0.13755004487788722,0.14068343493573285,845772000
2002-07-22,0.1321241855621338,0.14182973019769876,0.12646996359732784,0.13793247333436806,1290744000
2002-07-23,0.12226647883653641,0.13372899282633635,0.1177585048064731,0.13288901616753235,1409652000
2002-07-24,0.13006095588207245,0.13204808381776847,0.12050947641637812,0.12058558697998405,1175100000
2002-07-25,0.11508358269929886,0.125399844467762,0.11088097425348589,0.12501746058839028,1796448000
2002-07-26,0.11240874230861664,0.1211972756243046,0.10927626504919175,0.11844628054163732,1221900000
2002-07-29,0.11554211378097534,0.11768147713054326,0.11179799904089913,0.11707074775355007,1227720000
2002-07-30,0.12394817173480988,0.12975552819975472,0.11462502800161924,0.11500741168000751,1818012000
2002-07-31,0.08459333330392838,0.09215859608631366,0.08360022675504476,0.0903245905031211,4837140000
2002-08-01,0.07649344950914383,0.08528107113247729,0.07641642342226257,0.08528107113247729,1725708000
2002-08-02,0.07144997268915176,0.07947373104697023,0.06953894076212029,0.07893820348078916,1795260000
2002-08-05,0.06571870297193527,0.07053295712255676,0.06487781081470077,0.07037982043840318,1330716000
2002-08-06,0.06915745884180069,0.07175532377252565,0.06770493533876148,0.06877507485582657,1168800000
2002-08-07,0.06755271553993225,0.07290158274908189,0.06495393477969218,0.07221383396652359,892980000
2002-08-08,0.07198458909988403,0.07320694999090875,0.06648257815557372,0.06824047347739169,755424000
2002-08-09,0.07030370086431503,0.07259620059564009,0.06885117083731578,0.07007444679186965,581304000
2002-08-12,0.07030370086431503,0.07297766898726325,0.06770492097165326,0.06953891939027568,592800000
2002-08-13,0.06885118037462234,0.07420096205236676,0.06877506978839651,0.0707622051468524,654420000
2002-08-14,0.0735132172703743,0.07412393985115984,0.06953893268006729,0.0701505707742362,632688000
2002-08-15,0.07863282412290573,0.08016146491125824,0.07549943196127329,0.07626421352820381,1140120000
2002-08-16,0.08168920129537582,0.08444020304765747,0.0721377178550171,0.0744302181765535,1657428000
2002-08-19,0.09666746109724045,0.10278019202791504,0.08505181297368408,0.08520495645908144,2243928000
2002-08-20,0.0923878401517868,0.0993414577717781,0.09116547953146392,0.09743134849779553,1429488000
2002-08-21,0.09727819263935089,0.09850147545003794,0.09208247061092896,0.09659044407292872,1194876000
2002-08-22,0.09399259090423584,0.09819520704784972,0.09338095284170374,0.09437498169455631,1358496000
2002-08-23,0.08780283480882645,0.0919293404714496,0.08726822966446912,0.09131770239330957,919932000
2002-08-26,0.08849060535430908,0.09009535707017972,0.08436409899001587,0.0894837188880369,698568000
2002-08-27,0.08344709128141403,0.09047774275683425,0.0829124792445604,0.09001924131680038,686712000
2002-08-28,0.0782504454255104,0.08314173323126363,0.07794508752531747,0.08298858969224665,700356000
2002-08-29,0.0792444497346878,0.0828354271876821,0.07664566993433164,0.0772573147220718,815520000
2002-08-30,0.07718121260404587,0.08176621240611415,0.07565257188820151,0.07847968371719746,1065888000
2002-09-03,0.07244307547807693,0.07389468339105765,0.07122070800970495,0.07351321493863061,847284000
2002-09-04,0.07198458909988403,0.07458244760284335,0.06885119616613146,0.07267233790585133,930552000
2002-09-05,0.06923355162143707,0.07160216865386751,0.06877505716158924,0.07129680401950353,714312000
2002-09-06,0.07076221704483032,0.07274844405610481,0.06969207742668083,0.07213772140475154,746460000
2002-09-09,0.07068518549203873,0.07290157515677655,0.06808732051586629,0.07022668407402018,578040000
2002-09-10,0.08077219873666763,0.08444020336418964,0.07022668628656559,0.0703037192277662,2317632000
2002-09-11,0.08474642783403397,0.09093617601835934,0.08329389838353869,0.08329389838353869,1657536000
2002-09-12,0.08207157999277115,0.08719119190469607,0.08115457726690184,0.0826832180370573,1294932000
2002-09-13,0.08077219873666763,0.08512795209679068,0.08023758670864048,0.08123070016913163,796872000
2002-09-16,0.07565255463123322,0.07985516270932483,0.07374243909905076,0.07954980494043422,925464000
2002-09-17,0.07450630515813828,0.08092530948978172,0.07404781070489608,0.07901520060909403,884052000
2002-09-18,0.07244307547807693,0.07481168616262791,0.07022667913696583,0.07336007141745798,811692000
2002-09-19,0.0699973925948143,0.07336003026581761,0.0696159175241882,0.07083827747468263,618492000
2002-09-20,0.0703798159956932,0.07198456727793415,0.06885117529406187,0.07053295267018007,687312000
2002-09-23,0.0673234760761261,0.06992134162588157,0.06686497455687494,0.06923358593090924,521676000
2002-09-24,0.06785808503627777,0.07106758868895627,0.06533633021426156,0.06655869114917758,624444000
2002-09-25,0.07160215824842453,0.07297765509245226,0.06900429436359964,0.07183140544503354,896616000
2002-09-26,0.067781962454319,0.07374246720875079,0.06671182292130298,0.07297768556102398,739560000
2002-09-27,0.06541243940591812,0.06938672475548613,0.06533632880114902,0.0676288294085677,650688000
2002-09-30,0.06541243940591812,0.06824047445177678,0.0638076876142869,0.06518319207805255,584124000
2002-10-01,0.06892822682857513,0.06953894955758674,0.06357844357104854,0.06594797041921048,888360000
2002-10-02,0.06885118037462234,0.07297767909617488,0.06885118037462234,0.06946281843662375,749100000
2002-10-03,0.06548947840929031,0.06915748420215422,0.06533634165606421,0.06801123367292027,590568000
2002-10-04,0.06220291927456856,0.06739956415013114,0.06113369537363642,0.06533631141947327,529788000
2002-10-07,0.05914654582738876,0.06258530222564206,0.05868805135099719,0.061362941795288437,493068000
2002-10-08,0.05738865211606026,0.06128590259111066,0.055020038657117167,0.06113368145672117,714252000
2002-10-09,0.05631944164633751,0.06021669986616024,0.05532541281013711,0.05654869233080322,573132000
2002-10-10,0.05922267958521843,0.06105667849369316,0.05578392223756713,0.05578392223756713,538032000
2002-10-11,0.0673234760761261,0.06839270033456785,0.0611337158145223,0.061515191210182917,994140000
2002-10-14,0.06533630192279816,0.06732344378010253,0.06396080485708161,0.06533630192279816,611484000
2002-10-15,0.07213769108057022,0.0751940564252043,0.07114366247929896,0.07259619234113929,852768000
2002-10-16,0.06610016524791718,0.06785805998386131,0.06495391534259871,0.067246421985424,578124000
2002-10-17,0.07114367932081223,0.07450631875579235,0.07007445541250398,0.07183142795837968,585792000
2002-10-18,0.07183144241571426,0.07259622413776357,0.06808732695642461,0.07076221829220596,498372000
2002-10-21,0.07832745462656021,0.08092531210319447,0.06923355285981331,0.07083830399454821,930624000
2002-10-22,0.08092530071735382,0.08558641680534883,0.07465944055259242,0.07473555111549764,1272168000
2002-10-23,0.08421090990304947,0.08535715943978701,0.08100140846730987,0.08214765800404741,925428000
2002-10-24,0.07993222028017044,0.08680972736857615,0.07870893730449036,0.08589272460153827,1055172000
2002-10-25,0.08482256531715393,0.08520495602384236,0.07916742018090256,0.08023755938599862,745956000
2002-10-28,0.08528108894824982,0.08940758785256385,0.08474647696213164,0.08871983917387641,1070544000
2002-10-29,0.08153694868087769,0.08604492147787776,0.07725730758171327,0.08543419909194622,772728000
2002-10-30,0.08589271456003189,0.08864371570734354,0.08382946199150106,0.08413482665109404,1139496000
2002-10-31,0.09093622863292694,0.09154695120795837,0.08627420223433643,0.08650344951624589,1255476000
2002-11-01,0.10774759203195572,0.1090469854206327,0.08940757331426212,0.08956071681411855,2128836000
2002-11-04,0.11951547861099243,0.12616373122036917,0.11393735856494493,0.11424271641099991,2688132000
2002-11-05,0.11477823555469513,0.12119724043642702,0.1096577085562188,0.11921009846895016,2034540000
2002-11-06,0.1236419603228569,0.12379511065450881,0.114013459915021,0.1186754923809822,1646016000
2002-11-07,0.11118637025356293,0.12043248174780037,0.11049861472015024,0.12043248174780037,1660560000
2002-11-08,0.08680972456932068,0.09957070946681694,0.0841348337740888,0.09399258928921186,3798900000
2002-11-11,0.0800844356417656,0.08390557628858011,0.07809820907699214,0.08268321574716941,1378452000
2002-11-12,0.08719120919704437,0.0901714652310897,0.0813077300737504,0.08199548567064716,1381188000
2002-11-13,0.08994218707084656,0.09246394097764152,0.08344707151634946,0.08512793333906804,1802112000
2002-11-14,0.0959027111530304,0.09773670990676911,0.09299948159495784,0.0959027111530304,1138728000
2002-11-15,0.1029333546757698,0.10629599429672287,0.0997238517466994,0.10087010181676892,2054328000
2002-11-18,0.10675451904535294,0.11156877449214968,0.10644824559458566,0.11118639043547655,1982472000
2002-11-19,0.10828221589326859,0.11370810811466972,0.10499660253150762,0.10614285254695642,1971948000
2002-11-20,0.11370809376239777,0.11462509639188805,0.1101162006526468,0.1115687306861167,1292796000
2002-11-21,0.12333658337593079,0.12899173501575056,0.11806382925276603,0.11829307646151789,2053920000
2002-11-22,0.12012708187103271,0.12257273160356567,0.11462508052030305,0.11584744079783947,1251900000
2002-11-25,0.12448281794786453,0.1275391828483534,0.12081482206071303,0.12570517807259127,1230084000
2002-11-26,0.12112024426460266,0.1275392507319556,0.12073877576874925,0.12509452918128303,1084332000
2002-11-27,0.13051952421665192,0.13265980366926042,0.1246360376737418,0.12624079633859825,1088556000
2002-11-29,0.13090188801288605,0.13586928630109868,0.1299087745606195,0.13395825447805848,519396000
2002-12-02,0.1299087554216385,0.13961338775663737,0.12929712421196524,0.13785549289588706,1167504000
2002-12-03,0.12134946137666702,0.12776846624701993,0.12112021413080655,0.12746310842361622,1046220000
2002-12-04,0.10683058947324753,0.11462509828850886,0.1064482055603855,0.11279109983137058,2206548000
2002-12-05,0.10782373696565628,0.11447199800425162,0.10522587170594515,0.11370813178459308,1594872000
2002-12-06,0.10797684639692307,0.11004009906572787,0.10148173054826366,0.10316259244710808,1159224000
2002-12-09,0.09934144467115402,0.1061428402205592,0.09850147495461103,0.10446197844206331,969792000
2002-12-10,0.10767149925231934,0.1096577260229379,0.1005647446676064,0.10186321592549932,1389888000
2002-12-11,0.10705982893705368,0.11004007687712901,0.10331571512437156,0.10690668545797885,1364208000
2002-12-12,0.10530194640159607,0.11233259590947155,0.10507269916182956,0.11103320254982815,1302552000
2002-12-13,0.1011754646897316,0.10339185420053476,0.10041159860649639,0.10339185420053476,707724000
2002-12-16,0.10713595151901245,0.10774758949424094,0.1020163333529348,0.10469122381232103,1056972000
2002-12-17,0.1069837361574173,0.11271498577667315,0.10614284406500762,0.10904698875322479,1077744000
2002-12-18,0.09880683571100235,0.10377423296271443,0.09857758846059875,0.10362108945917396,1126836000
2002-12-19,0.09666746109724045,0.10216946960916938,0.09567343245671259,0.09704893629274174,1100604000
2002-12-20,0.09796594828367233,0.10079397547904144,0.09315168781007757,0.09972383616543046,804576000
2002-12-23,0.09865370392799377,0.10102322997049532,0.0974313433719787,0.09773670121656453,498648000
2002-12-24,0.09666746109724045,0.10117544096864152,0.09613193373538897,0.09918921471386673,300336000
2002-12-26,0.09490957856178284,0.09972383200220611,0.09406868652859665,0.09827221751696123,719760000
2002-12-27,0.09131769835948944,0.097736703847936,0.09047772855375155,0.09750745658000103,702528000
2002-12-30,0.08810818940401077,0.09269319592918712,0.08604493680929085,0.09170008267820762,784740000
2002-12-31,0.08795595914125443,0.09017143266567833,0.08551031604343699,0.08719117770795204,825396000
2003-01-02,0.09406869858503342,0.09513883799112453,0.0885666959000035,0.09170008802102805,1302540000
2003-01-03,0.09406869858503342,0.09743134480337771,0.09246394723255062,0.09437497877960195,1037496000
2003-01-06,0.10171099007129669,0.10323870854175851,0.09628509096961223,0.09636120838810464,1033428000
2003-01-07,0.10140471160411835,0.10606674471823581,0.100258461558876,0.10369721169460308,1498272000
2003-01-08,0.09131769835948944,0.10171098815853302,0.09062994972349558,0.09880684326711674,1852524000
2003-01-09,0.09292244166135788,0.09513883089209965,0.09200543900488108,0.09414571765736099,1436076000
2003-01-10,0.0945272147655487,0.09590271906852436,0.090477741630325,0.09170010239591521,924492000
2003-01-13,0.09376335144042969,0.09895999686966131,0.09330485002563435,0.09811910463270085,849120000
2003-01-14,0.09445108473300934,0.09536808741295388,0.09162397294515455,0.09406869397324674,868524000
2003-01-15,0.0915469378232956,0.0952919745467034,0.0915469378232956,0.0945271930455252,904584000
2003-01-16,0.0853571966290474,0.09131770091632528,0.08413483600589733,0.09017145088017828,2039976000
2003-01-17,0.08214768767356873,0.08421094031776179,0.0810784638174446,0.08306468353484114,1058832000
2003-01-21,0.0800844356417656,0.08543421701640032,0.07985518155055296,0.08367632902955616,967356000
2003-01-22,0.08016148954629898,0.08222474292204579,0.07962596191508219,0.0798552092536358,550992000
2003-01-23,0.08237692713737488,0.08367632047330273,0.08016145354011889,0.08230081656324396,918456000
2003-01-24,0.07771579921245575,0.08207155755331846,0.07634030233191974,0.08168916687895589,897108000
2003-01-27,0.0765695720911026,0.08000832896983369,0.07465946284708493,0.07603496013282615,889116000
2003-01-28,0.07932054251432419,0.08077215665092641,0.07305468292575222,0.07557642924208183,1785480000
2003-01-29,0.08092530071735382,0.0815369454241336,0.07718119393300116,0.07718119393300116,1022040000
2003-01-30,0.07763970643281937,0.08321782629241894,0.07679882116046251,0.08253007769462035,743064000
2003-01-31,0.07886209338903427,0.0810014571270518,0.07465947651256336,0.07534722528131774,949656000
2003-02-03,0.08039071410894394,0.08191843245862042,0.07870892990779117,0.0803136811832058,755556000
2003-02-04,0.07679883390665054,0.08023758429855639,0.07565258377601526,0.07985519347314139,627720000
2003-02-05,0.0774865597486496,0.08061995132921534,0.07718120195224688,0.07847967288619614,581508000
2003-02-06,0.07809821516275406,0.08298858005494793,0.07679882842489247,0.08283544336590441,1226184000
2003-02-07,0.07458244264125824,0.08000834262092907,0.07443022144402005,0.07962595176867483,915156000
2003-02-10,0.07549944519996643,0.07603497276050994,0.07129682839477239,0.07450633170411294,982632000
2003-02-11,0.07412394881248474,0.07832748119505342,0.07374247346964956,0.07611108451568654,850716000
2003-02-12,0.07450630515813828,0.0772573128707178,0.07351319884831044,0.0741239212760518,641400000
2003-02-13,0.07542332261800766,0.07618718185200474,0.073742460632129,0.07580571340776807,889164000
2003-02-14,0.0920054242014885,0.09208245711278377,0.08367631155162937,0.08573956378063699,3548844000
2003-02-18,0.09727819263935089,0.09911219792606103,0.09437497038712839,0.0955212202752281,1740516000
2003-02-19,0.09819523990154266,0.09880687816871377,0.09559737429079601,0.0966675140879827,1141212000
2003-02-20,0.09819523990154266,0.1011754964305483,0.09781376449692598,0.09857763081980164,978132000
2003-02-21,0.09827222675085068,0.09850148084032903,0.09475644397157021,0.09811909007489872,913260000
2003-02-24,0.09949459880590439,0.10308649258251502,0.0968967407647562,0.09743135275477773,1137012000
2003-02-25,0.09888296574354172,0.09934146716673946,0.09475645976695174,0.09628510073802399,1239204000
2003-02-26,0.09406869858503342,0.09918923283705035,0.09383945131990254,0.09758448148456754,746892000
2003-02-27,0.09605585038661957,0.09651435179523066,0.09345798546374977,0.09498571087279026,675312000
2003-02-28,0.09643825888633728,0.09666750621658234,0.09032460958899012,0.09307561171288485,1653336000
2003-03-03,0.09483345597982407,0.099341428694136,0.09361017337202944,0.09758445662142282,702036000
2003-03-04,0.09406869858503342,0.0960558407160258,0.09315169586013215,0.09513883799112453,538392000
2003-03-05,0.09559733420610428,0.09613194612370961,0.09292244359156077,0.09315169084434775,522156000
2003-03-06,0.09399259090423584,0.09575048582439333,0.09361020011391538,0.09483348307116865,548064000
2003-03-07,0.09544418752193451,0.09575046766788528,0.09170007346490379,0.09254095864019621,581148000
2003-03-10,0.09277021139860153,0.09490957432784426,0.09261707474387013,0.0944510730446119,344796000
2003-03-11,0.09345796704292297,0.09498569215084457,0.09238782774002112,0.09345796704292297,417144000
2003-03-12,0.09605585038661957,0.09628509767483033,0.09338095935874625,0.09422185158436479,493920000
2003-03-13,0.10560823231935501,0.10621895481540886,0.09842444575561947,0.09888294709233514,1362732000
2003-03-14,0.10255095362663269,0.10698373911779333,0.10178709443807607,0.10598971032552944,1094220000
2003-03-17,0.10851148515939713,0.11057473833831409,0.10064087014042114,0.10087011745710507,1307808000
2003-03-18,0.10767149925231934,0.10935236131816486,0.10545510968554027,0.1081300006500733,932280000
2003-03-19,0.1082061231136322,0.1089699824677902,0.10438498165150452,0.10790075837535065,712992000
2003-03-20,0.10919921845197678,0.1114917184789585,0.10537899313849523,0.10820610512280979,780060000
2003-03-21,0.1082061231136322,0.11332573597613765,0.10331575755906497,0.11294426747189307,1681800000
2003-03-24,0.10415571182966232,0.1069837462039041,0.10316259848489938,0.10377424338285174,839016000
2003-03-25,0.10713595151901245,0.10874070269200313,0.10407958583709252,0.10446197657283154,672828000
2003-03-26,0.11011620610952377,0.11195021145938962,0.10866459834951918,0.10950548361246988,1107840000
2003-03-27,0.1069837361574173,0.11095709784449562,0.10667745598053245,0.10866459799679329,1392732000
2003-03-28,0.10262800753116608,0.1073652366326072,0.10094622967627893,0.10698376810769498,1290684000
2003-03-31,0.09842444211244583,0.1007169487111672,0.09796594762488978,0.09949458141886054,680508000
2003-04-01,0.10132859647274017,0.10239873588238842,0.09827223043880508,0.10048770432898484,533808000
2003-04-02,0.10507271438837051,0.1068306024822901,0.10339185239433958,0.10476734969664414,771900000
2003-04-03,0.1064482182264328,0.1069837457029947,0.10423273744166822,0.1069837457029947,702780000
2003-04-04,0.10232170671224594,0.10690670654993126,0.10186320536203967,0.10675448538611425,513840000
2003-04-07,0.10339184105396271,0.11004009322767257,0.10239872782001216,0.10919920798231332,671256000
2003-04-08,0.10239869356155396,0.10484341370723681,0.10171094521592909,0.1043088088122063,475032000
2003-04-09,0.10186319053173065,0.1055311939671658,0.10171096939007558,0.10278019309863635,694260000
2003-04-10,0.10239869356155396,0.10339180646324911,0.1014046651469264,0.10323866301265473,364104000
2003-04-11,0.10125251114368439,0.10438498854313884,0.10025848207029223,0.10354501170318113,374184000
2003-04-14,0.10300944000482559,0.10331572014567357,0.09941846266450396,0.0997238272922048,445776000
2003-04-15,0.10247486084699631,0.10377425453707173,0.09979996970416058,0.10232172414380761,490212000
2003-04-16,0.10247486084699631,0.10507272588151807,0.1016339685852376,0.10484347175126478,671988000
2003-04-17,0.10430885851383209,0.1045381057942113,0.10109935559538737,0.10323871220437165,520740000
2003-04-21,0.1069837361574173,0.1072890939888588,0.10346795346087378,0.10446198222563163,597144000
2003-04-22,0.10835923254489899,0.10843534312389198,0.10469122871594523,0.10644820795427512,787392000
2003-04-23,0.11080397665500641,0.11149172533897991,0.1073652195707601,0.1082061117806693,606204000
2003-04-24,0.10751833766698837,0.11088097653354874,0.10606672321999891,0.11088097653354874,660912000
2003-04-25,0.10354498028755188,0.1087407093470413,0.10255095151574883,0.10690670399013012,884652000
2003-04-28,0.10667745023965836,0.10858848157352989,0.10354497398137623,0.10476733441899241,674988000
2003-04-29,0.10996400564908981,0.11149173110864911,0.10828222797442927,0.10912312022785443,670344000
2003-04-30,0.10950548946857452,0.11233260822435488,0.10889385142555379,0.10935235278753985,466620000
2003-05-01,0.11019323766231537,0.11126246148351861,0.1081299850855082,0.10874070757495559,733368000
2003-05-02,0.12150263786315918,0.12226650409299046,0.11103324188857008,0.11164488008123928,1691088000
2003-05-05,0.12448281794786453,0.13021407945602792,0.12043242459055477,0.12264882683647513,1576164000
2003-05-06,0.12463599443435669,0.12784549698623,0.12264886606252744,0.12387122657819444,1143864000
2003-05-07,0.12264885008335114,0.12570520189876852,0.12050948716524827,0.12280198673728515,897372000
2003-05-08,0.12272495031356812,0.1276162223533963,0.11959247452730722,0.12112019254972581,1957452000
2003-05-09,0.16330228745937347,0.1645255636948843,0.1398426523730627,0.1438930477097931,9230856000
2003-05-12,0.15871722996234894,0.16735262271458778,0.15741874544888457,0.16368461268737106,3007860000
2003-05-13,0.155737042427063,0.15818267956187151,0.1523753179032768,0.15329230714135908,1824108000
2003-05-14,0.15558478236198425,0.15818264004516086,0.1535976403426387,0.1562725241187364,965580000
2003-05-15,0.16093365848064423,0.161239016332322,0.1570364002826505,0.1578772924307866,1105656000
2003-05-16,0.1624622642993927,0.16528938259264225,0.1587172415834157,0.15894648881080833,1028916000
2003-05-19,0.15329225361347198,0.16185062099097156,0.1513812360280688,0.16032198729240693,1220484000
2003-05-20,0.15436148643493652,0.15550773631419978,0.15283376815952382,0.15352152355283233,884124000
2003-05-21,0.15978744626045227,0.1598635568630382,0.15359768659934436,0.15443857894629828,905472000
2003-05-22,0.16032201051712036,0.16177453385400015,0.15627253122780396,0.16001665267131365,888816000
2003-05-23,0.15948201715946198,0.16353149602375128,0.15879427544360775,0.16047513035344915,867612000
2003-05-27,0.17361849546432495,0.17423012654972336,0.15474386707079046,0.15780023246466915,1677408000
2003-05-28,0.17316000163555145,0.17499400685853111,0.16888127556697924,0.17308389106102348,1235556000
2003-05-29,0.18500496447086334,0.19088936616317764,0.17270156950953133,0.1730839535466059,2297736000
2003-05-30,0.19998230040073395,0.20349809023301121,0.1975375791828666,0.20250406138243118,2142312000
2003-06-02,0.18890216946601868,0.20540819037626637,0.1876798089519726,0.20517892945799743,1566144000
2003-06-03,0.192799374461174,0.19853062255549098,0.18447025571456338,0.18676275495229017,1596804000
2003-06-04,0.19738443195819855,0.19753756863559166,0.18920753188513575,0.192187787251081,1175604000
2003-06-05,0.20303955674171448,0.20372731213551232,0.19218777358048797,0.19478656033802252,1204404000
2003-06-06,0.1968497931957245,0.21205641160222644,0.19532114589429395,0.21098627240566223,1378836000
2003-06-09,0.1944802701473236,0.20067002759674046,0.19150001504230332,0.19562652000858125,720588000
2003-06-10,0.19730828702449799,0.19746050816210417,0.19234089044165822,0.19448025331502544,563304000
2003-06-11,0.19746053218841553,0.1992184269185362,0.1925701610924611,0.1960850350394654,943836000
2003-06-12,0.1944802701473236,0.2009763009247121,0.19386955451779012,0.19883602235297781,1046688000
2003-06-13,0.17934980988502502,0.19142395659256314,0.17805133851940655,0.18607508973311537,1826808000
2003-06-16,0.18317091464996338,0.18546341445321984,0.16949201274411899,0.18149004601098678,1904868000
2003-06-17,0.18752670288085938,0.18874906359438307,0.18187154920464277,0.18737356618218673,999852000
2003-06-18,0.19470952451229095,0.198454561225465,0.18416401447129635,0.18569266195623466,1122072000
2003-06-19,0.18286558985710144,0.196543579742556,0.18187156085777748,0.19555046625670297,1190532000
2003-06-20,0.18095450103282928,0.18492878475269098,0.1780512857506421,0.18485175866594913,937848000
2003-06-23,0.17453554272651672,0.18171933061626305,0.17094457112725864,0.18080232777356786,734784000
2003-06-24,0.17415401339530945,0.17728648931092655,0.16857498584567976,0.17346625808749402,1008816000
2003-06-25,0.17530031502246857,0.1817193209142438,0.1739248176640535,0.1746125731754504,1060620000
2003-06-26,0.1755295693874359,0.17789819388919445,0.17033292395170568,0.1758349409361301,960540000
2003-06-27,0.17239612340927124,0.17919752510437306,0.17155524509656783,0.1775927672324533,709104000
2003-06-30,0.17507104575634003,0.17812741162575266,0.17270151979870088,0.17468866182933177,544128000
2003-07-01,0.18225392699241638,0.18248317425873015,0.17124990790120037,0.17285466609415226,977016000
2003-07-02,0.18171930313110352,0.1863043166510933,0.1791975559433922,0.18393477696341676,846828000
2003-07-03,0.1796560436487198,0.18431716757411587,0.17713429655666016,0.17751576496650812,420912000
2003-07-07,0.1914239376783371,0.19241705104791082,0.18202468991816126,0.18210080050675667,832200000
2003-07-08,0.18928460776805878,0.19180636927840933,0.1856927202610509,0.1861512149005432,602856000
2003-07-09,0.1936403065919876,0.19677278305773024,0.18890217016541708,0.1892075280006492,755352000
2003-07-10,0.18569272756576538,0.1900484814698112,0.18240711336485463,0.18760284412970946,644568000
2003-07-11,0.18668583035469055,0.189055356952701,0.18508107181737737,0.1879091067107833,495000000
2003-07-14,0.1852341890335083,0.19257018380264174,0.18431718627127205,0.191423933765941,694344000
2003-07-15,0.17919756472110748,0.18882607308815744,0.17743966980920992,0.18798518092517577,1143456000
2003-07-16,0.17698121070861816,0.18340021757210073,0.1727015676284581,0.18255932524072474,880476000
2003-07-17,0.16811653971672058,0.17384780417740364,0.16582403939819923,0.17163232996750297,853764000
2003-07-18,0.1624622642993927,0.1653654931640541,0.15642472831636325,0.16483087447348155,1280832000
2003-07-21,0.16001664102077484,0.16391388519570757,0.15619549375905123,0.16337928012614505,985140000
2003-07-22,0.16269153356552124,0.1657478995001889,0.1617745308673551,0.1645255389618535,582444000
2003-07-23,0.16483090817928314,0.1658240215277198,0.15764805010364555,0.16253840810781936,605328000
2003-07-24,0.1584118753671646,0.16903349539420107,0.1570363782928742,0.16781113498096362,1116828000
2003-07-25,0.16093365848064423,0.16185064754899303,0.15283378423297905,0.15871726906560713,1002084000
2003-07-28,0.15596629679203033,0.16261455105515626,0.15527854116797624,0.16223308253102217,703752000
2003-07-29,0.1457269936800003,0.15405611350165221,0.14030110263555604,0.141829749938596,2794788000
2003-07-30,0.14412230253219604,0.14687329751959488,0.14320529964826972,0.14519152661040238,788724000
2003-07-31,0.14587922394275665,0.14962426044454383,0.1443515057216648,0.14748398191529094,897600000
2003-08-01,0.15069346129894257,0.15191673703864528,0.14450370491288272,0.1459562415169525,767556000
2003-08-04,0.15634867548942566,0.15909968422729726,0.14962431085385644,0.1505413137664803,1428852000
2003-08-05,0.1558901071548462,0.16406700523822657,0.15459072083201922,0.16039899532209834,1063488000
2003-08-06,0.1495472937822342,0.15589019029018036,0.14580317130585307,0.15382693702813074,1025868000
2003-08-07,0.14748403429985046,0.15130518273274352,0.14549780723924652,0.14916581895680098,1040340000
2003-08-08,0.11844625324010849,0.1270046217567928,0.11661224783147636,0.12647000299021358,3767580000
2003-08-11,0.12486522644758224,0.12646997051984435,0.11959247249979434,0.12035632466586658,1675752000
2003-08-12,0.12738700211048126,0.12769235994410713,0.12440674682139824,0.12646999943196519,764160000
2003-08-13,0.12822696566581726,0.13029021806672608,0.12471210564673732,0.12792160786322043,693552000
2003-08-14,0.12379512190818787,0.12578226403926557,0.12241961098858804,0.12394825858938428,1527696000
2003-08-15,0.12341274321079254,0.1241775248850493,0.12226649304504539,0.12303127471930214,217716000
2003-08-18,0.12708070874214172,0.12708070874214172,0.12318345138855204,0.12539984032337254,717684000
2003-08-19,0.13678619265556335,0.13755005827068303,0.12983165685581338,0.12990868290984417,1403976000
2003-08-20,0.13487525284290314,0.13739700036829045,0.13189499707193134,0.13487525284290314,870348000
2003-08-21,0.13854314386844635,0.13984254334845722,0.13602139828369308,0.13816167568661086,644748000
2003-08-22,0.13953723013401031,0.14885944805246465,0.1394601903985784,0.1468732221101247,1002396000
2003-08-25,0.13877253234386444,0.14221128321401788,0.13755017144995108,0.14221128321401788,434028000
2003-08-26,0.13655704259872437,0.1390787902217454,0.1328120050407628,0.137015537197681,768984000
2003-08-27,0.14068351686000824,0.14213512458861777,0.13602147749312166,0.13747401439934595,567816000
2003-08-28,0.13701550662517548,0.14282288039794727,0.13541076222251683,0.14205901441023078,828312000
2003-08-29,0.13884954154491425,0.1394602573285017,0.13625075417450339,0.1367862885413168,532884000
2003-09-02,0.13762624561786652,0.1425175189256714,0.13693849016016355,0.1412942428420677,711456000
2003-09-03,0.13495227694511414,0.1400718961766563,0.13426453508351696,0.1396895121935259,849972000
2003-09-04,0.13625068962574005,0.13946019125923698,0.13449372452411396,0.1354868375014128,740064000
2003-09-05,0.14274674654006958,0.1459562484863495,0.13487520597408142,0.13647996377940866,1198740000
2003-09-08,0.14931802451610565,0.15099979533249347,0.1432814023387519,0.14503929741245905,1508712000
2003-09-09,0.158487930893898,0.16406697066917833,0.14320520624381897,0.14519143191045183,2489436000
2003-09-10,0.14763712882995605,0.15810652842895687,0.14641476833267444,0.15398002325798932,1380624000
2003-09-11,0.1457269936800003,0.15398000293253303,0.13984260819458202,0.14962425108577967,2612736000
2003-09-12,0.1478663831949234,0.15107588585294013,0.14289899936113737,0.14450374385795697,1162404000
2003-09-15,0.14542070031166077,0.14985347762901427,0.14488609537533403,0.14908869632645647,596028000
2003-09-16,0.14992962777614594,0.15038813593929648,0.14572701205096095,0.14572701205096095,620736000
2003-09-17,0.15168754756450653,0.15459077718702324,0.14962429465063326,0.15084665534246708,902784000
2003-09-18,0.15283378958702087,0.15290990017427772,0.14916579219199566,0.1508466473694578,603492000
2003-09-19,0.15161055326461792,0.15558483874352874,0.15023505558827754,0.15459080961700702,648096000
2003-09-22,0.1456499546766281,0.14893648254726047,0.14442759444913875,0.14863020927169543,735504000
2003-09-23,0.14702552556991577,0.14786641789591423,0.1439691725379676,0.14587927532765138,628932000
2003-09-24,0.13586923480033875,0.14519146736560196,0.13563998758899562,0.1438929965123449,1600668000
2003-09-25,0.13395823538303375,0.1393841274942917,0.13334751968374528,0.136938490828454,736776000
2003-09-26,0.12883861362934113,0.13395823225822123,0.12708073246556845,0.13357676383339173,895908000
2003-09-29,0.1218850240111351,0.12669927195297254,0.11997399217963578,0.12234351860964161,1944996000
2003-09-30,0.12203721702098846,0.12616372211217855,0.12035634839033053,0.12081485654733866,1020888000
2003-10-01,0.12303125113248825,0.1244828589158238,0.12196111176751027,0.12226646960485082,877224000
2003-10-02,0.1249414011836052,0.1266992827971988,0.12188503444330856,0.12226650296575131,857628000
2003-10-03,0.12822696566581726,0.13143646788230037,0.12616371326490844,0.12838010232369987,862812000
2003-10-06,0.12723390758037567,0.12975565553328378,0.1261637678739565,0.12845626849739689,377028000
2003-10-07,0.1283801645040512,0.1283801645040512,0.12547601868355507,0.12723391413329574,510588000
2003-10-08,0.12387121468782425,0.1295263532414601,0.1231073487538723,0.12838010341613199,739440000
2003-10-09,0.12562909722328186,0.13051946805592557,0.12463598404459747,0.1257052077972478,852408000
2003-10-10,0.12784549593925476,0.1287624986129056,0.12608761483601733,0.12761624868693627,413976000
2003-10-13,0.12914401292800903,0.13181889737264557,0.12830403613761338,0.12929714963886868,434904000
2003-10-14,0.1315135359764099,0.13189500447321406,0.12700464584622204,0.12776849835329118,623556000
2003-10-15,0.1298317313194275,0.13548688442047155,0.12899176834568926,0.13304123406437404,703488000
2003-10-16,0.13143648207187653,0.13189497658185398,0.12799773225391428,0.1299848606326161,446088000
2003-10-17,0.12730996310710907,0.13319434884409376,0.127157741962363,0.13067260198217806,459696000
2003-10-20,0.1301380693912506,0.13029029062073139,0.12662227823680822,0.12738706010330822,467388000
2003-10-21,0.1341114193201065,0.13663318112297546,0.13067266813188436,0.13250667423135587,758724000
2003-10-22,0.13181886076927185,0.13510447378241028,0.13113111903160277,0.13204810801516154,620952000
2003-10-23,0.13120724260807037,0.1337289898914438,0.12967951049751825,0.12990875776611985,451524000
2003-10-24,0.13074876368045807,0.13189501394448347,0.12868551047233615,0.12990878685202223,447084000
2003-10-27,0.13143648207187653,0.1329651159406009,0.1305194793875445,0.13143648207187653,254460000
2003-10-28,0.13968950510025024,0.14045427302767693,0.13258274390729957,0.13319437514657104,956064000
2003-10-29,0.13968950510025024,0.14137127579428785,0.13548688889528746,0.13556299948269038,494004000
2003-10-30,0.13709162175655365,0.1433574902340762,0.13686237450061403,0.14328137965318669,581256000
2003-10-31,0.1351044774055481,0.1394602298517682,0.13296511422886279,0.13831397992720382,598152000
2003-11-03,0.13762624561786652,0.14022501895249848,0.1338060135618631,0.13441674292254885,773724000
2003-11-04,0.13808472454547882,0.14098886906452257,0.1371677219269401,0.14060647149817818,700896000
2003-11-05,0.1386202871799469,0.1399957845574202,0.13304124423719782,0.1352576338304041,882024000
2003-11-06,0.13884954154491425,0.1413712891429202,0.13632778028252868,0.14068354725130747,1175280000
2003-11-07,0.16620640456676483,0.16857501501732594,0.16200378875424057,0.1655186491399344,4292820000
2003-11-10,0.16574791073799133,0.16903352415387263,0.16475479739076948,0.16674102408521316,1210056000
2003-11-11,0.16162140667438507,0.1648309095336822,0.15871727534322166,0.16200380430347142,799140000
2003-11-12,0.16376076638698578,0.16429630069256132,0.16032201632900123,0.1610867979055668,617664000
2003-11-13,0.16383777558803558,0.16613028905462104,0.16284374684300373,0.1637607494967626,580332000
2003-11-14,0.15413224697113037,0.16429628890869102,0.15367375246203507,0.16429628890869102,888420000
2003-11-17,0.15252746641635895,0.1543614576829477,0.14977645901991501,0.15122899562578201,599880000
2003-11-18,0.15031202137470245,0.15818263387449988,0.149776487133794,0.1562725180225885,991428000
2003-11-19,0.15451468527317047,0.15512631661752863,0.15084667357651205,0.15138129247126447,567552000
2003-11-20,0.15038813650608063,0.1554316306691071,0.14977649166995202,0.1520689915012144,738852000
2003-11-21,0.1509997695684433,0.15245139099587823,0.14809563852906765,0.15222213007838004,543240000
2003-11-24,0.16009274125099182,0.16047512514066808,0.15138123715147533,0.15245137639904133,940644000
2003-11-25,0.162843719124794,0.16421922970349007,0.15894647559015343,0.16078046692112427,822804000
2003-11-26,0.16299691796302795,0.16605327047507396,0.15994055178660355,0.16551866533417053,430032000
2003-11-28,0.16223300993442535,0.16337925968533365,0.16085751296621037,0.1629207652507203,206136000
2003-12-01,0.16452555358409882,0.16574791423107177,0.16215602736527687,0.1640670590264556,526980000
2003-12-02,0.16383777558803558,0.1671994992000758,0.16284374684300373,0.16353150224941704,574740000
2003-12-03,0.16215603053569794,0.16964517594539955,0.16177454840806638,0.1642963095175443,710028000
2003-12-04,0.16131603717803955,0.16559476367299317,0.15749488968904674,0.1626915344001566,521952000
2003-12-05,0.15611936151981354,0.16200376050772222,0.1548199751373828,0.15749485846926958,559848000
2003-12-08,0.15726564824581146,0.15887040645128034,0.1547439009679351,0.15611939824092422,340980000
2003-12-09,0.1490887850522995,0.15848804836840077,0.14901267444838728,0.15696032954448727,598128000
2003-12-10,0.152375265955925,0.15321522879548596,0.14901261340065958,0.14908872397339068,568656000
2003-12-11,0.16009274125099182,0.16200377251495246,0.15199286827232295,0.1522982260761607,694872000
2003-12-12,0.15925277769565582,0.163302256757643,0.15665400452689054,0.16223303293631697,700692000
2003-12-15,0.15604329109191895,0.16414316555378639,0.1555847965456196,0.16391390461625852,622752000
2003-12-16,0.15818263590335846,0.15917574913039972,0.15237527584759897,0.15512627013133035,601728000
2003-12-17,0.15512622892856598,0.1574187281108949,0.15252745649043323,0.1568832076697328,499116000
2003-12-18,0.15864108502864838,0.1602458426222201,0.1552784468810945,0.15543158350587766,436728000
2003-12-19,0.1610097885131836,0.16506018388291055,0.15925280893341548,0.16261453324100472,916956000
2003-12-22,0.16123904287815094,0.16162142689068915,0.15703642613657542,0.15864117093476318,371184000
2003-12-23,0.16781117022037506,0.16941592853101745,0.16055127209959427,0.16062829820288946,722760000
2003-12-24,0.16658881306648254,0.16826968200251705,0.1661303184905527,0.16773506317068615,210852000
2003-12-26,0.1737716645002365,0.1747647777894938,0.16719950887434618,0.16788726432055345,363960000
2003-12-29,0.18110768496990204,0.18171931621143717,0.17621731325578732,0.17705728992475464,756624000
2003-12-30,0.18149003386497498,0.18492878333972532,0.17904439755601065,0.1791975342151414,550884000
2003-12-31,0.1772865206003189,0.1822539179503314,0.1743832913867896,0.18141302584675117,497268000
2004-01-02,0.17636950314044952,0.18255926049153778,0.17636950314044952,0.1801145396570777,436416000
2004-01-05,0.1821008026599884,0.18332407883654028,0.1774396781113865,0.17904443641316847,575292000
2004-01-06,0.18951381742954254,0.19203556459259236,0.1807252725642055,0.18156616467777387,1093344000
2004-01-07,0.19119466841220856,0.19211167108773353,0.18607504994916696,0.1873735347015416,673032000
2004-01-08,0.1918824017047882,0.19448025909442618,0.19004839656525757,0.19356325652466083,433752000
2004-01-09,0.19463343918323517,0.19700206353947264,0.18905532561316693,0.19058305778305423,766584000
2004-01-12,0.1968497931957245,0.19746050877429386,0.19348714080357873,0.19532114589429395,541980000
2004-01-13,0.18668583035469055,0.1977668642570277,0.18462257718636257,0.19585583229003203,865800000
2004-01-14,0.18531030416488647,0.19027768839539302,0.18355332469771266,0.1876028042945066,544872000
2004-01-15,0.1856166124343872,0.18714433124423496,0.18064921360586608,0.18393482772665626,609204000
2004-01-16,0.1884436309337616,0.19004837500047914,0.1857687340990509,0.1875266284680485,451728000
2004-01-20,0.1937163919210434,0.194021749694932,0.1885967744428555,0.190736137214989,487764000
2004-01-21,0.1847756803035736,0.1928755547892499,0.18447032244292308,0.19211168871657405,494460000
2004-01-22,0.18049602210521698,0.18874903254973305,0.17828054833386428,0.18576877725983815,605724000
2004-01-23,0.1764465868473053,0.18317096510429817,0.17606420282514829,0.17957906407627053,482472000
2004-01-26,0.18340016901493073,0.18416402136499682,0.1762172978365056,0.17759279503896536,393684000
2004-01-27,0.1729307621717453,0.18263629561979583,0.1715552650248721,0.17973215099253903,934104000
2004-01-28,0.17247231304645538,0.17789822024191407,0.17155532374426027,0.17514721134218475,615204000
2004-01-29,0.16742873191833496,0.17384773574936885,0.16162135914830836,0.17300775932832732,929700000
2004-01-30,0.17002752423286438,0.17384775580131354,0.16605324049004155,0.1670472691823413,466464000
2004-02-02,0.17277856171131134,0.17614028572216625,0.16964516946165317,0.17140306439968067,560844000
2004-02-03,0.17216691374778748,0.17530030594170742,0.16987441371439033,0.1723200504325399,418032000
2004-02-04,0.16750581562519073,0.1710967871153247,0.16727656833757829,0.1697212897252709,436800000
2004-02-05,0.17002752423286438,0.17193764001708894,0.16735264065590022,0.1684227799221987,331980000
2004-02-06,0.17392480373382568,0.17636952486947963,0.1713260167400711,0.17224301946036152,471132000
2004-02-09,0.17270149290561676,0.17805127331950343,0.17262538233737165,0.17522323963076347,373992000
2004-02-10,0.1790444552898407,0.1791975919983512,0.173160053944294,0.1732370800552848,509700000
2004-02-11,0.18531030416488647,0.18592193541623905,0.18072529024126757,0.18133693515699878,737808000
2004-02-12,0.17973218858242035,0.18531031624324665,0.17690508311945316,0.18431720280488634,974892000
2004-02-13,0.17805129289627075,0.18255926632514402,0.173466279713188,0.174994011653528,1747500000
2004-02-17,0.18003754317760468,0.180573063824514,0.17629342155843095,0.1787390583082762,575976000
2004-02-18,0.18003754317760468,0.1814900665826329,0.17881516889497429,0.180573063824514,320244000
2004-02-19,0.1799613982439041,0.18546340007814038,0.17957900069233712,0.18225389786947124,631032000
2004-02-20,0.1844702959060669,0.18492879038775753,0.1786620068095876,0.17965603552643405,618120000
2004-02-23,0.17805129289627075,0.1844702976882102,0.17560564280609461,0.18416401069094068,853332000
2004-02-24,0.17094460129737854,0.17721047193687178,0.1690335691675657,0.17499408186486934,708384000
2004-02-25,0.17193768918514252,0.17522330298441702,0.17010368345045634,0.17201379978090614,652512000
2004-02-26,0.17308391630649567,0.17476478511239107,0.1709445529601688,0.1744594135921681,344976000
2004-02-27,0.17002752423286438,0.1736185085661293,0.16742875122989892,0.17346627375375592,595548000
2004-03-01,0.1725492626428604,0.1728546204128092,0.16933976076952906,0.16956900797525826,506628000
2004-03-02,0.16933979094028473,0.17400090110704086,0.16865203553618766,0.17277854063201686,813348000
2004-03-03,0.16712336242198944,0.16888125687588448,0.16437236855636486,0.16888125687588448,552492000
2004-03-04,0.17079143226146698,0.1710967901458931,0.16742879248598688,0.1688042899004043,413352000
2004-03-05,0.16956909000873566,0.1734663353846489,0.16635958658272318,0.16697030241807043,354888000
2004-03-08,0.1636846661567688,0.17193767774956897,0.16238527937012992,0.16964517756587535,465168000
2004-03-09,0.16253842413425446,0.16521332209540981,0.15978742924299866,0.16506018539301517,371232000
2004-03-10,0.16016975045204163,0.1653654784572987,0.15902350075264468,0.16360849955023246,481692000
2004-03-11,0.15894654393196106,0.1636846814364369,0.15802954104000727,0.15802954104000727,526872000
2004-03-12,0.16230912506580353,0.16429626683811854,0.15932887016390224,0.1610867647124653,377952000
2004-03-15,0.15864108502864838,0.16200373684057495,0.15764798574998415,0.16131598163413385,421224000
2004-03-16,0.16544252634048462,0.16620639229119366,0.15955812676119513,0.16062826603699437,597504000
2004-03-17,0.1694919764995575,0.1710967205529241,0.167428724384962,0.16811646598024466,524592000
2004-03-18,0.17140306532382965,0.1734663044702108,0.16811652270459676,0.16857503092053128,528048000
2004-03-19,0.1694159060716629,0.17224301101306547,0.16842279281651928,0.17048604541989043,452964000
2004-03-22,0.16811653971672058,0.1694159402441594,0.16429632074960687,0.1668180683671044,576708000
2004-03-23,0.16880425810813904,0.17224300782872481,0.16689414221299068,0.17040901617637177,576036000
2004-03-24,0.17636950314044952,0.17919753704976357,0.1681164933389985,0.16849889090066214,787344000
2004-03-25,0.18660962581634521,0.18752662828114436,0.17805125953506767,0.17835661729752675,997128000
2004-03-26,0.1860750913619995,0.18897832119440228,0.183553343691349,0.1860750913619995,551604000
2004-03-29,0.1940988451242447,0.19662059264956472,0.18836759453743587,0.18874906301282376,985764000
2004-03-30,0.1999061107635498,0.20082311315205775,0.19264621587587963,0.19279936616526552,724956000
2004-03-31,0.20174019038677216,0.2038795536945526,0.19983007434507696,0.2008992982423114,604752000
2004-04-01,0.19814829528331757,0.20609593432427392,0.19310478732230793,0.2019694290529367,1319508000
2004-04-02,0.20097632706165314,0.20380344587035398,0.1963913270203441,0.2025040591761255,649740000
2004-04-05,0.2081591784954071,0.2090000705698686,0.19990616828833113,0.19990616828833113,576744000
2004-04-06,0.1997530311346054,0.20548429428200357,0.1986838073289717,0.20403267289683963,624096000
2004-04-07,0.19868384301662445,0.2013578253564317,0.1951680666043361,0.2012817147650232,447864000
2004-04-08,0.20433801412582397,0.20632515593346495,0.20158702006314475,0.2031156537507555,447096000
2004-04-12,0.20051781833171844,0.2068597973078391,0.1992945423093554,0.20594279463160214,443784000
2004-04-13,0.1958557665348053,0.20250403210314316,0.19486266700552576,0.2023518109529165,442704000
2004-04-14,0.1968497931957245,0.20051778971277986,0.1926462488272602,0.1948626514538027,512016000
2004-04-15,0.186533585190773,0.19501584408993947,0.18569269297305205,0.1941749518722185,828084000
2004-04-16,0.1804199516773224,0.1858458447129541,0.18003756766514076,0.18576881860243852,654864000
2004-04-19,0.18019060790538788,0.18148999410477035,0.17698110636587233,0.1802667184616913,522804000
2004-04-20,0.1725492626428604,0.18263626267431288,0.17247222290119615,0.18064912105822128,513804000
2004-04-21,0.17277856171131134,0.178815169758362,0.17147917498674625,0.17323705626039546,688812000
2004-04-22,0.1737716645002365,0.17667580929885798,0.16758190647750343,0.17117379305795472,695520000
2004-04-23,0.17759284377098083,0.180573099914416,0.1753764538515962,0.17591107275639345,443928000
2004-04-26,0.1706382781267166,0.17873905426435638,0.17017976992584166,0.17797428636131454,429912000
2004-04-27,0.16918666660785675,0.17721043078604018,0.16857503535192025,0.17262543049243748,494568000
2004-04-28,0.1684989482164383,0.171861588315222,0.1671995476054628,0.16926280075765163,468768000
2004-04-29,0.16383777558803558,0.16865203610417537,0.16162138636386306,0.16750578620307097,645048000
2004-04-30,0.15680713951587677,0.16391388617001984,0.156195494687485,0.16292078660257747,512928000
2004-05-03,0.1548200249671936,0.16009278091228235,0.15206901651847723,0.1584880225677697,610668000
2004-05-04,0.16467776894569397,0.16666491112518578,0.15665401881963617,0.1570364027752896,772380000
2004-05-05,0.16605325043201447,0.16750578734602525,0.16345539278669768,0.16483088994453315,464280000
2004-05-06,0.16742873191833496,0.16872811826994386,0.16085750695686113,0.16437236664634047,711348000
2004-05-07,0.16872814297676086,0.17552953165598517,0.16781114034314037,0.17232002927050163,956772000
2004-05-10,0.16215603053569794,0.16597716475502397,0.15856504544867717,0.16421928341418948,669072000
2004-05-11,0.16613030433654785,0.16773504887995994,0.1635315172922877,0.164219272761966,399936000
2004-05-12,0.16383777558803558,0.16544253364820774,0.1581065260825136,0.1652132864008622,482328000
2004-05-13,0.16437241435050964,0.1673526699222141,0.16200380368169848,0.16246229823224764,347952000
2004-05-14,0.16437241435050964,0.16796430116072902,0.16353152217234182,0.1650601698407117,459000000
2004-05-17,0.16177453100681305,0.16414315516818095,0.15932889441475298,0.16200379192983522,308340000
2004-05-18,0.16437241435050964,0.16628253046877167,0.1626145194068652,0.16322616430975845,204420000
2004-05-19,0.16398997604846954,0.1704089938146974,0.1631500132563642,0.16804037006899747,498276000
2004-05-20,0.16162140667438507,0.16643566779551996,0.16078051449298988,0.1636846594885317,421488000
2004-05-21,0.16200387477874756,0.1637608413157281,0.15978748431186843,0.16353159393984598,282096000
2004-05-24,0.1614682823419571,0.1633022880202939,0.15955816607019516,0.16169752963565434,301620000
2004-05-25,0.1684989482164383,0.16926280075765163,0.1588704380610173,0.16215605204622846,681264000
2004-05-26,0.17193768918514252,0.1742301895213103,0.16750582521778412,0.16849893868089083,524568000
2004-05-27,0.17247231304645538,0.17736360132243525,0.17224306572090659,0.17476482729508713,556548000
2004-05-28,0.17919756472110748,0.18019067805595765,0.1732370536853431,0.174612564640906,637980000
2004-06-01,0.1790444552898407,0.18087844740246253,0.175911062609797,0.17614030991582721,318420000
2004-06-02,0.17766891419887543,0.1842410700198985,0.17751577751615882,0.1834001778705546,643800000
2004-06-03,0.1691105216741562,0.17812739740219835,0.1685750011164539,0.17774499984134767,700824000
2004-06-04,0.16742873191833496,0.1729307332500248,0.16727651078789504,0.1725492649108425,649608000
2004-06-07,0.17147919535636902,0.17338929803104614,0.16804043117224196,0.17017979481307283,571956000
2004-06-08,0.16842277348041534,0.17079138364441454,0.1659010129967123,0.1704860258469108,615000000
2004-06-09,0.1605512797832489,0.1696451839330141,0.1600166746014954,0.16941593663891638,498336000
2004-06-10,0.15894654393196106,0.16345543412954353,0.15749492216403396,0.16315007622484384,564516000
2004-06-14,0.1539800614118576,0.1581065676053093,0.15275678509821683,0.1581065676053093,424752000
2004-06-15,0.1562725454568863,0.15864115621123284,0.1548200219877499,0.15657791699487555,394584000
2004-06-16,0.15382692217826843,0.15680717812067996,0.15321527719929406,0.15581406464436348,252576000
2004-06-17,0.15077055990695953,0.15657793524915847,0.1500057781993223,0.15283381302823532,482376000
2004-06-18,0.1509997695684433,0.1552023853620865,0.1490126275415524,0.1516104988989703,534336000
2004-06-21,0.1483248919248581,0.15359764728689426,0.14733177862691413,0.15122903674888186,266568000
2004-06-22,0.15252746641635895,0.15321520801718952,0.14817171495360312,0.14916574349454254,430308000
2004-06-23,0.15512622892856598,0.15573695807856833,0.15168748015507258,0.15206894845534363,264660000
2004-06-24,0.15375079214572906,0.15978741386423384,0.1526045421072969,0.15925279506307918,590652000
2004-06-25,0.15474388003349304,0.1565778852589514,0.15298598538266553,0.1548199906081239,329124000
2004-06-28,0.15344449877738953,0.15749487960221983,0.15283376946865496,0.15696027453509978,299376000
2004-06-29,0.15871722996234894,0.15894647717295637,0.15375074908604233,0.1543614646389355,363852000
2004-06-30,0.15642476081848145,0.15887041124967474,0.15451465836666997,0.15451465836666997,329268000
2004-07-01,0.14924189448356628,0.1584118942935994,0.1490126335568134,0.15818264703122406,505620000
2004-07-02,0.14717857539653778,0.15092268148161742,0.1460323259373929,0.15084657093292708,294948000
2004-07-06,0.13854314386844635,0.14694928587435047,0.13693840040479485,0.14542065294452508,575388000
2004-07-07,0.13923099637031555,0.1432052807983851,0.13854324088180395,0.14030113582112763,344136000
2004-07-08,0.13495227694511414,0.1402250328725876,0.13472302965791508,0.13793253267183897,430056000
2004-07-09,0.12914401292800903,0.1349522901007563,0.1266222515298518,0.13479915338989665,1114500000
2004-07-12,0.1261637657880783,0.12914402201503056,0.12448289657553006,0.1255530362642565,676044000
2004-07-13,0.12593449652194977,0.12990876747680247,0.12455898547876486,0.1276923778814488,567108000
2004-07-14,0.12035637348890305,0.12486527709967321,0.11791073651836882,0.12150262362389226,901608000
2004-07-15,0.11951547861099243,0.12287811796392467,0.11875161257482805,0.12157873130554074,611352000
2004-07-16,0.11600060015916824,0.12333660795159858,0.11600060015916824,0.12318347127755627,464700000
2004-07-19,0.11730002611875534,0.11859849750038472,0.11470123866418558,0.1163059971253429,461088000
2004-07-20,0.1196686327457428,0.12012712733835142,0.1160767319416462,0.11722298208754733,341544000
2004-07-21,0.11240874230861664,0.1216557839143362,0.11202726696404931,0.12150263353690588,613416000
2004-07-22,0.11477823555469513,0.11538896486696178,0.11004009247107438,0.11370809623666235,521460000
2004-07-23,0.1117209643125534,0.11569524860478292,0.11095710509521776,0.11554211192242769,371496000
2004-07-26,0.10858850181102753,0.11416661549733342,0.10751836232487233,0.11317350211418983,503208000
2004-07-27,0.1121794581413269,0.11248573831764777,0.10576045311382949,0.10912309913183285,789888000
2004-07-28,0.10935234278440475,0.1123325979485974,0.10621895095318579,0.11195020720545491,505116000
2004-07-29,0.11653522402048111,0.11936325828438898,0.11034546589328842,0.11088099335146447,747360000
2004-07-30,0.11783462017774582,0.11997398364282692,0.11485436450637579,0.11508361178931685,403956000
2004-08-02,0.11936327815055847,0.11982177275582533,0.11592451395353724,0.11791074089614852,420984000
2004-08-03,0.1131734773516655,0.1199739570476317,0.11225648159098668,0.11989784647464942,741540000
2004-08-04,0.11439584195613861,0.11546598118358324,0.11179797772849473,0.11195019887096541,507816000
2004-08-05,0.11126245558261871,0.11615372831826358,0.10927622920324497,0.11561820775500571,859920000
2004-08-06,0.07206067442893982,0.0779450673548549,0.07106756121083276,0.07725731879010915,5088948000
2004-08-09,0.07527019828557968,0.07695197606080464,0.07267233312146046,0.07389469393201092,1579212000
2004-08-10,0.08123065531253815,0.08199543656401792,0.07817429050981722,0.07947368349410482,2051916000
2004-08-11,0.07886209338903427,0.0801614803269789,0.0783274813329038,0.0801614803269789,963816000
2004-08-12,0.07702808827161789,0.079320588743356,0.07687495155758475,0.07909134142905833,654384000
2004-08-13,0.08023758977651596,0.08077220182498396,0.07817433666763471,0.0788620922587219,815700000
2004-08-16,0.07947371900081635,0.08145993888018294,0.07886208092826923,0.07932057548019993,531732000
2004-08-17,0.08382949978113174,0.08428800131773703,0.08046685911772972,0.0812307186193924,744912000
2004-08-18,0.08940759301185608,0.08940759301185608,0.08352319877149236,0.08421095432205632,872424000
2004-08-19,0.08910223841667175,0.09047774273646368,0.08772673409687982,0.08887299111280143,724404000
2004-08-20,0.09437499195337296,0.09567346329254037,0.08833745413367704,0.08864373437099912,1199040000
2004-08-23,0.09643825888633728,0.09743137247725822,0.09536811917628947,0.09590273127452949,800028000
2004-08-24,0.09284636378288269,0.09827225739006357,0.09101236465619685,0.09781375590034441,939420000
2004-08-25,0.096819669008255,0.09750742424839123,0.09315166611221293,0.0949095604166921,721308000
2004-08-26,0.09704893827438354,0.0976605762187587,0.09590268847038114,0.09666746307109292,612720000
2004-08-27,0.09888296574354172,0.10025847001313495,0.09704896688294049,0.0971259929903945,565128000
2004-08-30,0.09559733420610428,0.0990360908232286,0.09552122362626143,0.09850147890562327,628056000
2004-08-31,0.09521493315696716,0.09643821587835151,0.09223468503191115,0.09597971459014572,587064000
2004-09-01,0.09704893827438354,0.09842443530631134,0.09277021237104718,0.09399257274663833,591744000
2004-09-02,0.10102324187755585,0.1017871080000778,0.09659046262796527,0.09750746544747665,770088000
2004-09-03,0.09796594828367233,0.09995308341075007,0.0971259717286096,0.09796594828367233,715056000
2004-09-07,0.09613194316625595,0.10064083899313533,0.09483347211820514,0.09857758645277341,727332000
2004-09-08,0.09414571523666382,0.09704894428796942,0.09391646799453325,0.09620896774459159,834984000
2004-09-09,0.10354498028755188,0.105225842138841,0.09597972527076452,0.09643822660999232,1299324000
2004-09-10,0.10751833766698837,0.10805294953077181,0.10148171713615668,0.10178708177023253,1039344000
2004-09-13,0.1095816045999527,0.1117209679854407,0.10721299394005257,0.10736521511409745,967752000
2004-09-14,0.1100400984287262,0.11080396445093783,0.1077475985131867,0.10858849063047912,683556000
2004-09-15,0.10392646491527557,0.10698374657350207,0.10255096077342012,0.10667746636679735,1163904000
2004-09-16,0.10782373696565628,0.10889387661824078,0.10530198230741733,0.1056843731740059,810024000
2004-09-17,0.1122564971446991,0.11286721967171572,0.10774760096080517,0.10866460368072728,1003800000
2004-09-20,0.11210337281227112,0.11531288288112368,0.10866462227249979,0.11004011975553232,794628000
2004-09-21,0.11508358269929886,0.1160005852636484,0.11324958440278744,0.11462508824931175,503904000
2004-09-22,0.10973474383354187,0.11477824516332291,0.10919921637307776,0.11202724381687973,625920000
2004-09-23,0.11072783917188644,0.1113394771171271,0.10782369478320918,0.11103319697183267,578664000
2004-09-24,0.1073652058839798,0.11133948996519942,0.10576045460448702,0.1111863532909748,476316000
2004-09-27,0.10545507818460464,0.10774757765638278,0.10354496257436621,0.10652521735342767,406020000
2004-09-28,0.1069837361574173,0.10790073199718515,0.10377423363775863,0.1052258413930513,474840000
2004-09-29,0.1095816045999527,0.11263797074746744,0.10553121642223313,0.10690671373308408,537228000
2004-09-30,0.1109570786356926,0.11347883213091424,0.10874068975123642,0.1108039419898553,619680000
2004-10-01,0.11554211378097534,0.1161537450069199,0.11095710688001349,0.1114917188390731,590412000
2004-10-04,0.11882772296667099,0.1203563568854593,0.1163059757504516,0.11653522301294834,673932000
2004-10-05,0.1161537617444992,0.11898088097751783,0.11508362215884506,0.11592451444090199,633180000
2004-10-06,0.11661222577095032,0.11714683077201636,0.11324958026423215,0.11592447045672742,498504000
2004-10-07,0.11730002611875534,0.12142651859520255,0.116688381137545,0.11875163420795865,798072000
2004-10-08,0.110881008207798,0.11653523963439388,0.10988697925529116,0.11607673137962568,693420000
2004-10-11,0.11103321611881256,0.11324960554056739,0.10904699631034702,0.11103321611881256,373848000
2004-10-12,0.10942847281694412,0.11026936502963565,0.10553122115194664,0.10728910933557381,827232000
2004-10-13,0.10874069482088089,0.11416658592233193,0.10782369226492337,0.11271497151847681,672816000
2004-10-14,0.10545507818460464,0.109734719346792,0.10469121231025529,0.109734719346792,513264000
2004-10-15,0.10255095362663269,0.10583748916222396,0.09995308904341416,0.10568434565344963,1280484000
2004-10-18,0.10438497364521027,0.10545511316904915,0.10109935999478657,0.1019402453960808,573972000
2004-10-19,0.10369721055030823,0.10782371613339625,0.10293335131042282,0.10675449220091156,618480000
2004-10-20,0.10492051392793655,0.10537901539661522,0.10278023461988317,0.1033918728052312,540204000
2004-10-21,0.10728910565376282,0.10866460981124766,0.10514974224580845,0.10598971891628889,1013964000
2004-10-22,0.10148174315690994,0.1085114718134205,0.10117546976332462,0.108282224524932,686460000
2004-10-25,0.10194023698568344,0.10415571092948453,0.10041159617506266,0.10064085027869311,529164000
2004-10-26,0.11072783917188644,0.11607669748301772,0.1082821960718965,0.11195019954920732,2455776000
2004-10-27,0.11378422379493713,0.11584747664800182,0.10874072213470402,0.10874072213470402,1074036000
2004-10-28,0.11256185173988342,0.11462510438400056,0.11149171237052233,0.11225649390129218,561552000
2004-10-29,0.11057472974061966,0.11302037359387804,0.10958161628566551,0.11149173260043498,742860000
2004-11-01,0.11294423043727875,0.11302034101047514,0.11065173078085064,0.11210333841502873,653892000
2004-11-02,0.11454900354146957,0.11691761422555395,0.11172096912614703,0.11263797189753665,1095756000
2004-11-03,0.11561824381351471,0.11959252883814049,0.11500751433379786,0.11921013115406226,910356000
2004-11-04,0.11775852739810944,0.11921013556953497,0.11401349637608214,0.1164591404294145,995544000
2004-11-05,0.13479915261268616,0.1434345490420358,0.13327051838897824,0.13602151341644064,3849012000
2004-11-08,0.13625068962574005,0.13808469446327348,0.13273583024511262,0.13334747491674886,718620000
2004-11-09,0.13541077077388763,0.13739698370702783,0.1341113704514812,0.13418748103464948,615936000
2004-11-10,0.13541077077388763,0.13670924191861805,0.13464598922463356,0.13525762042987505,645912000
2004-11-11,0.13808472454547882,0.13808472454547882,0.13533371668986266,0.13625071930840138,507000000
2004-11-12,0.13831403851509094,0.14060653933529094,0.1369385407558475,0.14022507076248067,647076000
2004-11-15,0.1403772532939911,0.14137128220644027,0.13609852630755592,0.1369385030115132,536472000
2004-11-16,0.1399187296628952,0.14236436603838998,0.1373208584729284,0.14083573228064966,472728000
2004-11-17,0.14228826761245728,0.1460323889782105,0.1407596337241964,0.14213513093608524,602772000
2004-11-18,0.14412230253219604,0.14534466331814894,0.14053040159363078,0.1435106575502963,532524000
2004-11-19,0.14488615095615387,0.15688327024562493,0.14373988724340722,0.15512629080365328,2126052000
2004-11-22,0.14901261031627655,0.14901261031627655,0.14404522724426633,0.14542072426836836,733788000
2004-11-23,0.14962424337863922,0.15122900116813737,0.14656696259441476,0.1477902383804626,676896000
2004-11-24,0.15023499727249146,0.1526806337332922,0.14908873371203357,0.1494711312913893,428580000
2004-11-26,0.1517636477947235,0.15313914508860604,0.14962428443562714,0.15092275563009264,350760000
2004-11-29,0.14878343045711517,0.1539800767731048,0.14748404341582105,0.15290993706223238,704388000
2004-11-30,0.1461854875087738,0.1495472103986473,0.145344595613692,0.14939498927527492,576540000
2004-12-01,0.14985357224941254,0.14985357224941254,0.14641482125217875,0.1474840454643339,514572000
2004-12-02,0.1518397182226181,0.1529859679417593,0.1472547193460533,0.1484009690651945,758652000
2004-12-03,0.1584118753671646,0.1604751278107882,0.15497312584925063,0.15550773089315492,1347312000
2004-12-06,0.1659770905971527,0.16727649045519202,0.15634858602096072,0.1591757037405725,970500000
2004-12-07,0.174306258559227,0.19073616832968382,0.1722430060157177,0.17568175570010766,2927052000
2004-12-08,0.17636950314044952,0.1795790054338609,0.17499400606166635,0.17675190070211316,872724000
2004-12-09,0.17476481199264526,0.1765988041008321,0.16987443965841637,0.17323707963635865,869964000
2004-12-10,0.1781274378299713,0.18003755404823968,0.1770572983205005,0.17881517969180255,652848000
2004-12-13,0.17323705554008484,0.17774502956928445,0.17239616336810026,0.17545252950463933,738024000
2004-12-14,0.17675189673900604,0.17690503339712557,0.17308388639199324,0.1733892441950625,512988000
2004-12-15,0.17835669219493866,0.17889131104638067,0.1757588340117488,0.178509828896999,432768000
2004-12-16,0.18072527647018433,0.18997231605070214,0.18041991862445972,0.18355331071113604,1524036000
2004-12-17,0.17621730268001556,0.1848517818792526,0.17415404998742673,0.1840879158438137,1214244000
2004-12-20,0.174306258559227,0.18103155043714858,0.17338925591051435,0.17828054249101066,898728000
2004-12-21,0.1756056696176529,0.17682804392495208,0.17002755603404746,0.17430628287313876,899400000
2004-12-22,0.17583490908145905,0.1799614142400202,0.17545251149590213,0.17912052215434618,421824000
2004-12-23,0.17629341781139374,0.17828055997213282,0.17400091779701166,0.17484180995055967,366972000
2004-12-27,0.17476481199264526,0.1795029494678227,0.17384780910636177,0.17873908328967938,308208000
2004-12-28,0.17384779453277588,0.17652267870567614,0.17316003900962249,0.17514718132374835,291612000
2004-12-29,0.17537635564804077,0.17751571825403656,0.1728546092195675,0.17331310360133598,294732000
2004-12-30,0.1746886968612671,0.1769050865899237,0.17392483070294992,0.1754525493552045,259812000
2004-12-31,0.18003754317760468,0.18095453227134534,0.17652266883186613,0.17721042431654987,575964000
2005-01-03,0.18019060790538788,0.1889021101320197,0.17942674213905516,0.18630425324623007,1066716000
2005-01-04,0.17170840501785278,0.18179540706414338,0.16895739700647702,0.1814900492332006,790224000
2005-01-05,0.17331315577030182,0.17537640843806596,0.16895740317488359,0.1698744058788207,724812000
2005-01-06,0.1716322898864746,0.17843276314531373,0.17040901390426308,0.17636951060759684,563568000
2005-01-07,0.16834582388401031,0.17331320920850676,0.16582406225454624,0.17201382216634675,763092000
2005-01-10,0.16872814297676086,0.17040901157805563,0.16773502976677557,0.16888127964270708,579552000
2005-01-11,0.1635315716266632,0.1680404625659133,0.16100982350727303,0.16712345952312163,1093380000
2005-01-12,0.16215603053569794,0.16559478077839093,0.1581826614720441,0.1649840513674556,1057800000
2005-01-13,0.16383777558803558,0.16811650185383462,0.15894650264499946,0.1625383890176219,898764000
2005-01-14,0.16437241435050964,0.16727655933490532,0.162767656094831,0.1668941617072866,573912000
2005-01-18,0.16697028279304504,0.16735268044470744,0.1621560350520643,0.16253841903934751,464556000
2005-01-19,0.16315004229545593,0.16811651056050247,0.16246228685342412,0.16773504213732832,336492000
2005-01-20,0.1635315716266632,0.16750585726638295,0.15986357311987906,0.15986357311987906,640080000
2005-01-21,0.16383777558803558,0.1670472780440032,0.1632261444240352,0.1637607494967626,596352000
2005-01-24,0.15726564824581146,0.16528941194440008,0.15634864550902608,0.16292080134969816,463704000
2005-01-25,0.16001664102077484,0.16223303023182642,0.15703638582979576,0.15795338847812598,439704000
2005-01-26,0.16207990050315857,0.16429628980910874,0.15787728466033277,0.16055125296462053,429120000
2005-01-27,0.17507104575634003,0.17583491176147206,0.16139214348637648,0.16238525674506119,1002912000
2005-01-28,0.17484183609485626,0.17644658087913187,0.17102068788547975,0.17575883897060518,671052000
2005-01-31,0.1751471608877182,0.1784327740960617,0.17270152428643099,0.17629341084964434,562968000
2005-02-01,0.17843276262283325,0.17919754411192454,0.17392478916035153,0.17499401295816647,507180000
2005-02-02,0.188367560505867,0.18981916824396514,0.18019066079904042,0.18546341585204992,2035404000
2005-02-03,0.18638041615486145,0.18767980271922813,0.1837825448749839,0.18638041615486145,690120000
2005-02-04,0.1970791220664978,0.19761372729751683,0.18638047220775553,0.18645658280832744,806448000
2005-02-07,0.19470952451229095,0.2009763082796424,0.1929525589572019,0.19730831132225923,521628000
2005-02-08,0.19662056863307953,0.1997530452061426,0.19287554534203355,0.19348717654671885,455772000
2005-02-09,0.18974310159683228,0.1977668528264993,0.1887490726136998,0.19715522151599435,783756000
2005-02-10,0.1941749006509781,0.19516801378850412,0.1900483959329511,0.1907361512740807,602376000
2005-02-11,0.1998300552368164,0.20128167660753343,0.19226480052876865,0.19295255592563718,556512000
2005-02-14,0.19562654197216034,0.2005178289586981,0.19486268959288103,0.19975304740173339,432900000
2005-02-15,0.19738443195819855,0.20365030053159022,0.19662056593342564,0.19692593743930423,748500000
2005-02-16,0.19669665396213531,0.19960079841303574,0.19318179389825746,0.19677276453546247,466464000
2005-02-17,0.19493885338306427,0.19944774398957904,0.1934111208787737,0.1993716333848699,1017408000
2005-02-18,0.2160298228263855,0.21625907009253098,0.20410880101428727,0.20991709075178058,3132120000
2005-02-22,0.21878081560134888,0.22382432373815267,0.21266808357557015,0.21457819960251015,1420800000
2005-02-23,0.21167410910129547,0.2179408949299317,0.20815924765738647,0.21526601032633547,1107840000
2005-02-24,0.21725307404994965,0.21755843186541848,0.2087708168585154,0.2087708168585154,695496000
2005-02-25,0.22038553655147552,0.22153178634379359,0.215189808125025,0.21755841828047404,525132000
2005-02-28,0.22153182327747345,0.22160884937427794,0.21740531787140926,0.2193163494074373,758064000
2005-03-01,0.22099721431732178,0.22619385935410743,0.2187808248355447,0.22252586197712795,737148000
2005-03-02,0.21450206637382507,0.2197748212182977,0.21320267984440777,0.21855154526451534,947460000
2005-03-03,0.21159793436527252,0.21534205566193454,0.20846454240064818,0.2139665584754281,761292000
2005-03-04,0.2106809765100479,0.2140436162256919,0.2089230814719389,0.21220961059618415,593124000
2005-03-07,0.21282026171684265,0.21725305326149635,0.21014629385388822,0.21159790139434906,511176000
2005-03-08,0.20204560458660126,0.21274425513592546,0.2006701069420929,0.2122857604758832,1332384000
2005-03-09,0.19677279889583588,0.20449120491279235,0.19616208317621556,0.20074708329758037,910140000
2005-03-10,0.19669665396213531,0.19914230394671265,0.19356326227807333,0.19738440932599577,689280000
2005-03-11,0.19226479530334473,0.19875991052664999,0.19050690064603623,0.19845455271380505,732180000
2005-03-14,0.19768977165222168,0.19853066369514166,0.19486266688756884,0.19623816398236163,572148000
2005-03-15,0.1937163919210434,0.2005938901679003,0.19356324161318358,0.1986837746044538,378108000
2005-03-16,0.19043076038360596,0.19600888578556622,0.1903537343075035,0.19295252060086845,535356000
2005-03-17,0.18851973116397858,0.19172923278588416,0.18806122312406456,0.19104147755819972,442584000
2005-03-18,0.18469947576522827,0.18928447356695005,0.18126072741393695,0.18867284264342626,639012000
2005-03-21,0.1910415142774582,0.1915000087411243,0.18347625997633704,0.18462250979987807,654456000
2005-03-22,0.18760277330875397,0.19295255429129918,0.18691501791771084,0.19119465960110377,622992000
2005-03-23,0.19165322184562683,0.19295260875376405,0.18699209678732365,0.18737357895426943,728784000
2005-03-24,0.1920355260372162,0.19738439079291528,0.19188238939176033,0.19218774716957795,865356000
2005-03-28,0.18989533185958862,0.19486273047214747,0.18806132602516987,0.1921117217205193,511188000
2005-03-29,0.18569272756576538,0.19180637682362037,0.18485183519139453,0.18966609741735027,587400000
2005-03-30,0.18569272756576538,0.18836762589901285,0.1793498309791462,0.18576883817083284,858708000
2005-03-31,0.18156613409519196,0.18592188591462916,0.18072524212326152,0.18462249950460008,518316000
2005-04-01,0.17980828881263733,0.18485179733446636,0.17873906484203703,0.18378257336386605,510756000
2005-04-04,0.1787390559911728,0.17934978536790028,0.17476478530112213,0.17881516657688423,421428000
2005-04-05,0.1756056696176529,0.18255929419838507,0.17453553015120038,0.17881517250365106,430128000
2005-04-06,0.1782805323600769,0.18187150299564195,0.17766888756982294,0.17889126163715122,567468000
2005-04-07,0.18156613409519196,0.18340013917633655,0.17614024308477497,0.1791975240073068,506352000
2005-04-08,0.17919756472110748,0.18638043636285648,0.17881516710039472,0.18233004141085818,621540000
2005-04-11,0.17568179965019226,0.18110770632224257,0.1751471944466653,0.18049606134421697,328380000
2005-04-12,0.17782200872898102,0.17812736648524788,0.17124985497090747,0.1751471119511795,512232000
2005-04-13,0.17040908336639404,0.17850986200011604,0.1692628193431988,0.17805136732234364,498408000
2005-04-14,0.1690334975719452,0.17239613655924896,0.16842278194623994,0.17079139222929807,352080000
2005-04-15,0.16315004229545593,0.16811651056050247,0.16162139473415219,0.16689415001805638,630156000
2005-04-18,0.16200387477874756,0.1656718737860144,0.16123909285225616,0.16215609602016895,473100000
2005-04-19,0.16765806078910828,0.16888133717132445,0.16391393840284418,0.16467780463072582,365460000
2005-04-20,0.16253842413425446,0.17155530228626498,0.16238528743185981,0.17048607824542636,564672000
2005-04-21,0.17155525088310242,0.17216688199598323,0.16437238058705492,0.16582398819221716,538152000
2005-04-22,0.16995054483413696,0.17163232935838177,0.16796431793026156,0.17048607920318912,336276000
2005-04-25,0.17262542247772217,0.17392480918312214,0.17056216970851865,0.171403061871597,318168000
2005-04-26,0.17186157405376434,0.17629343790416102,0.16834579753308426,0.17270155078972596,353148000
2005-04-27,0.16528943181037903,0.16796431609292162,0.1618506677180376,0.16735268480003207,609348000
2005-04-28,0.16582399606704712,0.16804038521123027,0.16315002795792358,0.16475477229580393,372948000
2005-04-29,0.1675819307565689,0.1687281808900634,0.1598635377093975,0.1674287940562128,478356000
2005-05-02,0.16697028279304504,0.1714791863166219,0.1644485352777103,0.1695690700782591,334908000
2005-05-03,0.16605325043201447,0.17017975556989762,0.1653655086852851,0.16712338976238453,439512000
2005-05-04,0.17132599651813507,0.1725492861192556,0.16628250264839745,0.1668180232100068,468816000
2005-05-05,0.1746886968612671,0.1768280604811184,0.17140308307940738,0.17232007227751028,619272000
2005-05-06,0.17705729603767395,0.17713432214137065,0.17270154297805262,0.17675193816304025,355728000
2005-05-09,0.1803438514471054,0.18156621230188094,0.17675196397068602,0.177822103622611,745332000
2005-05-10,0.17331315577030182,0.17812741654987732,0.1713260136847387,0.17805130596767627,735120000
2005-05-11,0.17040908336639404,0.17499408480164647,0.17010371175469774,0.1742302185121778,555420000
2005-05-12,0.17415401339530945,0.17644651286886126,0.17025675609164653,0.17040899089027112,835584000
2005-05-13,0.1935633271932602,0.1946334668090085,0.18187156407282942,0.18989532923941424,2650320000
2005-05-16,0.19425107538700104,0.19555046226328807,0.19119470888087944,0.19127081947683203,664104000
2005-05-17,0.19639132916927338,0.1973083319204447,0.19295257910066452,0.1931048002729074,639804000
2005-05-18,0.19784292578697205,0.19830143396864439,0.19386957081504408,0.19593282347162622,550056000
2005-05-19,0.19746053218841553,0.19914231634047222,0.1952450584766741,0.1983014242644439,452880000
2005-05-20,0.20097632706165314,0.20105243764694178,0.1949388036422144,0.19723130366286892,517008000
2005-05-23,0.20563745498657227,0.2077007077744979,0.20174019668396198,0.20235184158142963,703668000
2005-05-24,0.208541601896286,0.2093054543097892,0.20365031469059763,0.20464434355721367,522192000
2005-05-25,0.2058667093515396,0.20915232286986551,0.20387956708179422,0.20808309890242316,535272000
2005-05-26,0.21167410910129547,0.21327886769225027,0.20731835530353415,0.20770075301104576,788784000
2005-05-27,0.2102985382080078,0.21228568014956609,0.20808306453639325,0.21228568014956609,322740000
2005-05-31,0.20708905160427094,0.21113944637300797,0.20365030169970708,0.20938155154064686,763176000
2005-06-01,0.20900008082389832,0.21282029911232925,0.20326883104578303,0.20571355212034176,796632000
2005-06-02,0.21679459512233734,0.21679459512233734,0.2082353106886289,0.2082353106886289,684348000
2005-06-03,0.21625904738903046,0.21801692841374673,0.21396654763949338,0.21602980014695203,559620000
2005-06-06,0.2141958326101303,0.2165653588665402,0.21220960584232,0.21236182702170747,512892000
2005-06-07,0.20900008082389832,0.21625906264357572,0.208235299289837,0.21274418853067295,974136000
2005-06-08,0.20754751563072205,0.2124387878193111,0.20533204226150867,0.20953464363667074,618720000
2005-06-09,0.21625904738903046,0.2163360734785337,0.2057135376096588,0.20594278485173723,619908000
2005-06-10,0.21381430327892303,0.2162590377362907,0.21236178013740628,0.21602979050444476,465096000
2005-06-13,0.2185516059398651,0.22458914393406515,0.21335587574177162,0.21396660520719676,1409916000
2005-06-14,0.20563745498657227,0.22221957421223285,0.19875994113869402,0.2186286029472156,2408412000
2005-06-15,0.2050258368253708,0.2059428397022943,0.1969259749683964,0.20433808125158318,1669788000
2005-06-16,0.20609591901302338,0.20747141611315514,0.20196941404825192,0.2049496691521842,489240000
2005-06-17,0.20563745498657227,0.20900009449168863,0.20510283618907837,0.20861771053184022,456348000
2005-06-20,0.20877085626125336,0.2101463536246567,0.20227482424288923,0.20563746389365667,606060000
2005-06-21,0.2107570916414261,0.21175112058238882,0.20815921983739788,0.21014636220590618,428172000
2005-06-22,0.21052774786949158,0.2144250049669939,0.20792989075175838,0.21297339752540126,700668000
2005-06-23,0.21381430327892303,0.2164121743952463,0.20938152513028147,0.2101463065762603,836976000
2005-06-24,0.20701292157173157,0.21350803683157243,0.20586667171124035,0.21343192625623286,475632000
2005-06-27,0.20533208549022675,0.20739532449684742,0.20349808007947792,0.20571355391511667,354588000
2005-06-28,0.20663054287433624,0.20800604000870382,0.20387953494122457,0.2061720347199627,262308000
2005-06-29,0.2047204226255417,0.20708903293082803,0.2030395540405272,0.20670756453948216,283572000
2005-06-30,0.20418579876422882,0.20800603031825066,0.20258105445962354,0.20609591454123974,593232000
2005-07-01,0.205102801322937,0.2054081727952787,0.20097629644856468,0.20349805701866772,315168000
2005-07-05,0.20831239223480225,0.2091523691067986,0.20387961215308856,0.20586675486212794,388440000
2005-07-06,0.21389052271842957,0.21480751205396353,0.206630622990252,0.20900014977819997,703632000
2005-07-07,0.21236181259155273,0.2139665707884728,0.2098400653271101,0.21052780712775201,465900000
2005-07-08,0.21503667533397675,0.21572441702309952,0.21091017054173752,0.21366116462697993,408132000
2005-07-11,0.21824617683887482,0.22046256588537075,0.21602978779237886,0.21694677670825074,399492000
2005-07-12,0.2170238494873047,0.21870470458220587,0.21259105705529582,0.218093059709773,564252000
2005-07-13,0.2173292189836502,0.21855157961635485,0.21366120790780618,0.2179408502244892,594780000
2005-07-14,0.207700714468956,0.2239013657702759,0.20739534293486062,0.2196217233698789,1871496000
2005-07-15,0.2054843008518219,0.20770069013815626,0.20189331622734516,0.20708904529262476,1223352000
2005-07-18,0.20036469399929047,0.20494969399849242,0.19830144126677401,0.20487358341390274,1044900000
2005-07-19,0.20311568677425385,0.20357419496883047,0.20005933441527501,0.20158705283811063,517896000
2005-07-20,0.20617206394672394,0.20701295613304155,0.19799609240760815,0.20074708706632177,526500000
2005-07-21,0.20265719294548035,0.20441508781718506,0.19845457691770296,0.2034980850892357,594528000
2005-07-22,0.19738443195819855,0.20655444531548142,0.19593282415508415,0.20365030053159022,699264000
2005-07-25,0.19853074848651886,0.204644397945689,0.19425110504661694,0.1950919974486774,974952000
2005-07-26,0.20265719294548035,0.2029625507955673,0.19692594297626892,0.19768979535814168,759492000
2005-07-27,0.20678368210792542,0.20770068476367448,0.19952378510451102,0.2029625348152875,807828000
2005-07-28,0.20838838815689087,0.20938150120807597,0.20357414218065864,0.20640124654145048,411240000
2005-07-29,0.20678368210792542,0.2097639373230157,0.2051028134660689,0.20754754809403284,351660000
2005-08-01,0.2099170833826065,0.21083408607937468,0.20663055468122093,0.20800605189418453,389040000
2005-08-02,0.21274420619010925,0.2134319616863231,0.20984007484470632,0.21014634822331513,422652000
2005-08-03,0.21274420619010925,0.2147313484263983,0.210834103719529,0.21274420619010925,518256000
2005-08-04,0.21052774786949158,0.212056395051614,0.21006925346478494,0.21113939257782677,356424000
2005-08-05,0.21587757766246796,0.21633608583719444,0.20877083076579017,0.21022243854185094,684096000
2005-08-08,0.21664144098758698,0.2213795910287727,0.21511280713657113,0.21732919640896295,725544000
2005-08-09,0.21610689163208008,0.2174823891651633,0.2137373514116221,0.21694685476506995,291900000
2005-08-10,0.21289733052253723,0.21809304582108216,0.2106809412798666,0.21702383566670372,440556000
2005-08-11,0.21587757766246796,0.2162590597432909,0.21083408339111653,0.2128973360164429,701556000
2005-08-12,0.2288677841424942,0.2308549121875973,0.22076791168210327,0.22856241269382024,2295420000
2005-08-15,0.2346760779619217,0.23704468807738932,0.22672842645628674,0.22963255709785474,882804000
2005-08-16,0.23070184886455536,0.23452298295860496,0.22902098001780438,0.2324597438121358,637488000
2005-08-17,0.23070184886455536,0.2335298832679743,0.22955559882123766,0.22970872184516797,607572000
2005-08-18,0.22474133968353271,0.2300911078320271,0.2237482263197931,0.22894487144301104,822732000
2005-08-19,0.2231365591287613,0.225811456600284,0.2224488173640264,0.225123701171172,422232000
2005-08-22,0.2213025689125061,0.22634607718775848,0.21870471102130967,0.22275510596399528,547224000
2005-08-23,0.22275502979755402,0.22390127942303273,0.22030939391411034,0.22107324605050838,254460000
2005-08-24,0.22290731966495514,0.22764545626066804,0.22023335127761534,0.22130256149572963,514620000
2005-08-25,0.2244359701871872,0.22565834450418645,0.22199033336857926,0.22390136503858754,296484000
2005-08-26,0.22099721431732178,0.2246652253586795,0.2188578509357702,0.2246652253586795,323436000
2005-08-29,0.22137966752052307,0.22160891485206627,0.2171761347756555,0.21893401648639277,343392000
2005-08-30,0.22932632267475128,0.2298618569560243,0.22069184355315566,0.22099720139617485,948852000
2005-08-31,0.23444686830043793,0.23735008406319905,0.22810397328971802,0.22879172876951853,906804000
2005-09-01,0.2345229685306549,0.23666231813298957,0.2325358400939139,0.2337591024984271,556884000
2005-09-02,0.23070184886455536,0.2349814775101807,0.2299379827853342,0.2349814775101807,469800000
2005-09-06,0.23261281847953796,0.23383517885622546,0.22802781925941606,0.2315426792461645,423096000
2005-09-07,0.24002493917942047,0.24063655660105862,0.2316958194439526,0.23230653501684573,588012000
2005-09-08,0.24285200238227844,0.2458322567039254,0.23857327738990178,0.23857327738990178,646116000
2005-09-09,0.2459854781627655,0.24652011061921225,0.2414765886728213,0.2454508730350749,454236000
2005-09-12,0.24514460563659668,0.2469786111773458,0.24224138981442084,0.24621474509575497,556584000
2005-09-13,0.2525576055049896,0.25377996597148156,0.24399832203548777,0.24399832203548777,854724000
2005-09-14,0.2495003044605255,0.25400919283592244,0.24835402739616497,0.25064655419613663,503448000
2005-09-15,0.2539331316947937,0.25676023671183,0.2517928529410796,0.2533214868356733,759756000
2005-09-16,0.25408533215522766,0.2574479711755292,0.2520220660003991,0.2560724604056435,519828000
2005-09-19,0.2504943311214447,0.25462080827467715,0.24911882051786774,0.25377992999124993,428316000
2005-09-20,0.25538474321365356,0.25821187575188476,0.2520991434552331,0.2524044876523704,522192000
2005-09-21,0.2531684339046478,0.2594352203867412,0.2509529728943,0.254391724093568,625656000
2005-09-22,0.24636788666248322,0.2537799918200937,0.2418589698947528,0.2537799918200937,739152000
2005-09-23,0.24995878338813782,0.2520990615925382,0.24376901333668902,0.24583227913008784,314640000
2005-09-26,0.2520221471786499,0.25378004241948454,0.24736103564032777,0.25186992597829777,406776000
2005-09-27,0.2528630495071411,0.25530867299032667,0.2509529330935733,0.2530922831534771,404160000
2005-09-28,0.25439155101776123,0.2550793062554522,0.25072354130257385,0.25362675604332025,353556000
2005-09-29,0.2596644163131714,0.2598166374973102,0.2524045043225684,0.2544677709222294,513372000
2005-09-30,0.26195695996284485,0.26432557117245603,0.2592820753073739,0.25981668056729257,458832000
2005-10-03,0.26913982629776,0.27104994280191574,0.2628739423615163,0.26501331985164167,549888000
2005-10-04,0.26562485098838806,0.27471780948766883,0.2650132062241762,0.27028596068186417,514476000
2005-10-05,0.25683626532554626,0.2659301515111626,0.25523152136123756,0.2659301515111626,599184000
2005-10-06,0.25591933727264404,0.2605043367315464,0.24820183421971076,0.2565309547528567,685512000
2005-10-07,0.2526337504386902,0.25897664556954436,0.25064662187656644,0.2563778721021933,551952000
2005-10-10,0.24621479213237762,0.2543916943757619,0.24613868153012222,0.25393319973517353,459216000
2005-10-11,0.24315835535526276,0.24927108711353685,0.24033032121714334,0.247131710251528,540048000
2005-10-12,0.2460615336894989,0.2498065836072175,0.24216428996286904,0.2424705632644436,657660000
2005-10-13,0.24476313591003418,0.24590938601493018,0.23536387411838372,0.24552700203029137,509304000
2005-10-14,0.24476313591003418,0.24957739728210063,0.2407127406582249,0.24652012910303106,311256000
2005-10-17,0.24713166058063507,0.24957731029897945,0.24491527173487077,0.24491527173487077,243912000
2005-10-18,0.24308127164840698,0.24850717617610069,0.24147652749419188,0.248048681750432,299832000
2005-10-19,0.2410181313753128,0.2414005153903703,0.23314750304708717,0.23994892095470746,635952000
2005-10-20,0.24269981682300568,0.247743310159872,0.24033027762326473,0.24140041678459861,359520000
2005-10-21,0.24407540261745453,0.2475902634503727,0.24239361820209576,0.2468263973460536,298368000
2005-10-24,0.25072360038757324,0.25072360038757324,0.24399832220202106,0.24621471140477155,291012000
2005-10-25,0.2523285150527954,0.25309238154536046,0.2479727734627093,0.24904198431939117,334680000
2005-10-26,0.24545085430145264,0.2529390968859414,0.2450684703746694,0.25240446447029957,415344000
2005-10-27,0.24033035337924957,0.24667324875390537,0.23956648726946309,0.24590938264411888,227784000
2005-10-28,0.2477433681488037,0.24820186268151995,0.23498146784456403,0.24094197875614187,464640000
2005-10-31,0.25637781620025635,0.2581357107673087,0.2487364515152408,0.2487364515152408,432420000
2005-11-01,0.25324538350105286,0.25828887799799716,0.25125822770310047,0.25637786011284025,400488000
2005-11-02,0.2679173946380615,0.2682227388172811,0.25217523924455115,0.25332148921403186,523668000
2005-11-03,0.264784038066864,0.2712791551501232,0.2626446880735469,0.269751450135223,465072000
2005-11-04,0.2602751851081848,0.2655479421655322,0.2575241897435404,0.2649372262777312,570276000
2005-11-07,0.2591288387775421,0.2625675885417816,0.2580596286131436,0.26165059953615255,370824000
2005-11-08,0.25431451201438904,0.26035206072354267,0.25316826239118084,0.26012279986740233,538968000
2005-11-09,0.2657770812511444,0.26745886528388685,0.2519459455073232,0.2548500899329304,818880000
2005-11-10,0.25591933727264404,0.2809846131453654,0.2509528557580541,0.27502413024604383,2503620000
2005-11-11,0.26012280583381653,0.2631791709495949,0.2569894283080463,0.25813567795754594,545928000
2005-11-14,0.26562485098838806,0.26745885610350784,0.2562255918538682,0.26019894621308054,493668000
2005-11-15,0.2662355899810791,0.26975137938030425,0.2653956134328655,0.26722961870922113,496200000
2005-11-16,0.2653185725212097,0.26799348351170865,0.2601228573769739,0.26654186215184256,455280000
2005-11-17,0.2770872712135315,0.27731653203701073,0.2644014874285199,0.26753489176477363,703260000
2005-11-18,0.27655190229415894,0.28029695345947814,0.27112692497617047,0.27800442584208185,465768000
2005-11-21,0.28144317865371704,0.2819016732050469,0.27502417294882936,0.27685815115414864,454704000
2005-11-22,0.28893139958381653,0.29168239426766035,0.28067838820352786,0.2828947777394489,731700000
2005-11-23,0.28809139132499695,0.2922940071432271,0.2865627574597823,0.28923764126168594,411948000
2005-11-25,0.2909185588359833,0.2913770534004148,0.2874797812808528,0.2894669372243178,116676000
2005-11-28,0.28946685791015625,0.29420407809321114,0.28427021411079756,0.29168231768666575,424524000
2005-11-29,0.2711268663406372,0.2800676319299935,0.26990360401763175,0.27234922681478635,1043136000
2005-11-30,0.2762465178966522,0.2776220014725565,0.2691397571038372,0.2692158676869548,575448000
2005-12-01,0.27953216433525085,0.2808315648745723,0.2755588086280037,0.2785390645350868,562032000
2005-12-02,0.2796090245246887,0.2815191396310947,0.2758639756816327,0.28083138450522105,334476000
2005-12-05,0.27441251277923584,0.28021987325712344,0.2734954963988334,0.28021987325712344,387708000
2005-12-06,0.2755586802959442,0.2793028006228023,0.274488541220456,0.27487092504864513,375252000
2005-12-07,0.2760172188282013,0.2783097184666746,0.27127906922850703,0.2766288636128933,352668000
2005-12-08,0.27380087971687317,0.27815664622192615,0.2706684030043915,0.27456564763509206,386664000
2005-12-09,0.27769818902015686,0.2780806003970817,0.27082068724825986,0.2746418221823705,262896000
2005-12-12,0.28174853324890137,0.28236017817540565,0.2780044114551537,0.2784629333521596,281136000
2005-12-13,0.2854165732860565,0.28786222406137835,0.280219927494574,0.2822831669245044,443412000
2005-12-14,0.28274160623550415,0.2846526239110607,0.27937986906262546,0.2832771131405985,287472000
2005-12-15,0.2791506350040436,0.2846526234188742,0.276246490467924,0.28251234484235715,332724000
2005-12-16,0.2815954089164734,0.2828186714350643,0.27746890316381756,0.2801437872994409,1065600000
2005-12-19,0.2769342064857483,0.28427022715831846,0.27624647846035216,0.2822069610958764,292296000
2005-12-20,0.2767811715602875,0.28083156707294643,0.27311316005689323,0.27662895036734836,304356000
2005-12-21,0.2762465178966522,0.2803730232818753,0.2737247570143617,0.27808052332661304,289380000
2005-12-22,0.28465256094932556,0.2849579323621344,0.2759410584303671,0.2760171689892245,318336000
2005-12-23,0.28686806559562683,0.2872504494396916,0.28350632895738714,0.28541644448033326,214536000
2005-12-27,0.2886259853839874,0.2917593909038215,0.285645757525494,0.28656274650829916,367968000
2005-12-28,0.29130086302757263,0.2922178519052853,0.2867919745502767,0.28862595230570215,264420000
2005-12-29,0.2848048210144043,0.2920647308298364,0.2835824606761234,0.2911477146173741,310464000
2005-12-30,0.2793799340724945,0.28327717905733074,0.2782336839399686,0.28320016661488606,229608000
2006-01-03,0.29206493496894836,0.2942042856862429,0.2800677965535108,0.28098478607815375,472812000
2006-01-04,0.3002416491508484,0.3007001709931565,0.29122387072709266,0.2942811658171421,510072000
2006-01-05,0.30704206228256226,0.30757759642564336,0.2997830822620082,0.30031768722766206,646092000
2006-01-06,0.31208568811416626,0.31323193817286515,0.29840769984726423,0.3105579559352238,623388000
2006-01-09,0.3207971155643463,0.32247887220692795,0.3112456353106462,0.31193336331465293,560484000
2006-01-10,0.32087424397468567,0.32087424397468567,0.31521910360858874,0.3192694991706591,339660000
2006-01-11,0.33248889446258545,0.3343228723565109,0.3206449139316432,0.32117951897964003,626304000
2006-01-12,0.3277518153190613,0.33753256209008803,0.3253823019797435,0.33241295501420054,495504000
2006-01-13,0.3248475193977356,0.32966175221381433,0.32026249281819436,0.3269868687012567,421296000
2006-01-17,0.32461825013160706,0.3247714004495311,0.31613597987340714,0.32041563487636754,329232000
2006-01-18,0.32629916071891785,0.3273693001148085,0.31178029493321224,0.31476055034463957,459948000
2006-01-19,0.34440991282463074,0.3489188019750624,0.330044197965379,0.33065491363294486,914760000
2006-01-20,0.33478134870529175,0.34891872886177117,0.33470523814110986,0.3449453748090005,461604000
2006-01-23,0.33669257164001465,0.3395196777262589,0.3327953257721878,0.3373803273411053,334884000
2006-01-24,0.3383733332157135,0.34540398401282396,0.33653935496127835,0.3374563440884959,388896000
2006-01-25,0.33539313077926636,0.34227063175059375,0.3313427353260702,0.34005424202217016,400236000
2006-01-26,0.3468555212020874,0.34716089266342404,0.3381440172987494,0.3402833665681565,448836000
2006-01-27,0.3534277081489563,0.3573249523405468,0.3484602973073056,0.35136444193311195,385044000
2006-01-30,0.34945347905158997,0.3553378524759638,0.3478487070777993,0.35495546849991977,315780000
2006-01-31,0.34356990456581116,0.34960652517066604,0.3408950210199488,0.34769640940865104,384456000
2006-02-01,0.3437992036342621,0.345174714510847,0.3360807981297694,0.3373801984247901,450852000
2006-02-02,0.3333299160003662,0.3471610580210684,0.3327953107227562,0.34693179702148397,473736000
2006-02-03,0.33638620376586914,0.34051270948557455,0.3301203482614028,0.33119048774265863,504252000
2006-02-06,0.3458624482154846,0.34624393030713335,0.3340175645471288,0.33546918602876113,363468000
2006-02-07,0.33355915546417236,0.3465502924329569,0.3334060050816809,0.3465502924329569,399408000
2006-02-08,0.34318768978118896,0.34318768978118896,0.3345522919484537,0.3345522919484537,393072000
2006-02-09,0.33738014101982117,0.3496065045017306,0.33523986263864447,0.3442576395750355,437100000
2006-02-10,0.33546915650367737,0.3401311684161957,0.32759853040143544,0.33860253463738854,414996000
2006-02-13,0.3366154134273529,0.33898492564571814,0.3321074262702643,0.33439992606208224,280740000
2006-02-14,0.33722707629203796,0.3384494369300849,0.33279522644516824,0.3366154587129043,342348000
2006-02-15,0.3437221944332123,0.3446392108753799,0.3356984440402199,0.33653934989405687,493296000
2006-02-16,0.3606867492198944,0.36145154456503925,0.3477726257265177,0.3501412366737768,1305888000
2006-02-17,0.36274996399879456,0.3875860094737387,0.36068669758103006,0.3872036255202915,2356956000
2006-02-21,0.35503241419792175,0.36259766818144895,0.3518990089991843,0.36198602342013736,684060000
2006-02-22,0.3544207811355591,0.3572478857938287,0.3415827722955809,0.34998890487572876,939756000
2006-02-23,0.3489948809146881,0.3557201860692963,0.3480017814099833,0.35335064666107285,385128000
2006-02-24,0.3489188551902771,0.35472624364807537,0.34708487688134715,0.3505236272037282,416412000
2006-02-27,0.3630562126636505,0.3652717001013869,0.34792570261125183,0.35159371332963757,666468000
2006-02-28,0.36015209555625916,0.36450786203429836,0.35663723490646665,0.3614514959272583,563316000
2006-03-01,0.3738309442996979,0.3759702936018723,0.3591589303091552,0.3614514299331071,703932000
2006-03-02,0.3743656575679779,0.37963841369328405,0.3695513960342725,0.3734486410560173,545460000
2006-03-03,0.37566500902175903,0.38216015283767707,0.37023913017296567,0.3709268856849694,595800000
2006-03-06,0.3749002516269684,0.3855228033342452,0.37306624598623817,0.38300104216214637,529020000
2006-03-07,0.3684811294078827,0.3778803882736156,0.3610690259180632,0.3749771732082296,606204000
2006-03-08,0.3666471540927887,0.37046831484140197,0.3535038007962094,0.3685581990558777,670800000
2006-03-09,0.36855822801589966,0.3772697329583559,0.368328967098169,0.3710799614671672,536700000
2006-03-10,0.36213913559913635,0.37283686447728154,0.3588526077583694,0.3681757279680346,521580000
2006-03-13,0.36649489402770996,0.36825185930100174,0.3630561448696289,0.36580713873034393,372132000
2006-03-14,0.37665823101997375,0.37818686545776714,0.36542496103553684,0.36680047240628894,627792000
2006-03-15,0.38269469141960144,0.38323022565900167,0.37597031515528095,0.3774219365164884,510600000
2006-03-16,0.3697044551372528,0.38384093551660725,0.3684050549485772,0.3833824410381878,568416000
2006-03-17,0.3726847767829895,0.3736778764924816,0.3624446094573664,0.3679466261670424,618588000
2006-03-20,0.36985668540000916,0.3760464293330483,0.36947520333635436,0.3759703187558381,293772000
2006-03-21,0.3881206214427948,0.3950742595479142,0.3779575215094259,0.3881206214427948,1235472000
2006-03-22,0.3769635260105133,0.380096904858105,0.3684812531629561,0.37826289917947753,1158576000
2006-03-23,0.3839940130710602,0.38552267398240725,0.37398313699092794,0.37826276444721957,661992000
2006-03-24,0.3969852328300476,0.3976729882373769,0.3843764839011063,0.3849871995526833,687936000
2006-03-27,0.40768295526504517,0.40798922859749287,0.395991195577845,0.397290595786455,651444000
2006-03-28,0.41394975781440735,0.4193747341199592,0.40500899196003814,0.40584896854399166,795204000
2006-03-29,0.43618714809417725,0.43695101430788946,0.41226808681936766,0.4157068375547687,987096000
2006-03-30,0.439167320728302,0.44153593136926644,0.4287740307186953,0.4366455597367939,1063308000
2006-03-31,0.4375625550746918,0.4449746600128107,0.43488764386151374,0.4388610262122364,835560000
2006-04-03,0.4424528181552887,0.44856647816556067,0.43435295925080397,0.4398549745067985,968916000
2006-04-04,0.4631615877151489,0.4638493431995234,0.44260607226332244,0.4430645668099866,1200612000
2006-04-05,0.46690648794174194,0.4691989873987146,0.45246370856831514,0.46232148902779663,1112976000
2006-04-06,0.46782365441322327,0.471338515499756,0.45926434156563384,0.4656833752767926,789312000
2006-04-07,0.466600239276886,0.4699628782702036,0.45743024042790714,0.4658364006511649,682674000
2006-04-10,0.4585004448890686,0.4682821172617295,0.454985584245982,0.4655310953529508,634230000
2006-04-11,0.44734328985214233,0.4600291071815361,0.4445922952662077,0.4600291071815361,702072000
2006-04-12,0.4653778374195099,0.46782348724172784,0.44780167991183745,0.4502473297340554,598308000
2006-04-13,0.4523867964744568,0.46063977995249306,0.4505527910364192,0.4554440643275505,738360000
2006-04-17,0.45361003279685974,0.46491943628603416,0.44994202213177664,0.45162290445729636,443868000
2006-04-18,0.4429113566875458,0.4456623507552942,0.43083718652512204,0.44550920043436537,1165488000
2006-04-19,0.4456624686717987,0.45055284065254714,0.43404681722127497,0.4401604517517886,517476000
2006-04-20,0.4450507164001465,0.45299835465394034,0.434352985862987,0.44168900665378047,552684000
2006-04-21,0.4290032386779785,0.4482602531554046,0.4238074961637575,0.4464262478724945,770016000
2006-04-24,0.4421475827693939,0.4464263095691083,0.42411292626229796,0.43175429260689174,676848000
2006-04-25,0.44184136390686035,0.442911503495498,0.4294618455055366,0.43710411464200466,719766000
2006-04-26,0.4387848973274231,0.4502473965698176,0.43404674729368825,0.443523020032404,330528000
2006-04-27,0.44581547379493713,0.4499419509796681,0.42762767183257466,0.4371039430107847,462966000
2006-04-28,0.4465794265270233,0.4522345934121178,0.4422997979364689,0.44612093198134756,284736000
2006-05-01,0.47225528955459595,0.4809668196244306,0.4496356408166072,0.4496356408166072,902472000
2006-05-02,0.47164395451545715,0.4814255748636839,0.46354409161570875,0.47577043383190465,539700000
2006-05-03,0.4747009575366974,0.4798966991452501,0.4658363314817518,0.4662947985616228,378114000
2006-05-04,0.47164395451545715,0.4768405735531747,0.46293241923097345,0.46537807027690165,511128000
2006-05-05,0.47806283831596375,0.47974465008364153,0.4675173264917122,0.4740895101894984,338184000
2006-05-08,0.47592347860336304,0.4872328836366522,0.47149162866706473,0.47684046773045685,503622000
2006-05-09,0.46140456199645996,0.4777574884246883,0.46079294443454466,0.47531183803971067,561648000
2006-05-10,0.4511643946170807,0.46125140993873104,0.4465793677772376,0.4559025171299868,753264000
2006-05-11,0.43511682748794556,0.4600290055962019,0.43160196761346986,0.4557493506481946,1201110000
2006-05-12,0.4024102985858917,0.4268639632307615,0.39339342036270675,0.4247246132831425,1568172000
2006-05-15,0.4082184433937073,0.41173330320721324,0.398131429209363,0.40164628902286903,553380000
2006-05-16,0.3975198566913605,0.41066323864368665,0.3949220126019054,0.410511017480217,497532000
2006-05-17,0.3814724087715149,0.39843692681866755,0.3744417577408433,0.3961444265957084,841074000
2006-05-18,0.36420246958732605,0.3881967062202173,0.36374397507091627,0.3845287227601847,686730000
2006-05-19,0.3718439042568207,0.3805554109981894,0.36389626367765815,0.36756427514626383,932808000
2006-05-22,0.36680033802986145,0.3706214717998688,0.35671332210681733,0.3698567039365301,734886000
2006-05-23,0.362826943397522,0.38315319571258344,0.3612983095718627,0.37444169095341767,532314000
2006-05-24,0.36756426095962524,0.3784160464263479,0.3577835168727308,0.3660365286941777,579522000
2006-05-25,0.3655780851840973,0.37994380444362946,0.36359092887954786,0.3744418140131739,423666000
2006-05-26,0.36634182929992676,0.3693981950879819,0.3625206683494592,0.36695344679982994,294642000
2006-05-30,0.3510582149028778,0.36710571560874583,0.35090599372697634,0.36695349443284436,448788000
2006-05-31,0.3512113392353058,0.3591590063586349,0.3490719894801386,0.3557963667828092,598422000
2006-06-01,0.3695513606071472,0.3695513606071472,0.3496826987481412,0.3551847153061752,537126000
2006-06-02,0.36420246958732605,0.3773458515235507,0.36053445879853874,0.37551184612915706,673710000
2006-06-05,0.3489188551902771,0.368939739514832,0.347848715674555,0.36221538923132707,581052000
2006-06-06,0.33959561586380005,0.35365691422774,0.3301202732464485,0.3533506409134443,824130000
2006-06-07,0.333482950925827,0.3438753109982758,0.3308841503601018,0.3432636661472705,565380000
2006-06-08,0.3273693323135376,0.3339414886528023,0.314225976141534,0.3296618324972312,730572000
2006-06-09,0.32629916071891785,0.33730316598408905,0.32354816623481386,0.3316489558494499,433824000
2006-06-12,0.30826547741889954,0.32492372247146256,0.3064314717307157,0.3206449953175711,463230000
2006-06-13,0.303527295589447,0.314378178248141,0.3006231506518033,0.30811229567864085,532548000
2006-06-14,0.3123919367790222,0.31330892582192804,0.3021517703206587,0.30536128662833883,480492000
2006-06-15,0.33974891901016235,0.3408190587296119,0.3212557634089124,0.3238545375123297,837336000
2006-06-16,0.3310372531414032,0.3383732462602049,0.32782773736341153,0.33745625736863605,503448000
2006-06-19,0.3211034834384918,0.336386217084842,0.3203386881330955,0.3347053617959944,388044000
2006-06-20,0.31605997681617737,0.3232428494166898,0.3110164815205057,0.31223884228964993,535818000
2006-06-21,0.31957489252090454,0.3246183882468019,0.31468451984932994,0.31468451984932994,441174000
2006-06-22,0.3102515637874603,0.3240065592263132,0.3081121875150197,0.32308957046188835,532338000
2006-06-23,0.31040480732917786,0.31682381315980507,0.30673682351793174,0.3096409412354033,335202000
2006-06-26,0.3075006902217865,0.3133089808419726,0.3059729852241907,0.30994634092991064,281736000
2006-06-27,0.2977199852466583,0.30964098202906554,0.29359347900269717,0.30933470860626294,608514000
2006-06-28,0.314225971698761,0.31911631620882086,0.2922179319862081,0.30001244889781614,833376000
2006-06-29,0.3284393846988678,0.3284393846988678,0.3045973727150948,0.305666582754873,687666000
2006-06-30,0.32538214325904846,0.3368446420493566,0.3229374223478456,0.3316489268942304,468240000
2006-07-03,0.33012038469314575,0.33317672394013237,0.32782785697030187,0.33287137970029385,174696000
2006-07-05,0.31529510021209717,0.32782773720325514,0.31529510021209717,0.3249236202126178,459708000
2006-07-06,0.3055143356323242,0.31835234309556804,0.3023048474308874,0.3152950760222137,470634000
2006-07-07,0.29603809118270874,0.3082653841960443,0.2926763542251561,0.30765373942568247,541230000
2006-07-10,0.28320011496543884,0.29894226972712745,0.28060224362277014,0.296802892888098,449922000
2006-07-11,0.29267629981040955,0.2937455369844054,0.2781565372405944,0.28228301386296717,600582000
2006-07-12,0.2786150276660919,0.2949687947971952,0.27830965626639215,0.29160615666361184,461034000
2006-07-13,0.2714323401451111,0.28121398782955515,0.2700568288194048,0.2743364858585505,540582000
2006-07-14,0.27005669474601746,0.2780043324933927,0.26241533029940567,0.2764756988645709,572148000
2006-07-17,0.2721961438655853,0.2752534119385125,0.26745892242733255,0.2688344061081987,502806000
2006-07-18,0.2870212495326996,0.2899253942287946,0.2714322450602859,0.28151926081479073,979332000
2006-07-19,0.29955387115478516,0.30322185398107343,0.2836585683600384,0.28579884673776695,1055550000
2006-07-20,0.29359349608421326,0.3102517432271617,0.29313500143682214,0.30490287585687326,505602000
2006-07-21,0.2715851962566376,0.284881719792149,0.2694449189162193,0.2836584308816862,633918000
2006-07-24,0.29894229769706726,0.3058197978813982,0.2801437753302244,0.2816724093208408,983178000
2006-07-25,0.3094877600669861,0.3126972487149741,0.29817838456689294,0.30261026096808136,574104000
2006-07-26,0.3094877600669861,0.3131557705179028,0.30031773393969435,0.3094877600669861,495318000
2006-07-27,0.31391969323158264,0.3262992113230622,0.3082654822200596,0.3134611986345855,694338000
2006-07-28,0.34647321701049805,0.3470848619226269,0.3201864507838238,0.32202045634246973,815298000
2006-07-31,0.3383733332157135,0.34632100046879893,0.3374563440884959,0.3428052104813672,594762000
2006-08-01,0.3247714936733246,0.3348584837288256,0.3186578317967064,0.3342468387878284,600966000
2006-08-02,0.3496827185153961,0.3513645029561565,0.33119049576045934,0.33195433454755785,756774000
2006-08-03,0.37169069051742554,0.3811669629576993,0.34356992290070537,0.3484602939395696,890568000
2006-08-04,0.3666471540927887,0.3820839635778389,0.35717178389040505,0.38147231878149274,818232000
2006-08-07,0.36236849427223206,0.3669534944744282,0.3553378436152846,0.3602282153470527,436146000
2006-08-08,0.37199702858924866,0.3797915182535325,0.3643547327770481,0.36527174924439537,619806000
2006-08-09,0.3718439042568207,0.38972543966970363,0.36909290931974625,0.3793330502345974,584706000
2006-08-10,0.3692459464073181,0.37138532320443773,0.36145145801188,0.3677173125896708,1072140000
2006-08-11,0.3576303720474243,0.36695352354403854,0.34112437547768465,0.34234673621302697,1603272000
2006-08-14,0.35579636693000793,0.36573023345840794,0.3538092110217298,0.3620622223503905,809412000
2006-08-15,0.39003077149391174,0.39201792753432324,0.3614515306517984,0.3649663916392626,902172000
2006-08-16,0.417999267578125,0.4196810519508142,0.3820840338513311,0.3921710233765239,1029246000
2006-08-17,0.4114280641078949,0.4236544587377894,0.4073015582199939,0.41280357518011473,814224000
2006-08-18,0.4181523323059082,0.4202916816177896,0.3975198082679724,0.4118864781864396,665898000
2006-08-21,0.4027165472507477,0.41265041405834657,0.40179955811234913,0.41188657527852185,500220000
2006-08-22,0.40210482478141785,0.41326197929302655,0.4011878358198507,0.4014932073003463,473928000
2006-08-23,0.40179958939552307,0.4092878062528091,0.39293493221695075,0.4051613001512201,485412000
2006-08-24,0.4059261381626129,0.4080654883702177,0.3964498350126246,0.4028688421421362,260802000
2006-08-25,0.40470272302627563,0.411886523362202,0.3988953627309756,0.4028687176518884,238314000
2006-08-28,0.4186108410358429,0.4305318614038251,0.410663202617164,0.41142797042054585,764562000
2006-08-29,0.4375625550746918,0.43954878166121764,0.4195278997017888,0.42258426567761803,727962000
2006-08-30,0.4465794265270233,0.45116445397005,0.4389380602862263,0.44000729787933374,681564000
2006-08-31,0.4448986053466797,0.44749647712595053,0.43527010983705955,0.44550932111200015,511278000
2006-09-01,0.42625224590301514,0.44184127819716074,0.4245713908381138,0.43832639039661947,605742000
2006-09-05,0.4355754554271698,0.4372563107215868,0.421361959408322,0.42762781518164206,549354000
2006-09-06,0.4137204885482788,0.4285447249154677,0.41265034921945526,0.42793400926141945,493572000
2006-09-07,0.42197364568710327,0.4312958966756668,0.4025635010859473,0.4069953519230942,742836000
2006-09-08,0.42334914207458496,0.43053201525671975,0.41402598956522946,0.4286980093655806,447978000
2006-09-11,0.4299202561378479,0.434811529339309,0.4091355083350036,0.4138727293457796,598266000
2006-09-12,0.44123056530952454,0.4439815872720552,0.4268639199086213,0.4279340593627338,498432000
2006-09-13,0.4447454810142517,0.4505528421701841,0.4409243193599233,0.44229983042674864,476286000
2006-09-14,0.44306454062461853,0.45085905677227506,0.43725625104831584,0.44260604610505166,428814000
2006-09-15,0.4517759680747986,0.45391534462002725,0.44245281963067046,0.4445921961758992,649764000
2006-09-18,0.4688928425312042,0.4696576105033802,0.4516229803007458,0.452998464034579,793896000
2006-09-19,0.45666640996932983,0.46919907611452116,0.4528452762023036,0.4658364368598314,708054000
2006-09-20,0.4733255207538605,0.4739362637139139,0.4617098717793063,0.46262686073946524,511884000
2006-09-21,0.46950456500053406,0.47760442722313806,0.46507265979367646,0.4728672050959437,539106000
2006-09-22,0.45559632778167725,0.47103311327775904,0.45040061167448237,0.4681289954996981,653334000
2006-09-25,0.47195011377334595,0.47393636793919547,0.44994210060213496,0.4624738667726811,684486000
2006-09-26,0.4620153307914734,0.4727139928328074,0.456054819434921,0.4714916321610367,516120000
2006-09-27,0.4606398642063141,0.47531191039422094,0.45620801380957055,0.4606398642063141,578142000
2006-09-28,0.4519282579421997,0.4537622633125624,0.44061890887730965,0.4426060372578519,647346000
2006-09-29,0.45223456621170044,0.45850042110984335,0.44978891595094683,0.4549855606490481,373890000
2006-10-02,0.44077202677726746,0.452998392049966,0.43710401607906824,0.45009427468228924,647442000
2006-10-03,0.43251901865005493,0.43588075602040777,0.42289052467748267,0.43251901865005493,907692000
2006-10-04,0.47500643134117126,0.47515958167911326,0.43190737373866356,0.4331297615805278,1460382000
2006-10-05,0.46155673265457153,0.47791053181321125,0.4603343721847137,0.47317238191109007,662682000
2006-10-06,0.4727139174938202,0.4776042885792577,0.4609460470140456,0.46232155782441436,593610000
2006-10-09,0.5031283497810364,0.5093941802916279,0.47026851295716415,0.47164402448588544,932304000
2006-10-10,0.49166569113731384,0.5025165202472628,0.4860104963765293,0.5005293915216614,624648000
2006-10-11,0.4944165050983429,0.5031280362464509,0.4815784965931056,0.4890667382101075,481944000
2006-10-12,0.49640271067619324,0.5066428471659058,0.48921984121228823,0.4971674783569852,414720000
2006-10-13,0.5161182284355164,0.519022345228295,0.4866219821869737,0.49472184065294145,584190000
2006-10-16,0.5152014493942261,0.5262054291337359,0.5060313934012753,0.51780019580897,478968000
2006-10-17,0.4954858124256134,0.5103110066077143,0.4905954955310008,0.5067961459972233,526506000
2006-10-18,0.48234236240386963,0.508171473606263,0.47882750268338303,0.502821707022193,822750000
2006-10-19,0.4915125370025635,0.4951805483520999,0.4766873958975819,0.48050850295395425,473040000
2006-10-20,0.4858573079109192,0.4956389247856496,0.4788275872287265,0.4953335532907002,359478000
2006-10-23,0.48264777660369873,0.49655592633851003,0.4814254160728911,0.4847880553403007,280248000
2006-10-24,0.49670910835266113,0.5022111521873817,0.48218934016648207,0.48356485112516223,519288000
2006-10-25,0.5012940764427185,0.508935469485015,0.493041065874988,0.5014462976052148,389436000
2006-10-26,0.5171886086463928,0.5188694367803229,0.5025165619190362,0.5025165619190362,366690000
2006-10-27,0.4948751628398895,0.5286510481839735,0.48906687257949877,0.517188547200998,566988000
2006-10-30,0.5008355975151062,0.5096992962228044,0.4928879586363571,0.49823679699678614,479592000
2006-10-31,0.5329306125640869,0.5329306125640869,0.5092408454991084,0.5118395914438724,996174000
2006-11-01,0.491817831993103,0.5307903303679262,0.48448181043601507,0.5258999590557525,1176540000
2006-11-02,0.4884561002254486,0.5048089721640033,0.481730821220918,0.4941103652667322,862944000
2006-11-03,0.4982369840145111,0.49884865641270987,0.4860105868716755,0.4939582833911715,548070000
2006-11-06,0.5133673548698425,0.520244855048009,0.4933464719035801,0.49961235451350966,739602000
2006-11-07,0.5211619734764099,0.5266639634758348,0.5142844176552281,0.517188590356513,553254000
2006-11-08,0.5288040637969971,0.5352230408488076,0.5162714265003532,0.5174937868783053,648324000
2006-11-09,0.5393494367599487,0.553256652066444,0.5347644386927954,0.5396548081473219,1207758000
2006-11-10,0.5263586044311523,0.5373626393493299,0.5130620690705446,0.534764767331861,1317192000
2006-11-13,0.5502004623413086,0.5517290687281744,0.5272754111935439,0.5274285615169966,852282000
2006-11-14,0.5557026267051697,0.5567727662959278,0.5364455798235579,0.5482134532680342,628530000
2006-11-15,0.5465322732925415,0.5616627769609708,0.543475881380587,0.5540213872499459,491892000
2006-11-16,0.5535632371902466,0.5555494366801539,0.5440869356199732,0.5488250864051099,457182000
2006-11-17,0.5550910234451294,0.5566196851641855,0.5463795427969487,0.5497421831816658,361608000
2006-11-20,0.560287356376648,0.5633436941203546,0.5440867112132324,0.5482131880299393,608634000
2006-11-21,0.5515759587287903,0.5628853621347681,0.5477548524135486,0.56196837313962,387384000
2006-11-22,0.5610514879226685,0.5616631602563755,0.5506591252346396,0.5535632980323514,240258000
2006-11-24,0.5651779174804688,0.5664012072651038,0.5532568953997736,0.5583004173548782,144336000
2006-11-27,0.5396550893783569,0.5693044419837144,0.5358339277194731,0.5618162528633985,585294000
2006-11-28,0.5497418642044067,0.5546322342926744,0.5294146869979106,0.5378208458219725,480966000
2006-11-29,0.5578418374061584,0.5645671156595895,0.552646094820001,0.5547854989469458,579792000
2006-11-30,0.5653311014175415,0.5699161017736719,0.5511175784505309,0.5578419286259315,583632000
2006-12-01,0.5431695580482483,0.559828665228601,0.5382791895769099,0.559064826982572,785010000
2006-12-04,0.5651779174804688,0.5722085679557553,0.5482133734446689,0.5502005566223632,621570000
2006-12-05,0.5593703985214233,0.5625798867404364,0.553104517732264,0.5592172482150597,663354000
2006-12-06,0.5586066842079163,0.5612045558682464,0.5509644158843521,0.5612045558682464,478242000
2006-12-07,0.5451567769050598,0.5616627912650728,0.5402664076119261,0.5586063992752799,486894000
2006-12-08,0.5433229207992554,0.5508120920288629,0.5333890833779483,0.5411835714261852,564858000
2006-12-11,0.5526461005210876,0.5592173539884491,0.542252811543835,0.5434761012137318,515484000
2006-12-12,0.5469910502433777,0.5503536899501321,0.5396550824022565,0.5485197116542309,568116000
2006-12-13,0.5534098744392395,0.5578417228013741,0.551422746534181,0.551422746534181,491952000
2006-12-14,0.5631916522979736,0.5702214281134816,0.55738341720245,0.5578418844072122,715380000
2006-12-15,0.5731253623962402,0.5731253623962402,0.5633436933297616,0.5668594819622286,746094000
2006-12-18,0.5830592513084412,0.5899367490832625,0.5734307325606937,0.5737369784978967,688356000
2006-12-19,0.5914655327796936,0.5945219260875156,0.5748064156158605,0.575571183497315,545622000
2006-12-20,0.5847411155700684,0.5954388461824577,0.5842825937708556,0.5884091259912597,306594000
2006-12-21,0.5796977877616882,0.5896316830721088,0.5731256580000644,0.5879508002977104,367920000
2006-12-22,0.5659427642822266,0.5807670315145486,0.563191741985512,0.5787807772376947,370170000
2006-12-26,0.5657896399497986,0.5740426525622403,0.5634971394828716,0.5689991843295144,228192000
2006-12-27,0.5732788443565369,0.5752650441735444,0.5682353211964507,0.5682353211964507,264954000
2006-12-28,0.5691522359848022,0.5745011300392271,0.5665534896204149,0.5738894577520975,213912000
2006-12-29,0.5656362175941467,0.5810730249410004,0.5650255293887053,0.5691520063820114,386094000
2007-01-03,0.5514230132102966,0.5734310283744165,0.5317074438295523,0.5665535270517241,1154820000
2007-01-04,0.5488250255584717,0.5514228970268388,0.5353753426642152,0.5494366430996253,797298000
2007-01-05,0.514437198638916,0.537973857930801,0.5107691897205885,0.5358335802746912,1243344000
2007-01-08,0.5182586908340454,0.5281925304866114,0.5074068781917473,0.5162715621639233,657270000
2007-01-09,0.508171558380127,0.5225373002770816,0.5075599408760676,0.5190224399702412,764166000
2007-01-10,0.5332358479499817,0.5379739969205011,0.4951803480731817,0.5028216845750562,1108746000
2007-01-11,0.5312488079071045,0.5373624684207001,0.5225372762023919,0.5332359361424138,924504000
2007-01-12,0.5384325385093689,0.540571887619918,0.5208563816883833,0.5233020314150516,698190000
2007-01-16,0.5393494367599487,0.5428642958628315,0.5332357780588143,0.5425589244754583,711864000
2007-01-17,0.5280392169952393,0.5350698651012664,0.5260529636646034,0.531860322398232,707934000
2007-01-18,0.48432961106300354,0.5234543870184061,0.47775748255749234,0.5234543870184061,1501638000
2007-01-19,0.48723268508911133,0.49731967069172195,0.47577013437013105,0.479132772630126,942606000
2007-01-22,0.48723268508911133,0.49976532019829645,0.48539865292477774,0.4918176835137064,730644000
2007-01-23,0.48738592863082886,0.4951804720440115,0.47592342909086527,0.4849402783820833,630354000
2007-01-24,0.5025163888931274,0.509088571116028,0.4913592619685144,0.4936517616481225,685722000
2007-01-25,0.4849403202533722,0.5089355154350781,0.48249559897119787,0.5071014825558222,616284000
2007-01-26,0.4809669554233551,0.49380496596431905,0.47225542289385725,0.4890668157615565,829584000
2007-01-29,0.461251437664032,0.4791329149691173,0.4571249050615062,0.4788275981247279,1258284000
2007-01-30,0.4701160192489624,0.47317235752614867,0.4601812527942523,0.4643077303312302,636174000
2007-01-31,0.4684344232082367,0.47286720291500867,0.46201538914524115,0.46782368005533514,467976000
2007-02-01,0.4743950068950653,0.47684065837603856,0.46308565199769974,0.464002641491415,650898000
2007-02-02,0.486774206161499,0.48906670557526205,0.47301920967892114,0.47699346563041567,586590000
2007-02-05,0.4947219789028168,0.4988485117711276,0.4883030006510164,0.4890668393862762,579906000
2007-02-06,0.5122981667518616,0.5187171453326472,0.49839001544339157,0.5058791335135607,775386000
2007-02-07,0.5323190689086914,0.5335414296198846,0.5133673947361121,0.5164246629520212,761058000
2007-02-08,0.5254415273666382,0.5329306451126724,0.5196341666318778,0.5242191667504295,726276000
2007-02-09,0.4990014433860779,0.5324719985682329,0.49701431552003233,0.5280392211157036,937956000
2007-02-12,0.5100057125091553,0.5208565966838671,0.49731992072769754,0.5026696894784969,789360000
2007-02-13,0.5196340680122375,0.5237605454727784,0.5130618859482111,0.5182585573062232,849732000
2007-02-14,0.5127566456794739,0.5272754841882397,0.5115333559351097,0.5242191455114444,1081848000
2007-02-15,0.5158131122589111,0.5184109843811106,0.5075600994019472,0.5124504720589964,488682000
2007-02-16,0.5000706911087036,0.5142841534162194,0.4985429595344538,0.5136734652519643,915060000
2007-02-20,0.504503607749939,0.5072545747672305,0.49731980754760496,0.500835597069376,625578000
2007-02-21,0.4970143437385559,0.5057258743190299,0.4919708231573605,0.5003769822993395,655332000
2007-02-22,0.5002239942550659,0.5129089103880733,0.4990016335846136,0.5048089945770818,655452000
2007-02-23,0.4990014433860779,0.5052673238854615,0.49884834774429127,0.5049619524643042,403050000
2007-02-26,0.4913593530654907,0.5041973645829368,0.49059551430902976,0.5003771323078683,494070000
2007-02-27,0.4765351116657257,0.4974729827980009,0.475770289122943,0.48601042835061936,714630000
2007-02-28,0.47378402948379517,0.48402323822911947,0.4693512512990847,0.4751595402148148,780048000
2007-03-01,0.4679758846759796,0.47668741888338734,0.45743037203412823,0.46354403430408875,837228000
2007-03-02,0.4549855589866638,0.46950445180131134,0.45406854262506197,0.4638493126057735,682728000
2007-03-05,0.43954870104789734,0.45590247101489395,0.43802096926462697,0.4470378443729238,663558000
2007-03-06,0.46553102135658264,0.4705745425018362,0.44734321778536595,0.44917722299011714,805974000
2007-03-07,0.4523867964744568,0.46537793022779456,0.45040056986951355,0.4632385806070215,811656000
2007-03-08,0.4710331857204437,0.47622892995547744,0.46155688283286533,0.46186318359757317,770622000
2007-03-09,0.4662948250770569,0.4829539936695792,0.4609459875169083,0.47760422693193877,555306000
2007-03-12,0.4635438323020935,0.4702681801154792,0.4603342894541836,0.46094596149674005,428010000
2007-03-13,0.44398149847984314,0.46155670037275087,0.4436751978362204,0.4588057336179015,617070000
2007-03-14,0.44184136390686035,0.44780184847452575,0.4285448289598311,0.4452040038666217,971610000
2007-03-15,0.437409371137619,0.4447453922583249,0.4306849948361718,0.4407720102127659,655752000
2007-03-16,0.43328288197517395,0.4384795265210257,0.4302265161220219,0.43771475867107795,525648000
2007-03-19,0.43542227149009705,0.442452894259209,0.43404676060731673,0.43557539450281696,461508000
2007-03-20,0.43328288197517395,0.4439815425632795,0.43160202696477384,0.43404674797624204,656490000
2007-03-21,0.45804187655448914,0.46522471970416396,0.44229972301604026,0.45085900607606255,1268376000
2007-03-22,0.46812888979911804,0.47087985659722775,0.4563610200256858,0.4585003693619758,810954000
2007-03-23,0.46293216943740845,0.47286698947310635,0.4595704600527876,0.46461398063592535,524640000
2007-03-26,0.4638492465019226,0.4676703524297052,0.45544398859708246,0.46323850358049445,447336000
2007-03-27,0.45513784885406494,0.4636971067811296,0.4546793542684305,0.46278011760986065,469020000
2007-03-28,0.4464261829853058,0.45513768631636353,0.4456623171221318,0.45131745515177657,459504000
2007-03-29,0.4386317729949951,0.453762283823472,0.4314489015277989,0.45315156812417573,719016000
2007-03-30,0.43985506892204285,0.44780177921716324,0.437562568905479,0.44459229012547624,581244000
2007-04-02,0.43939658999443054,0.4424529288466908,0.4322127889935163,0.4387849450871338,400830000
2007-04-03,0.4377148449420929,0.44428697429727054,0.433588338929281,0.43939662946159636,473724000
2007-04-04,0.43679776787757874,0.4406189291328997,0.43557540730035915,0.4371040412407718,361692000
2007-04-05,0.47225528955459595,0.47271381127419043,0.43863163879253597,0.43863163879253597,1332900000
2007-04-09,0.463697224855423,0.47760450578209507,0.46278023545065505,0.47225561044148584,640950000
2007-04-10,0.4589589536190033,0.46843432502147453,0.4580419372327472,0.4630854317065117,794220000
2007-04-11,0.45070597529411316,0.4644610042840489,0.4491773411598557,0.45987600373032334,810150000
2007-04-12,0.4635438323020935,0.46491934285726977,0.44535693296723705,0.4482601752051491,743640000
2007-04-13,0.4673650562763214,0.4682820999837535,0.45636107836223944,0.46201528848540263,638694000
2007-04-16,0.46491938829421997,0.4696574831503701,0.45895887841092853,0.4661417486638595,671838000
2007-04-17,0.469351202249527,0.4875389765287131,0.4670587028232398,0.4766872222766451,1059108000
2007-04-18,0.4751596748828888,0.4792861535879563,0.46614189481066126,0.4685874908367224,683802000
2007-04-19,0.48173093795776367,0.48448196055848586,0.4699630632859706,0.47133857458633166,568056000
2007-04-20,0.48738592863082886,0.48906681101097577,0.4809669507514529,0.48876143950712636,590052000
2007-04-23,0.4794384241104126,0.48601055417530603,0.4780629128480159,0.48509356488621636,595272000
2007-04-24,0.49747297167778015,0.5019048211505698,0.48432958976491475,0.48753907870283353,1028088000
2007-04-25,0.5060313940048218,0.50878241627174,0.49441667113030574,0.49670917146689786,509640000
2007-04-26,0.5122981667518616,0.5161183991166899,0.5014463543762966,0.5060313546932907,500070000
2007-04-27,0.5054205060005188,0.5162713857573615,0.49731971824702853,0.5106162477443066,554058000
2007-04-30,0.502669632434845,0.5187171331679874,0.5025164820809488,0.512298154737736,563388000
2007-05-01,0.5080183148384094,0.5152011836962322,0.5038917835710759,0.5118394200451605,544554000
2007-05-02,0.5020579695701599,0.5127566303723462,0.4994600981696903,0.5106163516368194,659658000
2007-05-03,0.5115333795547485,0.5148960190761197,0.5058791144813387,0.5067961582362486,500250000
2007-05-04,0.5152014493942261,0.51780019580897,0.5093940333063751,0.5142844055346675,405246000
2007-05-07,0.504962146282196,0.5284978910301837,0.504350528685216,0.5226905300222189,557100000
2007-05-08,0.5087822079658508,0.5100054974069147,0.4921239693080495,0.5019047097718635,737100000
2007-05-09,0.5110749006271362,0.5139790731726271,0.49930702775121355,0.5051143890068767,417870000
2007-05-10,0.5015994310379028,0.519939429611334,0.4971675817295317,0.513215080481284,802584000
2007-05-11,0.537057101726532,0.5422527894975411,0.5205510817813714,0.5286509414248469,1530630000
2007-05-14,0.5317072868347168,0.5399602969166226,0.5266638201484174,0.5349168302303232,731568000
2007-05-15,0.5269701480865479,0.5364455201004538,0.5257469129174985,0.5332360308633415,621360000
2007-05-16,0.5336945652961731,0.5336945652961731,0.5173416925365364,0.5274286823720853,523104000
2007-05-17,0.5248298048973083,0.5349168479184678,0.521773466389277,0.5321658262476957,443664000
2007-05-18,0.5352228879928589,0.5367506193989809,0.5243711359588397,0.5288039127742632,604266000
2007-05-21,0.5369040369987488,0.5502005703682574,0.5310966761630095,0.5336945477914583,645768000
2007-05-22,0.5398081541061401,0.5446985258285578,0.5286510251515543,0.5373625583135787,401736000
2007-05-23,0.5254415273666382,0.5433230059659845,0.5239128660487109,0.5401135168145008,448248000
2007-05-24,0.5064898133277893,0.5294148120494442,0.5043504637939832,0.5278871346914339,607800000
2007-05-25,0.514437198638916,0.5170350687291887,0.5086298412416623,0.51015757250388,308976000
2007-05-29,0.5199396014213562,0.5216204842936517,0.5107695991044843,0.512298260769114,316242000
2007-05-30,0.5211619734764099,0.5211619734764099,0.5074069164915669,0.513825950372163,331650000
2007-05-31,0.5294147729873657,0.5326243162975928,0.5225372738783153,0.5249829239083915,481572000
2007-06-01,0.5330828428268433,0.5433229820563836,0.5321658537749887,0.5353753427852348,429084000
2007-06-04,0.5359870195388794,0.5390433582309787,0.5260531262556495,0.5281924758881016,322002000
2007-06-05,0.5518811941146851,0.5527981828836841,0.5365984670054853,0.5375154557744843,698586000
2007-06-06,0.5560078024864197,0.5648724293014715,0.545768539518835,0.548061039087252,950736000
2007-06-07,0.5500475168228149,0.5616631697163761,0.5498952956202355,0.5534101569754506,791862000
2007-06-08,0.5586066842079163,0.5593705776294348,0.5387380218264752,0.5454624265104029,533268000
2007-06-11,0.5605930089950562,0.5639556490212986,0.5555494862158632,0.5586067546705276,434634000
2007-06-12,0.5547856092453003,0.5654842170747362,0.5544802376946995,0.5576897271257504,526770000
2007-06-13,0.5680823922157288,0.5682355426617042,0.5537157653692841,0.5608995160528804,587232000
2007-06-14,0.5781687498092651,0.5803080982833706,0.5647190740799766,0.565483841557805,508548000
2007-06-15,0.6044566631317139,0.6090416627924845,0.5845880033233304,0.5847411536588987,1081998000
2007-06-18,0.604762077331543,0.6127097167201561,0.5998717058319185,0.6105694378965748,685662000
2007-06-19,0.6085830330848694,0.6099584888897478,0.596814236404933,0.6009407131345536,491952000
2007-06-20,0.6091940402984619,0.6143907134575932,0.6050675614077214,0.6113343195202008,822792000
2007-06-21,0.6568779945373535,0.6622278173606398,0.616224610064737,0.6209627606476511,1297326000
2007-06-22,0.6666598320007324,0.6704809944138795,0.6472496868212317,0.6571844576707874,882618000
2007-06-25,0.6490831971168518,0.6639083302367859,0.6420534789328017,0.648013987333186,819702000
2007-06-26,0.6189755201339722,0.6492365380321546,0.617446859055857,0.6474025054779442,868482000
2007-06-27,0.6356346607208252,0.6363985540301546,0.6159191515903026,0.6189755446902158,613140000
2007-06-28,0.6417475938796997,0.6486251500696657,0.6312020805984498,0.6374688936201199,597534000
2007-06-29,0.6313549876213074,0.6461801246256325,0.631049616154866,0.6460270289611431,516570000
2007-07-02,0.6576428413391113,0.6579481582241516,0.6383857959450553,0.6403720500808174,563850000
2007-07-03,0.6587120294570923,0.6639086472843818,0.6518345290932778,0.6571842972755683,238770000
2007-07-05,0.6657424569129944,0.6678818059618145,0.6556554160361713,0.6588649588556128,373290000
2007-07-06,0.6689521074295044,0.6715499788423179,0.6636032689205766,0.6648256294565783,282720000
2007-07-09,0.6883622407913208,0.691571784365091,0.6712446021878676,0.6713977525275027,536784000
2007-07-10,0.695086658000946,0.6992131360206798,0.6775104972220041,0.6848465188765418,552654000
2007-07-11,0.6920302510261536,0.6996716440370363,0.6824017296271327,0.6949334939184612,582612000
2007-07-12,0.7053267955780029,0.7060906342762197,0.6920302631905121,0.6969206345569197,438732000
2007-07-13,0.7010469436645508,0.7117455465462155,0.7002830505524262,0.7033394428633086,372630000
2007-07-16,0.7137320041656494,0.716636121534519,0.7015056115591746,0.7016587618963958,541710000
2007-07-17,0.7106756567955017,0.7310028399628037,0.71006403924233,0.7166361677345974,643812000
2007-07-18,0.6976847052574158,0.7025759523872869,0.6839296475245521,0.7004356730779696,550656000
2007-07-19,0.6969205141067505,0.7111340330781184,0.6920301435855554,0.707619173208588,407376000
2007-07-20,0.6892794966697693,0.7039514895591275,0.6859168563786779,0.701505838575335,505650000
2007-07-23,0.6961568593978882,0.7103703821230948,0.6853050471143088,0.6868337084854401,360474000
2007-07-24,0.6778167486190796,0.6992131415596673,0.6735371202228964,0.693405781094087,457560000
2007-07-25,0.6746070981025696,0.6875973268269329,0.6590180693598726,0.6779688074665172,437196000
2007-07-26,0.6779687404632568,0.6874450377574941,0.6584063868965239,0.6674232333148882,710268000
2007-07-27,0.6762881875038147,0.7074661998927602,0.6759828159734347,0.6762881875038147,615480000
2007-07-30,0.6952398419380188,0.6963090521970038,0.6785806693965325,0.6787338197464802,538158000
2007-07-31,0.6993663907051086,0.7325306596058376,0.6984494015258589,0.7227499153923286,711492000
2007-08-01,0.6941695809364319,0.706243696614694,0.6617691597919718,0.6892792101794045,705828000
2007-08-02,0.6911134123802185,0.7027281355169597,0.6817902604539762,0.70211744703881,468606000
2007-08-03,0.6501536965370178,0.6938644072139319,0.6498483249812834,0.6888208846964105,623412000
2007-08-06,0.6556554436683655,0.6605458140092382,0.6373154480757532,0.6556554436683655,524724000
2007-08-07,0.6660481691360474,0.6768999285911103,0.6469442713782363,0.6556557515119431,565764000
2007-08-08,0.6967675089836121,0.7175532140906548,0.6729255197973917,0.6781221373754431,660744000
2007-08-09,0.705020546913147,0.7244307418240671,0.6854581854839628,0.7015056861767942,1251834000
2007-08-10,0.6723147034645081,0.6768997029872774,0.6325773850437721,0.6472494272426386,1141014000
2007-08-13,0.6649786829948425,0.6822485964557696,0.6510705340824041,0.6776635969286581,700410000
2007-08-14,0.6908068656921387,0.7015055249739377,0.6675764985113256,0.6695636266243791,1092174000
2007-08-15,0.6616160869598389,0.6969206293409201,0.6606990979262739,0.6871390121611587,695142000
2007-08-16,0.6506120562553406,0.6597820551591924,0.618975527242549,0.6550439053786742,780030000
2007-08-17,0.6889730095863342,0.6895846271326118,0.6478611056867623,0.6686467558258451,728712000
2007-08-20,0.6862218976020813,0.6969205573680374,0.6778166666896018,0.6894314408743645,519684000
2007-08-21,0.7233603596687317,0.7288623471288062,0.6801090636913734,0.6903483255932942,715338000
2007-08-22,0.7398665547370911,0.7441461829996883,0.7267231729691219,0.7417005327792523,566154000
2007-08-23,0.7336006760597229,0.7520938255372251,0.7303911871421092,0.7433822931522636,667986000
2007-08-24,0.7374218106269836,0.738797321546284,0.7261115318965211,0.731461354405867,361644000
2007-08-27,0.7540798783302307,0.7618744201763363,0.7340590007112991,0.7374216393156883,635946000
2007-08-28,0.7080779671669006,0.7595822413824431,0.7063961552372552,0.7565258474502415,560022000
2007-08-29,0.7482725977897644,0.7491895867334765,0.7213742190025403,0.7229019508953517,538560000
2007-08-30,0.7439931035041809,0.7624862546557369,0.7407836142960349,0.7410898603456474,465660000
2007-08-31,0.7818964123725891,0.7847996555959414,0.7554556208694991,0.7595821539356863,720834000
2007-09-04,0.806043803691864,0.8094064432222153,0.7731849091894487,0.7854113029865267,683268000
2007-09-05,0.7999300956726074,0.8253007454110131,0.7993194073125552,0.8025288963040761,656274000
2007-09-06,0.8034461140632629,0.8172011176489237,0.8000834737712912,0.8098651485310867,425496000
2007-09-07,0.7741020321846008,0.7892325462504539,0.759123739319487,0.7811317548100438,602304000
2007-09-10,0.7762412428855896,0.8046682873955325,0.7698222645715777,0.7909132870162103,872112000
2007-09-11,0.7927471995353699,0.7987077101374975,0.7773874558498922,0.7856404663253376,405424000
2007-09-12,0.7615692615509033,0.8051268178750761,0.7537747721841617,0.8012295185341918,554452000
2007-09-13,0.761798620223999,0.7769291342183654,0.7562966300417355,0.7760121449642419,452864000
2007-09-14,0.7393317818641663,0.7551500450231322,0.7370392823334828,0.7542330561423588,487308000
2007-09-17,0.737727165222168,0.7482726758182837,0.729703442806108,0.7404781869976798,374828000
2007-09-18,0.8023757934570312,0.813838293860629,0.7443754812915618,0.7455217586606783,844740000
2007-09-19,0.7877035737037659,0.8253005531101703,0.7799090319808855,0.8097115789794042,521360000
2007-09-20,0.783118724822998,0.7966444912780053,0.7744072466488053,0.788162246707538,324172000
2007-09-21,0.7906839847564697,0.8023757731322368,0.7831187292159776,0.790913273018993,457532000
2007-09-24,0.8108581304550171,0.8230083877296244,0.7897671054521095,0.7954983836341029,456360000
2007-09-25,0.8211743831634521,0.8246131062371019,0.8037513701930779,0.8060438704613503,360748000
2007-09-26,0.8406606912612915,0.8424946696750532,0.8232376777004767,0.8253008897515787,518032000
2007-09-27,0.8431822061538696,0.8528107269680627,0.8342414407305121,0.8486841946230491,378280000
2007-09-28,0.830802857875824,0.8512061254750845,0.8289688249732697,0.8482258698337591,404292000
2007-10-01,0.8658782839775085,0.870004817818475,0.8369927657208438,0.8379097550218835,398200000
2007-10-02,0.8576249480247498,0.8654194907924592,0.8450162269036843,0.8638146917980009,284960000
2007-10-03,0.8211743831634521,0.8424946411241377,0.8076486151833893,0.8424946411241377,467196000
2007-10-04,0.8248423337936401,0.8296565676053,0.7966445224467356,0.8202573335946743,378976000
2007-10-05,0.8466209769248962,0.8512059763919776,0.8289686797848785,0.8379094451429387,344840000
2007-10-08,0.8603757619857788,0.8617512724163302,0.8424942357035948,0.8525812757559768,252484000
2007-10-09,0.8452455401420593,0.864273295061797,0.8326367631751206,0.8603760506393819,403008000
2007-10-10,0.8461624979972839,0.8509767312844451,0.8257592329375171,0.8509767312844451,389136000
2007-10-11,0.8085655570030212,0.8489136249505269,0.7993955564670011,0.838368113402601,529104000
2007-10-12,0.828281044960022,0.828281044960022,0.8048975224113022,0.8175063001098067,409952000
2007-10-15,0.8342416286468506,0.845016429092006,0.8271348942174023,0.8310321392050041,355900000
2007-10-16,0.8418066501617432,0.8567079250670442,0.8303441520259356,0.8333244070069958,276360000
2007-10-17,0.9064553380012512,0.9089770715328143,0.8736725834608919,0.8745895725035049,717944000
2007-10-18,0.9057677388191223,0.9094357502798939,0.8807794688162295,0.9034752384883299,340620000
2007-10-19,0.8571664094924927,0.9041626771295369,0.8569371212795192,0.9037041553610901,505768000
2007-10-22,0.8977438807487488,0.8995779136453096,0.8447870895417328,0.8516645899244283,537656000
2007-10-23,0.9020994901657104,0.9094355111583644,0.8775697485416873,0.9094355111583644,294292000
2007-10-24,0.8716092705726624,0.8826132478113584,0.8287394748805381,0.8826132478113584,565500000
2007-10-25,0.7954983711242676,0.8528109334128385,0.7700515794758173,0.844787155015732,806192000
2007-10-26,0.7886207699775696,0.8262178139311006,0.7771582699082031,0.8207157701717953,616580000
2007-10-29,0.7700515985488892,0.7737196100596315,0.7464388393542896,0.7615693526751522,813896000
2007-10-30,0.7982492446899414,0.8145259774285731,0.7634031700193673,0.776241180269313,525212000
2007-10-31,0.8110873103141785,0.8115457775266325,0.7780752660869568,0.8030635328636,455188000
2007-11-01,0.8110873103141785,0.8273640441640502,0.7874744998324092,0.7984785327939873,587236000
2007-11-02,0.8422653675079346,0.8482258788539707,0.8108580661319006,0.8223205669290795,491844000
2007-11-05,0.8422653675079346,0.8624394017054787,0.8298858229209692,0.835158578753423,436636000
2007-11-06,0.8688585162162781,0.8757360177705268,0.8463919783445514,0.8502892784170637,554620000
2007-11-07,0.8275931477546692,0.87183845159872,0.8207156487307112,0.8683997294154928,546768000
2007-11-08,0.7757827043533325,0.8344707661658672,0.7521698957495149,0.8195694897959838,996824000
2007-11-09,0.7647786736488342,0.7977907153102246,0.748501941064057,0.7920594383399109,871056000
2007-11-12,0.6884384155273438,0.7700514816108757,0.6884384155273438,0.7645494925090397,715732000
2007-11-13,0.7491896152496338,0.7498773706479717,0.6884383438756726,0.6996716091718497,726696000
2007-11-14,0.7374979257583618,0.7755534351767451,0.7336006813790706,0.7682174682629361,666720000
2007-11-15,0.7276401519775391,0.7395611730600743,0.7106756093621988,0.7326836735103442,496436000
2007-11-16,0.743916928768158,0.7459801951530671,0.7276401952627924,0.7336007061586339,423592000
2007-11-19,0.6937110424041748,0.7370393010304808,0.6898137985688988,0.7333712907568382,568412000
2007-11-20,0.6884384155273438,0.7079246929741727,0.6673473935365424,0.7067784156384713,622628000
2007-11-21,0.6811025142669678,0.6973793055090408,0.671932512587076,0.673995779362308,648452000
2007-11-23,0.6927939653396606,0.6957742198916536,0.677204937324814,0.6859164674483298,141976000
2007-11-26,0.676746666431427,0.7065492229973593,0.6753712100693581,0.692335700224185,385896000
2007-11-27,0.705861508846283,0.7079247754965521,0.6811024730156072,0.6863752291279497,458856000
2007-11-28,0.7530869841575623,0.7631739731762491,0.7246599405719296,0.7280987178837042,574548000
2007-11-29,0.7592766284942627,0.7817431582139472,0.7487311190060437,0.7519406076352833,489084000
2007-11-30,0.7230553030967712,0.7840358774130675,0.7207628027686782,0.7840358774130675,652656000
2007-12-03,0.7336006760597229,0.7471264418211051,0.7223674101905662,0.7336006760597229,490688000
2007-12-04,0.7329127192497253,0.7393316953212619,0.7186992019602594,0.736809962529943,371712000
2007-12-05,0.7709684371948242,0.7851819585265315,0.7514822152519692,0.7608814485033752,666704000
2007-12-06,0.7865573167800903,0.7890790497992488,0.7622568114722951,0.7691343098806807,371152000
2007-12-07,0.7766996026039124,0.7906838336727113,0.7686758267290678,0.7897668447703724,320292000
2007-12-10,0.7851818799972534,0.794351878737352,0.7769288701996637,0.7792213698846885,336360000
2007-12-11,0.7860989570617676,0.8165892664138258,0.7842649789711597,0.8019172230589229,582436000
2007-12-12,0.8131508231163025,0.8273643504570006,0.7973325506229093,0.8193405700359928,617504000
2007-12-13,0.7909130454063416,0.8085652850349418,0.7675295300417366,0.8032925310345163,500364000
2007-12-14,0.8039805293083191,0.8126920623148649,0.7819725178411411,0.7872452734352313,354016000
2007-12-17,0.7629448175430298,0.8030635987735731,0.7611107845701525,0.7954983425720563,507408000
2007-12-18,0.7824309468269348,0.7909131905606496,0.7668419155036837,0.7746364038365562,396896000
2007-12-19,0.7897671461105347,0.7971031694433514,0.7764706653095172,0.7796801550210536,253536000
2007-12-20,0.8062728643417358,0.808106896805506,0.7856403680624575,0.802375620510289,279940000
2007-12-21,0.806043803691864,0.8230082933403053,0.7987077815780721,0.8159015594946097,433408000
2007-12-24,0.8202574253082275,0.8241546704473507,0.8060439012392042,0.8120044130958114,104008000
2007-12-26,0.8312609791755676,0.8312609791755676,0.8138379744682893,0.8218617489306181,215340000
2007-12-27,0.8055853247642517,0.8344708928808199,0.8035221128439738,0.8298858378221056,241368000
2007-12-28,0.7975614666938782,0.8138381989719634,0.7906839125960878,0.8042096778925639,262064000
2007-12-31,0.7799089550971985,0.8055849678305428,0.7796797215759608,0.7911422175002231,276236000
2008-01-02,0.7567548155784607,0.7851817977640684,0.7464385407475356,0.7822015430199122,483964000
2008-01-03,0.7507945895195007,0.7762413265672444,0.7480435672840609,0.7611108135873627,475308000
2008-01-04,0.6877507567405701,0.7319960733518798,0.6831657560682345,0.7283280618825074,736092000
2008-01-07,0.6166831851005554,0.6980670281548954,0.6040744060570259,0.692335750046695,1006800000
2008-01-08,0.6297504305839539,0.671473958066435,0.6056791500131905,0.6201219074241447,1106956000
2008-01-09,0.6623038649559021,0.6625331532152343,0.6288333541595332,0.6382325877243314,741036000
2008-01-10,0.6485488414764404,0.658865118389181,0.6357108310626449,0.644193075254838,554432000
2008-01-11,0.6201218962669373,0.6464856766721269,0.6155368957319058,0.6331891969835428,572612000
2008-01-14,0.6613869071006775,0.662303896208744,0.6192048615544843,0.6292918510582426,539188000
2008-01-15,0.6127859354019165,0.643734716705598,0.6020111348262881,0.6361694602681985,725692000
2008-01-16,0.5435522198677063,0.5813784929994258,0.5309434439379647,0.5742717601852109,1464472000
2008-01-17,0.5341530442237854,0.5667065692745479,0.5327775331575881,0.5520345787693163,1133900000
2008-01-18,0.5694574117660522,0.5724376665834904,0.5162714014729264,0.5357576199052142,920428000
2008-01-22,0.5410305261611938,0.5543270597972818,0.5119157797841775,0.5151252690558142,709092000
2008-01-23,0.5508882999420166,0.5671650334827499,0.5139790118223806,0.5190224790086585,929880000
2008-01-24,0.5930703282356262,0.5932996165102377,0.5563903259394544,0.5616630817352806,597092000
2008-01-25,0.5719792246818542,0.6295210631163777,0.5692282576906966,0.6157660641880682,688012000
2008-01-28,0.5651018619537354,0.575647374615274,0.5529516044946825,0.569916151003798,577608000
2008-01-29,0.5825248956680298,0.5848174507800583,0.5602876467250704,0.5751889270081227,414484000
2008-01-30,0.5774811506271362,0.5861926263151054,0.5609751334044099,0.5731253854544036,530476000
2008-01-31,0.5637264251708984,0.5742719382012753,0.5463033561141695,0.5648726480702756,588708000
2008-02-01,0.6157659292221069,0.6189754173370764,0.5577656363305395,0.5625798685029937,593104000
2008-02-04,0.5965089797973633,0.6325012736406976,0.593299491205793,0.6290624968229414,565128000
2008-02-05,0.5591410994529724,0.5848171686784626,0.5589118659153551,0.5845878804833494,494928000
2008-02-06,0.5573071837425232,0.5806907015592898,0.5469909081988755,0.5651016714622781,557380000
2008-02-07,0.5628092885017395,0.578627555440183,0.5295680100357008,0.5412597986959696,664128000
2008-02-08,0.5728962421417236,0.5772519533429427,0.5502004785504854,0.5575364448489885,393932000
2008-02-11,0.5747302770614624,0.5871098204848832,0.5708330326224723,0.5777105324543683,503732000
2008-02-12,0.5960504412651062,0.6043034507384694,0.5802321776626187,0.5834417208215668,609688000
2008-02-13,0.6194340586662292,0.6212680914318033,0.5942165590640482,0.600635537099781,742312000
2008-02-14,0.518334686756134,0.6017817788989743,0.5169592305850081,0.6013232570702608,2184296000
2008-02-15,0.5105401873588562,0.5302556963945363,0.5022871772209545,0.5162714641364985,817364000
2008-02-19,0.5029751062393188,0.5208566434867699,0.4986193387573718,0.5199395995323942,558608000
2008-02-20,0.49930673837661743,0.5066427568357145,0.48623949990555815,0.48830276534545786,759016000
2008-02-21,0.4880737066268921,0.506872228604271,0.4850934511430084,0.5043504949861816,644272000
2008-02-22,0.5116868019104004,0.512603791495253,0.488303266880175,0.49197122521958575,723052000
2008-02-25,0.5114572644233704,0.5171885421880648,0.49793149699730527,0.5112280308031876,671784000
2008-02-26,0.5158131122589111,0.5236076031458955,0.500682597797398,0.5084770886843824,565420000
2008-02-27,0.5238367319107056,0.5279632097535927,0.5100816782335643,0.5132912217308182,537816000
2008-02-28,0.5041211247444153,0.5201686768899126,0.5041211247444153,0.5192516879649564,503608000
2008-02-29,0.4903664290904999,0.5025166901420162,0.4883032164022497,0.49586847534593104,540576000
2008-03-03,0.4846350848674774,0.4931173312198931,0.47821605069705264,0.4896785531540364,449028000
2008-03-04,0.47982072830200195,0.48234251674923717,0.4610222050451867,0.48142547295523413,778888000
2008-03-05,0.485322505235672,0.49678499977473795,0.47936199714386063,0.4844054619465584,644656000
2008-03-06,0.45483237504959106,0.48257166018244907,0.45414461966137926,0.47936217147579757,1075284000
2008-03-07,0.44818419218063354,0.4658364642374396,0.43557541471344813,0.44657942030001047,767500000
2008-03-10,0.4225081205368042,0.4481841396736281,0.4218203651440763,0.4426821238605575,776100000
2008-03-11,0.43649235367774963,0.44084809202126773,0.4181523294015518,0.4355753374331266,857940000
2008-03-12,0.4245714247226715,0.44451619753727806,0.4209034136161617,0.44061895281708446,743320000
2008-03-13,0.4516229033470154,0.4580419083307533,0.4154013732724403,0.417923106685826,1220528000
2008-03-14,0.419986367225647,0.4543738915052817,0.4167768511129794,0.4539153970116872,1154972000
2008-03-17,0.4094408452510834,0.4236543654379694,0.39683206940920795,0.40164632977299225,800952000
2008-03-18,0.4348875880241394,0.43557534338481635,0.40714833133059736,0.4190693240435756,1075256000
2008-03-19,0.4048559069633484,0.4307611632883894,0.4048559069633484,0.4248006794879307,880476000
2008-03-20,0.4245714247226715,0.4254884138349205,0.4023341517986856,0.4096701466829483,633460000
2008-03-24,0.45918816328048706,0.46170989672152796,0.43236589313745555,0.4339706375688005,887440000
2008-03-25,0.46583646535873413,0.47454794361234054,0.4568956988418006,0.46125146529735983,735388000
2008-03-26,0.45093512535095215,0.4628561457218069,0.4458916314479956,0.4596466570550397,721652000
2008-03-27,0.4445160925388336,0.4566663457143038,0.43718007205864373,0.4440575980910094,601308000
2008-03-28,0.4511643946170807,0.4628561543018621,0.44795487856206584,0.45253987807315615,561788000
2008-03-31,0.45368608832359314,0.46446085809653237,0.44795483943532777,0.4559785878788993,569992000
2008-04-01,0.4814254939556122,0.4825717714193603,0.46056375789606385,0.46721202507625664,676872000
2008-04-02,0.46675345301628113,0.4828009531821592,0.46308544204686375,0.4828009531821592,616536000
2008-04-03,0.45804187655448914,0.46354389215688985,0.4445161121112451,0.4628561367904958,841984000
2008-04-04,0.43053191900253296,0.45116444650407367,0.4293856689929338,0.4488719191561194,1535528000
2008-04-07,0.44084808230400085,0.4474963474481585,0.4374093329521523,0.441077343192291,729496000
2008-04-08,0.4383264183998108,0.4525399407146577,0.43557542377810887,0.43557542377810887,639476000
2008-04-09,0.44703808426856995,0.45162308577634774,0.4392435653080889,0.44337007213084184,675232000
2008-04-10,0.45574939250946045,0.470192173712601,0.44222362760253264,0.45185212107587364,1092184000
2008-04-11,0.4248006343841553,0.44978889895711915,0.4220496127219914,0.447037904623709,1106280000
2008-04-14,0.4105871915817261,0.4241129595617889,0.40806543035512277,0.4231959430572246,780004000
2008-04-15,0.415401428937912,0.41700617356670033,0.4037096673176191,0.41265040691283794,439916000
2008-04-16,0.43190738558769226,0.43740940181409005,0.4236544022412279,0.43121965747205304,646836000
2008-04-17,0.4259468913078308,0.427551635751324,0.41173337024866624,0.4119626311672028,596968000
2008-04-18,0.43603384494781494,0.4429113713378017,0.4300733621586626,0.43901410000676705,573540000
2008-04-21,0.4555201530456543,0.45850040832331623,0.4325951271637377,0.4325951271637377,679892000
2008-04-22,0.44703808426856995,0.4520815804613726,0.4374095592392248,0.4472673179467,587668000
2008-04-23,0.46858733892440796,0.4736308598466598,0.44726708743545895,0.4532275972551653,1020496000
2008-04-24,0.4573541283607483,0.4736308871960841,0.4504766292464519,0.4713383874913186,655764000
2008-04-25,0.4619392156600952,0.4630854383339976,0.44726717190006127,0.4617099273993055,552208000
2008-04-28,0.45368608832359314,0.4667533576518385,0.45185208321359815,0.45987585898592004,535700000
2008-04-29,0.46308547258377075,0.4688167503497024,0.4486427160163411,0.4486427160163411,573408000
2008-04-30,0.4711092412471771,0.4761527087380615,0.46537796359410966,0.4685874528442205,1068320000
2008-05-01,0.4928879141807556,0.4940341366712211,0.47454786241578384,0.4768403620542174,1014624000
2008-05-02,0.5162712931632996,0.5162712931632996,0.49884828967713885,0.506413541910044,1131016000
2008-05-05,0.5034334063529968,0.515125137714719,0.5022871292439549,0.5128326381541362,943392000
2008-05-06,0.51650071144104,0.5176469340325209,0.49426341379673155,0.5020579569803331,729036000
2008-05-07,0.5045797824859619,0.5247538175580595,0.5002240155969548,0.5178763167816094,715632000
2008-05-08,0.5032042860984802,0.510081787075832,0.48165479396761535,0.5084770423135351,1360000000
2008-05-09,0.51650071144104,0.5371332100052633,0.5036627014029108,0.504579690407597,2030352000
2008-05-12,0.5018286108970642,0.5231489170793845,0.4967851446238283,0.5231489170793845,1006652000
2008-05-13,0.4915125370025635,0.5043505493971822,0.4878445256530271,0.5043505493971822,854108000
2008-05-14,0.5059552788734436,0.5190225245033098,0.49151252219674607,0.4977022672499713,751148000
2008-05-15,0.5451567769050598,0.5474492758629791,0.5025162306987786,0.5048087296566979,1165464000
2008-05-16,0.5595996975898743,0.5607459747494578,0.5417181674343959,0.5543269429022976,1091556000
2008-05-19,0.5479080080986023,0.5802322394313991,0.5440107091805275,0.5598289744669528,1158532000
2008-05-20,0.5336945652961731,0.539196554783062,0.5275048202912337,0.5330068097781225,771404000
2008-05-21,0.5293388366699219,0.5557026179011606,0.5281925591714891,0.5350701148470466,1066660000
2008-05-22,0.5421765446662903,0.5465323092593013,0.5284215503638764,0.5369037913846161,693108000
2008-05-23,0.5297971963882446,0.5456154602837743,0.5220026538949746,0.5412596945754031,802672000
2008-05-27,0.5355284810066223,0.5362162364443221,0.5206272042856417,0.5307142476002328,832856000
2008-05-28,0.5405721068382263,0.5515760866469953,0.5343823613636038,0.5502006301640389,751736000
2008-05-29,0.5391966104507446,0.5417183445056016,0.5293388532176405,0.540801355272701,693460000
2008-05-30,0.5662480592727661,0.568082037450887,0.5529515261800954,0.5545562707503293,830244000
2008-06-02,0.5685408115386963,0.5728965799659184,0.5600585630513681,0.5662483104702958,734660000
2008-06-03,0.5492834448814392,0.5712915081478704,0.5426352338433045,0.5703744645186399,840696000
2008-06-04,0.5557026267051697,0.5568488495642425,0.5341530794478918,0.5371333354020098,831724000
2008-06-05,0.569686770439148,0.5811493251206592,0.5632677922887127,0.574959525915939,827860000
2008-06-06,0.5515759587287903,0.5634969796382377,0.5483664699170181,0.5628092242274998,784876000
2008-06-09,0.5430939197540283,0.555931934501737,0.5320899383460082,0.5483666767871502,637916000
2008-06-10,0.5109987854957581,0.5291095528563542,0.5075600079840878,0.5284217973540202,1225208000
2008-06-11,0.4871567189693451,0.5233782520895548,0.48646896349740965,0.5109987629097411,999428000
2008-06-12,0.4901370406150818,0.507789287690561,0.48601050722651623,0.49816081909894644,825992000
2008-06-13,0.48853224515914917,0.49655596815294395,0.4740894891128051,0.49082474525130676,705748000
2008-06-16,0.481883704662323,0.48784421244635334,0.47798646218602986,0.48325921486748113,630496000
2008-06-17,0.4701921343803406,0.48899059794202093,0.4690458572737743,0.488761364383708,687912000
2008-06-18,0.45643723011016846,0.48142547092608945,0.4488719467866227,0.4653779698038905,1065272000
2008-06-19,0.45529091358184814,0.46537792981779047,0.4442869082920725,0.45895895178344703,784928000
2008-06-20,0.45299825072288513,0.4580417706916125,0.44497450373649483,0.44520376458188987,741008000
2008-06-23,0.4435991942882538,0.45689572811258194,0.4397019494521619,0.4564372335428225,776616000
2008-06-24,0.45827120542526245,0.46881674435508053,0.44107745433359236,0.44107745433359236,1078928000
2008-06-25,0.46079280972480774,0.46881658483279437,0.4534568172209679,0.4653778084558012,900976000
2008-06-26,0.43718019127845764,0.4504767251926026,0.43718019127845764,0.44703797490304176,845532000
2008-06-27,0.44199442863464355,0.44451618964167156,0.4289271837090359,0.4390141730796349,584140000
2008-06-30,0.42915642261505127,0.44084818404101017,0.42617616702326205,0.4369509393419428,653940000
2008-07-01,0.4298441708087921,0.43030266535464345,0.4163184040692613,0.4241129206637595,881464000
2008-07-02,0.41333818435668945,0.4305319636109189,0.4126504288139189,0.42778096876859534,763196000
2008-07-03,0.28633344173431396,0.30100545451283856,0.2842702031746967,0.2975667053609772,2987520000
2008-07-07,0.27739280462265015,0.29252331726333886,0.2695982873449055,0.29068931159041317,2202692000
2008-07-08,0.27578797936439514,0.28610425586795646,0.2705152243204093,0.2792267564180846,1805288000
2008-07-09,0.27097374200820923,0.2806022356252251,0.27097374200820923,0.2764757305525746,1413168000
2008-07-10,0.27028605341911316,0.27555880968592483,0.2652425307898742,0.27234929280106734,1056992000
2008-07-11,0.26753515005111694,0.27418339240551004,0.25951136875660546,0.2647841268284185,807760000
2008-07-14,0.25538474321365356,0.27166150466690725,0.2535507376891134,0.2695982655322724,882316000
2008-07-15,0.2581356465816498,0.2634083997942045,0.24529764113618988,0.25309212687388366,1122484000
2008-07-16,0.259511262178421,0.2663887627531211,0.2519460060804993,0.25905276760585927,1034392000
2008-07-17,0.26042816042900085,0.26363764830872016,0.25034114776792704,0.26363764830872016,862080000
2008-07-18,0.2650132477283478,0.2666179922071179,0.2512582208751266,0.2585942424845125,899720000
2008-07-21,0.26661792397499084,0.2730369275760923,0.26432542464093656,0.2691396841739496,571636000
2008-07-22,0.2608867287635803,0.26524246745373276,0.25584323466741615,0.26409621755329754,555924000
2008-07-23,0.268681138753891,0.2714321319666293,0.26157438123630294,0.2627206306856725,594876000
2008-07-24,0.2528630495071411,0.26845205793718413,0.2521752939106114,0.2659302965261621,705628000
2008-07-25,0.2650132477283478,0.26593023676514366,0.2501119709147544,0.2553847261982175,1039600000
2008-07-28,0.26432549953460693,0.2730370049380702,0.26042825502822364,0.2615745050200279,734808000
2008-07-29,0.2670765221118927,0.2737247891601683,0.2618037661298144,0.26478402188740285,764636000
2008-07-30,0.26317930221557617,0.27280782593679137,0.25721879013375354,0.27234930398529655,588492000
2008-07-31,0.262262225151062,0.2679934743380167,0.25951120367832237,0.2624914587212891,487236000
2008-08-01,0.24850717186927795,0.25630168628555794,0.24529768361647067,0.2553846701213639,881060000
2008-08-04,0.24254672229290009,0.24988274410137457,0.24185896683226116,0.24850723318009674,522052000
2008-08-05,0.2565309703350067,0.2565309703350067,0.24438071556513682,0.24713170994182804,685844000
2008-08-06,0.2634085714817047,0.2657010719962878,0.2489657854453174,0.25721879822932103,814864000
2008-08-07,0.25928208231925964,0.2728078526513578,0.2563018259865083,0.26111608831855,819232000
2008-08-08,0.2521751821041107,0.2636376792016276,0.2512581659390601,0.26134517978212424,853764000
2008-08-11,0.25744807720184326,0.26363782355798265,0.25309230952251277,0.254009326189681,1196436000
2008-08-12,0.2537800371646881,0.26019904381093223,0.250112025558617,0.25951128821869884,1410868000
2008-08-13,0.2810607850551605,0.28518729093442524,0.2673057836767838,0.27395405074025425,2095260000
2008-08-14,0.2980252206325531,0.3092584850451168,0.27899746852861934,0.27899746852861934,1635304000
2008-08-15,0.2971082031726837,0.30673672240918193,0.29504493733825626,0.30329794601846954,777652000
2008-08-18,0.30306878685951233,0.3058197813185023,0.2959620261224296,0.2991715151031254,893968000
2008-08-19,0.30765384435653687,0.3094878501156178,0.29687907077022135,0.29687907077022135,1014140000
2008-08-20,0.3227842450141907,0.32370123390920236,0.30994623651152403,0.3122387360778038,1143692000
2008-08-21,0.3122387230396271,0.3195747432083918,0.3058197190563326,0.31705298285928524,1021560000
2008-08-22,0.3120095133781433,0.3181992848276973,0.3053612747537198,0.31453127414120263,459264000
2008-08-25,0.30742451548576355,0.3175115312683521,0.3065075264731437,0.31017553718113117,471600000
2008-08-26,0.300088495016098,0.30925849365112723,0.29687897909658684,0.3090292600825025,613112000
2008-08-27,0.3023810386657715,0.30604904958491236,0.2904600168429413,0.2932110386966748,454620000
2008-08-28,0.30123481154441833,0.30604907282527555,0.29825455586239996,0.3028395561951182,365192000
2008-08-29,0.28977230191230774,0.2980252858633048,0.288855285476359,0.29710829675611294,516004000
2008-09-02,0.2824363708496094,0.2971083925989574,0.27853912489371396,0.29458663074756086,693928000
2008-09-03,0.26730573177337646,0.2796852470074099,0.2647839710788271,0.27853899711511526,714856000
2008-09-04,0.2636377215385437,0.2670764712200189,0.2620329771529392,0.2643254769405894,716128000
2008-09-05,0.26753515005111694,0.26822287852802235,0.2611161414127693,0.26134537512881467,791100000
2008-09-08,0.2565309703350067,0.27005673595759927,0.2521752315159751,0.27005673595759927,1314840000
2008-09-09,0.24781952798366547,0.2712030544156395,0.24690253873599477,0.2556140459039105,1098296000
2008-09-10,0.24804870784282684,0.25584322321410163,0.2464439635198077,0.2507997020149671,644284000
2008-09-11,0.23612764477729797,0.24117116506285982,0.2283331444822787,0.23383514549431428,1066976000
2008-09-12,0.23360595107078552,0.23566918983937482,0.2203094338734128,0.2340644455383885,1209200000
2008-09-15,0.21320272982120514,0.22879175076872874,0.21045172130186118,0.2253529867034539,863984000
2008-09-16,0.21985097229480743,0.22145573059997664,0.20174020469515064,0.20563746315252268,1240840000
2008-09-17,0.2292502224445343,0.23429371706270175,0.21274420030688646,0.21480745307409244,1392580000
2008-09-18,0.24965336918830872,0.26180361901635235,0.23154261119443445,0.23200110551594227,1611060000
2008-09-19,0.26157447695732117,0.26363771578971446,0.2498827173637523,0.26157447695732117,1107344000
2008-09-22,0.256072461605072,0.2670764658294424,0.2546969508287435,0.2595112112171407,700072000
2008-09-23,0.24873648583889008,0.2634085016392086,0.24781946947894573,0.25400924109011774,821468000
2008-09-24,0.25790655612945557,0.2629500518403726,0.24415155292035706,0.24552703684400967,866036000
2008-09-25,0.26294997334480286,0.26913974480414227,0.2535507130262721,0.2579064791394648,588328000
2008-09-26,0.2679935097694397,0.26982751521748943,0.25171674899503715,0.25653098255131784,646852000
2008-09-29,0.23154273629188538,0.264096260638039,0.22925023611701584,0.26088677132472476,975240000
2008-09-30,0.24552704393863678,0.24781954453972949,0.23268902964101248,0.2352107912337196,659044000
2008-10-01,0.23864944279193878,0.246214697092083,0.23429367706579443,0.24185893136593864,557208000
2008-10-02,0.21389052271842957,0.2402542940601953,0.21274425872024844,0.2402542940601953,787728000
2008-10-03,0.20701292157173157,0.22351894142580703,0.20563742447201733,0.21732918398052872,915828000
2008-10-06,0.1799613982439041,0.19761365355939653,0.16758188386859077,0.19715515910003334,1677440000
2008-10-07,0.1659770905971527,0.18683885734442168,0.1646015938475175,0.18638036298266752,1059984000
2008-10-08,0.1694159060716629,0.17927366091867125,0.15841188763222436,0.16001664573012503,1219456000
2008-10-09,0.15864108502864838,0.17812735501033497,0.15680709391875988,0.17560559502963266,909636000
2008-10-10,0.15611936151981354,0.1680403669653069,0.14396910886013994,0.14488611138123555,1200252000
2008-10-13,0.18454644083976746,0.18477568812329273,0.16735267594531011,0.1694159288257953,916536000
2008-10-14,0.1804199516773224,0.19257020913014566,0.1753764426538723,0.1914239589426861,1209012000
2008-10-15,0.16093365848064423,0.18019067487476992,0.16093365848064423,0.1792736721420433,854064000
2008-10-16,0.17652267217636108,0.17743967495185403,0.15818265765963774,0.1657479134769814,1019820000
2008-10-17,0.17537635564804077,0.18546336869068047,0.16826961074438943,0.17147911240988872,839416000
2008-10-20,0.17881518602371216,0.18271244470294204,0.17445943275369266,0.18133694726619365,595764000
2008-10-21,0.16506019234657288,0.17721044990096738,0.16414318945606343,0.17537644411994852,659116000
2008-10-22,0.1588703989982605,0.1696451567373557,0.15451464645115295,0.16276764336629618,600996000
2008-10-23,0.14992962777614594,0.16230914321555884,0.1435106228070526,0.15841188531847475,832192000
2008-10-24,0.15153439342975616,0.15932889594939761,0.1368623774338849,0.13755013288082113,798336000
2008-10-27,0.15978744626045227,0.16918669574837794,0.1458031683604465,0.15061743042943523,698936000
2008-10-28,0.18385866284370422,0.18408791009919856,0.16528940285425148,0.1682696581688093,849920000
2008-10-29,0.18981915712356567,0.2017401636906553,0.1817953945573389,0.18271239716471133,977284000
2008-10-30,0.19784292578697205,0.20174018384148878,0.18569267077050416,0.20059393388387398,657176000
2008-10-31,0.20082318782806396,0.20472044601232312,0.1911946796649335,0.19165318786186988,608672000
2008-11-03,0.19348716735839844,0.20884693818850786,0.19027766484135158,0.20517892750366748,723924000
2008-11-04,0.2058667093515396,0.2058667093515396,0.1948627032131207,0.20013545900119198,619560000
2008-11-05,0.19509194791316986,0.2040327010743007,0.19509194791316986,0.19830145079977818,787620000
2008-11-06,0.1746886968612671,0.19050695182985913,0.17423018859783587,0.18362945085780866,797936000
2008-11-07,0.1999061107635498,0.20792987141471478,0.1856926079026085,0.19898910837504188,1132068000
2008-11-10,0.1870681494474411,0.20861767657657104,0.18271239730730468,0.20747141306817896,576396000
2008-11-11,0.17881518602371216,0.18569270053621315,0.17698119399617415,0.18431720309946475,576484000
2008-11-12,0.16826963424682617,0.1774396324779678,0.16620638191194426,0.173313127808204,646092000
2008-11-13,0.18202470242977142,0.18225394972467884,0.15726566663466124,0.16047516975650372,797228000
2008-11-14,0.16437241435050964,0.175605667482747,0.1636846588603076,0.17468867838164873,741024000
2008-11-17,0.16093365848064423,0.16712340301388776,0.15932890028227817,0.16276765028171966,388224000
2008-11-18,0.15566091239452362,0.16506017389081712,0.15038815661193844,0.16414317110283985,564488000
2008-11-19,0.14282287657260895,0.15818263310033162,0.14213512118167496,0.1542853753256663,500220000
2008-11-20,0.13525763154029846,0.1487833987936419,0.13365288690448007,0.14167663741232947,847036000
2008-11-21,0.14626164734363556,0.14626164734363556,0.13181887769665893,0.13961339437284623,599064000
2008-11-24,0.1558901071548462,0.1577241121129103,0.14672009602889968,0.15520235187947864,600308000
2008-11-25,0.16024594008922577,0.1632261962439997,0.15566093902919262,0.1627676879393678,528256000
2008-11-26,0.17445942759513855,0.17491793583675017,0.15657792045300548,0.15749490960747045,600792000
2008-11-28,0.17124992609024048,0.17423018186199585,0.16895742585485304,0.17170843433594551,175248000
2008-12-01,0.1565779596567154,0.16597721015838196,0.15634869864631806,0.16437246507189593,547112000
2008-12-02,0.16528943181037903,0.16735268480003207,0.15749491444307667,0.15955816743272971,479988000
2008-12-03,0.1737716645002365,0.17400091176084645,0.15749489036689154,0.1588704012593061,584632000
2008-12-04,0.16230912506580353,0.17881513014157366,0.15841186760451914,0.17033287354774898,466292000
2008-12-05,0.16872814297676086,0.16941589836807033,0.1545146363165842,0.1572656305530693,438484000
2008-12-08,0.1632261425256729,0.17537639680181957,0.15932888470861808,0.17193764713849993,707992000
2008-12-09,0.1790444552898407,0.18546346184496754,0.15932892734801962,0.16116293312502164,829760000
2008-12-10,0.19600892066955566,0.20059392018694247,0.1795029005439609,0.1824831556960129,961124000
2008-12-11,0.18775589764118195,0.20174015613502294,0.18546339804079823,0.1948626573338718,582700000
2008-12-12,0.1971551924943924,0.19830144250132903,0.1785859177861386,0.1822539287398382,679268000
2008-12-15,0.19073620438575745,0.19944771069875386,0.18454644558514025,0.1983014605872743,476996000
2008-12-16,0.20357422530651093,0.20403271990503705,0.19073621257522244,0.1925702046337067,521940000
2008-12-17,0.21366117894649506,0.21664143412555656,0.1971551723356856,0.19990616660529892,674180000
2008-12-18,0.19394567608833313,0.21297344399405696,0.19142391531910197,0.21228568857256172,550808000
2008-12-19,0.1953212171792984,0.2040327240430102,0.19463346160318115,0.19646746736324047,593120000
2008-12-22,0.18385866284370422,0.19875992575211615,0.17675191593711692,0.19830143124112748,522464000
2008-12-23,0.1813368946313858,0.18890214883418216,0.17858588689201643,0.18500489128616943,377452000
2008-12-24,0.17698121070861816,0.18202472000546327,0.1733131989784105,0.17766895265974647,146616000
2008-12-26,0.17216691374778748,0.1792736747828211,0.16735266641052907,0.17698117474942396,226156000
2008-12-29,0.17766891419887543,0.17766891419887543,0.16322615871472493,0.1744594114619111,460168000
2008-12-30,0.18385866284370422,0.1866096709027677,0.17583491325076242,0.17996141850716907,409860000
2008-12-31,0.18500496447086334,0.1895899791835631,0.1783567102179249,0.18156621368462425,441580000
2009-01-02,0.19967696070671082,0.20105245812633743,0.18431720080513891,0.18500494268276255,497124000
2009-01-05,0.20334488153457642,0.20792988000210125,0.1960088757879127,0.19738437259529548,705736000
2009-01-06,0.21022245287895203,0.2161829639062613,0.20472045005763936,0.20930545013133692,657904000
2009-01-07,0.1976136714220047,0.2054081872507422,0.1905069110088549,0.2054081872507422,870096000
2009-01-08,0.19257020950317383,0.1950919708519738,0.18064919933187423,0.1950919708519738,1014496000
2009-01-09,0.18179544806480408,0.1925702079600842,0.18133695345835812,0.1925702079600842,761352000
2009-01-12,0.17445942759513855,0.18271243930035636,0.17193768009160162,0.18179543648151225,645532000
2009-01-13,0.17537635564804077,0.18202461983429694,0.16528935626977434,0.16849885793527367,1824424000
2009-01-14,0.1675819307565689,0.17124992845087533,0.16506018319575697,0.16918667547770938,974908000
2009-01-15,0.17354239523410797,0.17629338934135066,0.16506013835208752,0.16849888781832875,998204000
2009-01-16,0.18317091464996338,0.18477565904649224,0.1726254046234823,0.17835665413162347,831324000
2009-01-20,0.16528943181037903,0.183400200461567,0.16391392070769065,0.1827124449102228,705788000
2009-01-21,0.17331315577030182,0.17445940573412885,0.16230915065181126,0.16849890865510372,648472000
2009-01-22,0.17010363936424255,0.17468865251264792,0.16391388186217756,0.16781113962222804,547656000
2009-01-23,0.17675189673900604,0.1820246513645552,0.16506013767056016,0.16528938490115455,633616000
2009-01-26,0.18271245062351227,0.18798520691034765,0.17468869937403753,0.17766894163950017,581748000
2009-01-27,0.19348716735839844,0.19486267819740202,0.18500490973017625,0.18569266514967805,725300000
2009-01-28,0.201510950922966,0.20472045376556078,0.193945695198591,0.20036470088378058,723752000
2009-01-29,0.18981915712356567,0.19715516431816912,0.18890215451619324,0.19486266463192606,413128000
2009-01-30,0.18225392699241638,0.19348717968556836,0.17996142700052326,0.18844368516915455,506760000
2009-02-02,0.19211170077323914,0.19417495369589424,0.17858593313187565,0.1795029359490978,577992000
2009-02-03,0.19440416991710663,0.19600892800688985,0.18729740946762383,0.1925701645757478,396948000
2009-02-04,0.1999061107635498,0.20976387619173065,0.1948626181233152,0.1948626181233152,779232000
2009-02-05,0.21457821130752563,0.2168707114044778,0.19257018578090346,0.1946334386010361,919192000
2009-02-06,0.22626993060112,0.22764542767029258,0.2115979163153595,0.2152659267189876,1157880000
2009-02-09,0.22328971326351166,0.22856246886067377,0.21709996857499805,0.22535296604780894,716128000
2009-02-10,0.21366117894649506,0.22604069415288452,0.20953467387769856,0.223060438973823,1129664000
2009-02-11,0.18683890998363495,0.2038034247780141,0.18019065787891247,0.19669666451798656,1983400000
2009-02-12,0.19073620438575745,0.191882454497237,0.18019069242864205,0.18271243994102127,1024020000
2009-02-13,0.1905069351196289,0.1927994489069387,0.1850049320917183,0.1863804430969799,764304000
2009-02-17,0.1795029640197754,0.18775597700100213,0.17881520838321277,0.18340022318632831,779576000
2009-02-18,0.1843172013759613,0.1902776993223889,0.17927369260253845,0.1795029398957896,646252000
2009-02-19,0.17010363936424255,0.1895899145001186,0.17010363936424255,0.18798515648208264,743988000
2009-02-20,0.17445942759513855,0.17721043605167086,0.16620642955429987,0.16781117423899272,770056000
2009-02-23,0.1664356142282486,0.17835661905966782,0.16528936455201834,0.1774396165858088,679548000
2009-02-24,0.1813368946313858,0.18156614186023937,0.16712337514120731,0.16735263603443645,659524000
2009-02-25,0.18340016901493073,0.18890217148914698,0.17468866395872357,0.1808784082019811,702360000
2009-02-26,0.18936067819595337,0.1957796837732949,0.1870681781560997,0.18981918640255094,1117556000
2009-02-27,0.18981915712356567,0.19417490926030273,0.18317090530058552,0.1845464023794562,755444000
2009-03-02,0.1737716645002365,0.1891314222623868,0.17308390905402923,0.18523417783888546,700064000
2009-03-03,0.18064913153648376,0.18752664375789813,0.17124987257702998,0.17698113503893778,1041372000
2009-03-04,0.19394567608833313,0.19944767846716402,0.18385866034016238,0.18546341843552558,1108668000
2009-03-05,0.18936067819595337,0.19898918656196565,0.18844368911151435,0.19119468369358755,955252000
2009-03-06,0.1923409402370453,0.19921845425424559,0.18683893722191217,0.18936068461840444,974756000
2009-03-09,0.19027768075466156,0.2054082055984593,0.18981918621290014,0.19096543623168175,682768000
2009-03-10,0.20747141540050507,0.21113942587409196,0.19532116145159473,0.1971551666883882,1254800000
2009-03-11,0.21320272982120514,0.2716615276295649,0.20403271508777135,0.20747146548866674,864916000
2009-03-12,0.2258114516735077,0.22810395150136026,0.20976393921416284,0.2125149335418352,1604604000
2009-03-13,0.22466519474983215,0.22787469714156186,0.21893393169464428,0.22260194223626475,1195156000
2009-03-16,0.21595369279384613,0.2271869588422698,0.2141197010494243,0.22695771158226424,699344000
2009-03-17,0.22672851383686066,0.22718700845700113,0.21389050050036312,0.21664149554996665,1005384000
2009-03-18,0.2338351607322693,0.24048342548340693,0.22306040520148082,0.22328965241184345,1359560000
2009-03-19,0.23108422756195068,0.23543996669578243,0.2294794830036314,0.23543996669578243,822648000
2009-03-20,0.21847544610500336,0.2347522196335424,0.21251493556435852,0.2345229587170738,1093672000
2009-03-23,0.23429366946220398,0.23475219123968186,0.22030942480351848,0.2253529183970197,816048000
2009-03-24,0.22420674562454224,0.23062576576224736,0.22306049544461845,0.22856249904112858,1114868000
2009-03-25,0.22787469625473022,0.23842019235990763,0.21916317808447291,0.23108419863396937,1243852000
2009-03-26,0.24208828806877136,0.24254678271382793,0.2290210267120853,0.23154277458865874,1333664000
2009-03-27,0.23979569971561432,0.2455269490022801,0.23612768924064734,0.23956643881264678,731892000
2009-03-30,0.2244359701871872,0.23360599802620519,0.2212264672757202,0.230625742394619,780052000
2009-03-31,0.22604075074195862,0.23154275432298282,0.2244359922959541,0.22787475649042668,805272000
2009-04-01,0.23177191615104675,0.23383515465506285,0.21480739073074165,0.22328964660870715,887920000
2009-04-02,0.24254672229290009,0.24690248865777625,0.2370447332652997,0.2404834832397388,1002860000
2009-04-03,0.259511262178421,0.2601990177016426,0.23864949950366082,0.2427760053142325,1003208000
2009-04-06,0.2601989507675171,0.2624914503693564,0.25171670770646193,0.2551554571092209,887288000
2009-04-07,0.2512581944465637,0.2579064599146783,0.24965345013658843,0.255155465764899,607804000
2009-04-08,0.26157447695732117,0.2622622323443698,0.2519459561961456,0.25400922235729145,731652000
2009-04-09,0.2760172188282013,0.27693420775209004,0.26615946491701575,0.26822270366014117,904412000
2009-04-13,0.2670765221118927,0.27280780000187566,0.2611160379254741,0.27257853904792334,767628000
2009-04-14,0.268681138753891,0.27510014113610876,0.26226213637167317,0.2634083858210427,711960000
2009-04-15,0.2611159384250641,0.262262188100521,0.2501119087461802,0.25928193347858347,1045368000
2009-04-16,0.26776424050331116,0.27097375676965874,0.2558432464552813,0.2659302351123632,1038772000
2009-04-17,0.2695983052253723,0.27212006660898985,0.26134529281422453,0.26776429943081054,695764000
2009-04-20,0.25332143902778625,0.2615744481045218,0.25194592840541385,0.2592819486197341,590660000
2009-04-21,0.2526337504386902,0.2631792617853463,0.2462147447202368,0.24988275579614067,932184000
2009-04-22,0.2601989507675171,0.2707444598674782,0.24621469226479709,0.250341197013858,916404000
2009-04-23,0.256072461605072,0.2650132269937022,0.24804871251024507,0.2627207272523231,753952000
2009-04-24,0.26203298568725586,0.2638669910428595,0.25240446440252545,0.2585942358937819,759508000
2009-04-27,0.2526337504386902,0.2659302564278958,0.25102900584126603,0.2585942616048448,787024000
2009-04-28,0.25332143902778625,0.2585941933085479,0.24713166855585986,0.24942419536939708,634392000
2009-04-29,0.24942436814308167,0.2556141155738327,0.2464441112827146,0.2544678650374429,859668000
2009-04-30,0.26317930221557617,0.27051529816560027,0.2521752946261595,0.2542385340928422,1110276000
2009-05-01,0.26753515005111694,0.27372489764465,0.2622623919793039,0.2624916256953493,840548000
2009-05-04,0.2819778323173523,0.28404107181777266,0.2684520630885877,0.27212007478795874,927704000
2009-05-05,0.2705152630805969,0.27762202446190937,0.26478401271784735,0.27578801888007803,837076000
2009-05-06,0.2650132477283478,0.2760172528136719,0.25974049244488473,0.27349549196935113,935088000
2009-05-07,0.2459854781627655,0.2709737723019153,0.24254672810591138,0.2709737723019153,1289196000
2009-05-08,0.2120564579963684,0.2407127220703002,0.20884695521762278,0.2407127220703002,2930564000
2009-05-11,0.21618293225765228,0.22145568703623833,0.20678367255109661,0.20861767777783335,1038596000
2009-05-12,0.2058667093515396,0.22099722120796028,0.20174020363353784,0.22099722120796028,1201384000
2009-05-13,0.19257020950317383,0.20563748352853348,0.19096546470337392,0.20449123333885352,1305608000
2009-05-14,0.1953212171792984,0.1994477233072419,0.1909654637474425,0.19234096123529698,1017864000
2009-05-15,0.20036469399929047,0.2072421939980934,0.19440418306882568,0.19669668306842664,780308000
2009-05-18,0.2125149667263031,0.2138904777693038,0.20494971064731501,0.20540821888310826,938320000
2009-05-19,0.21664144098758698,0.2191631880920039,0.21045168318833415,0.21389044663083703,859768000
2009-05-20,0.22306042909622192,0.2349814356202034,0.21962167957929235,0.22053868218334874,1309436000
2009-05-21,0.22168493270874023,0.2246651877650575,0.21549517536047574,0.22030943563058455,965600000
2009-05-22,0.22512370347976685,0.2283332060745738,0.21755844833946308,0.22168495362769736,718260000
2009-05-26,0.23727400600910187,0.23910801176377386,0.2207679952101941,0.22306049557134408,865540000
2009-05-27,0.2377324253320694,0.24483918513261727,0.2338351814180195,0.23612768105319606,814152000
2009-05-28,0.2409418523311615,0.2430050903101575,0.230625607778699,0.24140034662330045,995288000
2009-05-29,0.23910802602767944,0.24162978750688321,0.23085501330370498,0.2411712928730539,834232000
2009-06-01,0.2507997155189514,0.2521752263434602,0.24094196081998145,0.2418589498171516,1022764000
2009-06-02,0.24873648583889008,0.25630174099684677,0.24415148602543205,0.25079972482344437,907984000
2009-06-03,0.2409418523311615,0.24644386582305292,0.2349813445471311,0.2455268499100337,735688000
2009-06-04,0.24965336918830872,0.2501118635098165,0.241400362086196,0.24162962291132142,673180000
2009-06-05,0.24827790260314941,0.2542384118182985,0.24529767532432273,0.2542384118182985,559992000
2009-06-08,0.24690240621566772,0.25034115504188914,0.24071263646547203,0.2464439118379208,473948000
2009-06-09,0.26042816042900085,0.2631791539442953,0.24850714298148222,0.25034114776792704,725032000
2009-06-10,0.268681138753891,0.27028588251725977,0.2560723674820838,0.2618036147289313,833320000
2009-06-11,0.26524239778518677,0.2796851755316354,0.2636376538118301,0.26936890180863693,835156000
2009-06-12,0.2638669013977051,0.2647838900995955,0.25538463292586683,0.26134514147438914,595000000
2009-06-15,0.259511262178421,0.26249151789320935,0.2549262617952876,0.25905276760585927,445164000
2009-06-16,0.25240442156791687,0.26272069652635655,0.2487364388079433,0.2595111808665366,594912000
2009-06-17,0.2585943043231964,0.261116065770556,0.24644404637196063,0.25630180385423723,799016000
2009-06-18,0.2535507380962372,0.26249150479444283,0.250799743469388,0.2576772437008893,566376000
2009-06-19,0.25630176067352295,0.26272076637091196,0.25286301054943133,0.2560724997337475,747564000
2009-06-22,0.24185903370380402,0.257218809699457,0.2409420443885843,0.257218809699457,574864000
2009-06-23,0.2407127469778061,0.24461001929977655,0.231313484939391,0.24415152471153265,589764000
2009-06-24,0.24873648583889008,0.2544677356057126,0.24369296418108258,0.24369296418108258,515096000
2009-06-25,0.2618037760257721,0.2622622979510085,0.24392226813309398,0.24644402940685659,870444000
2009-06-26,0.26524239778518677,0.26615941386192354,0.25836490018901853,0.2606573993877413,513956000
2009-06-29,0.26524239778518677,0.270056657034003,0.2624914042124687,0.26593015301055284,510056000
2009-06-30,0.258823424577713,0.2679934497647606,0.254009192099356,0.26432543968994154,589844000
2009-07-01,0.2599698007106781,0.2634085789082677,0.25561406054166896,0.26042832268953175,696420000
2009-07-02,0.2498828023672104,0.2546970370567197,0.24644405159094862,0.2514875472637135,552312000
2009-07-06,0.24185903370380402,0.24988281319141017,0.23773252712778922,0.24965355219822372,752456000
2009-07-07,0.23131351172924042,0.2441515529882351,0.23062578343160395,0.24277604173543801,1072996000
2009-07-08,0.23177191615104675,0.23337666024625353,0.22260190499549315,0.23268890496866543,1205860000
2009-07-09,0.2368154674768448,0.24071271190216634,0.2349814620623538,0.23566921750888228,714564000
2009-07-10,0.2377324253320694,0.23933719693969405,0.23177194267786116,0.2368154364094993,520008000
2009-07-13,0.24048347771167755,0.24254671671741057,0.2281039616910149,0.24254671671741057,556012000
2009-07-14,0.24552704393863678,0.2464440605763316,0.2395665314442906,0.24231755402861213,452568000
2009-07-15,0.25561395287513733,0.26065744655930667,0.25217520345473765,0.25446770306833744,1022808000
2009-07-16,0.2689105272293091,0.26982754371455975,0.2569895315511169,0.2583650152858554,952076000
2009-07-17,0.27670493721961975,0.27762192602100516,0.26615942935994913,0.268910423092853,850356000
2009-07-20,0.280143678188324,0.2831239327005266,0.27532941879716993,0.2789974285550727,782756000
2009-07-21,0.27441251277923584,0.28060225719974274,0.26799350743143957,0.2794560072208061,941296000
2009-07-22,0.28129005432128906,0.2838118155800087,0.26707653061397374,0.26891053631770084,600908000
2009-07-23,0.2980252206325531,0.29894223686778837,0.2787682076376228,0.2817484625768234,1046120000
2009-07-24,0.2971082031726837,0.2980251919910415,0.2870211895270066,0.2888551944924705,650592000
2009-07-27,0.29848378896713257,0.30283952794539626,0.29160626178085264,0.29435728358686664,677484000
2009-07-28,0.29894229769706726,0.3021517868515858,0.29389877569888617,0.2964205366979767,563180000
2009-07-29,0.29298165440559387,0.29733741895416715,0.2900014002047267,0.29550341426680704,373972000
2009-07-30,0.2952742576599121,0.30192252358223587,0.2927524969085559,0.29802525199763924,468444000
2009-07-31,0.2964205741882324,0.3005470802864885,0.2883968229583632,0.29527432401253684,541560000
2009-08-03,0.304444283246994,0.30788306062650705,0.29779604408036636,0.30352729416496127,471900000
2009-08-04,0.30650749802589417,0.31178025268097403,0.2987129828270256,0.2991714772907822,695380000
2009-08-05,0.3071953356266022,0.30948783588787276,0.3010055630581646,0.30467357440770104,610768000
2009-08-06,0.30077627301216125,0.31384351658460596,0.29894226768140064,0.3083415279210778,957588000
2009-08-07,0.3143020570278168,0.32622305139062907,0.3099462906932039,0.3170530515225034,1401872000
2009-08-10,0.3039858937263489,0.32117967724895985,0.3021518875999189,0.3165946755972677,693312000
2009-08-11,0.29687902331352234,0.30650754517736906,0.29527427877913315,0.30192254517696804,481884000
2009-08-12,0.30788296461105347,0.3110924527260229,0.2968789350858074,0.2971081959491971,634940000
2009-08-13,0.3170531094074249,0.31819935960021345,0.3046735909280525,0.3101756082506937,564028000
2009-08-14,0.30765384435653687,0.3170531067913517,0.30352733823079475,0.31659461218377144,427148000
2009-08-17,0.2948158085346222,0.29917154796236883,0.291606291872657,0.2982545588182404,465032000
2009-08-18,0.30559054017066956,0.3090293176279036,0.2945865342937908,0.29481579523385865,636200000
2009-08-19,0.30215173959732056,0.3039857448254021,0.29802523466632513,0.3010054897458636,552996000
2009-08-20,0.31407278776168823,0.3154482986368925,0.30008852740254505,0.3007762828401472,819840000
2009-08-21,0.319345623254776,0.31980411788546687,0.3101756213259132,0.31659462814186945,607324000
2009-08-24,0.31040480732917786,0.32095031886011954,0.30857080175917617,0.31751156866465036,461456000
2009-08-25,0.3131559193134308,0.3163654094864029,0.3067369116387215,0.3120096415902092,444088000
2009-08-26,0.3168237507343292,0.3175115061036624,0.3113217624371676,0.31246801227647225,434308000
2009-08-27,0.3211795687675476,0.32255505240121346,0.3147605631575049,0.3181993132348039,551072000
2009-08-28,0.3376854956150055,0.34456299382690514,0.3294324868292265,0.3298909812442701,883992000
2009-08-31,0.3328712284564972,0.335392988675703,0.3285154632895734,0.33378821726598223,431796000
2009-09-01,0.32163798809051514,0.3420412501746916,0.31980398301245716,0.3326419912301131,736856000
2009-09-02,0.3262230455875397,0.3294325618815437,0.3202625348477857,0.3220965402545373,404656000
2009-09-03,0.3340175449848175,0.3344760394813256,0.32530604023614984,0.3262230292291661,534020000
2009-09-04,0.3463969826698303,0.3486894819669406,0.33264195955842135,0.33264195955842135,513048000
2009-09-08,0.35602572560310364,0.35602572560310364,0.34616796620028495,0.34891896183324755,549712000
2009-09-09,0.3658832907676697,0.3665710461429899,0.35029428735167006,0.35533778122276494,571684000
2009-09-10,0.3775750398635864,0.37803356165379526,0.3629030257956881,0.367029530606308,607952000
2009-09-11,0.3741362988948822,0.37803357022753853,0.3713853047349939,0.3766580594832184,712732000
2009-09-14,0.36794668436050415,0.3716146960804111,0.3647371672733952,0.3686344399740819,490516000
2009-09-15,0.3755117952823639,0.3800967944831313,0.36794654113534747,0.371385290535923,546136000
2009-09-16,0.36542490124702454,0.37528265824784546,0.3599229113217458,0.3745949026749956,707064000
2009-09-17,0.3493773937225342,0.364507906792549,0.34318762098468114,0.364507906792549,923096000
2009-09-18,0.3489188551902771,0.3553378612578067,0.3461678603981239,0.3528161274186489,604740000
2009-09-21,0.34731414914131165,0.3532746612946647,0.3418121589449559,0.3447923876928712,588776000
2009-09-22,0.3480018079280853,0.3518990521769551,0.3452508135952804,0.34983581325953983,361388000
2009-09-23,0.34249985218048096,0.35304536419476656,0.34204135759915516,0.3500651084230112,478936000
2009-09-24,0.3379148244857788,0.3482311020426554,0.3367685744604321,0.3482311020426554,552876000
2009-09-25,0.33241280913352966,0.33768556430089086,0.3298910483447361,0.33608079252870177,377556000
2009-09-28,0.3399781584739685,0.3484604048809969,0.3335591515909767,0.3335591515909767,467708000
2009-09-29,0.33378836512565613,0.3461678835100006,0.3331006095495103,0.3420413773818858,470928000
2009-09-30,0.3445630967617035,0.34868960238734553,0.33310056898880597,0.34066582474769025,875956000
2009-10-01,0.3200332820415497,0.3434168017486524,0.31980402113118467,0.3434168017486524,999960000
2009-10-02,0.3175116181373596,0.324389119599908,0.3149898566695873,0.3168238625253525,612476000
2009-10-05,0.3159067630767822,0.3220965067684038,0.3104047474285338,0.320950256924446,754276000
2009-10-06,0.3211795687675476,0.3266815579597235,0.31751155775359285,0.3198040578051255,761272000
2009-10-07,0.3186577558517456,0.32232576626797127,0.31521900633481603,0.31888701675104164,459608000
2009-10-08,0.3207210898399353,0.32140881802587773,0.30925856169536825,0.3204918288921161,1241524000
2009-10-09,0.3248475193977356,0.32530601385706437,0.3184285149808794,0.3188870094402081,618540000
2009-10-12,0.3211795687675476,0.32736931344093456,0.31911630232391447,0.31934556326057023,499008000
2009-10-13,0.3200332820415497,0.32668152049709653,0.3170530268505706,0.3230135372325288,602124000
2009-10-14,0.31957489252090454,0.33241290648569977,0.31797012027873356,0.33241290648569977,1101948000
2009-10-15,0.3101753890514374,0.3220963771661888,0.30811212376526015,0.3191161233053157,1092196000
2009-10-16,0.30306878685951233,0.30719529221237474,0.29756677061277753,0.3062782758402081,1018832000
2009-10-19,0.31407278776168823,0.3165945485899779,0.3030687827463179,0.30559051624585293,695588000
2009-10-20,0.3143020570278168,0.3216380514565662,0.3117802961325801,0.3193455514895348,660180000
2009-10-21,0.30673685669898987,0.31797009762116807,0.30513208457116997,0.3131558632239889,503956000
2009-10-22,0.3088000416755676,0.31040478619175793,0.2998592753789266,0.30513203078534223,379328000
2009-10-23,0.3014640212059021,0.31292652008763666,0.29963001591907396,0.31292652008763666,429528000
2009-10-26,0.29756686091423035,0.30834163575224843,0.29596211593689675,0.3037566344862878,481652000
2009-10-27,0.28747981786727905,0.300547092253523,0.2844995891548131,0.296191352343949,591836000
2009-10-28,0.2755586802959442,0.28747967104372196,0.2741831698013461,0.28106066761684256,773632000
2009-10-29,0.28770896792411804,0.2890844785909327,0.2773927199092594,0.27991445302675233,637100000
2009-10-30,0.2741832435131073,0.2874797483301319,0.27280775997746953,0.28633349838605654,604144000
2009-11-02,0.27670493721961975,0.28266544641486796,0.268910423092853,0.2737246826219957,593136000
2009-11-03,0.2753294110298157,0.27670492148241127,0.26501316462158747,0.26776415819803245,876472000
2009-11-04,0.2746417224407196,0.28037299916463504,0.27349547256168705,0.2773927440133999,916840000
2009-11-05,0.28129005432128906,0.2840410492125,0.2769342873588424,0.27785130387508555,955156000
2009-11-06,0.30169329047203064,0.307883062463326,0.2952742848732376,0.298942295880764,1641112000
2009-11-09,0.3085707724094391,0.3129265386399886,0.30559051705774826,0.30581977798047627,818124000
2009-11-10,0.3010055422782898,0.30971704813547213,0.2971082975689273,0.30971704813547213,781472000
2009-11-11,0.3094877600669861,0.3168237536400674,0.30559048871460504,0.30604901051753375,871512000
2009-11-12,0.3085707724094391,0.3175115384645115,0.3076537833760363,0.31223878320055926,505864000
2009-11-13,0.310863196849823,0.3124679682618007,0.3069659534109086,0.30834146395581863,388524000
2009-11-16,0.315218985080719,0.3188869952496237,0.31200946935073987,0.3136142408801044,402820000
2009-11-17,0.3147605061531067,0.31544826150976246,0.30879999616709164,0.31544826150976246,350124000
2009-11-18,0.3099462389945984,0.31292649392038785,0.30467348448416326,0.31178024412806504,455516000
2009-11-19,0.29756686091423035,0.30329811249668115,0.29206487032658285,0.30329811249668115,833840000
2009-11-20,0.2957327663898468,0.2971082772892665,0.29000151652352324,0.2906892719732331,426748000
2009-11-23,0.2980252206325531,0.3055904747616775,0.2966497372728265,0.3000884866652693,390924000
2009-11-24,0.29619133472442627,0.2987130686640995,0.29137707314969474,0.29664982931993417,418504000
2009-11-25,0.2996300458908081,0.3037565513667539,0.2975667794884573,0.2996300458908081,441760000
2009-11-27,0.2932109832763672,0.29664973261481453,0.28725047349155824,0.28885521771708356,279932000
2009-11-30,0.2994007170200348,0.2996299779000806,0.29114770794087996,0.29435722361777333,509836000
2009-12-01,0.305361270904541,0.3088000206315005,0.2994007604463098,0.3010055048531402,461936000
2009-12-02,0.3145312964916229,0.3152190519603064,0.3042150464476377,0.30604905192120846,602292000
2009-12-03,0.3170531094074249,0.3239306105641562,0.31659461479606155,0.31819935960021345,660036000
2009-12-04,0.3269107937812805,0.32828630463802827,0.31797002786992856,0.32301354945883415,824564000
2009-12-07,0.368863582611084,0.37711659328010977,0.3461678169356406,0.36336159371757004,2732184000
2009-12-08,0.35098201036453247,0.36450777373617427,0.34891874442881615,0.36290300223214506,1075512000
2009-12-09,0.359693706035614,0.36244470142411117,0.3512114315386652,0.3546502099352419,671588000
2009-12-10,0.35327452421188354,0.36450778855295835,0.35212827442169736,0.362215288972586,417012000
2009-12-11,0.34868961572647095,0.35671336634431816,0.34777259925860515,0.35625487177476417,416744000
2009-12-14,0.3592350482940674,0.3603812981296961,0.3498357887104111,0.3537330326857984,405488000
2009-12-15,0.3587765395641327,0.3647370220752208,0.3557962846442133,0.3567132735447651,446152000
2009-12-16,0.3876620829105377,0.3917885880218794,0.36955131806874747,0.37161458428879496,1683400000
2009-12-17,0.3858281672000885,0.4007294467094364,0.38009691636140075,0.38880842310195807,1016132000
2009-12-18,0.385598748922348,0.3904129809243263,0.38101372311814785,0.3890374977789382,812828000
2009-12-21,0.39935392141342163,0.40095866612558945,0.38743292555748526,0.3878914201425677,427792000
2009-12-22,0.40989944338798523,0.41402594941064585,0.39889543643714337,0.39935393103327027,793044000
2009-12-23,0.4156304895877838,0.41677673917829566,0.4085237311951121,0.4137964847772157,442196000
2009-12-24,0.41471362113952637,0.41746461548896446,0.41310887671308366,0.41677686006941644,136812000
2009-12-28,0.40806540846824646,0.4176939309415653,0.4039389027409323,0.4140259197775622,465760000
2009-12-29,0.4131088852882385,0.41425513523502727,0.40577286376578686,0.4066898801204705,475848000
2009-12-30,0.42801013588905334,0.4305318967111059,0.41402587556449705,0.4170061309008989,704008000
2009-12-31,0.4282393157482147,0.4344290588421453,0.4277808213206549,0.4289270710539291,700340000
2010-01-04,0.42388367652893066,0.4268639321882343,0.41517217049741134,0.42434217109295647,800204000
2010-01-05,0.4300733506679535,0.4346583499196079,0.4222788355428902,0.4222788355428902,728648000
2010-01-06,0.4328244924545288,0.4337414816862817,0.42571773025778176,0.429844236458191,649168000
2010-01-07,0.4243420362472534,0.4323658115473499,0.4211325479902139,0.43053180654529205,547792000
2010-01-08,0.42525914311408997,0.4282393984619843,0.4183816433860667,0.42090337688908913,478168000
2010-01-11,0.41929861903190613,0.4293856347082248,0.41333810852641084,0.4275516293735529,556612000
2010-01-12,0.4050850570201874,0.41471357721658025,0.3963735530623205,0.4131088329600984,627432000
2010-01-13,0.4105871915817261,0.4119627026741931,0.39201792847721556,0.4078361967255509,508868000
2010-01-14,0.40416815876960754,0.4085238980612039,0.3972906584173457,0.40554366977156275,608524000
2010-01-15,0.39224711060523987,0.40462662682575173,0.38697435521476753,0.4011878768748465,818192000
2010-01-19,0.39958319067955017,0.4021049246143215,0.3881206618415778,0.38926691199249913,545328000
2010-01-20,0.39797839522361755,0.39958316720363285,0.3892668891226736,0.3945396449728837,719728000
2010-01-21,0.3908717930316925,0.40485605970288624,0.38720378059469407,0.39774929585448937,608632000
2010-01-22,0.3773458003997803,0.3933932976012482,0.37505330079957055,0.3862865379090977,1067916000
2010-01-25,0.3837648034095764,0.3911007966389482,0.380784548473933,0.3835355425188535,643676000
2010-01-26,0.3716146647930145,0.38445267740305483,0.37138540383153695,0.3819309161418386,714636000
2010-01-27,0.3817015588283539,0.38307706959248394,0.367258805119998,0.3713853100836357,812504000
2010-01-28,0.368863582611084,0.38605735939301344,0.36359082731302617,0.38468184850525755,687764000
2010-01-29,0.35281601548194885,0.3771165209818753,0.3473140003144893,0.3729900164384681,774700000
2010-02-01,0.3798675835132599,0.38055533894950905,0.35121130741374484,0.3541915627516548,949832000
2010-02-02,0.3837648034095764,0.3885790634847505,0.37734579908559457,0.3784920488817074,849812000
2010-02-03,0.3869743347167969,0.3885791064718857,0.3784920907529516,0.38032609609537177,562296000
2010-02-04,0.36450785398483276,0.383535609383297,0.360381348533674,0.383535609383297,783480000
2010-02-05,0.3718439042568207,0.37276092078835193,0.3576303803125434,0.3640494140469832,604856000
2010-02-08,0.37115609645843506,0.38009686290666345,0.3638201018823607,0.37069760192157214,445160000
2010-02-09,0.36817577481269836,0.37895054480085527,0.36450779184819365,0.3771165396542274,930144000
2010-02-10,0.3752826154232025,0.37872136556628544,0.3679466205837103,0.3704683816201405,535828000
2010-02-11,0.392476350069046,0.3966028552502059,0.3784920901019914,0.3812430844465134,695980000
2010-02-12,0.3977491855621338,0.40577293663048114,0.38536966751657087,0.3897254344937865,780212000
2010-02-16,0.4050850570201874,0.4066898286054202,0.3982075582106216,0.40302181830881806,457024000
2010-02-17,0.40898245573043823,0.41035793952398036,0.39729069317715304,0.4101287058894364,876560000
2010-02-18,0.3821600377559662,0.3885790417204193,0.37161452929088257,0.3865157758057294,1515508000
2010-02-19,0.3800968825817108,0.3846818828451863,0.3782628770105692,0.3805553771423069,510548000
2010-02-22,0.38078463077545166,0.38743289742709053,0.37826286974745815,0.3817016198790365,458084000
2010-02-23,0.3716146647930145,0.3835356608859038,0.36771739242045137,0.3819309161418386,489764000
2010-02-24,0.3794090151786804,0.3830770252391705,0.37367776653963297,0.37482401626744244,445868000
2010-02-25,0.37597036361694336,0.3768873800345462,0.3612983468941047,0.37069760803418506,576972000
2010-02-26,0.37138545513153076,0.3768874730081606,0.36909295451512575,0.37413645040546417,393396000
2010-03-01,0.38628655672073364,0.38812056195596517,0.3686343144052286,0.3716145694963858,555868000
2010-03-02,0.38605740666389465,0.3945396519669868,0.3833064118802915,0.3897254179278709,538648000
2010-03-03,0.38124313950538635,0.39041314019728734,0.37803365019472407,0.3883499009731127,399300000
2010-03-04,0.3819309175014496,0.38582816255912705,0.3771166559233567,0.3828479066931057,557396000
2010-03-05,0.3936227262020111,0.396373721428618,0.37917996710137186,0.37917996710137186,632832000
2010-03-08,0.38789135217666626,0.3949981126508603,0.3862865804169261,0.39385186272461964,439312000
2010-03-09,0.402334064245224,0.4062313081173234,0.3915592942128742,0.39178855510542465,830832000
2010-03-10,0.40325114130973816,0.40760690791912096,0.40095864119809155,0.401187902140759,418520000
2010-03-11,0.394081175327301,0.4014171981891437,0.3924764305745577,0.4000416870703583,540660000
2010-03-12,0.3954565227031708,0.39958302702214504,0.3933932568793096,0.39843677734069377,520352000
2010-03-15,0.39339330792427063,0.3988953235064027,0.3897253248649342,0.3949980795495289,358904000
2010-03-16,0.40714845061302185,0.40944095093441196,0.3929349267573955,0.3931641877210383,664988000
2010-03-17,0.41494283080101013,0.42044484651139047,0.409440842419382,0.409440842419382,651168000
2010-03-18,0.40027081966400146,0.41563056136360615,0.39660280940943143,0.41563056136360615,740964000
2010-03-19,0.3954565227031708,0.40737751392451466,0.3904130022417866,0.40623126424306333,584612000
2010-03-22,0.40187543630599976,0.40348018003458397,0.39041291473202494,0.39041291473202494,435336000
2010-03-23,0.41012871265411377,0.4121919520428378,0.40210493408002257,0.4048559563700012,493612000
2010-03-24,0.39637359976768494,0.4078361264630276,0.3956858443399388,0.40668987652636873,436252000
2010-03-25,0.3975198566913605,0.4046266173550591,0.3966028676574176,0.4021048565185842,495184000
2010-03-26,0.3975198566913605,0.40508511187203056,0.39431036774380573,0.4009586065617783,344676000
2010-03-29,0.40256333351135254,0.403480322443126,0.3945395573789526,0.40004157295584813,394456000
2010-03-30,0.40416815876960754,0.40921165356218153,0.3972906584173457,0.4071484143880058,324104000
2010-03-31,0.3988954722881317,0.40439748992242974,0.3968322054269843,0.4025634840443304,389840000
2010-04-01,0.3947688639163971,0.40531437449474034,0.39064235858883867,0.40072937464828756,339664000
2010-04-05,0.40072938799858093,0.40141714346421237,0.39683211613625474,0.39729063799917946,413636000
2010-04-06,0.3908717930316925,0.39660304538402325,0.3839942628801287,0.39568602861039015,809260000
2010-04-07,0.39339330792427063,0.40004157333658624,0.3851402982154483,0.38834981413721326,817468000
2010-04-08,0.3869743347167969,0.393851861583061,0.3849110957870453,0.39087160631772244,1037600000
2010-04-09,0.3894961476325989,0.3908716586557846,0.3839941308686134,0.386057397403392,817572000
2010-04-12,0.3966028690338135,0.3982076135131601,0.3892668474217924,0.38995460286401373,546460000
2010-04-13,0.4048559069633484,0.4062313906117204,0.3966028957580897,0.3982076403455687,648696000
2010-04-14,0.40989944338798523,0.4156306941614696,0.40348043705593084,0.413567454814519,900720000
2010-04-15,0.4128796458244324,0.4154014067699235,0.4071483957926397,0.4112749012812816,957596000
2010-04-16,0.3911009132862091,0.39774918048378355,0.38238940677176336,0.3961444357563549,1917736000
2010-04-19,0.38926687836647034,0.39041312841837517,0.3761996332405067,0.3881206283145655,1094492000
2010-04-20,0.3906424343585968,0.3961444516387748,0.3855989390150037,0.39201794551083136,678188000
2010-04-21,0.3805553615093231,0.39316413904467695,0.3759703614341967,0.3927056445029155,895908000
2010-04-22,0.3821600377559662,0.3833062874878775,0.369092768949178,0.3743655231817198,656932000
2010-04-23,0.3768872618675232,0.38193075493238443,0.3702389974071966,0.3810137388022975,752916000
2010-04-26,0.3805553615093231,0.38514036158444953,0.37665811691121687,0.3773458723882371,491092000
2010-04-27,0.369780570268631,0.38170156349817674,0.3686343203940832,0.37780431939046505,606704000
2010-04-28,0.3704683780670166,0.37574113370159135,0.3629030950302839,0.3695513616404021,672164000
2010-04-29,0.3817015588283539,0.3821600806355655,0.3661125552594737,0.3716145709872415,987128000
2010-04-30,0.36015209555625916,0.3778043677466578,0.359922861949261,0.37711661226815096,1068048000
2010-05-03,0.3562548756599426,0.3640493927423957,0.3507528587790184,0.36198612616376485,1078972000
2010-05-04,0.33814409375190735,0.35144059983921516,0.33310057165313894,0.3507528443413143,1311376000
2010-05-05,0.33241280913352966,0.3408950531877607,0.32828630390130115,0.331266559198397,1330840000
2010-05-06,0.3255353569984436,0.3369978863124885,0.29894234146107945,0.3301203851213178,1002888000
2010-05-07,0.3200332820415497,0.328515525793757,0.3085707557696101,0.328515525793757,1153712000
2010-05-10,0.33378836512565613,0.3434168885341774,0.33012038093414525,0.3392903824060626,979156000
2010-05-11,0.33012038469314575,0.33676862490448367,0.32759862332814976,0.3305788793062104,829124000
2010-05-12,0.33653926849365234,0.3383732462768803,0.3303494978246314,0.3324127638238885,901236000
2010-05-13,0.3358515202999115,0.3505235341788779,0.3326420044535356,0.3351637649522059,1252000000
2010-05-14,0.2971082031726837,0.3140727149422891,0.2888551944924705,0.3131557261239313,2493068000
2010-05-17,0.2977961003780365,0.3014641120571089,0.2883968375308893,0.297566839399809,856060000
2010-05-18,0.28793835639953613,0.30215185449682913,0.28633358413424675,0.3003178485713288,674112000
2010-05-19,0.2925232946872711,0.2929817892379276,0.2844995444001339,0.28656278354246656,826520000
2010-05-20,0.2856457531452179,0.2925232523970523,0.2753294769387135,0.2840409814567877,1129136000
2010-05-21,0.2918354868888855,0.2998592357378616,0.2773927334949781,0.2773927334949781,1069600000
2010-05-24,0.2833532691001892,0.29435730236886737,0.2824362799921778,0.29091855222068924,664564000
2010-05-25,0.2909185588359833,0.29229404252927793,0.2716615138422826,0.274412535886387,966652000
2010-05-26,0.2922940254211426,0.3083415528670364,0.29137703634595136,0.3026103028252014,995028000
2010-05-27,0.3094877600669861,0.3094877600669861,0.29894225051716466,0.29963000589280553,713560000
2010-05-28,0.30123481154441833,0.3090293285072939,0.29664981121170014,0.3090293285072939,545116000
2010-06-01,0.28839680552482605,0.3005470621184705,0.2881675445720418,0.2971083117992555,527492000
2010-06-02,0.29160618782043457,0.2920647095576449,0.2870211890783166,0.2888551940409134,649088000
2010-06-03,0.29114770889282227,0.2918354642064588,0.2847287048467974,0.2856457210412294,586360000
2010-06-04,0.27739280462265015,0.2877090557880037,0.27578803257836587,0.28266556068402704,671456000
2010-06-07,0.2636377215385437,0.28037300278289345,0.26249147164471864,0.2785389974870227,577248000
2010-06-08,0.25630176067352295,0.26249150543113653,0.2496534940363585,0.26249150543113653,967636000
2010-06-09,0.25011199712753296,0.2645547809363923,0.24919500799463282,0.25767725312461076,697152000
2010-06-10,0.2601989507675171,0.26134520056843674,0.2544677017629189,0.2551554571092209,611768000
2010-06-11,0.2661595344543457,0.26730578457305376,0.25676027254943606,0.2574480280864126,442104000
2010-06-14,0.26042816042900085,0.2705151457613291,0.25974040521799086,0.27005665139690427,375080000
2010-06-15,0.27326613664627075,0.27464161958874633,0.26294986426961986,0.26340838591252097,528632000
2010-06-16,0.26982754468917847,0.2739540505658157,0.2661595333924436,0.2714322893832156,366480000
2010-06-17,0.280143678188324,0.2808314334340241,0.26959817063091374,0.27922668941322176,859068000
2010-06-18,0.2819778323173523,0.28541658303722717,0.2796853318374357,0.2817485713378561,932832000
2010-06-21,0.2753294110298157,0.28862591186617015,0.27280767830505204,0.28793818396861853,579836000
2010-06-22,0.2650132477283478,0.2822069971339308,0.26363773684439923,0.27876824725281424,818164000
2010-06-23,0.2679935097694397,0.2707445042771366,0.25996973251812777,0.26753501523961615,614060000
2010-06-24,0.25469696521759033,0.2677642363446757,0.2537799762007354,0.2663887254906391,725028000
2010-06-25,0.2540091574192047,0.25676015093534815,0.24988265348061678,0.25653089008869223,507220000
2010-06-28,0.25446781516075134,0.25813582708976124,0.24988281391387057,0.2558433264663208,372008000
2010-06-29,0.24025416374206543,0.24919492789332873,0.23864941961094088,0.24896566701941858,660808000
2010-06-30,0.23406444489955902,0.243234443541598,0.23406444489955902,0.24071268298353662,623072000
2010-07-01,0.23796173930168152,0.23956648393847443,0.22764547497808876,0.2347522500280957,737008000
2010-07-02,0.2349814921617508,0.23933725899520292,0.2269577413582299,0.2388787644150391,737096000
2010-07-06,0.23245969414710999,0.24162969253448088,0.230396428112701,0.2340644383991497,712020000
2010-07-07,0.24369296431541443,0.2450684751917119,0.23291822021359954,0.23337671472944718,608412000
2010-07-08,0.2363569587469101,0.24552695793935947,0.2333767035436134,0.2452977243568002,783272000
2010-07-09,0.23727400600910187,0.23887877812491487,0.23429375007385492,0.2375032669767209,571516000
2010-07-12,0.2416297197341919,0.2446099750113182,0.2370447200243834,0.23727395361262144,565396000
2010-07-13,0.2503412067890167,0.25194595110721507,0.2441514630881078,0.2455269465056698,723316000
2010-07-14,0.2528630495071411,0.26317930146880414,0.24919503787815656,0.26134529565431186,1355664000
2010-07-15,0.24575626850128174,0.2533215248292264,0.24277601269587826,0.2530922638715958,953088000
2010-07-16,0.23039640486240387,0.24644392774962895,0.22947941604770444,0.2457561724742303,1288604000
2010-07-19,0.23979569971561432,0.24071268866997994,0.23200118428849753,0.23360595595176578,798440000
2010-07-20,0.24575626850128174,0.24713175226078882,0.23154274501839722,0.233606011650796,1160988000
2010-07-21,0.2377324253320694,0.24827793458538208,0.23543992569689284,0.24804870101911525,624940000
2010-07-22,0.2416297197341919,0.24415148050608815,0.23887872537405758,0.24025420888974777,462612000
2010-07-23,0.23750321567058563,0.2416297208949879,0.23521071580466815,0.24140045997689452,817604000
2010-07-26,0.24185903370380402,0.24277605034778676,0.2331475258941646,0.23681553781256953,683548000
2010-07-27,0.23979569971561432,0.24300518838464624,0.23681544462079768,0.24254669390746345,683472000
2010-07-28,0.23223049938678741,0.24002501663290032,0.2315427438461365,0.23589851071775333,1320808000
2010-07-29,0.20930542051792145,0.22008017736527938,0.20792992342329894,0.21549517794028694,2664476000
2010-07-30,0.2106809765100479,0.21434897410468437,0.20449121775874352,0.20770072077819254,984288000
2010-08-02,0.2104516625404358,0.21526592268897546,0.20953465995669607,0.21434892010523574,917020000
2010-08-03,0.20494972169399261,0.20907622771665324,0.20334497694316886,0.2088469804185898,955444000
2010-08-04,0.21366117894649506,0.21434893434608665,0.20586667696342198,0.20678367960808525,855496000
2010-08-05,0.2164122462272644,0.21687074084314084,0.2104517342345888,0.2143489931270598,800504000
2010-08-06,0.21893391013145447,0.2212264096619867,0.2136611557454803,0.21549516083565612,739904000
2010-08-09,0.22099721431732178,0.2214557225296806,0.2157244586936537,0.22122646159131207,466456000
2010-08-10,0.21182724833488464,0.21778774674545426,0.21091024542609382,0.21732925212324908,772560000
2010-08-11,0.20357422530651093,0.20747147038712221,0.20288646974434196,0.20747147038712221,796148000
2010-08-12,0.2054082453250885,0.20999324628696917,0.19830148290266889,0.19990622777357483,1343584000
2010-08-13,0.21526595950126648,0.21824621499197547,0.2115979485390468,0.21205645674151324,1797392000
2010-08-16,0.20976395905017853,0.2166414591840968,0.20701295079798437,0.21228570636640626,814008000
2010-08-17,0.2125149667263031,0.21641222524084017,0.2097639719690596,0.2118272248691817,481224000
2010-08-18,0.21366117894649506,0.2154951842358216,0.21045167652236182,0.211827187321545,352920000
2010-08-19,0.22649912536144257,0.22718688056888225,0.21480736882120427,0.2159536183906886,1615100000
2010-08-20,0.22856248915195465,0.23406450617478994,0.22466524417458725,0.22489449146777718,1305308000
2010-08-23,0.22512370347976685,0.23498145852145025,0.22443594804360203,0.22925020876800112,748620000
2010-08-24,0.22283123433589935,0.225123734553714,0.21732923108026836,0.21778772565807963,641332000
2010-08-25,0.22741618752479553,0.2292501927837761,0.2191631775237593,0.22030944105890438,757532000
2010-08-26,0.22466519474983215,0.2329182048041018,0.22466519474983215,0.23039644414064364,657596000
2010-08-27,0.2320012003183365,0.23383520568253835,0.22030945369858665,0.2260407033812461,1060416000
2010-08-30,0.22099721431732178,0.2310842310166773,0.22099721431732178,0.22925022549599844,602804000
2010-08-31,0.21389052271842957,0.22466528405477207,0.21320276705239724,0.21778776838759445,931488000
2010-09-01,0.21549518406391144,0.21985093637430483,0.21434893417509088,0.21709994210688613,851440000
2010-09-02,0.21939244866371155,0.22008019041962903,0.21411969354645927,0.21618294614296568,596292000
2010-09-03,0.22695773839950562,0.2276454802607856,0.22191422976155728,0.2246652381998143,566484000
2010-09-07,0.22902093827724457,0.23429367931688747,0.22581143600803208,0.22626993047604418,899820000
2010-09-08,0.23658618330955505,0.23819095497005396,0.22695768999032287,0.22947945060360495,1224156000
2010-09-09,0.23337672650814056,0.239795732040243,0.23039647101158342,0.23956647110637092,697748000
2010-09-10,0.23085498809814453,0.23566924954961857,0.22879174880680345,0.23498149400958532,609292000
2010-09-13,0.24392230808734894,0.24690256444575184,0.23498153901214022,0.23498153901214022,1015792000
2010-09-14,0.2416297197341919,0.24483920859955627,0.2395664534675257,0.24185895332242993,698536000
2010-09-15,0.24208828806877136,0.2423175490556808,0.23612777569674906,0.23933729286966965,555572000
2010-09-16,0.2423175424337387,0.24438078194449117,0.23887879169664356,0.23887879169664356,365280000
2010-09-17,0.24185903370380402,0.24483928997141263,0.24117130538177076,0.24461005630698923,416884000
2010-09-20,0.24552704393863678,0.2464440605763316,0.2395665314442906,0.2418590320453833,443168000
2010-09-21,0.258823424577713,0.2629499290796971,0.2441514389359355,0.2441514389359355,1779624000
2010-09-22,0.2611159384250641,0.2634084377759779,0.2563016788566459,0.257906422936536,999996000
2010-09-23,0.26638880372047424,0.2746418166108304,0.2618038026322235,0.26409630317634886,1240872000
2010-09-24,0.2810607850551605,0.28197780154430735,0.2702860394411838,0.2723492787164369,1086976000
2010-09-27,0.2751002311706543,0.28335321350989756,0.27143222080071183,0.28312397994224586,999504000
2010-09-28,0.27441251277923584,0.27830975724186946,0.26959825193619985,0.2753295018308831,723192000
2010-09-29,0.2723493278026581,0.2803731073816161,0.26936907150111883,0.2718908331398282,974904000
2010-09-30,0.26776424050331116,0.27899750644239585,0.26547174059681483,0.27578799017604827,787632000
2010-10-01,0.2601989507675171,0.27211997056008214,0.25813571205736213,0.2716614487767135,999120000
2010-10-04,0.25767722725868225,0.26203299352461523,0.25240447195189747,0.25767722725868225,749500000
2010-10-05,0.259511262178421,0.2636377679889927,0.25882350665519943,0.26317927341643094,753588000
2010-10-06,0.24713166058063507,0.2606574235016402,0.24460992762599756,0.2595111737962371,1057604000
2010-10-07,0.24529770016670227,0.24850718863605367,0.23796167967318377,0.24827792774734975,761488000
2010-10-08,0.24896563589572906,0.25102890151674095,0.2409418889144221,0.2443806376206965,706932000
2010-10-11,0.24781952798366547,0.2521752952320038,0.24667327775969658,0.25011202843160324,442680000
2010-10-12,0.2526337504386902,0.25378000048381555,0.24369298368945827,0.245756250167938,605208000
2010-10-13,0.2599698007106781,0.26363781256893193,0.2540093156019689,0.2567603108312779,968732000
2010-10-14,0.2558434009552002,0.2606576372688334,0.25469712298097774,0.2601991424764071,599172000
2010-10-15,0.258823424577713,0.2629499290796971,0.2558431971367655,0.2599696743100003,639940000
2010-10-18,0.26042816042900085,0.2615744100044357,0.25446765170524155,0.25905265000698086,448156000
2010-10-19,0.258823424577713,0.2606574296151225,0.25263368148911153,0.2546969200757289,866136000
2010-10-20,0.258823424577713,0.2659301838493939,0.254467686526521,0.2590526854556702,763532000
2010-10-21,0.2542385756969452,0.25951133304313106,0.2503413297728132,0.25905283834536824,1014428000
2010-10-22,0.2705152630805969,0.2725785296084412,0.25309225104633526,0.25584327308346094,1322676000
2010-10-25,0.27303698658943176,0.275100252833277,0.27005673134526886,0.27257849208927293,673136000
2010-10-26,0.27212005853652954,0.2762465646196903,0.2675350578505197,0.2698275581935246,675248000
2010-10-27,0.2760172188282013,0.27693420775209004,0.26891045901743343,0.2695982143747257,496796000
2010-10-28,0.2762465178966522,0.28060225688014845,0.2737247570143617,0.2796852678295456,704448000
2010-10-29,0.2755586802959442,0.2785389348150754,0.27280768663549504,0.2757879138258792,554664000
2010-11-01,0.2760172188282013,0.28174846792438457,0.27372471918972796,0.2773927295427858,473920000
2010-11-02,0.28174853324890137,0.28633353358889857,0.2755587882556567,0.27716353290890416,581036000
2010-11-03,0.2838118374347687,0.28564584327972226,0.276246580404811,0.283582576455864,671748000
2010-11-04,0.28427040576934814,0.28954316369242306,0.2838119110214217,0.28656290683774865,700016000
2010-11-05,0.28908437490463257,0.2916061071176523,0.28495787171299775,0.2863333545577156,735116000
2010-11-08,0.29023072123527527,0.29275245429077346,0.28656271109977816,0.2888552106022764,605156000
2010-11-09,0.2886259853839874,0.2925232568827924,0.2870212409997018,0.2902307570970262,633964000
2010-11-10,0.29206493496894836,0.29206493496894836,0.28656291583478266,0.2906894233532146,521016000
2010-11-11,0.28908437490463257,0.29389860585425603,0.2812898628029355,0.2851871051894137,1089980000
2010-11-12,0.3039858937263489,0.3136144190579147,0.2987131363611498,0.3000886477881637,2142560000
2010-11-15,0.3003178536891937,0.3097171171370837,0.2996301253680784,0.3053613769024594,733548000
2010-11-16,0.29137706756591797,0.2994008184842019,0.2909185729791964,0.29527431254618985,739356000
2010-11-17,0.29619133472442627,0.2996300851838747,0.2883968172857542,0.2911478121875611,551764000
2010-11-18,0.305361270904541,0.3083415261336566,0.30008851585745244,0.30008851585745244,993120000
2010-11-19,0.315218985080719,0.31636523484240797,0.3042149819027548,0.3046734763416804,716484000
2010-11-22,0.3154483735561371,0.3172823520536414,0.3104048507017171,0.31315587310549564,462668000
2010-11-23,0.30811235308647156,0.3149898545016859,0.3058198526147335,0.31178036477275706,457832000
2010-11-24,0.3156774938106537,0.31682374362423443,0.31109249455633065,0.3113217554505473,397784000
2010-11-26,0.3117802143096924,0.3172822018551366,0.3117802143096924,0.3154482242258206,143104000
2010-11-29,0.315218985080719,0.31636523484240797,0.3090292418333485,0.3104047251501253,468192000
2010-11-30,0.3120095133781433,0.3136142851339559,0.30627826376096656,0.3104047689510846,720936000
2010-12-01,0.3257645070552826,0.3278277457786503,0.3177407583974619,0.3181992528550157,626536000
2010-12-02,0.3296618163585663,0.33172508282013763,0.32553531076418013,0.32576457170282913,529316000
2010-12-03,0.3390611410140991,0.3390611410140991,0.3273693775308543,0.32805713314670903,606044000
2010-12-06,0.3326420187950134,0.34089502866579796,0.3312665353690508,0.3402072732884406,438424000
2010-12-07,0.34341681003570557,0.3514405594895586,0.33974879935387126,0.3404365547728094,1026812000
2010-12-08,0.3463969826698303,0.35006496514795843,0.34043647356584467,0.3429582337241649,613252000
2010-12-09,0.3406657576560974,0.34295828462218614,0.33332976428236816,0.33814402445227715,942408000
2010-12-10,0.34272894263267517,0.34593843043403893,0.33974868834355454,0.3406656770500171,451900000
2010-12-13,0.3340175449848175,0.34479228863214834,0.3331005286630479,0.3441045605517629,609108000
2010-12-14,0.3344760537147522,0.3466263086974075,0.33401755919873316,0.34043656440926373,755160000
2010-12-15,0.32714006304740906,0.3392903181628512,0.3266815411976243,0.33516381281607305,624176000
2010-12-16,0.32759860157966614,0.33241286301913836,0.32668158508565504,0.3305788573598747,631872000
2010-12-17,0.3294326364994049,0.33126664232156644,0.3239306190329203,0.3278278643245379,593156000
2010-12-20,0.32805708050727844,0.3321835862115135,0.32782781956252643,0.33057884158452133,344088000
2010-12-21,0.34089505672454834,0.34089505672454834,0.3310373017143821,0.3312665626352889,466952000
2010-12-22,0.3445630967617035,0.3450215913137178,0.33699784100281927,0.34020733019567595,477988000
2010-12-23,0.3420412838459015,0.34456304449257197,0.34066577306976253,0.34456304449257197,273784000
2010-12-27,0.34387537837028503,0.3463971396715735,0.33493461066197483,0.3411243834326356,255500000
2010-12-28,0.34249985218048096,0.34616786348860423,0.34043661290013566,0.3438753632532168,194260000
2010-12-29,0.34249985218048096,0.34502161337091053,0.33929036278244196,0.3422706185541973,177660000
2010-12-30,0.3436460494995117,0.34570931579160996,0.34089505510546836,0.34204130504704927,174488000
2010-12-31,0.35304534435272217,0.3535038662370364,0.34341684937099254,0.3438753439265497,391252000
2011-01-03,0.3626737892627716,0.3661125386887017,0.35533776862445327,0.3557962904109115,817448000
2011-01-04,0.3615276515483856,0.3649664020405251,0.3535039004000602,0.3633616572766119,651384000
2011-01-05,0.38926687836647034,0.3897254002502378,0.3645078717795747,0.368175855548416,1428216000
2011-01-06,0.44314059615135193,0.4433698570470296,0.39820756491238873,0.39935381473327425,3493312000
2011-01-07,0.4555201530456543,0.45689566389034564,0.42823938837013836,0.4380971432137491,2579984000
2011-01-10,0.4729432463645935,0.47386023553709133,0.4438284711995433,0.4472672215895484,1750348000
2011-01-11,0.4656071364879608,0.48394718979146145,0.45552014816416597,0.4793621901299631,2711088000
2011-01-12,0.5352991223335266,0.5357575894131935,0.46423158718049856,0.46583633127432544,3431896000
2011-01-13,0.5362161993980408,0.5465324755932944,0.5130619136818625,0.5295679337312663,2695192000
2011-01-14,0.5408009886741638,0.5497417506135976,0.523836508064072,0.5270459955323352,1595352000
2011-01-18,0.5281925797462463,0.5371333478152225,0.5151253327687159,0.5334653361978845,1813348000
2011-01-19,0.5137497186660767,0.5410304846993594,0.5126034960101249,0.5284217621963364,1197896000
2011-01-20,0.5142082571983337,0.5171885127209707,0.49953621319227115,0.5087062680248164,1111408000
2011-01-21,0.5093939304351807,0.5270462286328034,0.5084769414183257,0.519710207182947,739244000
2011-01-24,0.5669357776641846,0.5742717992117603,0.5268170020604259,0.5327774580781336,2056900000
2011-01-25,0.5495129823684692,0.570374723232187,0.5458449701603079,0.5644142102261162,1086856000
2011-01-26,0.5625801086425781,0.5731256209424394,0.5513468407877243,0.5552440858276698,1074660000
2011-01-27,0.5609753727912903,0.571979352530542,0.5502006266881633,0.570603896056275,657396000
2011-01-28,0.5446986556053162,0.5717501959862027,0.5318606410734994,0.5623509597475184,1094796000
2011-01-31,0.5483664870262146,0.5559317421228626,0.536674753993899,0.5456155199549391,750160000
2011-02-01,0.5609753727912903,0.5651018515291298,0.5495128711222701,0.5531808825878605,654104000
2011-02-02,0.5864219665527344,0.5999477303478776,0.5577656947369225,0.5577656947369225,1606616000
2011-02-03,0.5754179358482361,0.5873389554172953,0.5628091609457695,0.5873389554172953,1030776000
2011-02-04,0.5884852409362793,0.5930702405453713,0.5811492743562361,0.583441774160782,872900000
2011-02-07,0.5639556646347046,0.5829834240837645,0.5618923978055228,0.5804616899531131,934236000
2011-02-08,0.5472202301025391,0.5683112496142122,0.5446984421234226,0.5646432390916379,1076584000
2011-02-09,0.5339238047599792,0.5547855948349688,0.5240660484367187,0.5492835506303463,1277520000
2011-02-10,0.5231489539146423,0.5320897192887692,0.5181054326287875,0.5220026767170596,1042352000
2011-02-11,0.5380500555038452,0.5550145935246243,0.5128325639845707,0.5213148056662138,1359276000
2011-02-14,0.5297971963882446,0.5616629577457962,0.5277339303173053,0.544469183136307,1287828000
2011-02-15,0.5169591903686523,0.5325481661270797,0.5146666360609392,0.5307141882699128,886980000
2011-02-16,0.5359870195388794,0.5435522749316124,0.5220027314135948,0.5238367641903999,1318364000
2011-02-17,0.5887143015861511,0.5962795534822558,0.5183344809454337,0.5208562680157923,3470096000
2011-02-18,0.5875684022903442,0.5949044254050031,0.5783984007257811,0.5855051355410613,1394412000
2011-02-22,0.5320897698402405,0.5699160464340944,0.5302557370813659,0.5683113019310232,1396648000
2011-02-23,0.5068723559379578,0.5371333855870866,0.49930709852567556,0.5320899170839154,1491604000
2011-02-24,0.5192516446113586,0.5281923542050789,0.5057258814606688,0.5093938368542472,1246120000
2011-02-25,0.5300264954566956,0.5387379732925205,0.52589996280485,0.5332359844142358,775652000
2011-02-28,0.5194810628890991,0.538967342470018,0.5075600396483,0.5387380541832596,903696000
2011-03-01,0.496326744556427,0.5270462901372434,0.496326744556427,0.520398023338576,988448000
2011-03-02,0.47569411993026733,0.5050381468855935,0.46423162221119474,0.4956388604957036,1718140000
2011-03-03,0.4784450829029083,0.4894491134229549,0.4640023304223785,0.48669809212856824,1593704000
2011-03-04,0.47592347860336304,0.4837179681699329,0.47065072280067993,0.4789037342595541,959760000
2011-03-07,0.46927517652511597,0.4809669646540935,0.4573541821247212,0.4793622201378634,1019140000
2011-03-08,0.44818419218063354,0.47684044249524593,0.43832640927789973,0.47431870886481364,1947184000
2011-03-09,0.4387848973274231,0.4511644129064615,0.43488762572200584,0.44680864679709925,1318976000
2011-03-10,0.410816490650177,0.43190748960907577,0.4103579686909798,0.42869799986726387,1722736000
2011-03-11,0.4137965738773346,0.4252590995793498,0.4048558360776899,0.4142550956752666,1486832000
2011-03-14,0.41723543405532837,0.42755168465180016,0.41035790632892327,0.41700617311057053,1003360000
2011-03-15,0.4048559069633484,0.4117334071914784,0.3899546291403101,0.3968321293684401,1256280000
2011-03-16,0.40187543630599976,0.4206739487311752,0.39660268348744426,0.4011876811855374,1476520000
2011-03-17,0.4094408452510834,0.4133380893257527,0.3943103361038348,0.4126503339411046,1238516000
2011-03-18,0.40393877029418945,0.41723529957173683,0.4034802758812133,0.4158597890040599,886960000
2011-03-21,0.40714845061302185,0.4167769464971084,0.4030219445687677,0.4126504404528543,751832000
2011-03-22,0.4000416100025177,0.4098993649113621,0.39820760464037736,0.40600212059728524,718332000
2011-03-23,0.40829458832740784,0.40944083817242016,0.3906423188512169,0.39935382313906076,782396000
2011-03-24,0.44084808230400085,0.4458916032163793,0.4160890815049407,0.41700607040060017,1780592000
2011-03-25,0.4270932376384735,0.4458917626811854,0.4264054820563908,0.44474551248730104,1196392000
2011-03-28,0.4429113566875458,0.4502473499777919,0.43328283645729976,0.4371800803306726,1204284000
2011-03-29,0.4394727349281311,0.4445162300721562,0.4335122232759821,0.4429114853438881,715764000
2011-03-30,0.4229666590690613,0.444745436353418,0.41746464268302447,0.4429114308914058,1176320000
2011-03-31,0.42319586873054504,0.4282393902979485,0.41540138011888283,0.42365439056667564,655112000
2011-04-01,0.41723543405532837,0.4291564292788332,0.4115041563951979,0.42869793471807477,850072000
2011-04-04,0.402334064245224,0.4183815888474734,0.3993538092858241,0.41723533904222354,924328000
2011-04-05,0.403021901845932,0.41150414667015267,0.4021048854173297,0.40829465749193616,821076000
2011-04-06,0.40027081966400146,0.40646056305593165,0.3968320429698729,0.40600206860629806,856984000
2011-04-07,0.41494283080101013,0.41746459141769515,0.39958308818427546,0.4011878325181876,1021208000
2011-04-08,0.402334064245224,0.418152327954923,0.4011878144399741,0.418152327954923,746552000
2011-04-11,0.3970614969730377,0.4060022660686839,0.3927057565899441,0.40393899904872066,546208000
2011-04-12,0.3982076942920685,0.40095868929025547,0.3858281758070866,0.3931641989072656,840756000
2011-04-13,0.40714845061302185,0.4096701845692952,0.3972906937652924,0.4023341890065988,749588000
2011-04-14,0.4243420362472534,0.42457129712079145,0.40118778116986503,0.40348028059025004,1254704000
2011-04-15,0.42892715334892273,0.43419990859937724,0.419069370956928,0.42113263726993433,969720000
2011-04-18,0.41471362113952637,0.4215911206774985,0.40806535518890097,0.41884012632806045,743584000
2011-04-19,0.4131088852882385,0.4165476351286048,0.4018756194124559,0.414942863340097,659860000
2011-04-20,0.42571768164634705,0.434429187668301,0.4188401812072398,0.428239442738856,650516000
2011-04-21,0.4245714247226715,0.433053696990381,0.42365443561042254,0.43030267499612007,421300000
2011-04-25,0.43121960759162903,0.43832634015163185,0.42617608646864114,0.4264053473665048,619612000
2011-04-26,0.4424528181552887,0.4468085836490448,0.4305318260937589,0.43488756425876496,676000000
2011-04-27,0.4424528181552887,0.4447453450085156,0.43328282005738117,0.4447453450085156,450004000
2011-04-28,0.44726720452308655,0.4562079715932005,0.4374094483154645,0.4424529432292746,684000000
2011-04-29,0.4585004448890686,0.4685874341254035,0.44955967834305,0.4502474338202447,836000000
2011-05-02,0.4523106515407562,0.4683581500795534,0.4500181517494995,0.4681289164976796,613824000
2011-05-03,0.43076109886169434,0.4484133686700752,0.4252591104335967,0.44703788522742705,808000000
2011-05-04,0.4275517463684082,0.4369510092001361,0.4195279947462663,0.43213674729534646,639356000
2011-05-05,0.42778104543685913,0.4328245414398233,0.4183817817681994,0.4241130334371959,544000000
2011-05-06,0.4429113566875458,0.44703786145354396,0.43328283645729976,0.43672158587417303,841080000
2011-05-09,0.4527691900730133,0.45506169008725594,0.4431406681501896,0.4442869181573109,706328000
2011-05-10,0.4534570276737213,0.45689577831791595,0.4488719994860344,0.4564372836977755,690976000
2011-05-11,0.4555201530456543,0.4603343863445661,0.44933040890205117,0.45574941396268753,616000000
2011-05-12,0.4699629843235016,0.4704215062324238,0.4527692326016711,0.4539154827164598,1224000000
2011-05-13,0.4186108410358429,0.44130660458680687,0.4154013523698491,0.44016035473055876,2025192000
2011-05-16,0.4057728052139282,0.41838158013794885,0.40554357165490085,0.417464563915588,728188000
2011-05-17,0.40416815876960754,0.40462665332734027,0.39247639723925953,0.4043974197128525,1420364000
2011-05-18,0.41356736421585083,0.4170061139266273,0.40439736498711354,0.4057728484741721,658844000
2011-05-19,0.40760692954063416,0.41700619142847206,0.40141718437660456,0.41677693047364345,650884000
2011-05-20,0.41471362113952637,0.4156306101464211,0.4048558663360155,0.40668987167855886,575820000
2011-05-23,0.4142550230026245,0.41723527752259815,0.4034802545589701,0.40875300835142386,588000000
2011-05-24,0.4158598780632019,0.43259513268641,0.4151721226320761,0.4163183725743677,720372000
2011-05-25,0.4209033250808716,0.4236543464964664,0.4096700605105294,0.4137965653051704,545312000
2011-05-26,0.43144893646240234,0.4351169476659291,0.4197571746638237,0.4209034247488311,706436000
2011-05-27,0.44703808426856995,0.44772581263172484,0.432824557731447,0.43328305241647186,658824000
2011-05-31,0.4594173729419708,0.45964666117558434,0.4447453855784321,0.4557493897654624,1200716000
2011-06-01,0.4387848973274231,0.4580419124518982,0.43786788099077917,0.45735415703160376,762208000
2011-06-02,0.43672168254852295,0.4426821937887115,0.43144892680970337,0.43947270455399895,607592000
2011-06-03,0.42319586873054504,0.43557538440223426,0.4211326297829739,0.43167814009640315,549300000
2011-06-06,0.4142550230026245,0.42640527461251887,0.4137965012851309,0.422508031315052,435988000
2011-06-07,0.41402584314346313,0.41975709244591924,0.41219183790092667,0.4174645927249368,433956000
2011-06-08,0.40279266238212585,0.41448442433668453,0.39958317303279034,0.4119626905132804,569288000
2011-06-09,0.3982076942920685,0.403480450647037,0.3837649363906364,0.4025634614238948,741632000
2011-06-10,0.392476350069046,0.4014171158496847,0.3892668338931422,0.39889535509209983,493548000
2011-06-13,0.38972532749176025,0.3975198154580442,0.38697430601777594,0.3924763216369927,574760000
2011-06-14,0.3929348587989807,0.4016463639793529,0.39133011431730147,0.39316411972297266,534576000
2011-06-15,0.3844526708126068,0.3899546605061585,0.3764288925723091,0.38766216024571887,935916000
2011-06-16,0.37115609645843506,0.39064237389829,0.36565410735856824,0.38468186293280443,1024908000
2011-06-17,0.36244460940361023,0.37574114295116584,0.35098210875443187,0.3755118820066794,1467884000
2011-06-20,0.3580889105796814,0.36680041752387066,0.35533788824979823,0.3592351607742126,745960000
2011-06-21,0.3658832907676697,0.36863431226895066,0.3560255365980852,0.3594642861459343,704276000
2011-06-22,0.3608399033546448,0.36817589908863385,0.360152147776417,0.36336166469855985,651720000
2011-06-23,0.3716146647930145,0.3741363987254715,0.35304537410486825,0.35625489092175794,744024000
2011-06-24,0.3608399033546448,0.37299016080746805,0.35854740297972565,0.36978067121408537,529052000
2011-06-27,0.35327452421188354,0.36313227787323465,0.34066574919108505,0.36083977829286235,1142152000
2011-06-28,0.35533782839775085,0.3594643338687589,0.3507528283919098,0.35327458932662464,692200000
2011-06-29,0.3608399033546448,0.3645079148860194,0.34525089533944286,0.35763038643250195,960544000
2011-06-30,0.36542490124702454,0.36932214638816024,0.3562548998190534,0.36175688974433207,652300000
2011-07-01,0.3702390789985657,0.3716145898324502,0.3580888243950981,0.36542481840872354,540804000
2011-07-05,0.36404940485954285,0.37321940597087594,0.36083988807332085,0.36978065555412604,535296000
2011-07-06,0.3592350482940674,0.36450780300370994,0.35487928252142714,0.3638200476365823,529580000
2011-07-07,0.36061057448387146,0.3629030744271204,0.3541915691770234,0.36106909633552525,986136000
2011-07-08,0.35373303294181824,0.35808879871761107,0.3507527779012762,0.35556703814590196,619516000
2011-07-11,0.34135347604751587,0.3484602350851637,0.34043648722338316,0.34708475184896465,714388000
2011-07-12,0.3367685377597809,0.3429583090851039,0.33103728825763246,0.3397487929666487,867604000
2011-07-13,0.3360807001590729,0.3436459531174381,0.3328712121543102,0.34135345387725147,634368000
2011-07-14,0.3227842450141907,0.3395194973137828,0.32117950078354496,0.3374562586356312,1088996000
2011-07-15,0.32324281334877014,0.3266815634842217,0.31659457401839985,0.3246183243344535,827736000
2011-07-18,0.3163652718067169,0.3225550157773008,0.3122387667167433,0.32072103780731537,818200000
2011-07-19,0.3259938359260559,0.3266815640914191,0.31728230277221187,0.31728230277221187,602224000
2011-07-20,0.32186731696128845,0.32897405056288076,0.320950300564184,0.3271400724261832,662956000
2011-07-21,0.3369978964328766,0.3392903968987796,0.31751161514393983,0.32232587705384064,1143420000
2011-07-22,0.34387537837028503,0.34502162853836893,0.3356223662285771,0.33997813326455173,737192000
2011-07-25,0.3383733332157135,0.33997810518148036,0.33355909930468514,0.3386025941618966,566920000
2011-07-26,0.33012038469314575,0.3369978858753962,0.3253061229340663,0.3287448735251915,698276000
2011-07-27,0.317740797996521,0.32714005852715516,0.3168237816383773,0.32553528673259235,652212000
2011-07-28,0.3170531094074249,0.3237013495940943,0.31155109208478377,0.31659461479606155,648176000
2011-07-29,0.3170531094074249,0.32003336537442717,0.31223884766620896,0.3138435924703608,677656000
2011-08-01,0.3340175449848175,0.33493453397783374,0.32163802960657817,0.32438902391438024,1019620000
2011-08-02,0.33057886362075806,0.3525868772912176,0.33057886362075806,0.331725113763412,1356432000
2011-08-03,0.3395196199417114,0.3406658701388547,0.3280571179702785,0.33126663491953595,765236000
2011-08-04,0.3071953356266022,0.33332985500234186,0.3071953356266022,0.33332985500234186,979732000
2011-08-05,0.29687902331352234,0.3181993061098939,0.28885527331282057,0.31430206157530416,1270588000
2011-08-08,0.27349552512168884,0.29252330956486616,0.2716615194970295,0.28243629229361883,1084180000
2011-08-09,0.2964205741882324,0.29687906879275866,0.27510031545454233,0.2787682996195123,1329832000
2011-08-10,0.2828948199748993,0.29596209449939215,0.28129007511380266,0.2877090818869505,1140052000
2011-08-11,0.30742451548576355,0.31155102070006097,0.2828947451175111,0.2828947451175111,1078792000
2011-08-12,0.2952742576599121,0.34066578721180135,0.2904599970723244,0.3402072927103058,3195784000
2011-08-15,0.30650749802589417,0.3071952533859048,0.296649744075745,0.29825448836326895,864152000
2011-08-16,0.2977961003780365,0.3071953632251837,0.29229408285942793,0.30306885691841756,716868000
2011-08-17,0.29366955161094666,0.30375656860557987,0.28977230684589267,0.29871304644388463,553328000
2011-08-18,0.273724764585495,0.2831240255935526,0.2705152481621006,0.28037303103689737,802564000
2011-08-19,0.2689105272293091,0.2840410396127411,0.26707652158756606,0.2691397881828113,761332000
2011-08-22,0.273724764585495,0.27968527556554457,0.2707445090954702,0.2764757591421502,611876000
2011-08-23,0.30329808592796326,0.30352734690268346,0.2799145596569353,0.28037308160637575,938312000
2011-08-24,0.29894229769706726,0.3035272978199545,0.29114778109090506,0.30261030872687966,687500000
2011-08-25,0.28610432147979736,0.2982545787600539,0.28564582687707746,0.29298182250687543,690968000
2011-08-26,0.29825448989868164,0.30123474492156926,0.2799144652952389,0.28495798640878023,732660000
2011-08-29,0.3062782883644104,0.3074245383799244,0.29963004920593145,0.30673681023362087,601528000
2011-08-30,0.31361427903175354,0.3161360124169919,0.30215175269168015,0.30421501891096975,684760000
2011-08-31,0.30513203144073486,0.319116292244906,0.30261029786094945,0.3159068032056317,705808000
2011-09-01,0.304444283246994,0.31590681074494,0.3042150496408639,0.3092585442495562,762312000
2011-09-02,0.29619133472442627,0.30169332452804004,0.29389880708936794,0.29756681851095,471356000
2011-09-06,0.30215173959732056,0.30283949497394513,0.28381174197400955,0.28656273615175576,696248000
2011-09-07,0.32668158411979675,0.3356223514339885,0.31774084413436354,0.32668158411979675,1606620000
2011-09-08,0.3250768482685089,0.33126662093478354,0.31980409211849237,0.3234721035260063,880164000
2011-09-09,0.3181992173194885,0.3310372246697922,0.3154482235526372,0.3223257216341396,869828000
2011-09-12,0.3257645070552826,0.3285155011293566,0.31384348718637667,0.31384348718637667,916480000
2011-09-13,0.3331005573272705,0.33470532919627405,0.3234720627570281,0.3285155573101307,853836000
2011-09-14,0.3502943217754364,0.3546500880280086,0.34158281659904677,0.3418120775229339,1547192000
2011-09-15,0.35533782839775085,0.3599228557323476,0.3521283393251644,0.3580888502642601,752908000
2011-09-16,0.3544207811355591,0.3690927951424986,0.3525867759685978,0.35602552540836857,1391588000
2011-09-19,0.34708479046821594,0.35098203439753906,0.3381440254587379,0.3484602738574616,968204000
2011-09-20,0.33814409375190735,0.3528161108350169,0.3365393491426433,0.35144059983921516,792436000
2011-09-21,0.33172503113746643,0.34593852390033225,0.3314957702345362,0.33997804104042195,715252000
2011-09-22,0.3097170293331146,0.31911629011633874,0.3037565458243977,0.3186577955893229,1314632000
2011-09-23,0.31613606214523315,0.32507682917769853,0.3060490723600881,0.3078830779561393,1011440000
2011-09-26,0.3168237507343292,0.3209502556215764,0.30261025819270176,0.3200332666816334,972124000
2011-09-27,0.31728217005729675,0.3275984434964228,0.3147604374053398,0.3248474499994037,781388000
2011-09-28,0.30765384435653687,0.32599387461858625,0.30261034901563433,0.3179700960065121,1236532000
2011-09-29,0.300088495016098,0.31842851961490803,0.29229397977907223,0.3131557649340159,866416000
2011-09-30,0.2867920398712158,0.29687902913851,0.2863335179991746,0.2952742845726345,677784000
2011-10-03,0.2707444131374359,0.29206468854919776,0.2707444131374359,0.2831239252479351,949896000
2011-10-04,0.2957327663898468,0.2957327663898468,0.2629499843599699,0.26409623433323465,1361548000
2011-10-05,0.3062782883644104,0.3090293102646489,0.28908453813170004,0.2950450218151193,856708000
2011-10-06,0.31842848658561707,0.3193454754225038,0.30742445657048334,0.30788297831767547,773192000
2011-10-07,0.3243889808654785,0.329203240761808,0.3131557442123761,0.3198039818513551,806976000
2011-10-10,0.3388318121433258,0.3388318121433258,0.3292032908846757,0.3298910463072584,534376000
2011-10-11,0.3351638615131378,0.3415828677264586,0.33401761137964336,0.33608085068842986,816080000
2011-10-12,0.33493462204933167,0.3418121506204221,0.33470538840517705,0.3415828896475068,612064000
2011-10-13,0.3544207811355591,0.3551085364892635,0.3324127737895255,0.3333297627086305,854832000
2011-10-14,0.36038121581077576,0.3642784588959479,0.35166971358414395,0.3606104493282885,702452000
2011-10-17,0.34249985218048096,0.35625488092156404,0.3406658465264193,0.35625488092156404,611780000
2011-10-18,0.35487934947013855,0.3557963659088896,0.33860258780206565,0.3406658269639309,590916000
2011-10-19,0.3477724492549896,0.36152747171000277,0.34685546051140353,0.3553377020401857,557568000
2011-10-20,0.33034947514533997,0.3397487336184784,0.31728220670006246,0.33837322304673917,990308000
2011-10-21,0.3319541811943054,0.3399779555043578,0.3264521941957645,0.33447594117707147,628428000
2011-10-24,0.34433382749557495,0.34960658303813963,0.332642066393747,0.3333298218695174,535256000
2011-10-25,0.33126652240753174,0.34227052602843827,0.3305787670570842,0.3395195046266483,577996000
2011-10-26,0.3351638615131378,0.33951960108891327,0.32553533852877714,0.3376856227383292,503116000
2011-10-27,0.34960660338401794,0.3530453536342369,0.3397488472009721,0.3475433641653896,577732000
2011-10-28,0.3576303720474243,0.36083988884046975,0.3457093760430989,0.34662636522467816,490156000
2011-10-31,0.3392902612686157,0.348231025908853,0.3392902612686157,0.34616775991706733,519984000
2011-11-01,0.3223256766796112,0.32782766344595576,0.31911616162529,0.32691067476114644,790824000
2011-11-02,0.3168237507343292,0.32714002661682307,0.3101755125978629,0.32553525497879504,961608000
2011-11-03,0.3358515202999115,0.33653927564761715,0.3117802471027206,0.3202624901810873,749372000
2011-11-04,0.33974891901016235,0.34089516933583963,0.3275986600922302,0.3328714170560985,654840000
2011-11-07,0.3379148244857788,0.3429583464603093,0.3301203352449238,0.3372270690048195,613536000
2011-11-08,0.3457092046737671,0.34777244297394505,0.33676844160592306,0.34227045595430683,549728000
2011-11-09,0.3282863199710846,0.3420413198659912,0.3269108090500918,0.33768558083077294,532244000
2011-11-10,0.33172503113746643,0.3397487801374917,0.3234720212345109,0.3363100305660523,990484000
2011-11-11,0.34341681003570557,0.3461678043827044,0.3225550231954324,0.34112431019174755,1751560000
2011-11-14,0.3367685377597809,0.34685555328081413,0.3358515487709385,0.3434168035795251,500292000
2011-11-15,0.34112435579299927,0.3436460895612043,0.3326420833734477,0.3335590998308693,505660000
2011-11-16,0.3342467248439789,0.3436459834910077,0.3331004751225729,0.3347052465955405,512420000
2011-11-17,0.3223256766796112,0.3344759270614284,0.3163651682421177,0.33355893837661904,657504000
2011-11-18,0.319345623254776,0.3241598851989336,0.31590687253145244,0.3241598851989336,501352000
2011-11-21,0.33539313077926636,0.33860262030104865,0.30948784432608833,0.31430210593752134,1330788000
2011-11-22,0.3457092046737671,0.34754320945656164,0.33722693596943537,0.3390609407522299,1287480000
2011-11-23,0.3310372531414032,0.3445630169289208,0.33080799225413576,0.3420412564839809,825340000
2011-11-25,0.32186731696128845,0.3342468060277755,0.320950300564184,0.3266815505632531,406620000
2011-11-28,0.3399781584739685,0.34502165412176145,0.33241290133789825,0.33241290133789825,690616000
2011-11-29,0.3418121337890625,0.3461678734298837,0.3363101166688701,0.33951960615907956,623440000
2011-11-30,0.3583180904388428,0.3592351068540825,0.3491480902589831,0.35212834578318875,730324000
2011-12-01,0.3626737892627716,0.36359077817818586,0.3537330243581028,0.35533776862445327,529760000
2011-12-02,0.36038121581077576,0.36794646846360723,0.35694246708937466,0.3665709580435486,546464000
2011-12-05,0.35487934947013855,0.3668003718726039,0.3518990938695222,0.3663418773176068,644696000
2011-12-06,0.34983590245246887,0.35763039293746424,0.34616789085437655,0.3569426646754875,573832000
2011-12-07,0.3477724492549896,0.35029420929297034,0.34043645732006306,0.34754321573346614,510016000
2011-12-08,0.3367685377597809,0.3500650420705159,0.3356222878593512,0.3443337925683675,491488000
2011-12-09,0.34158286452293396,0.3443338593517688,0.32966184138338533,0.33424684187436293,555840000
2011-12-12,0.3331005573272705,0.3356223182681997,0.32691081276988293,0.33424680733155543,573208000
2011-12-13,0.3239305317401886,0.341582802276707,0.3218672928267337,0.3374562971210435,516596000
2011-12-14,0.31132182478904724,0.3230135864230945,0.30788307458241654,0.32117958084714004,636020000
2011-12-15,0.3085707724094391,0.31865778842064224,0.30788304429876434,0.31659454943110876,435148000
2011-12-16,0.3097170293331146,0.31705305108038967,0.308341545752067,0.3110925402429175,619116000
2011-12-19,0.30169329047203064,0.3147605626058708,0.3005470404482732,0.3110925515983444,463276000
2011-12-20,0.3186577558517456,0.31980400569072215,0.30857074087150105,0.30857074087150105,445208000
2011-12-21,0.3145312964916229,0.3202625465160592,0.30834155193098295,0.3168237965013974,548424000
2011-12-22,0.32805708050727844,0.3289740696287719,0.3154483297785786,0.3154483297785786,576560000
2011-12-23,0.3248475193977356,0.3301202740018943,0.3220964979842606,0.32966175221381433,248948000
2011-12-27,0.3223256766796112,0.32736916910355107,0.3214086606660576,0.323471926199995,195712000
2011-12-28,0.3143020570278168,0.3230135623682872,0.31407279609961153,0.32232580691242674,233960000
2011-12-29,0.3202626407146454,0.3209503963856179,0.31292664399138753,0.31751164535951915,211112000
2011-12-30,0.317740797996521,0.3225550313939458,0.31728227615307186,0.31911628154060473,186956000
2012-01-03,0.32186731696128845,0.3301203278914503,0.321179561495649,0.32782780056306693,468044000
2012-01-04,0.3255353569984436,0.3269108681681819,0.3191163504209322,0.32209660640285825,347372000
2012-01-05,0.33722707629203796,0.3388318482252063,0.3225550592532955,0.32393057024493777,563548000
2012-01-06,0.3333299160003662,0.33722716169195455,0.3294326703087778,0.336997928021134,533252000
2012-01-09,0.3333299160003662,0.33974892337232787,0.3310374153195773,0.33355917699995064,508244000
2012-01-10,0.3319541811943054,0.33860244509034987,0.32966168205678914,0.33837318424510004,546328000
2012-01-11,0.3253060281276703,0.33195426640146186,0.3239305173605916,0.3289740112919596,484272000
2012-01-12,0.32324281334877014,0.32622306893191283,0.31613605213733426,0.3259938353201368,652364000
2012-01-13,0.3147605061531067,0.32163800506216184,0.31315576187341077,0.32095024970550606,504300000
2012-01-17,0.3099462389945984,0.3195747591131107,0.30948774454341943,0.3195747591131107,627176000
2012-01-18,0.32049188017845154,0.3230136416929746,0.31430213421315917,0.31590687911841836,632676000
2012-01-19,0.3289739787578583,0.329432500520707,0.31980398076087957,0.32324273000974657,608312000
2012-01-20,0.3259938359260559,0.3324128416565811,0.3248475858787749,0.3285155696328201,546272000
2012-01-23,0.33493462204933167,0.3351638830222469,0.3220966087988118,0.3262231150099618,562792000
2012-01-24,0.34249985218048096,0.3438753632532168,0.3324128620762796,0.3326420957025633,730920000
2012-01-25,0.34043654799461365,0.34135353698243776,0.32370126667242016,0.33332978768834004,1274152000
2012-01-26,0.33722707629203796,0.3493773596177788,0.33539309807485745,0.3454800875843779,799672000
2012-01-27,0.3418121337890625,0.343646112167034,0.3324128716225418,0.3351638665182583,449996000
2012-01-30,0.3392902612686157,0.3408950054875044,0.3308079910725252,0.33585151194438995,399076000
2012-01-31,0.33860254287719727,0.3404365481826116,0.332642032466789,0.3402072872711523,357900000
2012-02-01,0.34227070212364197,0.34616794800960765,0.3376857005333847,0.34249993580589577,428020000
2012-02-02,0.35510867834091187,0.35648416226901997,0.3406658921300602,0.34410467027223596,696236000
2012-02-03,0.3626737892627716,0.36565404423099457,0.35969353429454864,0.3603812896454849,495232000
2012-02-06,0.3599227964878082,0.36129827986589774,0.3567132806147635,0.3608397854065346,278868000
2012-02-07,0.3608399033546448,0.3629031427605679,0.35442089683911926,0.36038140874541297,410296000
2012-02-08,0.3739071190357208,0.38101385269226384,0.35900584159416576,0.3608398470737999,847612000
2012-02-09,0.3736778199672699,0.3805553193174567,0.37299006456650063,0.37849208044390187,561944000
2012-02-10,0.36450785398483276,0.3713853539605122,0.3624445875948756,0.3700098430338741,440268000
2012-02-13,0.3702390789985657,0.3750533395884078,0.3626738240697082,0.37367782875452327,610668000
2012-02-14,0.3723023533821106,0.37551186985729357,0.3670295977883329,0.37023911426351586,453756000
2012-02-15,0.3706975281238556,0.3874328076821514,0.369780539232682,0.37574104901156136,1110856000
2012-02-16,0.37711668014526367,0.3800969362027045,0.3438753962168986,0.3452509074214901,1888588000
2012-02-17,0.36336150765419006,0.37986749775398815,0.35992275857803424,0.3773457648287229,1020360000
2012-02-21,0.3651955723762512,0.374136310505536,0.362444550802238,0.3631323061957413,518176000
2012-02-22,0.3626737892627716,0.3723022821896256,0.3622152948050645,0.36336154461370784,492432000
2012-02-23,0.36473706364631653,0.366800329900846,0.357630303206416,0.3633615801387174,323968000
2012-02-24,0.36198604106903076,0.3663418068252485,0.36038129677095126,0.36588328502972434,366668000
2012-02-27,0.3546501100063324,0.35900584920008305,0.34960658799829714,0.3574011046196884,745268000
2012-02-28,0.35144057869911194,0.35877660046376364,0.3477725678167861,0.3546500950533359,699884000
2012-02-29,0.34731414914131165,0.358547417841283,0.3470849154915743,0.35258690568792994,689196000
2012-03-01,0.34960660338401794,0.3537331091500322,0.3473141032172053,0.34868961424879596,449944000
2012-03-02,0.3525868356227875,0.3576303301886769,0.3484603301311485,0.3484603301311485,684076000
2012-03-05,0.3406657576560974,0.35075277245763264,0.33814402445227715,0.35006501710068116,514848000
2012-03-06,0.33745628595352173,0.33951952479869735,0.33149577566717675,0.3367685305622123,471400000
2012-03-07,0.3395196199417114,0.34089513110978753,0.33470538551096585,0.339290386299539,441984000
2012-03-08,0.3406657576560974,0.3441045344408548,0.33860251891399434,0.3404365240896145,430852000
2012-03-09,0.33974891901016235,0.34410468664499416,0.33791491302332594,0.3415829249969987,367836000
2012-03-12,0.3344760537147522,0.34341681975651955,0.33355906468271407,0.34112431984766967,299948000
2012-03-13,0.3390611410140991,0.34089514688012446,0.33424687903187794,0.3358516512451261,553288000
2012-03-14,0.3294326364994049,0.33974888850420737,0.3282863862766491,0.33906113290480167,735708000
2012-03-15,0.3342467248439789,0.3360807298639783,0.3292032315355423,0.3303494812569483,382380000
2012-03-16,0.3347051739692688,0.33608065693924627,0.3326419085211879,0.3344759131432343,428340000
2012-03-19,0.3356223404407501,0.3381441015482769,0.33401759579448653,0.3365393569020133,405400000
2012-03-20,0.33012038469314575,0.33378836892642305,0.32714012871508513,0.33378836892642305,449616000
2012-03-21,0.33149582147598267,0.33447607703099125,0.32645232679068314,0.33012033783204087,467840000
2012-03-22,0.3310372531414032,0.33378824714486,0.32805699825067897,0.32897398714224774,425372000
2012-03-23,0.33355915546417236,0.3344761447457783,0.32782787680346825,0.33012040466500714,315456000
2012-03-26,0.33745628595352173,0.3390610303140753,0.33355904184110513,0.3367685305622123,288600000
2012-03-27,0.33974891901016235,0.34387542564835333,0.33814417401996677,0.33883192968112585,419968000
2012-03-28,0.347543329000473,0.35212832887018164,0.34158281823834985,0.3441045790981916,892448000
2012-03-29,0.34914806485176086,0.3518990592397799,0.3427290597272136,0.34708482589293516,372700000
2012-03-30,0.35304534435272217,0.35510861084586515,0.3470848604729643,0.35212835524160774,527240000
2012-04-02,0.35144057869911194,0.35510858958143776,0.3463970842324804,0.35212833415564243,407776000
2012-04-03,0.3457092046737671,0.35442070689548216,0.3438751998909725,0.3539622125319699,430476000
2012-04-04,0.3358515202999115,0.34479225783383166,0.33378825425679465,0.3404365195129477,495896000
2012-04-05,0.33539313077926636,0.3404366260258212,0.3342468532886189,0.33631011997727284,369424000
2012-04-09,0.3310372531414032,0.3321835029202394,0.3246182489141703,0.33012026424983437,365504000
2012-04-10,0.32461825013160706,0.3342467428441915,0.32301350590096806,0.32966174371165125,470360000
2012-04-11,0.3287448287010193,0.3358515898851794,0.32782781227116436,0.32897406231191556,372960000
2012-04-12,0.33653926849365234,0.3383732462768803,0.32782773737956733,0.3292032480457387,384868000
2012-04-13,0.32461825013160706,0.33539301995607707,0.3243889892434798,0.3335590148373109,311324000
2012-04-16,0.3207210898399353,0.32782782394848253,0.3154483339989115,0.32691083481472083,463468000
2012-04-17,0.32140880823135376,0.32553531386504664,0.32026255818470334,0.32163806917218657,460696000
2012-04-18,0.31797000765800476,0.32095026277234734,0.31407276358328867,0.31934551842731745,400764000
2012-04-19,0.3131559193134308,0.325764673652452,0.31155114689817964,0.3138436476870926,667188000
2012-04-20,0.3069661259651184,0.31590689487539275,0.3062783703060568,0.3149898782203895,509592000
2012-04-23,0.30329808592796326,0.30467359711876285,0.2959620900108074,0.30169334109120427,706244000
2012-04-24,0.29389873147010803,0.30673676814245704,0.2922939871343465,0.3042150075228659,730440000
2012-04-25,0.29985925555229187,0.30215175537491423,0.2927524951706611,0.2982545111422069,727112000
2012-04-26,0.300088495016098,0.3026102555722317,0.29756673445996434,0.29963000055009686,539208000
2012-04-27,0.29756686091423035,0.30146413385330745,0.2943573709595632,0.29963012788117055,475356000
2012-04-30,0.2980252206325531,0.29962999221202713,0.2938987158958716,0.29596198192858775,262268000
2012-05-01,0.30329808592796326,0.306507602930242,0.296420584631487,0.296420584631487,408680000
2012-05-02,0.2945864796638489,0.3032979838395608,0.29298173536723787,0.3021517340093027,684008000
2012-05-03,0.2895429730415344,0.29710822705163387,0.28770896792866935,0.2952742219387688,419536000
2012-05-04,0.2810607850551605,0.28931379681368996,0.2810607850551605,0.287709052118631,545092000
2012-05-07,0.2858750522136688,0.2909185746834284,0.28358255193787224,0.2861043131727521,604440000
2012-05-08,0.2856457531452179,0.2874797310827049,0.278309732080259,0.28335322606585367,462312000
2012-05-09,0.2867920398712158,0.2890845399163969,0.27785127329775594,0.280602267886222,520608000
2012-05-10,0.2847287058830261,0.2900014602017627,0.28014370688042906,0.28954296576725297,597092000
2012-05-11,0.3028395175933838,0.313614288864861,0.3016932676563121,0.3083415336885804,1435140000
2012-05-14,0.3010055422782898,0.30559054248430606,0.29412804196926534,0.30031778678163595,437472000
2012-05-15,0.2980252206325531,0.3076537407943937,0.2966497372728265,0.3010054755717537,599940000
2012-05-16,0.29206493496894836,0.3019226953383221,0.2911479181155361,0.29848394362775704,470484000
2012-05-17,0.2900015115737915,0.29596202226453633,0.2900015115737915,0.29321102784140585,335364000
2012-05-18,0.2769342064857483,0.2920647422907365,0.27555872310620483,0.29068923158244175,567288000
2012-05-21,0.28174853324890137,0.2831240442824036,0.2755587882556567,0.2773927938574071,416260000
2012-05-22,0.2783096432685852,0.28197765263056246,0.2741831395685468,0.2815191582925013,410140000
2012-05-23,0.2851872146129608,0.28564573639920443,0.2712029560225585,0.2753294607974929,496000000
2012-05-24,0.2776220738887787,0.2872505980754329,0.2755588343223598,0.2867921034305356,520420000
2012-05-25,0.28427040576934814,0.28656290683774865,0.2773929025641466,0.2773929025641466,391752000
2012-05-29,0.29160618782043457,0.2934401927830314,0.28770894435538397,0.2888551940409134,310000000
2012-05-30,0.2881675064563751,0.2904600063659581,0.2831240121210435,0.28839676737883524,379792000
2012-05-31,0.28495803475379944,0.28931377391401797,0.2812900237450582,0.28816752388988087,358192000
2012-06-01,0.2746417224407196,0.2817484826222224,0.27418322795485717,0.2789974883782949,440984000
2012-06-04,0.2689105272293091,0.27762203353101966,0.26661802700931986,0.27601728884277893,432856000
2012-06-05,0.27670493721961975,0.2773926924850327,0.267534939890775,0.267534939890775,365224000
2012-06-06,0.2840411961078644,0.28472895201853826,0.27670519682781397,0.2787684372310623,368968000
2012-06-07,0.2725783884525299,0.2897721579656673,0.2723491276252407,0.2881673868321292,526780000
2012-06-08,0.27785131335258484,0.2787683025713472,0.2730370516321819,0.2734955462415631,370308000
2012-06-11,0.2810607850551605,0.29183555799789573,0.28037305684924846,0.2867920629582426,839080000
2012-06-12,0.2867920398712158,0.2895430344596819,0.2838117843467292,0.28427027889001416,496128000
2012-06-13,0.27922680974006653,0.28725056063048976,0.27785129865591907,0.28656280508841603,494276000
2012-06-14,0.27578797936439514,0.281060734408381,0.2730369850501971,0.278768234591757,589884000
2012-06-15,0.28174853324890137,0.2819777941974043,0.27532952730715377,0.2778512884256553,385288000
2012-06-18,0.28427040576934814,0.28656290683774865,0.2773929025641466,0.2796854036325471,304424000
2012-06-19,0.303527295589447,0.3078830620714349,0.2945865290182653,0.295962039976526,960476000
2012-06-20,0.3083415925502777,0.3140728433297187,0.3046735811199317,0.3065075868351047,972720000
2012-06-21,0.29435715079307556,0.308112144302814,0.2936693956518401,0.308112144302814,516376000
2012-06-22,0.2980252206325531,0.3014639973537468,0.2938987158958716,0.2980252206325531,865360000
2012-06-25,0.2886259853839874,0.29917149533001297,0.2874797354911044,0.29825450634720774,494616000
2012-06-26,0.2918354868888855,0.29389872566140723,0.2861042377110454,0.2902307425848406,437152000
2012-06-27,0.30123481154441833,0.3032980507626385,0.2920648108789819,0.2920648108789819,506064000
2012-06-28,0.303527295589447,0.3053613010908758,0.295962039976526,0.29848380095708504,545896000
2012-06-29,0.3168237507343292,0.3175115061036624,0.31040474616847274,0.31063400706783445,616508000
2012-07-02,0.3083415925502777,0.31865784395327146,0.3058198312758199,0.31842861031934944,581684000
2012-07-03,0.3163652718067169,0.3170530272098381,0.3081122616267696,0.3083415225373944,219284000
2012-07-05,0.3131559193134308,0.315677653783976,0.3083416567252076,0.31430216970788727,280076000
2012-07-06,0.3071953356266022,0.3117803361491433,0.30375658523469634,0.3108633196473798,382760000
2012-07-09,0.30306878685951233,0.30673679769066886,0.30054702599699784,0.30536128679679647,306336000
2012-07-10,0.29389873147010803,0.3088000069557572,0.29160623175366235,0.2998592416643677,512028000
2012-07-11,0.28908437490463257,0.2984836306562041,0.2877088647311741,0.2948156217461419,485216000
2012-07-12,0.28427040576934814,0.28633364579940124,0.2817486436626002,0.2858751510514748,472160000
2012-07-13,0.28793835639953613,0.28931384034708946,0.28266559961200866,0.28449960553750897,324260000
2012-07-16,0.28885531425476074,0.29114781457989697,0.28335329707717805,0.2861043193303492,334460000
2012-07-17,0.28358253836631775,0.29137705532825525,0.27876827708603996,0.2897723106777485,447476000
2012-07-18,0.2994007170200348,0.3035272215596122,0.2815192155676991,0.2828946988617252,616008000
2012-07-19,0.3023810386657715,0.30627828318688644,0.2994007832100639,0.30146404960036405,403036000
2012-07-20,0.29366955161094666,0.30261031853769593,0.29046003502361717,0.3005470520182504,451000000
2012-07-23,0.29756686091423035,0.29963012788117055,0.28266560679985825,0.28587509675452544,451584000
2012-07-24,0.29435715079307556,0.2998591372654738,0.290918402415641,0.29802513266509345,351164000
2012-07-25,0.300088495016098,0.3030687500382328,0.2920647462104475,0.29344022960845084,415044000
2012-07-26,0.3014640212059021,0.3090292759335975,0.2991714941008022,0.30559049894032414,338440000
2012-07-27,0.30902937054634094,0.30994635980612484,0.30031783593458683,0.3026103637415694,376516000
2012-07-30,0.30559054017066956,0.31292656230775984,0.3030688064737069,0.3090293176279036,363552000
2012-07-31,0.31040480732917786,0.31476057397402646,0.305132051563707,0.3055905461240181,387788000
2012-08-01,0.3069661259651184,0.31521913921633116,0.30559061464699516,0.31223888291290636,335912000
2012-08-02,0.30811235308647156,0.3126973540299478,0.30031783508530524,0.3053613579861381,367912000
2012-08-03,0.3145312964916229,0.3177408129025607,0.3055905300562489,0.31292655195053193,326548000
2012-08-06,0.3211795687675476,0.3227843133378692,0.3170530632090376,0.31751155775359285,360324000
2012-08-07,0.3243889808654785,0.3278277301260711,0.32255497579407916,0.325076736183347,407340000
2012-08-08,0.3262230455875397,0.3296617954769159,0.3232427902176627,0.32415980658541593,517064000
2012-08-09,0.33722707629203796,0.33791483178785914,0.3262230703451703,0.3266815648994654,822300000
2012-08-10,0.3351638615131378,0.3489188631150715,0.3308080946086035,0.3461678682604365,1278744000
2012-08-13,0.3395196199417114,0.3397488809126442,0.3342468635691002,0.3356223747371763,447244000
2012-08-14,0.3344760537147522,0.34112431984766967,0.33310054283794044,0.340665798002896,388828000
2012-08-15,0.3319541811943054,0.33837318424510004,0.3303494372637931,0.3356221907458296,594404000
2012-08-16,0.3388318121433258,0.33997806207137904,0.3337882905968885,0.33493454052494176,371008000
2012-08-17,0.3358515202999115,0.3388317752541352,0.3328712653456878,0.3388317752541352,309864000
2012-08-20,0.3358515202999115,0.3363100147554649,0.33080799930257093,0.3347052704966525,314392000
2012-08-21,0.33493462204933167,0.3390611282604817,0.3314958714281668,0.336997888819287,340248000
2012-08-22,0.3356223404407501,0.3369978514682661,0.3317250956344649,0.33287134571447574,313556000
2012-08-23,0.32805708050727844,0.3351638418495031,0.326681569496281,0.3349345809047511,379040000
2012-08-24,0.3347051739692688,0.33630991776528074,0.32736915548108303,0.32805691063044334,347724000
2012-08-27,0.3289739787578583,0.33539301015024303,0.32874474520518365,0.33447599395329536,340944000
2012-08-28,0.32759860157966614,0.3308080909868086,0.32576459592040247,0.3264523514587212,310764000
2012-08-29,0.3282863199710846,0.3303495590238184,0.3266815481203411,0.32736930358083755,250412000
2012-08-30,0.3220965564250946,0.3287448229422448,0.32049181186190534,0.32759857292157296,307488000
2012-08-31,0.32163798809051514,0.32668148155861215,0.3184284997004761,0.3243889820432272,485064000
2012-09-04,0.304444283246994,0.31751155530287534,0.30146405506600954,0.31636530528595636,694452000
2012-09-05,0.305361270904541,0.309946270540487,0.30215175476212675,0.3055905044890862,480256000
2012-09-06,0.3147605061531067,0.32301351577547344,0.3074244854537801,0.3076537463489158,657296000
2012-09-07,0.3071953356266022,0.30925857493024217,0.29687905712212587,0.30673684104009985,781064000
2012-09-10,0.304444283246994,0.31086328880749153,0.3037565550998475,0.30650754967470184,371108000
2012-09-11,0.30811235308647156,0.3129266150086261,0.3030688575144,0.30421510775026905,382808000
2012-09-12,0.3115510046482086,0.31315577633074276,0.30765376055223853,0.3106340156828342,322608000
2012-09-13,0.31361427903175354,0.3154482843393154,0.3076537686143658,0.3143020344381834,433836000
2012-09-14,0.31728217005729675,0.32278418438008033,0.3133849269924576,0.3133849269924576,339468000
2012-09-17,0.3085707724094391,0.31797003298121285,0.3051320225410469,0.31797003298121285,493348000
2012-09-18,0.3106341063976288,0.3143021179878047,0.3049028553684542,0.3051320890123648,359952000
2012-09-19,0.3143020570278168,0.31865779603367433,0.3076537907261725,0.3113218016049249,451936000
2012-09-20,0.3120095133781433,0.31521902956101466,0.30948777994383786,0.3136142851339559,320596000
2012-09-21,0.31338512897491455,0.31521913493122616,0.31132188935454086,0.31246813966114023,340136000
2012-09-24,0.3131559193134308,0.31361441400546036,0.307883162033178,0.3083416567252076,357832000
2012-09-25,0.30742451548576355,0.3186577811985039,0.30696602097945364,0.31728227035082013,481544000
2012-09-26,0.30215173959732056,0.3065075054301082,0.29848375646990966,0.3062782445283159,436812000
2012-09-27,0.304444283246994,0.3049028051167665,0.30031777772033447,0.30283953868905866,558888000
2012-09-28,0.3058197498321533,0.3101755156617886,0.29917148430126334,0.30306875565639807,485508000
2012-10-01,0.30077627301216125,0.3090292833362072,0.2996300230965301,0.3071952780054466,504236000
2012-10-02,0.3019225001335144,0.30283948906528785,0.29848375064623656,0.30283948906528785,295492000
2012-10-03,0.29894229769706726,0.3035272978199545,0.29733755311980803,0.30261030872687966,430872000
2012-10-04,0.3122387230396271,0.31407272808181824,0.2980252044592074,0.299629975951593,502608000
2012-10-05,0.30490291118621826,0.3163654153429775,0.3037566607705423,0.31315592511059115,483068000
2012-10-08,0.3019225001335144,0.3051319887234731,0.2996300004753292,0.30375650532581294,240596000
2012-10-09,0.29550349712371826,0.3023809961331585,0.29458648085854183,0.3014640071967339,366360000
2012-10-10,0.29046007990837097,0.2955036028494411,0.2893138296633571,0.2941280916239199,326568000
2012-10-11,0.29206493496894836,0.2941281750637797,0.28977243382857165,0.2932111855391367,320516000
2012-10-12,0.2895429730415344,0.2922939670464568,0.28770896792866935,0.2900014674875631,260696000
2012-10-15,0.2932109832763672,0.2934402168350134,0.2865627181581187,0.290001467496566,249580000
2012-10-16,0.30169329047203064,0.3026103068882904,0.2929817848257226,0.29573277941698933,367696000
2012-10-17,0.2994007170200348,0.3007762276428105,0.2950449516004116,0.29802520639725916,391752000
2012-10-18,0.2948158085346222,0.29871305339030463,0.29366955844008275,0.29871305339030463,254772000
2012-10-19,0.2776220738887787,0.29252335481365727,0.27601732896725706,0.2904600879184761,709412000
2012-10-22,0.27441251277923584,0.2803730236012085,0.27212001282136256,0.27876825176769304,480840000
2012-10-23,0.28266555070877075,0.2844995563169745,0.27120302248968686,0.27189077800885797,573948000
2012-10-24,0.278997540473938,0.28564580741097184,0.27624654571633267,0.2844995573179065,332916000
2012-10-25,0.27922680974006653,0.2842703048340094,0.2780805596128632,0.281290049037529,307356000
2012-10-26,0.2762465178966522,0.28129001233247813,0.2762465178966522,0.2796852678295456,389376000
2012-10-31,0.2746417224407196,0.279685243771465,0.2739539943763023,0.2773927440133999,347112000
2012-11-01,0.28770896792411804,0.28793822881150394,0.2757879483550588,0.2760172092424447,473220000
2012-11-02,0.28633344173431396,0.29114770147841945,0.2844994640496537,0.29068920705725443,256700000
2012-11-05,0.29848378896713257,0.2996300389433867,0.28564577830158416,0.28564577830158416,444840000
2012-11-06,0.29825448989868164,0.29917147883091555,0.2932109961138919,0.29917147883091555,350804000
2012-11-07,0.28908437490463257,0.29779587556947484,0.2877088647311741,0.2959618711144438,324620000
2012-11-08,0.29068928956985474,0.29985928991107036,0.2900015340785122,0.2922940341638161,839024000
2012-11-09,0.2794559895992279,0.2957327492052714,0.278539000605403,0.2922939994852977,846280000
2012-11-12,0.27326613664627075,0.2810606219731933,0.2705151161038345,0.27991437252342577,643624000
2012-11-13,0.2712029814720154,0.27808050829478803,0.2709737478861336,0.271890736887168,492120000
2012-11-14,0.2645546495914459,0.27555865036681704,0.2643253887576645,0.27280765700516024,619300000
2012-11-15,0.2657010853290558,0.27303708187808634,0.26386707935960735,0.26615957998922707,466688000
2012-11-16,0.2608867287635803,0.2666179782657563,0.2556139737558278,0.26570098927690944,624552000
2012-11-19,0.268222838640213,0.2691398553543313,0.2624915866598428,0.2657011041661092,404092000
2012-11-20,0.2651079595088959,0.2683381554141269,0.2623391887271845,0.26718451009010524,336976000
2012-11-21,0.27272191643714905,0.2734140813541328,0.2648771148290553,0.2651078548047587,422312000
2012-11-23,0.27456769347190857,0.2777978873924896,0.272491116661486,0.27387550120176773,276932000
2012-11-26,0.2794131934642792,0.28010538625245385,0.27456789895721234,0.27502935164763614,364600000
2012-11-27,0.2805667817592621,0.2847199101367638,0.27595220078538735,0.27825949127232474,451404000
2012-11-28,0.28287404775619507,0.2842584329305323,0.2759521768946484,0.27941311232542176,398332000
2012-11-29,0.27779796719551086,0.28471983687525054,0.2768750622402383,0.2833354794423417,488688000
2012-11-30,0.2761829197406769,0.2796438552067294,0.27456782202419977,0.27756727742405585,460504000
2012-12-03,0.27110689878463745,0.27964389618941327,0.27041473359404405,0.27964389618941327,391380000
2012-12-04,0.27918246388435364,0.27964391654669973,0.2699532731120513,0.2715683986878768,528068000
2012-12-05,0.27595216035842896,0.2787209030361189,0.27202977260627925,0.27687509292103774,633024000
2012-12-06,0.27641358971595764,0.2782594271813738,0.2743370397580306,0.27525994473820575,412896000
2012-12-07,0.27595216035842896,0.27802873799549754,0.2727219651519687,0.2766443529041185,338288000
2012-12-10,0.28518134355545044,0.28725792135709305,0.27525998962778997,0.27595218222833756,513644000
2012-12-11,0.29187247157096863,0.29556414671870684,0.2854120538149605,0.28610424634329484,816724000
2012-12-12,0.28887298703193665,0.29441049971674593,0.2877193419940681,0.2927954021647435,399404000
2012-12-13,0.28910374641418457,0.2946412319649897,0.286335003638782,0.28841155384406664,377556000
2012-12-14,0.2904880940914154,0.293487576789058,0.2881808039401623,0.290257381579331,338660000
2012-12-17,0.2893345057964325,0.29141108384312064,0.2849506646507691,0.2897959859213011,445232000
2012-12-18,0.28979599475860596,0.2930261907007495,0.2884116093519305,0.28933451461966453,416436000
2012-12-19,0.29187247157096863,0.2953334067075729,0.29071882652543385,0.29187247157096863,458544000
2012-12-20,0.29164180159568787,0.2932568993939564,0.2884115784940793,0.29302615934917314,334332000
2012-12-21,0.2849506139755249,0.28771935670697923,0.28172039120127096,0.28771935670697923,462172000
2012-12-24,0.28264319896698,0.2856426803952675,0.2817202667940149,0.28471974822230245,127376000
2012-12-26,0.2824125587940216,0.28656568627658463,0.28125891379914664,0.28195110629708486,196740000
2012-12-27,0.2805667817592621,0.2833355523476447,0.2773365860795787,0.2828740722461994,299804000
2012-12-28,0.27918246388435364,0.2835663054342556,0.27756733830852814,0.27802881847595035,220600000
2012-12-31,0.28287404775619507,0.28402769289978613,0.277567274594662,0.27825946718183064,326460000
2013-01-02,0.293487548828125,0.2937182888232947,0.2886422564751517,0.289795901440869,478836000
2013-01-03,0.29371827840805054,0.2969484731954901,0.2902573436336233,0.2934875384210629,298888000
2013-01-04,0.30340901017189026,0.3043319153907465,0.2932569152391067,0.2941798204579629,524968000
2013-01-07,0.29464125633239746,0.3041011580612002,0.29256470595537803,0.30317825289476297,610732000
2013-01-08,0.28818076848983765,0.2962563105308853,0.2861042186111823,0.2953333780808769,466424000
2013-01-09,0.28172042965888977,0.291872524400175,0.2798746192559947,0.29048813909293125,695020000
2013-01-10,0.2821817100048065,0.28564264331780653,0.2805665857880308,0.2842582589905853,506368000
2013-01-11,0.28172042965888977,0.2835662675668573,0.2789516865494747,0.2833355550190317,513172000
2013-01-14,0.2814895808696747,0.2835661303204147,0.27825935921789563,0.2835661303204147,305684000
2013-01-15,0.27641358971595764,0.28010526464679003,0.2747984922481182,0.28010526464679003,375888000
2013-01-16,0.27895158529281616,0.2812588749639842,0.2759521032192852,0.2759521032192852,337376000
2013-01-17,0.28264319896698,0.28379684355439394,0.27918226520473816,0.27987445745819783,580736000
2013-01-18,0.28079748153686523,0.28264331916269203,0.27733654630284066,0.28264331916269203,397088000
2013-01-22,0.2794131934642792,0.2831048699978254,0.2780288353930077,0.28056683894287765,308224000
2013-01-23,0.2798745930194855,0.2805667581031487,0.2768751101383552,0.2803360455769509,421808000
2013-01-24,0.2812589406967163,0.2824125858019175,0.2775672653580449,0.2789516504863139,396980000
2013-01-25,0.2863350212574005,0.28656573379158984,0.2803360552873454,0.2817204130076937,393920000
2013-01-28,0.2909494638442993,0.29279530076666976,0.2870270500698654,0.2877192423538866,422492000
2013-01-29,0.28471994400024414,0.29048817090363793,0.28356629861956534,0.2897960056792911,388872000
2013-01-30,0.28425851464271545,0.2888730965435751,0.28333560926457463,0.28495070742886,287592000
2013-01-31,0.28287404775619507,0.28748865583562927,0.28102823753050515,0.2842584329305323,470544000
2013-02-01,0.28541210293769836,0.2863350356360141,0.2828740723986704,0.28518136288685136,288816000
2013-02-04,0.2805667817592621,0.2895652311613611,0.28033606921361165,0.2837970049440177,511744000
2013-02-05,0.28702715039253235,0.2886422754547914,0.2810282126793822,0.2819511177106154,367296000
2013-02-06,0.28471994400024414,0.28702723476160164,0.2784902644455939,0.28010536247752904,530688000
2013-02-07,0.28356626629829407,0.28610429684852934,0.2807975232012652,0.2837970063501599,440000000
2013-02-08,0.28541210293769836,0.2877193934258794,0.28356626504613913,0.28541210293769836,307232000
2013-02-11,0.2886422872543335,0.2916417699860595,0.28495061196835253,0.287719354680304,408308000
2013-02-12,0.2867964804172516,0.29002667601065124,0.28564283520459866,0.28610428778864555,277804000
2013-02-13,0.28541210293769836,0.2923339744022414,0.28448919774445486,0.28702720077841065,856396000
2013-02-14,0.29371827840805054,0.2939490183950382,0.27802870192963414,0.28148963670406135,882096000
2013-02-15,0.29371827840805054,0.2951026633198473,0.28725786132810677,0.2930260859521522,733860000
2013-02-19,0.28979599475860596,0.2941798360379542,0.28795015671806345,0.29394912347355795,433552000
2013-02-20,0.2856428623199463,0.2953334775251221,0.28471992955916936,0.2907188962364599,713012000
2013-02-21,0.28356626629829407,0.28841158734689876,0.2828740736477688,0.28518136414613815,580408000
2013-02-22,0.28887298703193665,0.2891037270415373,0.2837969543663286,0.2854120519183311,370148000
2013-02-25,0.2837970554828644,0.291872573625241,0.2833356028043154,0.2895652827274191,644444000
2013-02-26,0.2871631681919098,0.2887881750087373,0.28344884317588526,0.2843774382668023,487504000
2013-02-27,0.29250234365463257,0.2945916607368922,0.28646657564873623,0.2871630146761561,476980000
2013-02-28,0.2938951551914215,0.2983058885771097,0.29041298851625685,0.2915737107413118,591392000
2013-03-01,0.29505598545074463,0.29598455250126154,0.2892523722004867,0.29180594542631366,389396000
2013-03-04,0.2938951551914215,0.296680882996793,0.2906451163569874,0.29296656080709715,353680000
2013-03-05,0.2971453070640564,0.29760959063917786,0.294127422315046,0.2955203007142243,366168000
2013-03-06,0.29691311717033386,0.3017881352027866,0.29552023906174274,0.2990024066594124,342928000
2013-03-07,0.2962166666984558,0.3015559956771748,0.2945916607502736,0.29853811167408956,314824000
2013-03-08,0.29760950803756714,0.29900238605015167,0.29552021869249645,0.29691309670508104,246464000
2013-03-11,0.2948238253593445,0.2959845479917116,0.29227022449861273,0.29459169743715735,299748000
2013-03-12,0.29575252532958984,0.29668109269644194,0.2915739168311149,0.2943596466054914,310856000
2013-03-13,0.29575252532958984,0.3008597011949169,0.292966767881393,0.29575252532958984,485840000
2013-03-14,0.29598456621170044,0.2985381672296248,0.2941274043508293,0.29760957246228315,383304000
2013-03-15,0.29343101382255554,0.29598458734902766,0.29227026336203205,0.29598458734902766,355776000
2013-03-18,0.2913416624069214,0.29412739123711995,0.2892523727027252,0.29157381800685916,298312000
2013-03-19,0.2894843816757202,0.29296654820105084,0.28739509283004167,0.29157369819519835,355480000
2013-03-20,0.29296666383743286,0.2938952585483248,0.2897166515338372,0.2922702247227165,340588000
2013-03-21,0.2883237302303314,0.2918058976098849,0.2878594467811522,0.29134161416070575,339032000
2013-03-22,0.2897166609764099,0.29087738364749777,0.28809165477164916,0.289252377442737,232476000
2013-03-25,0.2880917191505432,0.29157388794195543,0.2860024012714053,0.29134173228633425,362076000
2013-03-26,0.29018089175224304,0.29041304731377693,0.2876272912705957,0.28878801373065244,232540000
2013-03-27,0.2936631143093109,0.2952881205239544,0.28832378445507234,0.28902022359672286,254944000
2013-03-28,0.2978416979312897,0.29807385351808424,0.2908773624131657,0.2929666519990792,349276000
2013-04-01,0.2880917191505432,0.29714534693868805,0.2860024012714053,0.29714534693868805,442828000
2013-04-02,0.28507381677627563,0.2890202689667218,0.2832166546649434,0.28832382971574516,371524000
2013-04-03,0.281591534614563,0.2862344241832646,0.2795022177043644,0.28460939069517527,353156000
2013-04-04,0.28437721729278564,0.2853057839883424,0.2797343284674014,0.28066289516295817,294676000
2013-04-05,0.2892524003982544,0.2892524003982544,0.27950230704828466,0.28019874624097013,551352000
2013-04-08,0.28855592012405396,0.28948448713289276,0.28321659063870674,0.28948448713289276,326660000
2013-04-09,0.2931988537311554,0.295288143645893,0.2866988006897963,0.2887880906045339,380584000
2013-04-10,0.2978416979312897,0.2983059814310694,0.29273452408609396,0.29343096317266826,384688000
2013-04-11,0.29644885659217834,0.29830601849586064,0.28553806845953744,0.29366312757356133,969220000
2013-04-12,0.30387747287750244,0.30712748511851445,0.2952881034177522,0.2978417042312687,770548000
2013-04-15,0.29760950803756714,0.3038774314203915,0.29575237425252926,0.3029488368540664,430420000
2013-04-16,0.3008596897125244,0.3029489800451134,0.29877037170611614,0.30039540604681786,468844000
2013-04-17,0.29691311717033386,0.3013238517245255,0.29505595558348174,0.2985381231811514,532948000
2013-04-18,0.29110950231552124,0.2994667163509863,0.29110950231552124,0.2976095546015707,402548000
2013-04-19,0.29180604219436646,0.2927346372266328,0.2871631500544949,0.29087747483592014,303028000
2013-04-22,0.2922702133655548,0.2948238141290157,0.28925235677540395,0.2915738019517104,245568000
2013-04-23,0.29993101954460144,0.3029488761738794,0.2943595344449449,0.2948238179514638,376948000
2013-04-24,0.3101453483104706,0.31269894895000244,0.3006274124800061,0.30085956805589376,556556000
2013-04-25,0.31269901990890503,0.31339545912079864,0.3089846958946819,0.31177045274225645,353224000
2013-04-26,0.3113061189651489,0.31269899728817496,0.3096811127041601,0.3122347137384371,324332000
2013-04-29,0.31502053141593933,0.3161812544540332,0.31037763926356376,0.3117705179788045,269712000
2013-04-30,0.31966328620910645,0.31966328620910645,0.3136275179350578,0.31571683511014,276712000
2013-05-01,0.3168776333332062,0.3217526802322897,0.31571691051664486,0.3196633625581904,341316000
2013-05-02,0.32059189677238464,0.3215204637804595,0.3147882561135831,0.31664541780354244,323480000
2013-05-03,0.32198473811149597,0.3243061832393573,0.32082401554756534,0.32268117718461614,293864000
2013-05-06,0.3210562467575073,0.32384197603238224,0.31919908468298563,0.3219848139578605,217116000
2013-05-07,0.3168776333332062,0.3217526802322897,0.3138597484753837,0.32105624100758995,448068000
2013-05-08,0.32268112897872925,0.32453829033833553,0.3161810780570096,0.31734180044753796,334032000
2013-05-09,0.32291337847709656,0.3243062291466937,0.3164133256642048,0.31687760922073727,566800000
2013-05-10,0.337538480758667,0.3389313590623422,0.32964554982752753,0.32964554982752753,861136000
2013-05-13,0.33057406544685364,0.33660983308603765,0.32918118747664027,0.3352169551158243,289812000
2013-05-14,0.3354491889476776,0.3382349178643639,0.33127058173574236,0.3345205941929077,454140000
2013-05-15,0.34125280380249023,0.34241352649540435,0.33382415642879043,0.33382415642879043,313172000
2013-05-16,0.33962777256965637,0.3442706629995836,0.3384670222883647,0.34078849517713816,308368000
2013-05-17,0.3451993763446808,0.34752082254369615,0.3386993214526734,0.34125292334111895,312116000
2013-05-20,0.3445028066635132,0.34589568492568173,0.3426456448718922,0.34380636753242894,236380000
2013-05-21,0.3481194078922272,0.34951936169767067,0.34251964829923015,0.34648614699546876,357784000
2013-05-22,0.33598658442497253,0.34951936952801255,0.33458663058816557,0.34951936952801255,480404000
2013-05-23,0.34135302901268005,0.3425196479110982,0.33108676601796755,0.3320200500109466,393884000
2013-05-24,0.3392530381679535,0.3422862523290244,0.335519847229038,0.33948637303202955,283304000
2013-05-28,0.33901968598365784,0.3427528767318479,0.3357531649397782,0.3418195929519915,279300000
2013-05-29,0.3369196951389313,0.3390195969996284,0.33551974202221657,0.3369196951389313,335052000
2013-05-30,0.34135302901268005,0.3448528857079344,0.33551990670620097,0.3364532185135686,284504000
2013-05-31,0.337619811296463,0.3443861892581407,0.337619811296463,0.33948640695242505,577508000
2013-06-03,0.3371531665325165,0.3406530229279478,0.3301534259272677,0.3380864504455437,444468000
2013-06-04,0.337619811296463,0.3453195009933149,0.33551988075311084,0.3392530720650349,363676000
2013-06-05,0.3303866982460022,0.3397196468663994,0.3294533866953339,0.33715310268441867,464520000
2013-06-06,0.33248668909072876,0.335053261770489,0.33015345131436064,0.33038678621775275,341044000
2013-06-07,0.3371531665325165,0.3392530692440208,0.3334199752516353,0.3348199011211761,274584000
2013-06-10,0.3369196951389313,0.3390195969996284,0.3343531236964126,0.3362197185805739,224148000
2013-06-11,0.3306201100349426,0.3371531811525871,0.3306201100349426,0.3324866779419376,296336000
2013-06-12,0.3278200626373291,0.3350531075403428,0.3259534677125796,0.3322532290604062,312588000
2013-06-13,0.33528658747673035,0.3369198483125089,0.326420278606863,0.32665358568946706,236256000
2013-06-14,0.33481988310813904,0.336919813521055,0.3324866456367111,0.3364531715896463,236012000
2013-06-17,0.33808639645576477,0.3411196104103017,0.33551982438322236,0.33738641972558214,255336000
2013-06-18,0.33598658442497253,0.3434529399877014,0.33318667675135866,0.33971974829914237,486772000
2013-06-19,0.34625276923179626,0.3611855059887801,0.3378531030675938,0.3390197218229339,1159588000
2013-06-20,0.3369196951389313,0.343919405093755,0.3345864584873233,0.34345276332630836,628696000
2013-06-21,0.33645328879356384,0.33995314621988537,0.3308535002228128,0.33878652707777823,714228000
2013-06-24,0.3294534385204315,0.33575320208169673,0.324553656412585,0.3315533689789817,580772000
2013-06-25,0.3317866325378418,0.3336531999028119,0.32828674919257467,0.3329532510481377,457360000
2013-06-26,0.3299201428890228,0.3359865722087633,0.3285201891031171,0.3355199024038693,579752000
2013-06-27,0.326886922121048,0.3313200626695995,0.3233870655360691,0.3308534206878132,808036000
2013-06-28,0.327586829662323,0.3308533506578074,0.3226870203547146,0.3268868529306101,431536000
2013-07-01,0.328986793756485,0.3306200822594737,0.32688689113033526,0.3299201054459621,199524000
2013-07-02,0.3287535011768341,0.33365328345848555,0.32572028672759107,0.3271202126018974,256392000
2013-07-03,0.3296867907047272,0.33365328913768927,0.32595359934759416,0.32595359934759416,140388000
2013-07-05,0.33225327730178833,0.33295325397699915,0.32852008691025014,0.3306200169358827,184684000
2013-07-08,0.3306201100349426,0.33481991564006863,0.3287535143135603,0.33318665481425436,262084000
2013-07-09,0.33225327730178833,0.33435317951304133,0.33038668210601924,0.331319965796714,157364000
2013-07-10,0.33668646216392517,0.337619773795432,0.3313200106795065,0.33225332231101334,208468000
2013-07-11,0.34135302901268005,0.3418196710091696,0.33785314450303716,0.33855312140496574,239832000
2013-07-12,0.34158629179000854,0.3448528409704455,0.3394863891710301,0.34065300791810366,216360000
2013-07-15,0.34088629484176636,0.3422862483813094,0.3355198433593624,0.3422862483813094,201332000
2013-07-16,0.34275296330451965,0.3446195591500802,0.34065306036225734,0.34228632129672687,162560000
2013-07-17,0.34088629484176636,0.34391950896785406,0.33995301102499315,0.34275289028969597,166100000
2013-07-18,0.33948636054992676,0.34158626299186856,0.3350531929961636,0.3404196443431492,344488000
2013-07-19,0.33225327730178833,0.3390196535952743,0.3287534217401136,0.33738639322936864,480532000
2013-07-22,0.3320198953151703,0.33785298708948797,0.3306199699779594,0.33481977380396766,292384000
2013-07-23,0.3315533697605133,0.3362198448157775,0.3299201090540479,0.3362198448157775,246792000
2013-07-24,0.3315533697605133,0.33551986799461075,0.3310867278178639,0.3345865841093121,284252000
2013-07-25,0.332720011472702,0.3371531797695988,0.32898682004525076,0.331320057733811,243320000
2013-07-26,0.3313200771808624,0.3334200079124558,0.32875353226143345,0.32875353226143345,227360000
2013-07-29,0.3306201100349426,0.33481991564006863,0.32968679826705777,0.3306201100349426,179540000
2013-07-30,0.3362197279930115,0.3406528944437975,0.3315532545591582,0.3317865893566011,266076000
2013-07-31,0.3369196951389313,0.34018621532543236,0.3343531236964126,0.3345864584873233,270160000
2013-08-01,0.34158629179000854,0.34228626860112965,0.3341199373716146,0.3380864355487878,277648000
2013-08-02,0.3443862199783325,0.34508619688855646,0.33855312541711474,0.3408863632416019,209628000
2013-08-05,0.3460194170475006,0.3471860356507105,0.3415862496666742,0.3434528449946863,185188000
2013-08-06,0.34088629484176636,0.34695272309394176,0.34018631807199484,0.34625274632417025,206608000
2013-08-07,0.3406529426574707,0.3441527982282061,0.3387863474568692,0.3390196544729571,244380000
2013-08-08,0.34298619627952576,0.3446194567285874,0.3385530289870658,0.3425195544104197,345696000
2013-08-09,0.33808639645576477,0.34321951278646784,0.3292200894403421,0.3294533964741485,906224000
2013-08-12,0.33528658747673035,0.34018636998406593,0.30588775336077945,0.32432034797710135,257568000
2013-08-13,0.33645328879356384,0.33785321507545585,0.33365338060099115,0.33575331174542067,197468000
2013-08-14,0.3506859540939331,0.35278585682900737,0.33551988172911607,0.33575321661718494,828508000
2013-08-15,0.35301902890205383,0.3558189071956235,0.3455526497000366,0.34695260275400824,723616000
2013-08-16,0.35441911220550537,0.359318894066335,0.35161920506859257,0.3523191818528208,660456000
2013-08-19,0.3488193154335022,0.3534857901045511,0.34858598057419654,0.35231917143678887,393432000
2013-08-20,0.35057803988456726,0.35292304125198604,0.3482330385171485,0.34870203319970794,234192000
2013-08-21,0.3489364981651306,0.35292299436924707,0.34752948634974,0.3484674755902553,261540000
2013-08-22,0.35081252455711365,0.35409551504029113,0.3487020067139688,0.3487020067139688,129016000
2013-08-23,0.35081252455711365,0.35409551504029113,0.3501090186093987,0.35128151920405054,245120000
2013-08-26,0.3515159785747528,0.35245399575926756,0.3501089947299067,0.3510469839598041,300152000
2013-08-27,0.34706053137779236,0.3505780333634918,0.3458880307158926,0.3482330320396922,277464000
2013-08-28,0.34706053137779236,0.3503435220492635,0.3456535194016643,0.3477640373658564,318824000
2013-08-29,0.3463570177555084,0.3496400363092378,0.3449500058103929,0.34588802309201,276216000
2013-08-30,0.3458881080150604,0.34752960371763786,0.34424661231248294,0.34659161416034423,378120000
2013-09-03,0.3461225628852844,0.351047077541561,0.34401207257809435,0.3468260689725561,284680000
2013-09-04,0.3494056463241577,0.35151613702003554,0.34565363180411945,0.3461226266304667,222080000
2013-09-05,0.3503435552120209,0.3517505673213337,0.3477640702844454,0.34799855366624854,174904000
2013-09-06,0.3489364981651306,0.35245399974898944,0.3463569858217871,0.35057799331334116,226756000
2013-09-09,0.3547990024089813,0.3547990024089813,0.35081250618684146,0.35175049543159753,246408000
2013-09-10,0.3623030483722687,0.3625375596919275,0.35573703892265784,0.3573785622510267,292132000
2013-09-11,0.36840009689331055,0.36933811430327396,0.3592545739079435,0.36183408684206286,396164000
2013-09-12,0.36816567182540894,0.3728556757542655,0.3665241480866063,0.3665241480866063,303808000
2013-09-13,0.37051063776016235,0.37215213338471204,0.36675862380008395,0.3693381368919661,159696000
2013-09-16,0.37074515223503113,0.3761386622717163,0.36933816784804463,0.3735591769182603,231412000
2013-09-17,0.371917724609375,0.37496623329843215,0.3705107399522487,0.3721522360295461,168608000
2013-09-18,0.3752005398273468,0.3761385290865428,0.3702760263300223,0.3721520328030325,268168000
2013-09-19,0.3735591173171997,0.3775456143762278,0.37191759386234374,0.37684210831766435,227572000
2013-09-20,0.3702760636806488,0.3768420730212043,0.36957255768797836,0.37449707168205026,356036000
2013-09-23,0.3667586147785187,0.37309011372011064,0.36464809649490465,0.37004160594686264,271244000
2013-09-24,0.36816567182540894,0.3695726562312888,0.3648826523024323,0.36699317084319477,229732000
2013-09-25,0.3686346411705017,0.3714486377425633,0.3658206166438136,0.36746214026925716,233156000
2013-09-26,0.3674622178077698,0.37027621497361524,0.3653516989674113,0.3695727086934958,148816000
2013-09-27,0.3653515577316284,0.36769655912241944,0.3632410676617651,0.36464805172346676,151920000
2013-09-30,0.36488258838653564,0.36746210127740897,0.35948907922219725,0.3615995973932637,226640000
2013-10-01,0.3646480441093445,0.3669930734057912,0.36253755408354976,0.3653515501028164,226976000
2013-10-02,0.36441364884376526,0.365820633216222,0.3608961459806817,0.3608961459806817,162036000
2013-10-03,0.3606616258621216,0.36793114278473044,0.35902013015674683,0.36464812341935376,436768000
2013-10-04,0.36558613181114197,0.3686346397334188,0.35925460460540304,0.36019262209551783,246228000
2013-10-07,0.36558613181114197,0.3681656449656746,0.3623031125276798,0.36417911955328297,169952000
2013-10-08,0.36253759264945984,0.36980710876428213,0.35972359633084683,0.3646480828997636,290712000
2013-10-09,0.3569095730781555,0.36511710662573343,0.35503359416346536,0.3648825952840851,275860000
2013-10-10,0.3608959913253784,0.36183398050505833,0.35690946742519924,0.35948897960124276,223484000
2013-10-11,0.3578476309776306,0.3597236380591996,0.35409561681449264,0.35526811774614486,213704000
2013-10-14,0.36324116587638855,0.36324116587638855,0.35690963804561116,0.35690963804561116,166628000
2013-10-15,0.36136507987976074,0.36535157686191944,0.3611305685465536,0.3632410866815481,208820000
2013-10-16,0.3658205568790436,0.36722756891252156,0.3630065607667097,0.36347555545966165,210072000
2013-10-17,0.3665241301059723,0.3674621476185042,0.3630066273318886,0.3630066273318886,213324000
2013-10-18,0.37074515223503113,0.3719176532015006,0.3644136526070217,0.3658206369940082,255068000
2013-10-21,0.37168315052986145,0.3754351366554548,0.370510649624121,0.37520065324708274,195008000
2013-10-22,0.3698072135448456,0.3719177043931323,0.3665241936140716,0.37168322094034045,179452000
2013-10-23,0.36347562074661255,0.3691036419367992,0.36230311982631874,0.3691036419367992,252216000
2013-10-24,0.3608959913253784,0.3667584935849174,0.36019248546331056,0.3644134926811018,236436000
2013-10-25,0.35737860202789307,0.36300659477989555,0.3562061012083405,0.3627721113887598,330492000
2013-10-28,0.35667502880096436,0.3585510353500141,0.35175051510403615,0.35690951214795846,394024000
2013-10-29,0.3571440875530243,0.35784759362951696,0.35292307904869236,0.35620609808745024,387952000
2013-10-30,0.3569095730781555,0.3599580807464632,0.35386106540984785,0.3583165852187972,204032000
2013-10-31,0.35620611906051636,0.3599581050983502,0.35550261294260194,0.3573786199388318,293368000
2013-11-01,0.3578476309776306,0.35948912669101823,0.35526811774614486,0.3580821143911847,206136000
2013-11-04,0.34752967953681946,0.3590202078709592,0.3468261732380545,0.3590202078709592,410264000
2013-11-05,0.34706053137779236,0.34870202671352796,0.3416670227421291,0.3454190360420568,422368000
2013-11-06,0.3494056463241577,0.3496401577146463,0.34354314110824163,0.34706064423779126,198044000
2013-11-07,0.3411981463432312,0.3491711424261079,0.3404946401112996,0.34823315275328615,553076000
2013-11-08,0.36488258838653564,0.3660550891633647,0.3503435563901564,0.3517505685042007,734532000
2013-11-11,0.367931067943573,0.3688690573116679,0.362772070509808,0.36347554855856845,297624000
2013-11-12,0.3686346411705017,0.3716831491046628,0.3644136323350961,0.36957263070964674,316032000
2013-11-13,0.37871819734573364,0.37871819734573364,0.3669931870071718,0.36769666526378175,332792000
2013-11-14,0.3803596496582031,0.3827046514574571,0.37731114172824776,0.37754565309002375,307980000
2013-11-15,0.37918710708618164,0.38223561468110817,0.3754350934378684,0.3817666199637249,450332000
2013-11-18,0.3700416088104248,0.374262617455692,0.3691036193135322,0.3709796262619427,316948000
2013-11-19,0.3640294671058655,0.37157410631305604,0.36355793242529466,0.3682733354430411,206716000
2013-11-20,0.3586067259311676,0.3652082953706903,0.35789940990085856,0.3642651979616057,204776000
2013-11-21,0.361436128616333,0.36214344497280865,0.35742804007101137,0.35907842616543434,213568000
2013-11-22,0.35789942741394043,0.3619075143071298,0.3571921113490203,0.3619075143071298,158668000
2013-11-25,0.3656798303127289,0.3661513649646371,0.35789941018518256,0.35789941018518256,248208000
2013-11-26,0.3687449097633362,0.3727529971380824,0.36733027746353303,0.36968797922585694,753176000
2013-11-27,0.3701595962047577,0.371338447258345,0.3661514801377399,0.3685091822449145,181272000
2013-11-29,0.36780181527137756,0.3711026146298547,0.365444113489332,0.3701595451594454,116964000
2013-12-02,0.37133848667144775,0.37393194240098826,0.36567998415003117,0.36638730047846185,373872000
2013-12-03,0.37110254168510437,0.37628947896484416,0.36874484036649385,0.3713383230593721,290560000
2013-12-04,0.37628960609436035,0.3769969223501138,0.3692164997488785,0.3701595974585584,493176000
2013-12-05,0.3701595962047577,0.3769969210731537,0.36968803329850186,0.3769969210731537,271812000
2013-12-06,0.3647368252277374,0.37463916708537426,0.36379372765185347,0.37463916708537426,281000000
2013-12-09,0.3586067259311676,0.3659156114009994,0.35789940990085856,0.3647367607191566,385220000
2013-12-10,0.36685872077941895,0.3685091062930821,0.35813523040203926,0.35860676510508294,524268000
2013-12-11,0.3633222281932831,0.3680376322124729,0.3626149119691996,0.3675660974317589,414156000
2013-12-12,0.35624900460243225,0.3640294242877642,0.35554168861176283,0.3621432576813177,258724000
2013-12-13,0.35412704944610596,0.35954976778987086,0.35365551483056445,0.3569563133513851,184588000
2013-12-16,0.35459864139556885,0.3576636590511841,0.3541271067037864,0.35436288810268746,237620000
2013-12-17,0.35624900460243225,0.3571920738526476,0.35129782077376215,0.3543628379959857,274104000
2013-12-18,0.3612002432346344,0.36190755938766045,0.35247675229670555,0.3569564025285224,426232000
2013-12-19,0.3626148998737335,0.36308643463871887,0.3583710307768172,0.36072873270776806,258544000
2013-12-20,0.3699237108230591,0.3701594922099452,0.3623790437149231,0.3633221411564492,382080000
2013-12-23,0.3720456659793854,0.37511068376796414,0.36898067629682746,0.3720456659793854,168568000
2013-12-24,0.3729887306690216,0.37416758139883194,0.3692163970912212,0.37416758139883194,79600000
2013-12-26,0.36945226788520813,0.3755823044060676,0.36850917020952384,0.3744034533909812,168920000
2013-12-27,0.37157413363456726,0.37228144976044136,0.36921643195233433,0.3713383803299566,210976000
2013-12-30,0.376525342464447,0.37676112389014194,0.37133840405336493,0.37180993879873186,248180000
2013-12-31,0.37770408391952515,0.3795902504603912,0.37487484816123345,0.37723254931081235,235776000
2014-01-02,0.3739319145679474,0.3767611796710783,0.370631142755664,0.3753465471195128,260092000
2014-01-03,0.36945226788520813,0.37534652296064025,0.3682734168701217,0.37463920673038337,259332000
2014-01-06,0.3744034469127655,0.37723268367881424,0.36968801482798463,0.37322456781205177,409492000
2014-01-07,0.3805333971977234,0.3819480294180567,0.37558224063859763,0.37817569556784814,333288000
2014-01-08,0.3857204020023346,0.38760656911684793,0.38053343541091716,0.381948067773308,308192000
2014-01-09,0.37133848667144775,0.38053351462295976,0.3701596354927396,0.379826198294529,292172000
2014-01-10,0.3708667755126953,0.37511064368135405,0.3675660047737484,0.3725171889881866,218492000
2014-01-13,0.362143337726593,0.37322453034299297,0.3614360215795841,0.3708668285903112,243332000
2014-01-14,0.3734603822231293,0.3741676985035907,0.36237915940996296,0.3640295734330488,241828000
2014-01-15,0.3774685263633728,0.37888315913426224,0.3734604376538946,0.3751108238159113,175044000
2014-01-16,0.37864717841148376,0.37935449442477337,0.3758179424643418,0.37746832775800654,220652000
2014-01-17,0.37699681520462036,0.38312685020424375,0.37463911375953723,0.3786472005949749,340400000
2014-01-21,0.37841156125068665,0.3807692634056545,0.37440347320844664,0.3774684635250835,246076000
2014-01-22,0.37793999910354614,0.37959038487144175,0.37346034846951565,0.3791188500957608,337940000
2014-01-23,0.376525342464447,0.3807692113847952,0.3736961058862225,0.37676112389014194,185028000
2014-01-24,0.36685872077941895,0.3748749231552433,0.36685872077941895,0.3734602909400918,246696000
2014-01-27,0.3645009994506836,0.37204563860952744,0.36237905124268394,0.3668587009444485,233812000
2014-01-28,0.368037611246109,0.3682733926760465,0.36237910988181976,0.36379374224939787,167996000
2014-01-29,0.3645009994506836,0.3687448677606642,0.3642652180588996,0.36662291955266446,162944000
2014-01-30,0.37063100934028625,0.3713383253614577,0.36544404392237356,0.366622894588987,202896000
2014-01-31,0.3701595962047577,0.3722815168588044,0.3652084105372805,0.3654441638843823,335348000
2014-02-03,0.36520838737487793,0.37322456278845595,0.36379375495788213,0.37275302801813215,431728000
2014-02-04,0.3673301935195923,0.36803750950785485,0.36308632569603255,0.3649724922960608,280692000
2014-02-05,0.3640294671058655,0.36591563393416787,0.36120020281040244,0.36473678317973124,214676000
2014-02-06,0.3687449097633362,0.36968797922585694,0.36402950623868835,0.36450104096994873,168380000
2014-02-07,0.37416768074035645,0.3746392155362694,0.3663872582367024,0.36968802991411887,157248000
2014-02-10,0.37534645199775696,0.3802976365674606,0.37346028510901175,0.37369606650986237,324372000
2014-02-11,0.38312697410583496,0.38407004374644554,0.37558233266286856,0.37746847194408967,235384000
2014-02-12,0.39680153131484985,0.39963079558444486,0.38430570781086754,0.38430570781086754,744528000
2014-02-13,0.4092974364757538,0.4116551665394684,0.39963087531283836,0.4067039811859091,902836000
2014-02-14,0.42226478457450867,0.42320785402411076,0.4052893096334985,0.4055250910489099,817536000
2014-02-18,0.42202895879745483,0.42391512560441585,0.4184924065741599,0.4225005215787091,428988000
2014-02-19,0.4276874363422394,0.43145976975438727,0.4201427695179436,0.42202893622401755,450340000
2014-02-20,0.44277679920196533,0.4437198686240734,0.4279232731146279,0.4286305611281986,398088000
2014-02-21,0.43947598338127136,0.4477279669895274,0.4366467471159943,0.4420694663529535,451052000
2014-02-24,0.4458417594432831,0.4491425301006904,0.43452478730843097,0.43853287399414476,403112000
2014-02-25,0.4438287913799286,0.4471444952505888,0.4390920957643565,0.44524981135777336,242184000
2014-02-26,0.44311830401420593,0.44951283736768904,0.4416972840543508,0.44288145794325257,360884000
2014-02-27,0.4381447434425354,0.44761813414412605,0.4369605696048366,0.44311828485404303,388848000
2014-02-28,0.4353027045726776,0.44003939962634625,0.4289081436638813,0.43577636843145856,321692000
2014-03-03,0.43317121267318726,0.43317121267318726,0.42180313790540114,0.42559250557230716,375948000
2014-03-04,0.43767106533050537,0.44051307680203594,0.4345922078059596,0.43530271773207485,260344000
2014-03-05,0.4414603114128113,0.4416971574158588,0.4353026258957446,0.437197280988427,241472000
2014-03-06,0.4353027045726776,0.44453924863415967,0.4345921946680414,0.4421709011073253,290144000
2014-03-07,0.4348289966583252,0.43790785397776166,0.4315133215345804,0.43719734409897965,268452000
2014-03-10,0.42843443155288696,0.4353026555469339,0.42653974809822137,0.43340797209226833,300888000
2014-03-11,0.4326975345611572,0.4364869021036019,0.42914501307746444,0.43056600473118295,297220000
2014-03-12,0.4338814914226532,0.43648668383445005,0.4289079525393744,0.43056578942282836,239428000
2014-03-13,0.42014527320861816,0.4364868884626608,0.4180137434452577,0.4348290225690704,385172000
2014-03-14,0.42203980684280396,0.4258291731728166,0.41588212184768597,0.41588212184768597,460048000
2014-03-17,0.42203980684280396,0.42630283690583765,0.42156614310978285,0.4232239802918176,299656000
2014-03-18,0.43198689818382263,0.4348289088923904,0.42180300059794235,0.4236976838146284,293904000
2014-03-19,0.43956562876701355,0.4478548718584787,0.4341184247848162,0.4353026265689608,366168000
2014-03-20,0.43980249762535095,0.44359186447934457,0.43530264919004374,0.4371973043841146,191800000
2014-03-21,0.43909192085266113,0.4471443171312319,0.43672357398830297,0.44359179683469463,566116000
2014-03-24,0.43696048855781555,0.4428813566481126,0.43056592843395386,0.4393288357939344,306096000
2014-03-25,0.43696048855781555,0.4421708468306918,0.4336447854874936,0.44169718303005323,304424000
2014-03-26,0.42701342701911926,0.44927590899186837,0.4232240599756517,0.4409866932880945,557756000
2014-03-27,0.42132946848869324,0.42961868544770176,0.41659274485061387,0.426066163893841,540728000
2014-03-28,0.4239344894886017,0.42653968236640993,0.41943464168102956,0.420618815128593,398820000
2014-03-31,0.42417147755622864,0.4284345090420312,0.4218031298677752,0.42464514144733306,273404000
2014-04-01,0.4416971802711487,0.44690753851148024,0.4324606091682226,0.43767099564148004,656272000
2014-04-02,0.43885505199432373,0.44264438959621516,0.4369603690769188,0.4416970622539719,239948000
2014-04-03,0.4435918629169464,0.4542494253942242,0.4395656500614119,0.4398024960762995,599548000
2014-04-04,0.4298553764820099,0.44856533352427896,0.4279606933566898,0.4459601406978486,368032000
2014-04-07,0.43127644062042236,0.43956565599237185,0.42772391974672974,0.4300922669958582,428576000
2014-04-08,0.446670800447464,0.4478549742694691,0.43056600258867733,0.4312765125284666,470692000
2014-04-09,0.4461970329284668,0.4525915930730079,0.44264451206280003,0.4488022261897929,421968000
2014-04-10,0.4353027045726776,0.4504601174512455,0.4338816847634052,0.44430243082123394,372748000
2014-04-11,0.4291450083255768,0.43861839884385934,0.42346095707484877,0.4319870198344754,353112000
2014-04-14,0.4338814914226532,0.43553932830610714,0.4291447984796894,0.4319868085988843,290184000
2014-04-15,0.43696048855781555,0.4393288357939344,0.4300922646333153,0.4343552953049144,304636000
2014-04-16,0.4379078447818756,0.4395656823089341,0.43246064013617375,0.43909201847733564,235136000
2014-04-17,0.43956562876701355,0.44359184142750147,0.4353026265689608,0.43624995411676704,153532000
2014-04-21,0.44311830401420593,0.44430247790310773,0.4369605884987437,0.4398026001855215,117004000
2014-04-22,0.44690755009651184,0.44974958942211674,0.44146034569967135,0.44382869298239097,255120000
2014-04-23,0.4521179795265198,0.45330215328003687,0.4469075924247012,0.44761810232339727,261580000
2014-04-24,0.4561440944671631,0.46088078875252253,0.45519676690326116,0.45519676690326116,391492000
2014-04-25,0.4435918629169464,0.4594598118583451,0.44264450709032177,0.45519678122084883,313600000
2014-04-28,0.4416971802711487,0.449512731748109,0.4362499760155142,0.4471443845267832,226788000
2014-04-29,0.4426444470882416,0.4443023125018735,0.43767093554611186,0.4433549568036664,171300000
2014-04-30,0.4374341666698456,0.4424077073215833,0.43648683903757507,0.441934043505448,305740000
2014-05-01,0.43980249762535095,0.4450128558748977,0.43624997678707916,0.4440655282778623,198104000
2014-05-02,0.43648678064346313,0.44193398438259784,0.43388158765385687,0.44193398438259784,156376000
2014-05-05,0.4412236511707306,0.44453932699962967,0.43553959916455925,0.4360132631068399,239260000
2014-05-06,0.4322237968444824,0.44927589140679713,0.43103962321886435,0.4454865527445751,416188000
2014-05-07,0.4326975345611572,0.43625005604484995,0.4279608392495669,0.4322238706765844,293900000
2014-05-08,0.4381447434425354,0.4450129404080161,0.42890817056872577,0.43103970041634243,432728000
2014-05-09,0.4274870753288269,0.4289080949767936,0.4194347059448189,0.4248819102847896,539532000
2014-05-12,0.44003939628601074,0.4409867239963815,0.42819763050880033,0.42843447655285766,299856000
2014-05-13,0.43293437361717224,0.44122361905187363,0.43151338189377136,0.4341185475031393,221104000
2014-05-14,0.42867138981819153,0.434829106005556,0.42843457195433016,0.43317126802678424,214320000
2014-05-15,0.4263029098510742,0.43009227682949025,0.42203987905858786,0.42772392952621197,325896000
2014-05-16,0.4253554940223694,0.42843435052479323,0.42298714721018504,0.42298714721018504,283960000
2014-05-19,0.43909192085266113,0.4414602677170193,0.42796069623676203,0.4298553793748329,360076000
2014-05-20,0.43397656083106995,0.44040054417260116,0.43183524250487926,0.4392109165773932,256200000
2014-05-21,0.43397656083106995,0.43944885344161844,0.4313593687764288,0.4356420337917693,216712000
2014-05-22,0.4358798861503601,0.43825914087950124,0.43302478614798157,0.43302478614798157,130364000
2014-05-23,0.4399247169494629,0.44206606372692114,0.43564205175750664,0.43825924392008,182656000
2014-05-27,0.44777631759643555,0.44777631759643555,0.44111439633452926,0.4425419610202819,209680000
2014-05-28,0.4515831172466278,0.4544382181249074,0.4451591331797581,0.4494417986786587,224676000
2014-05-29,0.4508694112300873,0.4551520774536783,0.449917720230608,0.4513452567298269,171884000
2014-05-30,0.45205891132354736,0.45324853891796624,0.44849002854029085,0.45086928372912854,239128000
2014-06-02,0.45063143968582153,0.456341641610629,0.4468246194939744,0.4534865406482253,181500000
2014-06-03,0.4487280547618866,0.45205900134438426,0.442779887242344,0.45158315588445097,243212000
2014-06-04,0.44920387864112854,0.4525348250636006,0.4473004685298745,0.44753840542989254,161236000
2014-06-05,0.4511072635650635,0.4525347997965758,0.447300443555107,0.4499176358573223,188696000
2014-06-06,0.4527726173400879,0.4568173448076936,0.4515829899459124,0.45324846262516716,161052000
2014-06-09,0.453248530626297,0.45753119556045013,0.44920380255185843,0.4522968399133557,247456000
2014-06-10,0.45562782883644104,0.4577691756873918,0.4496796904109577,0.4515831003797046,217608000
2014-06-11,0.461575984954834,0.46276561261243054,0.4539623452558475,0.4539623452558475,266228000
2014-06-12,0.46443116664886475,0.4665724854607615,0.45753130801381786,0.46157606544534713,337148000
2014-06-13,0.4649069607257843,0.4694275631309762,0.46038635832059244,0.4691896262390852,227852000
2014-06-16,0.46347931027412415,0.4665723474811321,0.4594345824017094,0.46276555645654766,198620000
2014-06-17,0.4665723741054535,0.4684757839078398,0.4615759552825181,0.4639552104447613,157608000
2014-06-18,0.4660966098308563,0.46823795686717345,0.46110016177574686,0.4653828274854173,215536000
2014-06-19,0.4553900361061096,0.4599106111137081,0.45205906072311786,0.45753135513855764,474592000
2014-06-20,0.45039352774620056,0.4582450771001255,0.446824644254686,0.45657960381001167,353148000
2014-06-23,0.4451592266559601,0.4453971352340456,0.4392110583963289,0.44444544419576687,414200000
2014-06-24,0.4382593333721161,0.4480142933913573,0.4363559230801951,0.44444540973011776,275780000
2014-06-25,0.44277992844581604,0.44301786537940663,0.43540425222308515,0.4394489815533527,215420000
2014-06-26,0.43683165311813354,0.4430177278413016,0.43540411704868154,0.4427797909815803,256908000
2014-06-27,0.4373076260089874,0.43992479024464204,0.4337387141186128,0.4363559067172325,302820000
2014-06-30,0.44111424684524536,0.4423038742258983,0.43564195522165094,0.43564195522165094,180512000
2014-07-01,0.4461107850074768,0.44872797712876417,0.43921092776179194,0.44063849225757773,321180000
2014-07-02,0.44444525241851807,0.44634866203672635,0.44182806064811214,0.44444525241851807,179284000
2014-07-03,0.4484900236129761,0.4496796511943251,0.4404005390420272,0.4404005390420272,136892000
2014-07-07,0.44492119550704956,0.4494417978890995,0.444207413197993,0.4492038609984266,127496000
2014-07-08,0.44135233759880066,0.4456350033354248,0.43706967186217655,0.44373159318992916,221940000
2014-07-09,0.45467609167099,0.4565795014456494,0.4418280969642577,0.4451590711606513,387668000
2014-07-10,0.4522969126701355,0.45420032276516054,0.4425419536599841,0.4461108369520449,266308000
2014-07-11,0.453248530626297,0.4546760950586676,0.4511072123406997,0.45277268526982634,191188000
2014-07-14,0.45895883440971375,0.46014846217525934,0.4534865410156114,0.4551520142147826,272636000
2014-07-15,0.4608621895313263,0.46205181715496224,0.45657952441364497,0.45967256190769035,395440000
2014-07-16,0.46038636565208435,0.4663345327774199,0.45776920161441814,0.4627656495199963,319728000
2014-07-17,0.45919671654701233,0.4639552556986018,0.455151988049271,0.455151988049271,324832000
2014-07-18,0.43873515725135803,0.453248628104286,0.438021374881663,0.44967974461877563,567816000
2014-07-21,0.44135233759880066,0.4444453755398605,0.43706967186217655,0.43706967186217655,243364000
2014-07-22,0.43944892287254333,0.4470625350121985,0.43849723199119783,0.44468327944587105,298816000
2014-07-23,0.4301697909832001,0.43992474973844836,0.4296939455626187,0.4396868412096389,297352000
2014-07-24,0.430883526802063,0.4337386273804404,0.42779048935758773,0.43254899977586986,254576000
2014-07-25,0.42327001690864563,0.4304077842410122,0.4225562345028157,0.4294560649122503,266132000
2014-07-28,0.4216044843196869,0.4251733677246879,0.41446671750968495,0.4251733677246879,330352000
2014-07-29,0.4230320155620575,0.42874224557611806,0.4216044509678019,0.42184238785449846,217972000
2014-07-30,0.4301697909832001,0.4313594187161346,0.4244595892102992,0.4256492169432337,246184000
2014-07-31,0.41637006402015686,0.428266340218406,0.41565628177566993,0.42493539422808013,401880000
2014-08-01,0.4208906888961792,0.423269944265297,0.4149425221104233,0.41637008667707853,219884000
2014-08-04,0.41993895173072815,0.4239836800122652,0.41779763333549086,0.4204147971115631,241724000
2014-08-05,0.4201768934726715,0.42636296858410544,0.41518044600859333,0.41874932895066047,298136000
2014-08-06,0.4197009801864624,0.4249353353154136,0.4142286882213496,0.41732169691371457,223456000
2014-08-07,0.415418416261673,0.4270767567973101,0.41256328698824435,0.42326996503767633,407696000
2014-08-08,0.45205891132354736,0.45443816651238506,0.4335007151780216,0.4335007151780216,894348000
2014-08-11,0.4496796727180481,0.4544381832712084,0.44849004507975804,0.4525347733773522,344624000
2014-08-12,0.4496796727180481,0.4520589279946282,0.44468322529204574,0.4494417642081662,296152000
2014-08-13,0.4522969126701355,0.45610373286018563,0.44753840161405445,0.45039350257511046,256596000
2014-08-14,0.4473004639148712,0.4539623850540446,0.4453970538232555,0.4539623850540446,255992000
2014-08-15,0.45301058888435364,0.4556277523343552,0.44444525964463305,0.4487279242644933,369796000
2014-08-18,0.45919671654701233,0.4596725903162444,0.4503934772606431,0.45491405116465494,284076000
2014-08-19,0.46290090680122375,0.4652906871661388,0.4576433672076674,0.4593162362538512,248260000
2014-08-20,0.46003320813179016,0.46337891817616117,0.45883831779203615,0.46122809847154417,221468000
2014-08-21,0.455731600522995,0.4612281018234956,0.45501468910467874,0.45883832112661993,272796000
2014-08-22,0.45597052574157715,0.45979418571319575,0.45238585520134555,0.45525358593584503,251224000
2014-08-25,0.45668739080429077,0.46098900044623836,0.4557314617236222,0.4578822807888082,153380000
2014-08-26,0.464812695980072,0.46576859664673786,0.4562094760263729,0.45788231643725147,269636000
2014-08-27,0.4595552086830139,0.4655296597446218,0.458838268857935,0.4619449891076571,182972000
2014-08-28,0.46337875723838806,0.4643346577828208,0.4571653182343063,0.4585991975393784,179704000
2014-08-29,0.464812695980072,0.46576859664673786,0.46003310718146295,0.4650516569025252,207932000
2014-09-02,0.4660075902938843,0.4660075902938843,0.4617059802779307,0.4660075902938843,192636000
2014-09-03,0.4703092575073242,0.47198209813685527,0.4652907071303008,0.46839742743567575,259456000
2014-09-04,0.47867342829704285,0.48154118728419676,0.46935326856564596,0.4695922579773844,491832000
2014-09-05,0.4772394895553589,0.4803462090801329,0.47413277003058485,0.47819539010678636,253792000
2014-09-08,0.4729379713535309,0.47771753200976175,0.4710261413933528,0.47676163127388704,319288000
2014-09-09,0.4669635593891144,0.4738939400103809,0.46648560898140695,0.470787219627636,198588000
2014-09-10,0.46863633394241333,0.470309202866018,0.46433472390308006,0.4695922631113913,172376000
2014-09-11,0.4638568162918091,0.4669635365224213,0.4588382660355563,0.46529069593314687,250720000
2014-09-12,0.4569264054298401,0.466724515850235,0.4564484550775245,0.466724515850235,262536000
2014-09-15,0.4507129490375519,0.45907717908052814,0.44880111933004374,0.4583602393791595,294152000
2014-09-16,0.4574044346809387,0.45979421519432123,0.4480842735856883,0.44951815328909017,219936000
2014-09-17,0.45764341950416565,0.4619450303502585,0.45405874854716033,0.45620956821442293,173584000
2014-09-18,0.46457380056381226,0.4650517509938462,0.45907729939734077,0.46051117917587503,219604000
2014-09-19,0.45597052574157715,0.4664855764193138,0.45525358593584503,0.46600762604496876,601316000
2014-09-22,0.45142996311187744,0.4652906951643319,0.4509519842399348,0.4652906951643319,221464000
2014-09-23,0.449518084526062,0.45453660574342086,0.4473672652999712,0.4490401057057575,196144000
2014-09-24,0.4521469473838806,0.4535808272541646,0.4488012656711302,0.4492792161317468,159592000
2014-09-25,0.4423487186431885,0.4528637684591149,0.4413928179728437,0.45166887837697056,298440000
2014-09-26,0.44330477714538574,0.4466504589561918,0.44187089723307743,0.4437827276200102,241188000
2014-09-29,0.44258779287338257,0.4456945133800213,0.4354184510065696,0.4397200618243438,208540000
2014-09-30,0.44091492891311646,0.44402164925612864,0.4356573890302817,0.44067593946810374,277204000
2014-10-01,0.4366133213043213,0.4447385636522267,0.4354184310479569,0.44163187177642405,350976000
2014-10-02,0.43470144271850586,0.43804712366784315,0.4246643428936387,0.435896332841616,288996000
2014-10-03,0.43565744161605835,0.44330476291836324,0.43565744161605835,0.4373303109562089,239140000
2014-10-06,0.4330286979675293,0.44091498022105347,0.4301609382473867,0.4373303090593092,199032000
2014-10-07,0.42848801612854004,0.4354183961531046,0.4280100657619839,0.4311167858772419,301896000
2014-10-08,0.4363742172718048,0.4385250362615437,0.42466427874124424,0.4280099876735859,260172000
2014-10-09,0.42801013588905334,0.4349405170491221,0.42442546481991084,0.4344625381158232,306956000
2014-10-10,0.4026782810688019,0.42609815813353974,0.4024393201732985,0.42466427880682567,691376000
2014-10-13,0.40124455094337463,0.4134324434218538,0.4007666005201549,0.40530717227339036,397628000
2014-10-14,0.4105646014213562,0.42179656152904355,0.40435116213365296,0.40674094209224276,376620000
2014-10-15,0.4167780578136444,0.4189288771047165,0.4019614261472221,0.40459016729618474,404428000
2014-10-16,0.41701701283454895,0.4217965728803552,0.4084137933567276,0.4093697224589439,351116000
2014-10-17,0.4163001477718353,0.4268151988509933,0.4146273071535509,0.42203563794822063,290716000
2014-10-20,0.4198848605155945,0.42370852101626283,0.4134324583480956,0.41630018947938036,200336000
2014-10-21,0.4378080666065216,0.4382860168531363,0.42179651968176796,0.42299140954251546,351092000
2014-10-22,0.4275321662425995,0.43852516842295197,0.4275321662425995,0.43709128866432095,239512000
2014-10-23,0.43709123134613037,0.44019795142347484,0.43183372040131646,0.43494044047866093,214476000
2014-10-24,0.4416319727897644,0.4442607148619729,0.4370913716839613,0.43972014224460715,210156000
2014-10-27,0.4418708086013794,0.44354364917123934,0.43661329745820704,0.44139285822262364,145092000
2014-10-28,0.45238587260246277,0.4528638229951923,0.440197980901494,0.4406759312942235,192580000
2014-10-29,0.449518084526062,0.45310275474778683,0.44545543548403266,0.450473985189818,168340000
2014-10-30,0.44665032625198364,0.4502349964792786,0.4409148652836823,0.44832319514879587,170260000
2014-10-31,0.4669635593891144,0.46720254883718365,0.45453667785813484,0.45692645838510304,256316000
2014-11-03,0.47484976053237915,0.4793903598588972,0.4724599804095042,0.4777174909821438,308732000
2014-11-04,0.48106321692466736,0.4827360573709884,0.47007021658296827,0.47795649695954134,360196000
2014-11-05,0.48106321692466736,0.48416993688979343,0.4774785466160821,0.4839309759622774,335652000
2014-11-06,0.48321399092674255,0.48393093061896936,0.4746107431084459,0.48201907244741493,394088000
2014-11-07,0.4729379713535309,0.49444602279499844,0.4681584106973,0.4887105614028929,450800000
2014-11-10,0.4784344732761383,0.48154119322493133,0.4712651042082323,0.4724599943048121,293388000
2014-11-11,0.47269898653030396,0.47819545821651316,0.4686363373870332,0.47556671708146253,212992000
2014-11-12,0.46959230303764343,0.47222104437687606,0.4631398731858236,0.47102615418038046,204584000
2014-11-13,0.4672025144100189,0.47198207511175966,0.4633788544532548,0.47126513530881275,225328000
2014-11-14,0.4729379713535309,0.4729379713535309,0.46313986061288615,0.46768046032936267,160248000
2014-11-17,0.4707871377468109,0.4758056873759742,0.4676804179043968,0.4707871377468109,158732000
2014-11-18,0.4820190668106079,0.483213985275962,0.46983117765055366,0.47102606762748356,207772000
2014-11-19,0.4802192747592926,0.48381914470397624,0.47517951405472714,0.4823791967261028,240300000
2014-11-20,0.4881388545036316,0.4886188561599528,0.4754194113999363,0.47685935915091743,220968000
2014-11-21,0.4907788336277008,0.493178727746404,0.4866990193477044,0.4924587537889941,198976000
2014-11-24,0.4938986301422119,0.4960584944835068,0.49005878866504854,0.4919786807946398,136004000
2014-11-25,0.49365857243537903,0.4972584414946354,0.4919786526137186,0.4929385986235278,190240000
2014-11-26,0.5020583271980286,0.5025383289060338,0.4905388011678031,0.4907788306308,219264000
2014-11-28,0.5032582879066467,0.5061381839605652,0.4991784733089246,0.5037382896549644,124832000
2014-12-01,0.4938986301422119,0.5039781496495372,0.49317865628911994,0.5010983114551504,190060000
2014-12-02,0.4946185350418091,0.49677839908200294,0.4888587450200311,0.49341855971461435,245952000
2014-12-03,0.5073381066322327,0.5075780788722829,0.49557860859995695,0.4970185564762336,284424000
2014-12-04,0.5027779936790466,0.5085377245628232,0.4994181554316731,0.5066178333408823,185332000
2014-12-05,0.5056582093238831,0.508298075737471,0.5027783134414305,0.5030182856923049,165680000
2014-12-08,0.4991784691810608,0.5099780220759565,0.495098654617076,0.5049382612412682,226944000
2014-12-09,0.49749842286109924,0.4986983983089585,0.48861882197525963,0.4960584752108596,239448000
2014-12-10,0.48645904660224915,0.4979785740459445,0.48597910205334255,0.4960586241963307,204364000
2014-12-11,0.48621904850006104,0.49269875731006735,0.485259102235244,0.48933891677421115,135652000
2014-12-12,0.4710996448993683,0.48405906075960176,0.47061964322314354,0.47973924593652645,323964000
2014-12-15,0.4696597456932068,0.4852590865600562,0.46821979773349903,0.47661942741080493,254696000
2014-12-16,0.4643798768520355,0.47661934660755734,0.4641399046387647,0.46917969303433027,185308000
2014-12-17,0.48333919048309326,0.4840591645428017,0.4583802709368588,0.47373961264431047,345596000
2014-12-18,0.48525896668434143,0.49509851328165205,0.4806991516776955,0.4893387800836648,226156000
2014-12-19,0.4900588393211365,0.49197873164918193,0.4840590756645176,0.48861889146610904,325528000
2014-12-22,0.49869847297668457,0.49869847297668457,0.4878989212009009,0.4895788413050473,148976000
2014-12-23,0.4955785274505615,0.5049381298957671,0.4950985258310721,0.5025382362342768,109280000
2014-12-24,0.49365857243537903,0.4974984136925933,0.4931786280394632,0.496778439880742,45644000
2014-12-26,0.4941386878490448,0.4967785542884737,0.4924587676405,0.4936586861246074,52636000
2014-12-29,0.49341869354248047,0.4967785338211443,0.4902988255071531,0.4926987195944827,82944000
2014-12-30,0.48885872960090637,0.4924585982509739,0.48813875587089284,0.49005870489025255,112120000
2014-12-31,0.4811791777610779,0.49221870032925213,0.47973920147485144,0.4895787771816585,166300000
2015-01-02,0.4830990433692932,0.48669891236504514,0.4754193609903401,0.4830990433692932,113680000
2015-01-05,0.47493940591812134,0.48453900925410187,0.4727795130481441,0.48309906160145744,197952000
2015-01-06,0.4605400264263153,0.47613933476826237,0.46006005342989925,0.47565936177184626,197764000
2015-01-07,0.4593401551246643,0.4679797849160554,0.45790020728976816,0.4638999422535139,321808000
2015-01-08,0.4766193926334381,0.47949928834271704,0.4643799216959828,0.4646199225414205,283780000
2015-01-09,0.47853919863700867,0.48213906740901036,0.471819491277583,0.47829922645819956,209540000
2015-01-12,0.4725395739078522,0.4799792567358244,0.46821975899512613,0.4797392558927312,190732000
2015-01-13,0.47181957960128784,0.4857389698924266,0.4684597395971128,0.4761393943273643,236720000
2015-01-14,0.4737394154071808,0.4751793629270885,0.46557978908500164,0.4667797358152625,155260000
2015-01-15,0.4703795611858368,0.47997913472547077,0.47013956040375166,0.47709926838537775,188932000
2015-01-16,0.47901931405067444,0.47949928713134393,0.46821976238614843,0.46965971023715014,181512000
2015-01-20,0.48045918345451355,0.4850189412808738,0.4744594207942824,0.4823790754637203,140308000
2015-01-21,0.4871790111064911,0.48837898689125825,0.4744595653215319,0.4778194345790857,144780000
2015-01-22,0.4955785274505615,0.49701847509105135,0.48309905752362065,0.4881388170473568,159712000
2015-01-23,0.4970185160636902,0.4979784621638256,0.4919786989065092,0.49605851274557183,120416000
2015-01-26,0.49485859274864197,0.4972584865998427,0.49173872502028276,0.49485859274864197,133240000
2015-01-27,0.4710996448993683,0.48765893028632495,0.4701396701559113,0.4871789286101002,357948000
2015-01-28,0.46341994404792786,0.47877928188760827,0.4631799432187956,0.47685936108152427,272728000
2015-01-29,0.4746995270252228,0.4773393934286602,0.46150008057205555,0.4636600024755898,235340000
2015-01-30,0.46078017354011536,0.47685948959145197,0.4600602280766817,0.47133972651479905,298200000
2015-02-02,0.4708596467971802,0.4727795676862574,0.45454036215351284,0.4636599649198851,259604000
2015-02-03,0.48261910676956177,0.4830991084396407,0.4718195841546444,0.4742194780690705,183468000
2015-02-04,0.4838191568851471,0.4893389194606393,0.47973931371478556,0.4811792903379093,181516000
2015-02-05,0.4917386770248413,0.49197864922114437,0.4838190223670671,0.48429896675967327,140448000
2015-02-06,0.48957863450050354,0.4970183429253624,0.48741871361412875,0.4912585538950296,210524000
2015-02-09,0.4890989065170288,0.49053879719340066,0.4835791444006404,0.48669901243242464,273944000
2015-02-10,0.5027779936790466,0.5030179657773008,0.4874186350317041,0.48957855556985297,226204000
2015-02-11,0.49941837787628174,0.5039781358638296,0.4960584809144317,0.5039781358638296,320832000
2015-02-12,0.5351766347885132,0.5399764206165568,0.5248570895364232,0.5279769560464477,676904000
2015-02-13,0.5354170203208923,0.5361369944728016,0.5258174412527749,0.5339770720170738,310084000
2015-02-17,0.5370967984199524,0.5397367220157968,0.5310970917033747,0.5344569320420973,203340000
2015-02-18,0.5308569073677063,0.5373366711251348,0.5298969614392633,0.5363766679787192,170948000
2015-02-19,0.5322970151901245,0.5385367514312882,0.5298971210372146,0.5375768052137222,169432000
2015-02-20,0.5361366868019104,0.5363766589754999,0.5279770607201476,0.5318169015874394,157752000
2015-02-23,0.5318169593811035,0.5358967728653468,0.5291770363128453,0.5358967728653468,125008000
2015-02-24,0.5374786853790283,0.5374786853790283,0.5290467389756928,0.5338650104742636,149356000
2015-02-25,0.5333828926086426,0.5377193692435859,0.5309737580686624,0.5353101772653075,123820000
2015-02-26,0.5348284244537354,0.5379603053316273,0.5304919474974376,0.5338647820539921,152864000
2015-02-27,0.5314556956291199,0.5345875767916074,0.5295283532161926,0.5333829806037395,157492000
2015-03-02,0.5444647669792175,0.5473557505741834,0.5292872179822101,0.5300099638809516,301512000
2015-03-03,0.5343466997146606,0.5430195982207301,0.5326603107604687,0.5403695666410452,160344000
2015-03-04,0.54036945104599,0.5415739897106042,0.5302510620470342,0.5324193005693041,226840000
2015-03-05,0.5507286190986633,0.5516922613129585,0.5389238440182464,0.5403693360588349,323056000
2015-03-06,0.5432605147361755,0.5502469663710841,0.5427786647372834,0.5475969349729571,257392000
2015-03-09,0.5447057485580444,0.54880132843931,0.5422966143305127,0.5435012101634239,222388000
2015-03-10,0.5541013479232788,0.5577150777140222,0.5461511998219296,0.5471148419533658,527212000
2015-03-11,0.5512104034423828,0.561328731647884,0.5497649115735156,0.5541013297418327,262120000
2015-03-12,0.5461512804031372,0.5500059069358941,0.5357919967256071,0.545910384194307,406972000
2015-03-13,0.5468740463256836,0.5483195385077422,0.5360329123985415,0.5435012695264116,359288000
2015-03-16,0.553378701210022,0.556751535432374,0.5475967899461706,0.5512105203850132,236956000
2015-03-17,0.560124397277832,0.5603652935309056,0.5483196193026489,0.5521742465433521,299900000
2015-03-18,0.5509695410728455,0.5630152129108872,0.5459103761323562,0.5601242861327336,413844000
2015-03-19,0.55940181016922,0.5613290956185217,0.5488016253214167,0.5528971499799243,310756000
2015-03-20,0.5654242634773254,0.5687970970427269,0.5586787112230936,0.5639788290216226,462084000
2015-03-23,0.547114908695221,0.5557878038127142,0.5468740124925469,0.5485604007878521,426012000
2015-03-24,0.5396466255187988,0.5492831631719085,0.5372374911055213,0.5454285366230056,330480000
2015-03-25,0.50688236951828,0.5394057117584701,0.5051959237893916,0.5394057117584701,542552000
2015-03-26,0.5051961541175842,0.507364393239015,0.4929095806394483,0.49652331250849974,311920000
2015-03-27,0.5150734782218933,0.5170007629519147,0.49989592429849916,0.5080869705585404,318288000
2015-03-30,0.517241895198822,0.5198919269770956,0.510737177753081,0.5174827915136687,253252000
2015-03-31,0.5042322874069214,0.5162779592214637,0.5037504949973161,0.5157961668118584,357276000
2015-04-01,0.5061596632003784,0.5078460516233313,0.4974867674264082,0.5061596632003784,330768000
2015-04-02,0.5073642730712891,0.5104961541365838,0.503027853293815,0.5090506617313237,192204000
2015-04-06,0.5220600962638855,0.5237464851187807,0.4998960299910122,0.5051960928383079,515864000
2015-04-07,0.5266374349594116,0.5324193474226406,0.5191690763160283,0.522060061266797,413964000
2015-04-08,0.5304918885231018,0.5324192305466295,0.5220599466648431,0.5271191117797983,366432000
2015-04-09,0.5427784323692322,0.5444648204859297,0.5261553899411298,0.5263962861182901,379432000
2015-04-10,0.5483196377754211,0.5485605340366104,0.5413331292561667,0.5432604716606028,258728000
2015-04-13,0.5432605147361755,0.5502469663710841,0.5408513221800267,0.547115084974065,236724000
2015-04-14,0.5386829376220703,0.5432603098511452,0.5333828193863894,0.541092071831327,220276000
2015-04-15,0.5451878309249878,0.5492833551148802,0.53747857513324,0.5401286641207057,243560000
2015-04-16,0.5418149828910828,0.5466332527773862,0.5379603554943785,0.5420558791539056,155284000
2015-04-17,0.5348284244537354,0.5401285438097763,0.5302510512570774,0.5304919474974376,293636000
2015-04-20,0.532178521156311,0.5406104659746355,0.5312148210870886,0.5372376880473058,231624000
2015-04-21,0.5314556956291199,0.5386831004414049,0.5288056069911333,0.5386831004414049,230456000
2015-04-22,0.5374786853790283,0.5382014318476467,0.5263966494446498,0.534587756942882,207420000
2015-04-23,0.5353100895881653,0.5403693115002948,0.5215780307032486,0.5276008947858779,259380000
2015-04-24,0.5307329893112183,0.5353103058296967,0.524710122795619,0.5350694095493326,240960000
2015-04-27,0.5348284244537354,0.5442240670874114,0.5278419165385683,0.5324192897352262,248456000
2015-04-28,0.5374786853790283,0.5394060284414529,0.5288057851939353,0.5338650104742636,234484000
2015-04-29,0.5333828926086426,0.5389239077944269,0.531214654291171,0.5336237888311511,195156000
2015-04-30,0.5348284244537354,0.5374784554126045,0.5295283050976944,0.5307329011761002,218844000
2015-05-01,0.5480788350105286,0.5497652240031476,0.5367558472284447,0.5391649825662317,256968000
2015-05-04,0.5447057485580444,0.5512104626668416,0.5430193603426013,0.5475967326063987,200720000
2015-05-05,0.5307329893112183,0.5435014111835091,0.5283238541926409,0.5427786649041048,292928000
2015-05-06,0.5324192047119141,0.538682965467423,0.5254326979124392,0.5336237431596618,316484000
2015-05-07,0.5418149828910828,0.5435013716074583,0.5285647119845944,0.5302511007009699,534564000
2015-05-08,0.5018230676651001,0.5261553607974463,0.4936320237124737,0.5061595432435146,1146552000
2015-05-11,0.4970048666000366,0.5020640887885895,0.4909820596266247,0.4948366285192282,544144000
2015-05-12,0.5018230676651001,0.5059185896414133,0.4931501739465552,0.49339112754865655,388800000
2015-05-13,0.5047140121459961,0.5092913835323687,0.49989574461453434,0.5054367580195434,308524000
2015-05-14,0.5129053592681885,0.5155554481870006,0.5049552073883796,0.5061598037038967,293052000
2015-05-15,0.5131461024284363,0.5174825210205891,0.510014222219213,0.5150733868164398,215824000
2015-05-18,0.512423574924469,0.5155554564691491,0.5095325896714367,0.5119417249028587,324972000
2015-05-19,0.509228527545929,0.514795189425772,0.5082603672766196,0.5131009378065567,253808000
2015-05-20,0.509228527545929,0.5155212807756777,0.5087444474112742,0.5094705387611801,196824000
2015-05-21,0.5055983662605286,0.5116491118109915,0.5051142858429845,0.5094708364883225,239692000
2015-05-22,0.5048720836639404,0.508744552428089,0.5036619696337364,0.506808346898097,212592000
2015-05-26,0.5017257332801819,0.505840213529977,0.49785326430856075,0.5024518248188713,259732000
2015-05-27,0.528590977191925,0.5310112632239544,0.5034199562954826,0.5051141507474861,432332000
2015-05-28,0.535851776599884,0.5375459708663342,0.5276228165330791,0.5285909192990271,327656000
2015-05-29,0.5356099605560303,0.5392403616776019,0.5348838687908789,0.5358519719096856,335168000
2015-06-01,0.5416605472564697,0.5469851999726403,0.5356098606148063,0.5389982497504718,372660000
2015-06-02,0.531011164188385,0.5411763867087248,0.5305270839905937,0.5382720209302962,224304000
2015-06-03,0.5252025723457336,0.5365779105805637,0.5242344117989732,0.5324634302214232,250788000
2015-06-04,0.5346418023109436,0.5363359970202154,0.522056289951577,0.522056289951577,323712000
2015-06-05,0.538756251335144,0.5411765375905652,0.5273808540009067,0.5329475181587927,313320000
2015-06-08,0.5264127850532532,0.5406924921941603,0.520362097875829,0.5370620914285418,342812000
2015-06-09,0.5290749669075012,0.5329473777324926,0.5259285898340751,0.5268966925403229,256888000
2015-06-10,0.5196360349655151,0.5261708028689458,0.516731668028798,0.5227824132455644,529460000
2015-06-11,0.5252025723457336,0.528832972431494,0.5196359088706214,0.5196359088706214,283052000
2015-06-12,0.5109227895736694,0.5249604229002259,0.5097126179277772,0.5218140458658984,323728000
2015-06-15,0.5099546909332275,0.5123749765400913,0.5043880282670248,0.5082604390746783,306548000
2015-06-16,0.5162474513053894,0.5169735428478197,0.5039040104924095,0.508986593585254,256892000
2015-06-17,0.522298276424408,0.5252026430473307,0.5147954062540933,0.5160055205441932,233544000
2015-06-18,0.531011164188385,0.5343995524604449,0.525202490335688,0.5266546732249022,299404000
2015-06-19,0.5293169617652893,0.5353676467700716,0.5244763906797999,0.5310111558747947,355656000
2015-06-22,0.5271386504173279,0.5331893927010123,0.5191517029171913,0.530285027172179,514236000
2015-06-23,0.5135852098464966,0.532221407579906,0.5094707291290561,0.5281069268624655,414064000
2015-06-24,0.508502721786499,0.5155215703081508,0.5060824351622244,0.5128592146285194,253368000
2015-06-25,0.512374997138977,0.515521374324809,0.5085025284714789,0.5085025284714789,350460000
2015-06-26,0.5019678473472595,0.508744683861344,0.49978962998932097,0.5082606035017025,421296000
2015-06-29,0.48696208000183105,0.5012417862404787,0.4862359883537493,0.49615914470390643,391724000
2015-06-30,0.4867199659347534,0.4920446182931388,0.4833315770267676,0.4898663435505033,315916000
2015-07-01,0.49373859167099,0.5058400164268192,0.4893821018405495,0.4988212304613397,302892000
2015-07-02,0.4942229986190796,0.49736937690700583,0.4910766203311533,0.4934969068830825,145764000
2015-07-06,0.48817208409309387,0.49688512419926484,0.4845416843762845,0.49010834728566693,214776000
2015-07-07,0.4789750576019287,0.4872040474525026,0.463727249773355,0.4852678417013892,594252000
2015-07-08,0.4755866527557373,0.47921708169560284,0.47171418367904694,0.47631274431412735,332492000
2015-07-09,0.46977782249450684,0.48526769462539354,0.4668734858960039,0.4830894205374588,357588000
2015-07-10,0.47800692915916443,0.4823634495703229,0.47461851157178164,0.47582865452754325,216708000
2015-07-13,0.48115333914756775,0.4838156365190031,0.47800696147942967,0.4828475336297695,212472000
2015-07-14,0.48139524459838867,0.48236337612684294,0.4751025194977939,0.4818793247886556,249216000
2015-07-15,0.47800692915916443,0.4833315523940986,0.47365040874800596,0.48018517493870166,265732000
2015-07-16,0.48865628242492676,0.48865628242492676,0.4792171485531338,0.4809113431910181,282848000
2015-07-17,0.4857518970966339,0.48744609166933334,0.479459141424222,0.4869620690509477,220372000
2015-07-20,0.47679680585861206,0.48768812176152776,0.4755866628529642,0.4857518583299891,188412000
2015-07-21,0.4789750576019287,0.48575186428708206,0.4758286799782412,0.4758286799782412,149720000
2015-07-22,0.46977782249450684,0.47558652454358935,0.46396914929750105,0.47558652454358935,356472000
2015-07-23,0.4755866527557373,0.48260547049864355,0.46977794914070176,0.4707460808359166,169916000
2015-07-24,0.470020055770874,0.479459160809033,0.4680838209586113,0.47897510931898946,188844000
2015-07-27,0.46735772490501404,0.4726823489496263,0.4620331008604018,0.46590554159644326,192420000
2015-07-28,0.47752296924591064,0.4806693184520986,0.4637273138251628,0.4685678865757159,198308000
2015-07-29,0.4833316206932068,0.4872040902396922,0.4746185786396586,0.47655481341290135,232680000
2015-07-30,0.484541654586792,0.4893822257143829,0.48212134017091673,0.48212134017091673,190180000
2015-07-31,0.4828474819660187,0.4867199219606954,0.47994314475699046,0.48647791069032464,218340000
2015-08-03,0.4910765588283539,0.4915605814556105,0.480427282022334,0.48672000895798906,397132000
2015-08-04,0.4930126965045929,0.4944648795937083,0.48744603313242924,0.48938229648597237,260100000
2015-08-05,0.4980952739715576,0.5055981420389242,0.4971271135658273,0.505114061836059,234628000
2015-08-06,0.49494901299476624,0.5005156769645546,0.4867199938410525,0.49688521885200826,655676000
2015-08-07,0.556182324886322,0.5656214007101635,0.5295591188784541,0.5435968135156335,1405248000
2015-08-10,0.5755446553230286,0.5796591364000326,0.5489214474296484,0.5523098945261627,662304000
2015-08-11,0.5726402401924133,0.5782069041683346,0.567073576216492,0.567073576216492,435008000
2015-08-12,0.5740922689437866,0.5782067485658328,0.5634430241747167,0.5634430241747167,384048000
2015-08-13,0.5692518949508667,0.5760287313892261,0.5677997115923483,0.5748185593557346,276884000
2015-08-14,0.5697358250617981,0.5731242135353469,0.5653792761350953,0.5687676646086441,214652000
2015-08-17,0.566105306148529,0.5687676028451907,0.5590864609982498,0.5687676028451907,273880000
2015-08-18,0.5609528422355652,0.5682442497651768,0.5565779629496246,0.5643554874933261,287084000
2015-08-19,0.5587654709815979,0.5665429964772144,0.552689268323092,0.5602237642553963,249248000
2015-08-20,0.5385922789573669,0.5551194393153722,0.535918723410624,0.5524459417155613,426932000
2015-08-21,0.5218222737312317,0.5436964974016075,0.5213361566931065,0.5347037667984822,382664000
2015-08-24,0.5033506751060486,0.5305719533057693,0.4860943032352628,0.4926565642759719,682284000
2015-08-25,0.4928997755050659,0.5274124699643663,0.4928997755050659,0.5254680593493942,622684000
2015-08-26,0.5300858616828918,0.5305719787246231,0.5050520219463951,0.5089407844393676,614976000
2015-08-27,0.5500156879425049,0.5502587174698746,0.5325162871388818,0.5356759027825069,463764000
2015-08-28,0.552446186542511,0.5558488318951137,0.5461269549179875,0.5500157172982294,320944000
2015-08-31,0.5463699102401733,0.5536613749295128,0.5441825287803213,0.549772613077515,219352000
2015-09-01,0.5240097641944885,0.539564817276498,0.520121058870957,0.5305720848086324,353408000
2015-09-02,0.5398075580596924,0.5400505875256425,0.5293565377136177,0.5383492653701117,344044000
2015-09-03,0.541266143321991,0.5505019633836492,0.5402939669857563,0.5478284060252896,262556000
2015-09-04,0.5286274552345276,0.5405367697089971,0.5283844257392161,0.5320300999566769,287972000
2015-09-08,0.5512307286262512,0.5534181675590728,0.5393214740904093,0.5415088550762936,238448000
2015-09-09,0.5402939319610596,0.5575502491382377,0.5390786681593175,0.5529323973537332,289392000
2015-09-10,0.5488004684448242,0.5556058172797966,0.5347037696281001,0.5371342389376704,357076000
2015-09-11,0.5505019426345825,0.5541476182447959,0.5405369762095967,0.5427244163439061,301584000
2015-09-14,0.5514742136001587,0.554876860206314,0.5485576262537518,0.5531755369032364,192460000
2015-09-15,0.5575501322746277,0.5604667184299125,0.5500156953027492,0.5517170179110135,327976000
2015-09-16,0.5614389181137085,0.56459853393251,0.5524461876859497,0.5565779796150844,173508000
2015-09-17,0.56654292345047,0.57626480009337,0.5653276598966297,0.5711607742929785,268712000
2015-09-18,0.5660566687583923,0.5709176058975236,0.5553626186416919,0.5587652630496954,326412000
2015-09-21,0.5718898773193359,0.5731051407807038,0.5638693239045521,0.566785909854274,281840000
2015-09-22,0.5563350319862366,0.5633834112310971,0.5534184452788553,0.5594946482702442,228356000
2015-09-23,0.5590085387229919,0.5624111846296003,0.5546337165497766,0.5568210986629007,161632000
2015-09-24,0.5697027444839478,0.5755358609826436,0.5468562797813425,0.5556059835028747,382440000
2015-09-25,0.5738343000411987,0.5850144691680585,0.5682442154777688,0.5767508281088888,369692000
2015-09-28,0.5662998557090759,0.5774800258274705,0.5626541808144017,0.5738343509327961,395584000
2015-09-29,0.5762649774551392,0.5772371538292527,0.5643556575180714,0.5723762140117116,380736000
2015-09-30,0.5991111397743225,0.5998402862456239,0.5782090954555477,0.5816117403569877,556380000
2015-10-01,0.5874450206756592,0.6008125732433626,0.5704316771308282,0.5991112504782716,489296000
2015-10-02,0.6027568578720093,0.6027568578720093,0.5782090817774296,0.5842852829122196,386144000
2015-10-05,0.6178259253501892,0.6253603631210006,0.6034861384777429,0.6066457544986874,482024000
2015-10-06,0.6258465647697449,0.6285200640922918,0.6088332766365955,0.6112637463699025,453216000
2015-10-07,0.6324087381362915,0.6387279701417811,0.6170967751795133,0.6273047697996859,310152000
2015-10-08,0.636054515838623,0.637755838736902,0.6190411709619027,0.6297352833896067,460068000
2015-10-09,0.6336238980293274,0.6387278655299978,0.6217145825808115,0.6326516640746698,423248000
2015-10-12,0.6404291987419128,0.6440749312654779,0.6297351465843766,0.6343529971849554,227588000
2015-10-13,0.6416447162628174,0.6455334218982435,0.6331380423046277,0.6353254826847866,298444000
2015-10-14,0.6649771928787231,0.6754282189170326,0.641644670978008,0.6423737597729625,612148000
2015-10-15,0.6666780114173889,0.6802886437211615,0.6593866074632531,0.6661918946416755,526048000
2015-10-16,0.6771294474601746,0.6834486797099437,0.6671644820097835,0.6688658628013827,448396000
2015-10-19,0.6759141087532043,0.6824764277862497,0.6681366420330418,0.6793168120119173,294712000
2015-10-20,0.6749420166015625,0.678101632768868,0.6678936376170376,0.6729976641664348,264824000
2015-10-21,0.6661922335624695,0.6832055760578037,0.6649770279253496,0.6790737262295079,386280000
2015-10-22,0.6902539730072021,0.6924414129336558,0.6729976570015261,0.6739698332087399,306884000
2015-10-23,0.6948719024658203,0.6994898120169742,0.6858791708825492,0.696330195792181,381776000
2015-10-26,0.6917123198509216,0.6970593763250663,0.6853930870942874,0.6953580533439676,247436000
2015-10-27,0.6912260055541992,0.6956008261841562,0.6878233029009586,0.6883094198362635,208268000
2015-10-28,0.6968163251876831,0.6968163251876831,0.685393065894122,0.6956010614119349,217036000
2015-10-29,0.6727545857429504,0.6926844592336656,0.6715393799413153,0.6856361381008588,327168000
2015-10-30,0.6895246505737305,0.6943856462644367,0.6749418373424582,0.6800458625362676,301160000
2015-11-02,0.6975454688072205,0.6982746155406533,0.6875805600285897,0.6917123528867286,190088000
2015-11-03,0.6926842927932739,0.6973022012132046,0.6849068268694943,0.6934134392778393,376768000
2015-11-04,0.681261420249939,0.6958442410213654,0.6781018032880987,0.6907402711354598,442264000
2015-11-05,0.673483669757843,0.6866082504658871,0.671539317477297,0.6846638402383816,478800000
2015-11-06,0.7668136954307556,0.7762925419345433,0.7247665758486636,0.7400785363751853,1172272000
2015-11-09,0.7634112238883972,0.7655986638740969,0.7527171114785088,0.7592794314356079,492568000
2015-11-10,0.7488282918930054,0.757577992549193,0.7327871836811539,0.7534461427820563,552260000
2015-11-11,0.7415369153022766,0.7546614378611309,0.7388633585240221,0.7493143822515805,619896000
2015-11-12,0.7388632893562317,0.7466408135244108,0.7357036737845934,0.7398354653905158,291080000
2015-11-13,0.724280595779419,0.7427521752988805,0.7206348626092133,0.7395925592003566,292940000
2015-11-16,0.7388632893562317,0.7393494063468503,0.7279261496164144,0.7337593217160253,344280000
2015-11-17,0.7388632893562317,0.7451825204995081,0.7357036737845934,0.7408076993717531,257048000
2015-11-18,0.7570390105247498,0.758014936280648,0.7338618499114784,0.741912859312205,350216000
2015-11-19,0.7592348456382751,0.7667978930517343,0.753623533632484,0.7597228085736906,254072000
2015-11-20,0.765822172164917,0.7702136649245652,0.7602108590833718,0.7648463042739978,239744000
2015-11-23,0.7543556094169617,0.772165416926632,0.7516719581188087,0.772165416926632,242552000
2015-11-24,0.7604547142982483,0.7670418939247595,0.7509398734301784,0.7543554394339996,195428000
2015-11-25,0.7594786882400513,0.768017660290035,0.7567950379006796,0.7589907835421591,138300000
2015-11-27,0.765822172164917,0.768261870975719,0.7570392448126285,0.7609427745433132,86996000
2015-11-30,0.773872971534729,0.7772885954654525,0.7658219618533662,0.7665538771123075,327244000
2015-12-01,0.7990020513534546,0.7997339667268866,0.7799723679782258,0.7807042833516578,409496000
2015-12-02,0.7929027676582336,0.8085168264048898,0.791194984527115,0.800221863148885,294240000
2015-12-03,0.7911950349807739,0.8075410101355605,0.7872915055034359,0.7992460463505947,246656000
2015-12-04,0.823399007320404,0.8248628380152543,0.7911949647016929,0.7911949647016929,458756000
2015-12-07,0.8077850341796875,0.8231551417630381,0.8053453354865685,0.8231551417630381,333588000
2015-12-08,0.8187636733055115,0.8221792399429725,0.7926589023377636,0.7977822522939552,314488000
2015-12-09,0.7980260252952576,0.8233989332790945,0.7897310629930002,0.8185195368463557,372676000
2015-12-10,0.8046132922172546,0.8090047259003138,0.7977821020617233,0.8004657527476485,236596000
2015-12-11,0.7926587462425232,0.8021735870020209,0.7909509632600998,0.7965622751310604,227320000
2015-12-14,0.7946105599403381,0.7990020521855029,0.7850957182428153,0.7933907397613486,275892000
2015-12-15,0.8043692708015442,0.809980582645022,0.7992459218793668,0.803637355503091,307296000
2015-12-16,0.8092488646507263,0.8119325741217055,0.7990021643081086,0.8060772503064848,236356000
2015-12-17,0.7970502972602844,0.8187636326395648,0.7965623924317412,0.8104686688842904,254160000
2015-12-18,0.7841197848320007,0.7994898900695312,0.7831439171370933,0.7914388797943012,395896000
2015-12-21,0.8026614785194397,0.8033933938094052,0.7855835908098969,0.7926587331682343,284216000
2015-12-22,0.8033932447433472,0.811444253272145,0.7985138491602566,0.8051010273807305,130012000
2015-12-23,0.8065652251243591,0.809736839514913,0.8031496582936118,0.8046134892687922,122524000
2015-12-24,0.8092488646507263,0.811200658644803,0.8029056359622434,0.8041255144794174,52448000
2015-12-28,0.8085166215896606,0.8085166215896606,0.789487001401393,0.8007096232775189,142024000
2015-12-29,0.8216913938522339,0.824131092791607,0.8068091896051499,0.809004936100689,203660000
2015-12-30,0.8146160840988159,0.8280344546247459,0.8143721317045078,0.8209593116868192,180344000
2015-12-31,0.8041252493858337,0.8170556549367024,0.8041252493858337,0.8133961369256211,148528000
2016-01-04,0.7897312641143799,0.7948546142234244,0.7816802521333048,0.7877795283110319,358076000
2016-01-05,0.8024176955223083,0.8158360677814156,0.7929028529113235,0.804613441855691,490272000
2016-01-06,0.7692376375198364,0.7929027052605814,0.7602107014414428,0.7892431287197467,449344000
2016-01-07,0.7387413382530212,0.7550873101636593,0.7289824874129915,0.74996390329342,645304000
2016-01-08,0.7228833436965942,0.7489881109027505,0.7214195130151839,0.7482561955620454,398472000
2016-01-11,0.7241030335426331,0.7292264400057904,0.711172628461549,0.7236151288479433,409372000
2016-01-12,0.736301600933075,0.7470363196842386,0.7311782520975155,0.737033516219154,469356000
2016-01-13,0.7138566374778748,0.7467926030816966,0.7131247219607221,0.7419131469116744,481672000
2016-01-14,0.6994620561599731,0.707513064770918,0.6787245956367555,0.6992180456614404,600236000
2016-01-15,0.6614029407501221,0.6794567576853767,0.6499363626630716,0.6714057461490213,841452000
2016-01-19,0.6667702198028564,0.6940948652082243,0.6640865108402054,0.6750651827472366,457140000
2016-01-20,0.6704297661781311,0.6789687400346581,0.6453008657436667,0.6540837920007515,481180000
2016-01-21,0.6782367825508118,0.6887274912943803,0.6638425448057066,0.6777488777799928,481456000
2016-01-22,0.694094717502594,0.6987301609361917,0.689703226407506,0.6911670567725353,257996000
2016-01-25,0.6933629512786865,0.7019019247978372,0.6918991205991751,0.6938509142275231,270728000
2016-01-26,0.7001940608024597,0.7031217220663265,0.6877516167650184,0.6948267593746991,227944000
2016-01-27,0.6918990015983582,0.7014138412117111,0.6787246440826314,0.699218095570094,231700000
2016-01-28,0.6843359470367432,0.6999500023550207,0.6709175791666535,0.6975103043938216,276776000
2016-01-29,0.7145882248878479,0.7160520553691821,0.6875075936511252,0.6901912440889112,310504000
2016-02-01,0.7148323655128479,0.7184918842152288,0.7077572223433768,0.7138564977366797,289884000
2016-02-02,0.6845800280570984,0.7111727582826619,0.6797006312175637,0.7075132397365103,341908000
2016-02-03,0.6879956126213074,0.6940948879174342,0.6721376015519777,0.689947406309548,326772000
2016-02-04,0.6882399320602417,0.7038539977385649,0.6814087383361447,0.6889717895839054,348140000
2016-02-05,0.6448127031326294,0.6911670185726956,0.6428609681984505,0.6836039729940241,600428000
2016-02-08,0.6152924299240112,0.6382255790950586,0.6062654951294196,0.6350539659330643,608852000
2016-02-09,0.6218796968460083,0.6477405105033192,0.6050457610973256,0.607973422329095,425372000
2016-02-10,0.6204158663749695,0.6438369817336057,0.6170003003817716,0.6257832259121346,335800000
2016-02-11,0.6172443628311157,0.6235875911879112,0.6045579061175248,0.6045579061175248,340144000
2016-02-12,0.6277349591255188,0.6289548373571683,0.6038258809215481,0.6270030438199282,340816000
2016-02-16,0.6584752202033997,0.6594511461309728,0.6348101507162538,0.6367618862373998,485352000
2016-02-17,0.6748212575912476,0.6811644853342435,0.6640865376414081,0.6667702467123683,771468000
2016-02-18,0.7328860759735107,0.7558192871617946,0.7294705098923825,0.7302024252193382,1068660000
2016-02-19,0.7426449060440063,0.749232144311252,0.7233712705406216,0.728982582879164,525628000
2016-02-22,0.768993616104126,0.7775325891340602,0.7519157282112525,0.7533795588068978,449668000
2016-02-23,0.7709454298019409,0.7782645248047668,0.7592348428972218,0.7628944194821329,369380000
2016-02-24,0.7763126492500305,0.7775325273718339,0.7465483094485138,0.7677737350653682,336852000
2016-02-25,0.7780205011367798,0.7819240300392049,0.7641142266825743,0.7792403793668482,349616000
2016-02-26,0.7728970646858215,0.7836317243271704,0.7650900077646647,0.7816799891803757,361964000
2016-02-29,0.767877459526062,0.7840381425417745,0.7673877772400759,0.7739989551321568,323344000
2016-03-01,0.8019129633903503,0.8019129633903503,0.7686121129272866,0.7698364355141101,348700000
2016-03-02,0.8065652847290039,0.8095036124065412,0.796036355056385,0.7975055188951538,233812000
2016-03-03,0.7994645833969116,0.8090140335013314,0.7886907520100377,0.8055860227777485,302004000
2016-03-04,0.7970157265663147,0.8063203322965142,0.7908942308757,0.805585750478484,175304000
2016-03-07,0.7918738722801208,0.7979953696593631,0.7815897823697211,0.792608454300787,239968000
2016-03-08,0.7774271368980408,0.7884458080787672,0.7749785497888706,0.7837934750576675,274940000
2016-03-09,0.7769371271133423,0.7855071491946919,0.7668978833308936,0.784282885345455,222788000
2016-03-10,0.7757129073143005,0.7859969935487804,0.760041966025635,0.781589503000187,286084000
2016-03-11,0.7889355421066284,0.7891804416988185,0.7779169285836895,0.7872215368559252,277400000
2016-03-14,0.7908941507339478,0.7940773188298897,0.7815894875676856,0.7852623962856584,190312000
2016-03-15,0.7869765758514404,0.7918737496448525,0.7730196363781079,0.7867317346754448,226216000
2016-03-16,0.8104829788208008,0.8131764651297998,0.7774270282761129,0.7810999376161508,363644000
2016-03-17,0.8036268949508667,0.8114623369514165,0.7926082261909349,0.807544645140596,353680000
2016-03-18,0.8278680443763733,0.8386418152388178,0.8080344492930294,0.8131765227333351,545512000
2016-03-21,0.8303164839744568,0.8305613251113843,0.8117072148531016,0.8205221379504707,337780000
2016-03-22,0.8288474678993225,0.8347240648837501,0.8185633793923861,0.8276232036179041,242012000
2016-03-23,0.8430492877960205,0.8491707258201355,0.828847448833181,0.832520358350783,429008000
2016-03-24,0.8442734479904175,0.8457426116163801,0.8327650968852252,0.8354585246135506,244956000
2016-03-28,0.852843701839447,0.8565165532645286,0.8418250308063604,0.8428044539611208,265388000
2016-03-29,0.86655592918396,0.8685147757829172,0.8472120709088072,0.8491709175077644,261812000
2016-03-30,0.8756154775619507,0.8876135705175957,0.8692491401414487,0.869738880857993,376700000
2016-03-31,0.872432291507721,0.8814920567418213,0.8655762718858874,0.8795332106724156,379884000
2016-04-01,0.8851650357246399,0.8856547764699723,0.8604342664742621,0.8670454454521985,348292000
2016-04-04,0.8765950798988342,0.8971632601376974,0.873167069318666,0.8925109267052252,393940000
2016-04-05,0.8753705620765686,0.8834509037506045,0.8653313160815758,0.8687593840485227,339568000
2016-04-06,0.8765950798988342,0.8770848207155412,0.8479466140262572,0.8643521432704283,453376000
2016-04-07,0.8675350546836853,0.878798564708575,0.8638622039766919,0.8709630642445885,378104000
2016-04-08,0.8731667995452881,0.8802677181095436,0.8645967173637509,0.8746359631625698,255936000
2016-04-11,0.8785538673400879,0.8930005481440269,0.8756155395905006,0.8783089677750097,387524000
2016-04-12,0.8775742053985596,0.8827162191821004,0.8604340426956176,0.8814918968266461,292764000
2016-04-13,0.8996115922927856,0.8998564334422277,0.8814920045191393,0.8814920045191393,350716000
2016-04-14,0.9020603895187378,0.9059781407189988,0.893490305119484,0.8971632151131425,416564000
2016-04-15,0.9091612100601196,0.917241552779716,0.8988771215863831,0.9018154492585699,436972000
2016-04-18,0.9052432775497437,0.9074470228614506,0.8964283546818214,0.9074470228614506,307320000
2016-04-19,0.8890827298164368,0.9103854292479577,0.8834509743096203,0.9086714243170458,309152000
2016-04-20,0.8925106525421143,0.8978975663554212,0.8866340564414487,0.8876134793950748,200172000
2016-04-21,0.8915311098098755,0.8969180228994421,0.887613360142818,0.8927553737426991,178280000
2016-04-22,0.888103187084198,0.9005909606317786,0.8851648599535171,0.8944695236147355,223540000
2016-04-25,0.8925106525421143,0.8974078256891537,0.8858994746315019,0.8883480612050216,191972000
2016-04-26,0.893245279788971,0.9081816995124516,0.8893275293962725,0.8978976120289822,214536000
2016-04-27,0.9135686755180359,0.9140584162737033,0.8893276465014268,0.8910416515778836,352396000
2016-04-28,0.8863891959190369,0.9133237077917522,0.8841855087711454,0.9079367937414269,381224000
2016-04-29,0.8699835538864136,0.884675071996358,0.8604340496012787,0.8827162262665935,321904000
2016-05-02,0.881492018699646,0.8868789327264015,0.8741462586880219,0.8783088501900511,256076000
2016-05-03,0.8709631562232971,0.8751257480409743,0.8633725544826992,0.8714528969461067,224024000
2016-05-04,0.8511295318603516,0.8611687194151694,0.8423146084171145,0.8604341375966571,525764000
2016-05-05,0.8562717437744141,0.8663109920244478,0.8499054054643738,0.858230648535385,246884000
2016-05-06,0.8650864958763123,0.8672902413986476,0.8530884036488122,0.8548024084843249,183240000
2016-05-09,0.8638623356819153,0.8709631970324154,0.8567614159524967,0.8672903457654558,333336000
2016-05-10,0.8805128931999207,0.8819820573744039,0.8609241932172933,0.8692493790341237,269676000
2016-05-11,0.8829612731933594,0.8927556208829073,0.878308940527149,0.8832061727508401,328176000
2016-05-12,0.8709631562232971,0.8932453374801123,0.8552922120192917,0.8893275868343821,670540000
2016-05-13,1.003431797027588,1.0039214793394002,0.9549497454234581,0.9596020192802344,2110256000
2016-05-16,1.0330594778060913,1.0479959529923957,0.9926577759861712,0.9958409439100983,973032000
2016-05-17,1.0352632999420166,1.0426090003554993,1.0151848108457042,1.0284071649962157,628392000
2016-05-18,1.0617085695266724,1.0737067244564251,1.0284077086749912,1.0284077086749912,541072000
2016-05-19,1.0663604736328125,1.0739511328705076,1.0560764450587616,1.0575454919197824,398880000
2016-05-20,1.0854594707489014,1.0898669615519359,1.0712576337776678,1.0729716385192118,391084000
2016-05-23,1.087173581123352,1.0942744419200008,1.0805624026553473,1.0901119086108713,413636000
2016-05-24,1.1135642528533936,1.1170012818074844,1.0875418196107773,1.0904877775365514,415788000
2016-05-25,1.1089001893997192,1.1216658146627585,1.10006231376255,1.1170015168699294,458076000
2016-05-26,1.1206833124160767,1.1287846355915496,1.1076720999542866,1.1108635338434425,309964000
2016-05-27,1.1268210411071777,1.1285394970195275,1.1182286444843994,1.1219111503488886,277416000
2016-05-31,1.1469517946243286,1.1494067990402634,1.130994617103913,1.1317311652531148,412524000
2016-06-01,1.1491609811782837,1.1602081465903227,1.1381136987052258,1.1415506102193294,387132000
2016-06-02,1.1572624444961548,1.1670822263000744,1.1440056337059337,1.1552983944865445,329208000
2016-06-03,1.1410595178604126,1.1474423868558452,1.1209290030662122,1.1459695251439914,461076000
2016-06-06,1.1351679563522339,1.1528435882485355,1.1292760400331197,1.1440057137698643,322512000
2016-06-07,1.137377142906189,1.1484244253028224,1.136886188996433,1.142041556231924,193400000
2016-06-08,1.1336947679519653,1.1417960928644333,1.1243659411894822,1.13762263339879,234616000
2016-06-09,1.1631546020507812,1.1648730585433758,1.1273123757068748,1.1297673804454778,472168000
2016-06-10,1.134185791015625,1.1597172691596254,1.1327128121180075,1.1494065339373298,400024000
2016-06-13,1.148669958114624,1.171010000949109,1.1354132654184315,1.1354132654184315,475588000
2016-06-14,1.1508795022964478,1.1562803468309055,1.1332038727479192,1.1459696117030245,298344000
2016-06-15,1.1626628637313843,1.1727281188364633,1.1476877195218043,1.1604534546057053,301036000
2016-06-16,1.167327642440796,1.1692915752870061,1.1427781892106006,1.1540709494025931,246456000
2016-06-17,1.1469517946243286,1.1690463661235277,1.1422873798828954,1.168800889094145,471000000
2016-06-20,1.1675732135772705,1.1825483636962628,1.1646272555398538,1.1653638035797262,293768000
2016-06-21,1.1604536771774292,1.1756743012023585,1.1587351044532959,1.172482866819275,212508000
2016-06-22,1.1594716310501099,1.1705189127164393,1.1575076984798982,1.1629085423132326,202620000
2016-06-23,1.1904045343399048,1.1916320366972533,1.169782939568509,1.1705194878073453,297880000
2016-06-24,1.1226474046707153,1.16266307243909,1.1120911938785556,1.1415505337937595,1017684000
2016-06-27,1.1106183528900146,1.1219111129638788,1.094170108189866,1.1133187166274214,449088000
2016-06-28,1.1268210411071777,1.1329583167592674,1.1113548208350001,1.1317309318654671,381920000
2016-06-29,1.145233154296875,1.1540710283005617,1.133694916342924,1.1366408743441527,318932000
2016-06-30,1.1540710926055908,1.161190393954387,1.1378684397570518,1.1471971511993613,430940000
2016-07-01,1.1454784870147705,1.1626631618168546,1.1415506215485332,1.1476880137679217,218488000
2016-07-05,1.1624176502227783,1.1643815828973803,1.130012351378288,1.1390955838962034,371084000
2016-07-06,1.1697826385498047,1.1766565797454525,1.1484246180966733,1.1543165342469321,273104000
2016-07-07,1.200223684310913,1.2043971432942417,1.1722373243187867,1.1776381679492656,395400000
2016-07-08,1.2483412027359009,1.2542331197803116,1.2083255197748979,1.2129899345915471,481932000
2016-07-11,1.2770637273788452,1.2863924370630802,1.2647889430234034,1.2662619218284972,448776000
2016-07-12,1.2962125539779663,1.3079962693503633,1.2750998932217397,1.2913026628177142,436760000
2016-07-13,1.2957212924957275,1.3060321443596672,1.2937573597324605,1.298667250171139,324604000
2016-07-14,1.3089781999588013,1.3207620325958067,1.2917936391315699,1.3025954466951446,316892000
2016-07-15,1.2937572002410889,1.29964911486557,1.2726446622513745,1.2922842215849686,428616000
2016-07-18,1.300385594367981,1.3116783531138592,1.2954757043506866,1.3097144205191438,252992000
2016-07-19,1.3138878345489502,1.3190432013307518,1.2971941154151543,1.2996491188699213,382652000
2016-07-20,1.331072449684143,1.3381918663707781,1.3129058681427865,1.3183067120980512,296460000
2016-07-21,1.3065234422683716,1.3323004031232788,1.302104504591831,1.3281269424741484,361308000
2016-07-22,1.3421192169189453,1.3421192169189453,1.301612610135554,1.3111869096535347,315768000
2016-07-25,1.3669146299362183,1.3701060642651677,1.344329112694578,1.3502210274744877,312528000
2016-07-26,1.390236735343933,1.3973560350251277,1.376980043765977,1.3789439763958566,514508000
2016-07-27,1.3762439489364624,1.404721391158256,1.3678971447158823,1.4022663867669398,446676000
2016-07-28,1.379189372062683,1.389500105557674,1.3750159130417543,1.379434848994325,221916000
2016-07-29,1.4017746448516846,1.4054570323079363,1.3595495763663072,1.3843444980652475,409588000
2016-08-01,1.392691969871521,1.4128226062758154,1.3836087352907305,1.4076672379362787,301120000
2016-08-02,1.375752568244934,1.400056542288952,1.3624958764138364,1.3993199943755485,282748000
2016-08-03,1.3794349431991577,1.3821354237536518,1.366423728445529,1.3740340991511846,299828000
2016-08-04,1.4049668312072754,1.411349701983441,1.3833633316131269,1.3860636958992396,272712000
2016-08-05,1.4287793636322021,1.4295157944387173,1.4142951708883247,1.4211689933265015,371588000
2016-08-08,1.442036509513855,1.4518562923976643,1.4268157641012185,1.4484193800944356,305064000
2016-08-09,1.4457182884216309,1.4597115258003321,1.4420359006602343,1.4491551992737337,372344000
2016-08-10,1.4363900423049927,1.4606940220334457,1.4317256279658703,1.458484611898511,375740000
2016-08-11,1.4656037092208862,1.4717411018153685,1.4410542559039838,1.4440002137142174,681064000
2016-08-12,1.5475990772247314,1.5559458801240706,1.488434908904133,1.519612710547881,1425744000
2016-08-15,1.546126365661621,1.5588921077372415,1.5252592962734763,1.5493178011805262,573304000
2016-08-16,1.5367969274520874,1.5463711124263895,1.532132514891736,1.5439162262194142,287652000
2016-08-17,1.501200556755066,1.5402343250342556,1.4891713647120202,1.5367974130219568,595212000
2016-08-18,1.5245225429534912,1.5269774298009002,1.4930991484672442,1.4989910641986728,331684000
2016-08-19,1.5284498929977417,1.5399881265276523,1.5171571363636394,1.523785480794418,291560000
2016-08-22,1.5348336696624756,1.5370431971555003,1.5149486245916086,1.5331152133129338,244748000
2016-08-23,1.5472533702850342,1.5573371754241896,1.542826290976357,1.5504506857951792,339764000
2016-08-24,1.523396611213684,1.5534022174122943,1.5162641916126598,1.5526644294301506,298448000
2016-08-25,1.5133124589920044,1.5246260264009939,1.494374615071122,1.5238882385876036,406032000
2016-08-26,1.5256099700927734,1.534218081582789,1.5051963145287666,1.5172477878915118,300024000
2016-08-29,1.5246264934539795,1.5379076163772545,1.5221670827125493,1.5317590308853037,274652000
2016-08-30,1.5157724618911743,1.5307752076282588,1.5115913111398138,1.5226589527505898,285544000
2016-08-31,1.5086396932601929,1.5229046487667683,1.5042127311155615,1.5187236159327575,388544000
2016-09-01,1.5531561374664307,1.5588128632778604,1.5086396497786685,1.5098694135730593,428492000
2016-09-02,1.5379074811935425,1.5580752104289086,1.5204453263617532,1.5563535878782147,323148000
2016-09-06,1.5524184703826904,1.5524184703826904,1.5354481730688365,1.543318498372634,306812000
2016-09-07,1.5295453071594238,1.5551238335288258,1.5206912650267221,1.5474994380279292,397988000
2016-09-08,1.540612816810608,1.543072344418608,1.5106073305640846,1.5280694840186153,315808000
2016-09-09,1.4638774394989014,1.5322507156807317,1.4510881767200356,1.5236426031475478,697760000
2016-09-12,1.4941291809082031,1.497080567924852,1.4097693079455984,1.444447929476078,598260000
2016-09-13,1.4724855422973633,1.5076560147067293,1.4641233591380196,1.490439672477443,471768000
2016-09-14,1.4855207204818726,1.4904396586049224,1.4636314868811584,1.4759287735504152,319048000
2016-09-15,1.5418425798416138,1.5435642022556584,1.4845368297372887,1.487980191842109,515212000
2016-09-16,1.5455321073532104,1.5556159148377595,1.5278239032764804,1.5472537301608955,902444000
2016-09-19,1.5659456253051758,1.6050512048481307,1.554632054773939,1.5617644747119317,417128000
2016-09-20,1.551680564880371,1.5838996516799926,1.543072452204543,1.5838996516799926,331112000
2016-09-21,1.5952136516571045,1.5981650388781043,1.5561080641707856,1.5563539935597406,336212000
2016-09-22,1.5991483926773071,1.6094782456010852,1.590048420972085,1.604559307110582,308732000
2016-09-23,1.5974265336990356,1.6057887161678688,1.5902941149900467,1.6011158249785689,276132000
2016-09-26,1.5824240446090698,1.5888186764525691,1.5625023610705129,1.5792267286873203,230040000
2016-09-27,1.6365324258804321,1.6389919538801092,1.5755376091754922,1.5762753972093455,402752000
2016-09-28,1.6424353122711182,1.6436650763555745,1.6215297919423943,1.6389920666560471,319788000
2016-09-29,1.6576836109161377,1.6628485954400374,1.624480809129532,1.6397294815654673,336684000
2016-09-30,1.6852303743362427,1.7017088161524112,1.656946383644324,1.6667842628562684,429932000
2016-10-03,1.6835081577301025,1.7095786592698263,1.680556888622967,1.685229897517977,242596000
2016-10-04,1.679819107055664,1.7142516770900333,1.6672757726391398,1.685967809595274,281624000
2016-10-05,1.6780976057052612,1.7113005314529062,1.6729327374183178,1.6940841865530063,305440000
2016-10-06,1.6562081575393677,1.6682595153404804,1.6296457968693852,1.6579297800823838,360212000
2016-10-07,1.644156813621521,1.6717028937839635,1.6394838042671982,1.667275813773013,286260000
2016-10-10,1.6503053903579712,1.661618960226869,1.6348106701406098,1.6527648008807365,287876000
2016-10-11,1.6264487504959106,1.64735427107518,1.613905414692997,1.6448948601535505,388540000
2016-10-12,1.6338269710540771,1.6424350838948192,1.6062808926869612,1.6198079439048045,419920000
2016-10-13,1.607264518737793,1.6183321587770492,1.5666832501116765,1.6146429845228756,390116000
2016-10-14,1.6230055093765259,1.6380082561430078,1.613413560474162,1.6269406137728373,330636000
2016-10-17,1.6136595010757446,1.6380082675489638,1.6114460194970013,1.6227595913111261,195328000
2016-10-18,1.638254165649414,1.647600185073312,1.6294001222266614,1.6360406841129156,269372000
2016-10-19,1.6348108053207397,1.6424352013975694,1.6188242251322662,1.6271865265206602,199060000
2016-10-20,1.665799856185913,1.671210769988755,1.630629502851094,1.65399442863952,312084000
2016-10-21,1.6611270904541016,1.664078359606309,1.6453864410175432,1.6598973265625836,279508000
2016-10-24,1.739092230796814,1.7410597825618044,1.672194532573263,1.672440579161029,339836000
2016-10-25,1.7676221132278442,1.7781978950697401,1.727778748200875,1.7361409315790015,397460000
2016-10-26,1.774754524230957,1.7941843467209233,1.7511435517098315,1.7528651741281367,333792000
2016-10-27,1.7383543252944946,1.7917248559116958,1.7312219061688288,1.7882816110043582,388664000
2016-10-28,1.7354034185409546,1.7732792377047533,1.732206102277187,1.7467169901453048,290856000
2016-10-31,1.7501600980758667,1.7617195981330889,1.740076174076514,1.7410600087251762,252388000
2016-11-01,1.6982654333114624,1.7661468647701275,1.6795733939488902,1.7565549157198752,473224000
2016-11-02,1.6911327838897705,1.7344195164505525,1.688181397102961,1.7113005154151335,295848000
2016-11-03,1.6714569330215454,1.7004787059754374,1.6389919147716656,1.6990030126661932,309664000
2016-11-04,1.6618646383285522,1.690394546650923,1.6375158797225837,1.6603889453272762,328780000
2016-11-07,1.7528655529022217,1.7639331949981916,1.7093328898723437,1.7105626539445087,487580000
2016-11-08,1.7501600980758667,1.7651628434882827,1.7339275886718102,1.7595059994927862,429884000
2016-11-09,1.7206463813781738,1.7437654992089753,1.690149031287481,1.7026922489551242,456532000
2016-11-10,1.6667838096618652,1.7585221315104342,1.6419431889973246,1.7582762021885188,869280000
2016-11-11,2.163597345352173,2.1832731011677717,1.9306853571953482,1.9555260985977838,2175344000
2016-11-14,2.0571022033691406,2.169008146665408,2.0566103446825448,2.16654861867893,1348796000
2016-11-15,2.1198182106018066,2.1508074108116295,2.064233971451613,2.0730881291773215,626092000
2016-11-16,2.253614664077759,2.2764876249598216,2.123754546904011,2.1481033188740883,987984000
2016-11-17,2.272305488586426,2.331332740264845,2.229510508293796,2.2703378197090993,832988000
2016-11-18,2.2961630821228027,2.3200197550995387,2.2577952865826107,2.272306174592548,576060000
2016-11-21,2.2868168354034424,2.3205116178358436,2.272551760898735,2.3141169858811286,436436000
2016-11-22,2.303295373916626,2.3055088554647996,2.2720601164949112,2.2946872598106633,330368000
2016-11-23,2.3146257400512695,2.3461539381866126,2.2850679221655166,2.3084677145096615,443236000
2016-11-25,2.319305181503296,2.342458788138184,2.3008313442755077,2.325709385566431,195564000
2016-11-28,2.3180735111236572,2.3335913084476365,2.305511283371738,2.3121619021703532,278736000
2016-11-29,2.2968909740448,2.326202612689697,2.2791563767681806,2.315364581388471,444568000
2016-11-30,2.2710278034210205,2.319305640929081,2.2685645933154372,2.305511805280603,440500000
2016-12-01,2.1587071418762207,2.2702879828514533,2.088014728398621,2.268563783374062,1035524000
2016-12-02,2.1786599159240723,2.1872809178820334,2.0966368374588673,2.1244704587394354,478292000
2016-12-05,2.2631454467773438,2.281126456676647,2.192206597203353,2.216591812062873,602284000
2016-12-06,2.3003392219543457,2.3087140424131896,2.2555097843018665,2.2712740002272716,498796000
2016-12-07,2.3417203426361084,2.3473855381983637,2.268564690674156,2.2867921173712236,480804000
2016-12-08,2.302556037902832,2.379899098192397,2.291964657103459,2.34467608574246,381544000
2016-12-09,2.2616682052612305,2.3220154544218645,2.234327178856878,2.3202912540145517,382312000
2016-12-12,2.2067394256591797,2.2156068414602625,2.156244790946493,2.213143631253631,601332000
2016-12-13,2.245657205581665,2.273244642507379,2.2180700035606002,2.219055193660024,387796000
2016-12-14,2.3757123947143555,2.3919692090594955,2.2555102526848474,2.279402879056446,983980000
2016-12-15,2.431379556655884,2.461676388702711,2.3794068945867966,2.386796291335756,746548000
2016-12-16,2.473252296447754,2.4803952755805496,2.407239640142861,2.4589658683729585,1089528000
2016-12-19,2.503303050994873,2.5235008561864807,2.4385219905001145,2.4557642255799466,744656000
2016-12-20,2.59049916267395,2.614145372016952,2.564635923004222,2.57596655002368,848056000
2016-12-21,2.606755495071411,2.6097113000574512,2.5545366651590933,2.6020754900855674,576136000
2016-12-22,2.63828444480896,2.681635868304717,2.6239980120774633,2.6311412284432114,718612000
2016-12-23,2.704050064086914,2.7055280841001093,2.6175934102635607,2.620302800414895,647692000
2016-12-27,2.8897714614868164,2.89075665136973,2.7395189638263964,2.7602095956997665,1194272000
2016-12-28,2.690995454788208,2.954060229561132,2.677201854252198,2.945931824258892,2295764000
2016-12-29,2.744691848754883,2.7461698686376934,2.5321217231393662,2.5838479558499152,2175368000
2016-12-30,2.6291704177856445,2.7567619381462167,2.6183326214429705,2.7427219214653475,1212932000
2017-01-03,2.512662649154663,2.620056097463467,2.4478815992796497,2.5715318550613673,1501996000
2017-01-04,2.571286201477051,2.598627222815942,2.5008399430367447,2.546900985275173,1199220000
2017-01-05,2.506011962890625,2.60650860955943,2.4890161460153077,2.574734005326559,984296000
2017-01-06,2.5395116806030273,2.567837893031262,2.4927116266823632,2.5333536551373332,822856000
2017-01-09,2.6424713134765625,2.66020614482518,2.5493642710625997,2.5493642710625997,916248000
2017-01-10,2.6225199699401855,2.6895175965180393,2.601829332987309,2.6555261881667245,880920000
2017-01-11,2.590252637863159,2.6158694614424083,2.565374824361491,2.6109432757027573,525664000
2017-01-12,2.5478861331939697,2.5789219691667533,2.5030566967464556,2.5673451637819418,625616000
2017-01-13,2.547640085220337,2.586311498529057,2.5385262545158813,2.5518272606496613,457820000
2017-01-17,2.4904944896698,2.541974307012554,2.4771934853559046,2.5370481222207433,580612000
2017-01-18,2.5358169078826904,2.542713708596296,2.441231843245926,2.4690654610849725,654424000
2017-01-19,2.590252637863159,2.6222736673372204,2.5365560152871685,2.5387728106152445,644872000
2017-01-20,2.5619258880615234,2.6306479382870926,2.540003884550362,2.6129131095622804,492024000
2017-01-23,2.5885276794433594,2.6084793013615815,2.5542898646694177,2.556753074270106,369904000
2017-01-24,2.643702507019043,2.6498605314889687,2.5838478716181257,2.5986268954413334,428052000
2017-01-25,2.6550345420837402,2.692228183991548,2.6190725057244384,2.68607015624902,522760000
2017-01-26,2.7008488178253174,2.7082382151990325,2.628185744753783,2.65774356915335,458800000
2017-01-27,2.7530672550201416,2.7560230605110188,2.6811432028530313,2.707745217366254,471996000
2017-01-30,2.709961414337158,2.7343466280735815,2.6579890019839914,2.7321298331711104,496004000
2017-01-31,2.6892707347869873,2.7107001414493848,2.665131703611285,2.6836055406485064,362756000
2017-02-01,2.8067638874053955,2.8109510628500782,2.706020798563311,2.72375539517185,590004000
2017-02-02,2.842233419418335,2.8508546561259522,2.7602105773327748,2.790753588706701,483240000
2017-02-03,2.817354917526245,2.854794956121374,2.805531932894592,2.8437107465322704,372744000
2017-02-06,2.889525890350342,2.890018485435644,2.807995413663829,2.807995413663829,506768000
2017-02-07,2.9343550205230713,2.978445447193825,2.904058194396321,2.923763405146223,746224000
2017-02-08,2.921546459197998,2.9387884589877515,2.8666180050176506,2.9163738592610717,449580000
2017-02-09,2.8666186332702637,2.932631311755645,2.8474062492394245,2.927704890790531,842568000
2017-02-10,2.7986361980438232,2.9730273431338365,2.7735119644215107,2.9540611365734555,1651092000
2017-02-13,2.6695663928985596,2.807502886096421,2.665132567214877,2.79297027365951,1180724000
2017-02-14,2.6794190406799316,2.713164271851604,2.618086369502465,2.659960007163528,850632000
2017-02-15,2.6848373413085938,2.704542551398942,2.654294336139944,2.6823743662257757,373020000
2017-02-16,2.6417324542999268,2.6956754868525894,2.6025682124962612,2.6944438818060656,647176000
2017-02-17,2.6412405967712402,2.6456744235520366,2.581139751763546,2.6281860013001963,563740000
2017-02-21,2.7358248233795166,2.73976581844825,2.665624747602221,2.6658711625647946,551952000
2017-02-22,2.7316324710845947,2.7572816243531006,2.7126420969139935,2.747909800258752,433772000
2017-02-23,2.478347063064575,2.6238565840575134,2.4583704916747746,2.6019069105250017,1592888000
2017-02-24,2.5022706985473633,2.5155884957837427,2.360213881091059,2.3940017086874787,1029904000
2017-02-27,2.575024366378784,2.590068533853045,2.504735931116555,2.5205200412275595,715400000
2017-02-28,2.5027623176574707,2.5945074242274737,2.485498561002302,2.584642151623327,625360000
2017-03-01,2.53507137298584,2.574038319828025,2.4936381071179294,2.559733857639716,504804000
2017-03-02,2.4415998458862305,2.53630452033027,2.438887036091624,2.5222467841924296,754332000
2017-03-03,2.427541971206665,2.435927125281352,2.3730374113162935,2.4309947232140816,864692000
2017-03-06,2.408798933029175,2.419403917668189,2.3471423628411094,2.3912884426348446,883568000
2017-03-07,2.435187578201294,2.4546711692945355,2.395974140433138,2.4087987171726786,603400000
2017-03-08,2.430748224258423,2.498323855858337,2.4285286313608268,2.4835261778725077,638712000
2017-03-09,2.4302549362182617,2.4526978257037215,2.4021394664706945,2.4147175511898666,478060000
2017-03-10,2.444559097290039,2.4684818714994177,2.4263089031929557,2.4566439649718474,499740000
2017-03-13,2.5118885040283203,2.5217535447942168,2.45417790970732,2.454917852445072,774136000
2017-03-14,2.510162353515625,2.53408489724343,2.4778541833410506,2.524713307593988,522016000
2017-03-15,2.5291523933410645,2.5400038681671386,2.4741546060335793,2.5217536711960653,615036000
2017-03-16,2.560227155685425,2.5607206076671383,2.52569962903361,2.5397573656851926,523100000
2017-03-17,2.615964651107788,2.6171978105493037,2.560226926276412,2.57773741402415,1119688000
2017-03-20,2.699324131011963,2.7032703352634875,2.617444273611171,2.6334751109800716,748568000
2017-03-21,2.61201810836792,2.7119018933784242,2.604126171206138,2.682060050283338,913484000
2017-03-22,2.6652894020080566,2.6699753130128867,2.5969738387485597,2.600919807173397,616764000
2017-03-23,2.6411209106445312,2.6773750532626748,2.6315025942444406,2.657398242399426,533940000
2017-03-24,2.650491714477539,2.6953777225107487,2.624596076305153,2.6874857856966137,439500000
2017-03-27,2.6697282791137695,2.6736742470834116,2.554553854293232,2.6038790419163758,506644000
2017-03-28,2.6559178829193115,2.6855130022826774,2.6455596264222985,2.6709620509556067,432444000
2017-03-29,2.6472861766815186,2.675648138537329,2.645066583743422,2.6633167791909846,349992000
2017-03-30,2.6980907917022705,2.71288846865615,2.6487655938578323,2.6544379386896964,525532000
2017-03-31,2.6864991188049316,2.71017539966368,2.6734280543484816,2.688472220610185,440808000
2017-04-03,2.672935724258423,2.704257226398714,2.6492594355467087,2.686993461880715,445232000
2017-04-04,2.4854989051818848,2.575270922622034,2.474647433096127,2.550114991440288,1271280000
2017-04-05,2.4670021533966064,2.5247127399317955,2.4539308526646697,2.466755427450267,747048000
2017-04-06,2.4850058555603027,2.4970904877046434,2.427048543094755,2.4721812807782415,635120000
2017-04-07,2.4744009971618652,2.508928754501071,2.4593568289158205,2.491418267473418,429068000
2017-04-10,2.4112648963928223,2.481799829169275,2.407072201317018,2.4751410504028053,756332000
2017-04-11,2.4198966026306152,2.439133465235868,2.3762437492418993,2.381176151468296,618148000
2017-04-12,2.3999199867248535,2.4342010198669835,2.394740858138009,2.4198967935606213,414092000
2017-04-13,2.355034351348877,2.3974540555887405,2.355034351348877,2.3757511042481667,506892000
2017-04-17,2.4472715854644775,2.4475180761604656,2.3626787069336026,2.3678578339618954,497292000
2017-04-18,2.4487524032592773,2.454918201615646,2.407072641255321,2.432968288748595,370116000
2017-04-19,2.4583704471588135,2.490431651189236,2.451711433348718,2.4662623851845247,380828000
2017-04-20,2.4973371028900146,2.5020230140525976,2.451711150538663,2.4729211137379505,404016000
2017-04-21,2.5076961517333984,2.510408961874657,2.4751414892336743,2.4869793986510196,341896000
2017-04-24,2.5390169620513916,2.552088027568126,2.5183004498206008,2.539263452796372,371820000
2017-04-25,2.583163261413574,2.59771421350183,2.532111683721202,2.553568140502038,388440000
2017-04-26,2.565406084060669,2.599193662201051,2.5634329820724218,2.596727578717111,327004000
2017-04-27,2.6053597927093506,2.6137449480312336,2.554801429194126,2.5728051345395255,319700000
2017-04-28,2.5723118782043457,2.6053597526257053,2.566639297549054,2.5984542476899994,348248000
2017-05-01,2.6300222873687744,2.6352016513715513,2.576011171122024,2.583163402172405,307732000
2017-05-02,2.5520877838134766,2.6043727464898576,2.5293981717845075,2.60313958727946,629972000
2017-05-03,2.571077823638916,2.580696134964852,2.530384515719496,2.5451819539441725,336904000
2017-05-04,2.5612130165100098,2.5883418124930726,2.5533208449069504,2.577243615227033,209788000
2017-05-05,2.561460256576538,2.568612487733962,2.534084726671744,2.5496223485103635,228428000
2017-05-08,2.534578800201416,2.574778681569238,2.523233870921257,2.5732990308985326,365240000
2017-05-09,2.5387704372406006,2.5878491475056147,2.5318649326165783,2.5402503226320974,847672000
2017-05-10,2.9913299083709717,3.0044012114819765,2.8120327898867115,2.818691569236701,2129096000
2017-05-11,3.1198220252990723,3.21674629196327,2.9572954609433983,2.960748213453476,1939792000
2017-05-12,3.1541025638580322,3.196275765289483,3.1020645584064495,3.1230277961516784,962620000
2017-05-15,3.3124372959136963,3.3149036150052007,3.1908505400759117,3.1952899614808468,1087540000
2017-05-16,3.374094247817993,3.3896318717102716,3.289008346241831,3.363489262672765,1120700000
2017-05-17,3.1499109268188477,3.326002028730319,3.145718231134995,3.3072583787562593,1271368000
2017-05-18,3.281855583190918,3.290734190378504,3.133386520780959,3.19380992444988,1156032000
2017-05-19,3.3576488494873047,3.412457322387612,3.338391729379551,3.3830780238628044,1018372000
2017-05-22,3.429246425628662,3.4435657167340294,3.3904851921445487,3.4013483299681746,836608000
2017-05-23,3.383078098297119,3.4512186243048313,3.350489161312943,3.4489966941375068,681248000
2017-05-24,3.4210994243621826,3.4828209250065685,3.4090018275275833,3.4801050226401857,815996000
2017-05-25,3.4134457111358643,3.457144542163719,3.3685124219183793,3.456403820160175,608228000
2017-05-26,3.5018310546875,3.586759805435757,3.3850540812708565,3.4052986788023567,779140000
2017-05-30,3.5766382217407227,3.611695853389841,3.531704922335433,3.5477524115414543,989652000
2017-05-31,3.5637991428375244,3.6292237753438146,3.5070152463116435,3.6215702762354143,887316000
2017-06-01,3.5640459060668945,3.580587362468878,3.5186188828616296,3.579599654695676,503340000
2017-06-02,3.5462701320648193,3.587253057815765,3.5403448273794567,3.561083158329419,487456000
2017-06-05,3.6541597843170166,3.6669978682750024,3.518372665732972,3.5299762913739765,817376000
2017-06-06,3.637617588043213,3.695635700732361,3.624285771413553,3.6494679609091403,758728000
2017-06-07,3.6815638542175293,3.7003272424263813,3.646506229686417,3.662059979436414,612612000
2017-06-08,3.9486947059631348,3.95017591456643,3.7474824884635614,3.788712404365673,1161744000
2017-06-09,3.6934149265289307,4.1600295964068135,3.52429789657976,4.06720058704984,3692928000
2017-06-12,3.7025492191314697,3.7452605793308584,3.5084969995049335,3.6015729842379103,1697532000
2017-06-13,3.737853765487671,3.821054313120356,3.5958941407734337,3.8119193700095857,1672504000
2017-06-14,3.745753765106201,3.803525130555924,3.666256597183009,3.7408161683436125,1184640000
2017-06-15,3.7618017196655273,3.792168494959733,3.616879443119767,3.6282363166471137,963824000
2017-06-16,3.743285655975342,3.819326687371752,3.7092155010773826,3.771430740570632,924960000
2017-06-19,3.8840107917785645,3.8891953753798867,3.7837750379219757,3.787478177380722,778176000
2017-06-20,3.8783318996429443,3.9931339218698336,3.874135024317476,3.9262278416461984,1095444000
2017-06-21,3.9370908737182617,3.940794248426086,3.8440148888575543,3.905983373788341,682652000
2017-06-22,3.90993332862854,3.9585699921218,3.8859853578814496,3.9452379379336686,469132000
2017-06-23,3.7978475093841553,3.933387873466174,3.782787259642738,3.9175871371160897,1088588000
2017-06-26,3.7563695907592773,3.866233758013363,3.6620591698165157,3.830682169695494,1063960000
2017-06-27,3.6188547611236572,3.7474823365234884,3.6131764418680032,3.738841364732532,999492000
2017-06-28,3.746494770050049,3.7511856168257096,3.5983630888012526,3.6865014697526326,994948000
2017-06-29,3.621323585510254,3.721065355020035,3.557133174623591,3.718102938008789,1064424000
2017-06-30,3.568984270095825,3.652184829760915,3.5428143660116778,3.6386060237586935,731060000
2017-07-03,3.4398627281188965,3.5958946810297383,3.4213463242064663,3.5810816520793343,709072000
2017-07-05,3.5317041873931885,3.560589756132536,3.484301980913183,3.503312119400299,820188000
2017-07-06,3.5423197746276855,3.5892282405479237,3.450478258282219,3.50257130694383,746284000
2017-07-07,3.6232995986938477,3.6415692550104777,3.576144366684284,3.5991048711586076,654972000
2017-07-10,3.794637680053711,3.802044193910031,3.670700947489923,3.6968708495344957,958492000
2017-07-11,3.848458766937256,3.85611226629594,3.756370259717998,3.7983408955600066,757956000
2017-07-12,4.012145519256592,4.024242884341947,3.8652484723223153,3.9082065971676476,1145208000
2017-07-13,3.9657301902770996,4.105714428425767,3.9193156849356385,4.024242058220493,1369132000
2017-07-14,4.072384357452393,4.073865330486241,3.975111034844428,3.9820238119944733,941948000
2017-07-17,4.0551018714904785,4.135340000150962,3.993380378950912,4.106454198489569,930792000
2017-07-18,4.097320556640625,4.111886835598346,3.982271298286392,3.994121910132964,776640000
2017-07-19,4.076087474822998,4.13287113565448,4.063990114874407,4.106454249871841,687044000
2017-07-20,4.135340690612793,4.135587441005637,4.046708797119317,4.096579688540056,699596000
2017-07-21,4.150154113769531,4.179780645145055,4.100529968026616,4.114849497432932,648332000
2017-07-24,4.102010250091553,4.166941379406649,4.091394334426088,4.157312936024296,652524000
2017-07-25,4.0822601318359375,4.0965796597811615,4.0385612968269315,4.079050493160722,496556000
2017-07-26,4.129416465759277,4.195335097025007,4.0946053444511445,4.139785635745143,640404000
2017-07-27,3.9931347370147705,4.165955152456146,3.8899363182186444,4.154351290141209,782856000
2017-07-28,4.058557987213135,4.082999926414007,3.932399579501447,3.9573347839236446,513348000
2017-07-31,4.012145519256592,4.108184188560911,3.9654842539273654,4.072138843764353,559672000
2017-08-01,4.0610270500183105,4.0627552442213535,3.974864090210139,4.002761947802803,431384000
2017-08-02,4.058557987213135,4.096084757635944,3.981529972789457,4.092134868684649,478444000
2017-08-03,4.1101579666137695,4.113861105621585,4.04102972278285,4.05806491565502,442420000
2017-08-04,4.128179550170898,4.198788748565482,4.110156889678748,4.132870160291932,589096000
2017-08-07,4.255079746246338,4.255573246938015,4.147684012708143,4.157312926967125,717412000
2017-08-08,4.204467296600342,4.309640372278456,4.165212338218822,4.293099155380257,755336000
2017-08-09,4.249155521392822,4.25162443817139,4.13953806509257,4.1583014558915075,530784000
2017-08-10,4.06719970703125,4.262733350423398,4.057077291830358,4.250388769362205,1328088000
2017-08-11,3.850432872772217,3.925486170580324,3.7751328246539995,3.8795654198815246,1497196000
2017-08-14,4.157559394836426,4.161262533362828,3.930424304231434,3.9420279268151512,1279020000
2017-08-15,4.122501850128174,4.188913952737217,4.0881847159132265,4.16274428896778,764532000
2017-08-16,4.077322959899902,4.161017504034305,4.044981230204431,4.137563498837201,596632000
2017-08-17,3.986468553543091,4.085963593130116,3.98424685805271,4.0689288677455195,525444000
2017-08-18,3.9872078895568848,4.057817566938054,3.9412871361305526,4.0407823765778526,601204000
2017-08-21,3.9291906356811523,4.023007342862921,3.8852450525003275,4.011650703775322,623672000
2017-08-22,4.016664505004883,4.022595026523247,3.9464872954538515,3.965761372560483,450456000
2017-08-23,4.096972942352295,4.108092610375723,3.97465659409458,3.9833056437236203,579520000
2017-08-24,4.081899166107178,4.133544136322047,4.055459497754205,4.129095892357639,469700000
2017-08-25,4.047799110412598,4.116246827125866,4.041374183578686,4.106115501772157,357200000
2017-08-28,4.07646369934082,4.079676163387952,4.0112284332475685,4.066826778511638,389496000
2017-08-29,4.069791316986084,4.091536717291689,4.009498237973236,4.017652880915877,324096000
2017-08-30,4.0940093994140625,4.105129071462516,4.0591676346456165,4.089561153544809,384400000
2017-08-31,4.18691873550415,4.1908721020862645,4.106857406470153,4.114270204467709,612684000
2017-09-01,4.212123394012451,4.247706523633182,4.190872397542756,4.199521448003297,445432000
2017-09-05,4.099691867828369,4.165668515897643,4.04162289701956,4.16072633543792,695364000
2017-09-06,4.097220420837402,4.14639431089903,4.062379135648339,4.132556583866524,397672000
2017-09-07,4.116247653961182,4.148617848248033,4.075969783319227,4.114023531615269,352868000
2017-09-08,4.044834613800049,4.119459836919416,4.020618591038985,4.104633767865411,498856000
2017-09-11,4.1760478019714355,4.1866735396098065,4.085113733731379,4.090550322050679,567444000
2017-09-12,4.191122055053711,4.200758981018614,4.125886754195185,4.200758981018614,411488000
2017-09-13,4.209898948669434,4.2388097058052345,4.1335440276576225,4.165914215800039,580960000
2017-09-14,4.18593168258667,4.264016352369635,4.146395176720282,4.170858171743158,513712000
2017-09-15,4.450577735900879,4.450577735900879,4.266238590914548,4.271427737916611,1364792000
2017-09-18,4.634422779083252,4.724615909916802,4.567952205309186,4.574871068433442,1684460000
2017-09-19,4.629480361938477,4.69125618541217,4.562020985491842,4.5840133520913415,874280000
2017-09-20,4.592169284820557,4.680632248953123,4.551891406071496,4.633188537834146,724920000
2017-09-21,4.466640472412109,4.514578585484452,4.388802780576236,4.488385406370921,1075600000
2017-09-22,4.423149585723877,4.504941106025315,4.413265697443126,4.455273283088781,491232000
2017-09-25,4.225468158721924,4.3934985431279445,4.204711563984966,4.392262762215131,874580000
2017-09-26,4.249189853668213,4.4152435570952395,4.20940637972598,4.360139604489742,1125620000
2017-09-27,4.342346668243408,4.3556904587855625,4.268709795301719,4.339628610880572,713720000
2017-09-28,4.34111213684082,4.353467116635514,4.293667958689717,4.349513278018833,435244000
2017-09-29,4.417466163635254,4.441187776473258,4.379906354168201,4.425126400337407,619092000
2017-10-02,4.423149585723877,4.496786462229904,4.373729201695711,4.4676282612677705,503480000
2017-10-03,4.432292461395264,4.462192035717255,4.38806075454348,4.429326965065972,390332000
2017-10-04,4.469357967376709,4.491597305100446,4.401898580106414,4.4384700506839865,427848000
2017-10-05,4.466888427734375,4.497282419784194,4.436988842359599,4.4938229869959905,437364000
2017-10-06,4.479983329772949,4.493327121230039,4.423149674904176,4.439211523910469,318800000
2017-10-09,4.58104944229126,4.614161487433063,4.498022597451387,4.516802507076614,563492000
2017-10-10,4.668524265289307,4.767859933744138,4.6272580443633835,4.7303001128520386,974876000
2017-10-11,4.718191623687744,4.719674372076664,4.639118622191919,4.685079580438042,529508000
2017-10-12,4.720414161682129,4.771317283262212,4.693232649800362,4.721649470716706,528292000
2017-10-13,4.808385372161865,4.818516702900966,4.735737283209272,4.782686593790067,628728000
2017-10-16,4.890916347503662,4.8938818440501874,4.775024912137852,4.838283496925128,576640000
2017-10-17,4.886468410491943,4.914885237780078,4.8518740940215555,4.870159593968444,478596000
2017-10-18,4.882266998291016,4.8961047231603425,4.77700131373159,4.895363820452761,567316000
2017-10-19,4.887704849243164,4.892646558467038,4.755504583430939,4.804678007222489,570772000
2017-10-20,4.865466117858887,4.931936710544451,4.856570097516555,4.9047556568139825,451620000
2017-10-23,4.858545303344727,4.913649234312896,4.838282651524757,4.887209094183373,428696000
2017-10-24,4.909449577331543,4.911179293315237,4.841743215032499,4.867688954787901,407244000
2017-10-25,4.785402774810791,4.922792633781748,4.7238743827795,4.869912349063395,828160000
2017-10-26,4.835566520690918,4.847180127929383,4.789111149112389,4.813080209204081,322744000
2017-10-27,4.988029479980469,4.988276447644695,4.861759249335433,4.887705464761543,572192000
2017-10-30,5.036952972412109,5.092550828070777,4.972211662820224,4.988026538940282,504056000
2017-10-31,5.110345363616943,5.137032481845084,5.063148617908525,5.068832173331465,411908000
2017-11-01,5.119981288909912,5.1884290230566,5.055734360767916,5.17310854734825,502576000
2017-11-02,5.088845252990723,5.135053637294312,5.032258575482538,5.0903280009662755,342308000
2017-11-03,5.156798839569092,5.156798839569092,5.074019457087365,5.119980404965196,353640000
2017-11-06,5.180028915405273,5.188677497540659,5.107627793154085,5.11998277582967,389944000
2017-11-07,5.239330768585205,5.260829199444173,5.190651767996839,5.202759776256736,427700000
2017-11-08,5.1684136390686035,5.238591086871855,5.120969936478786,5.234884216215616,522988000
2017-11-09,5.073525428771973,5.098482823424891,4.951209545344888,5.0722901195093195,978564000
2017-11-10,5.340891361236572,5.403408566741535,5.229447708551055,5.265277803895005,1253256000
2017-11-13,5.254159450531006,5.366344034060377,5.238838972632768,5.340892698092166,582376000
2017-11-14,5.292459964752197,5.3077804420448125,5.219564449448489,5.263301758630714,529292000
2017-11-15,5.188676357269287,5.238591626311397,5.134808192182004,5.237355845527989,501948000
2017-11-16,5.228952407836914,5.292952350548183,5.22005686307524,5.26280581406461,441768000
2017-11-17,5.222775936126709,5.3213702068843345,5.207702900608452,5.286034517196386,515664000
2017-11-20,5.289989471435547,5.30209748444853,5.201526037784907,5.2383444834276185,396100000
2017-11-21,5.338667392730713,5.350281468062702,5.297895587895701,5.329771846191635,399176000
2017-11-22,5.314682483673096,5.365868598461537,5.28204218568503,5.365868598461537,356640000
2017-11-24,5.364879131317139,5.365868631441403,5.306522205971333,5.331002665432702,180752000
2017-11-27,5.29514741897583,5.37477010368968,5.291932722824228,5.373533936052745,422896000
2017-11-28,5.210331916809082,5.309736583962597,5.149255048882335,5.300340106463122,512752000
2017-11-29,4.856975078582764,5.1957415281627535,4.728639118309369,5.193021582689678,1396788000
2017-11-30,4.963056564331055,5.011769866303854,4.862663346942954,4.925718267605678,823768000
2017-12-01,4.888132572174072,4.948715160383721,4.7593023077166645,4.928438427370283,811548000
2017-12-04,4.615635395050049,4.952918585575101,4.562224091363301,4.946736333056461,1240844000
2017-12-05,4.642341136932373,4.7649896151056925,4.465292325673322,4.510296181850467,981488000
2017-12-06,4.679927825927734,4.701687868467153,4.5706319198672025,4.591897683962394,467032000
2017-12-07,4.747432708740234,4.78724428291413,4.701192214549227,4.74669081957679,542600000
2017-12-08,4.735069751739502,4.816423356338265,4.726662302332996,4.797382789750694,466876000
2017-12-11,4.8134565353393555,4.8164240928258755,4.733339557799982,4.749164958928829,372748000
2017-12-12,4.718995571136475,4.793178347230026,4.695504618108624,4.769934533347007,455016000
2017-12-13,4.6037678718566895,4.761281897285531,4.596349448981738,4.760045729292953,554280000
2017-12-14,4.61093807220459,4.681906179544604,4.564697566194597,4.59733786789109,438164000
2017-12-15,4.736800193786621,4.757076926008484,4.589918869687767,4.6549523189948045,670036000
2017-12-18,4.893571853637695,4.896538938192435,4.747679584472578,4.777352316578271,477704000
2017-12-19,4.849309921264648,4.889368632527081,4.820873353558216,4.884175880293027,373100000
2017-12-20,4.8663716316223145,4.897775282093699,4.810734667368787,4.888626417323725,288820000
2017-12-21,4.843871593475342,4.894810103972342,4.835464142866382,4.869835363026742,300904000
2017-12-22,4.828538417816162,4.837934893035395,4.729133774785178,4.8070255219583675,466276000
2017-12-26,4.882198810577393,4.889864371637601,4.743230154551399,4.7731505094457924,355080000
2017-12-27,4.875523090362549,4.944760290674921,4.854257793207323,4.86884702841187,329488000
2017-12-28,4.881208896636963,4.930169339863724,4.875027115390894,4.899259961993703,240248000
2017-12-29,4.784770965576172,4.907419427556818,4.784770965576172,4.907419427556818,279964000
2018-01-02,4.929427623748779,4.93313706993842,4.809499554116802,4.841150350670441,355616000
2018-01-03,5.253851413726807,5.2842665078027515,5.038227696220502,5.04688228275278,914704000
2018-01-04,5.281548023223877,5.391832964537967,5.259293229243358,5.335206950998166,583268000
2018-01-05,5.326304912567139,5.363643215722322,5.219481813339848,5.296384559214585,580124000
2018-01-08,5.489505767822266,5.563688086992966,5.4049374711935725,5.449941801379268,881216000
2018-01-09,5.488022327423096,5.534509967275113,5.406421582653127,5.49494599839511,497000000
2018-01-10,5.531047821044922,5.534509656336437,5.341140686762291,5.395541023006058,582664000
2018-01-11,5.5409393310546875,5.595092530864461,5.519425957343691,5.563688400804682,406032000
2018-01-12,5.51373815536499,5.563440484291584,5.473185163885466,5.529069273621314,359916000
2018-01-16,5.442770957946777,5.625754435379126,5.358203126153109,5.540197575090755,702348000
2018-01-17,5.5567626953125,5.566653448039876,5.363393786678908,5.457358059966896,538408000
2018-01-18,5.549839973449707,5.604240301827221,5.506319427763926,5.537475940882351,408632000
2018-01-19,5.690047264099121,5.7142801183252,5.613144975657612,5.640097776756438,609380000
2018-01-22,5.778570652008057,5.780301569852812,5.64034389201155,5.697958930975417,550944000
2018-01-23,5.907648086547852,5.93039715599044,5.813436169281299,5.831981514049555,475228000
2018-01-24,5.830745697021484,5.946717662247098,5.7751087160915615,5.910862666576733,579972000
2018-01-25,5.8443450927734375,5.92841863641957,5.829508723788727,5.885145225391306,409884000
2018-01-26,6.016942501068115,6.017189640231004,5.875253940194638,5.888112251259237,516356000
2018-01-29,6.103983402252197,6.1351403888727996,5.949684134032473,6.002353548163088,455116000
2018-01-30,6.001859188079834,6.093351153932858,5.895283713744563,5.962048083017877,570832000
2018-01-31,6.078019618988037,6.163824076119077,6.044637436634151,6.077277729828221,478576000
2018-02-01,5.94696569442749,6.105222071906522,5.886630701072255,5.898005238185494,519224000
2018-02-02,5.774364948272705,5.884402706598636,5.716255650774268,5.860417004215001,718464000
2018-02-05,5.284268856048584,5.767196885713722,5.069139321235609,5.613144705341204,1165204000
2018-02-06,5.578029155731201,5.58099624043274,5.044409513304316,5.054300738921974,1114800000
2018-02-07,5.657651901245117,5.810220722556652,5.605724376633851,5.67693960441476,802932000
2018-02-08,5.378726005554199,5.816402397562051,5.378478394746524,5.783267826738345,1144000000
2018-02-09,5.7387590408325195,5.907153278806874,5.37872674561961,5.891327880361345,1674604000
2018-02-12,5.638612270355225,5.822832371494925,5.564429951513819,5.819864814623047,1093172000
2018-02-13,5.752358913421631,5.798599410097212,5.569869733517109,5.602262889436737,625524000
2018-02-14,5.969714164733887,5.99864548827701,5.7009262181630325,5.712053614015025,744988000
2018-02-15,6.095329761505127,6.141570262810325,5.9721869891393995,6.053045845800481,698900000
2018-02-16,6.029555320739746,6.181876566919627,6.02040598117663,6.0681302644753865,637656000
2018-02-20,6.159126281738281,6.228115844616961,6.048346615162287,6.052056061086709,686240000
2018-02-21,5.971938133239746,6.230588130913704,5.968229159264793,6.223664461285995,892292000
2018-02-22,5.991485118865967,6.077590187971404,5.925916674117579,6.005836121027781,534364000
2018-02-23,6.0850138664245605,6.0850138664245605,6.000640781416973,6.051363643917283,415300000
2018-02-26,6.10109806060791,6.135737932937357,6.038745818482041,6.131284302485409,469312000
2018-02-27,6.088230609893799,6.158747749264078,6.065219639631351,6.074374191635103,455436000
2018-02-28,5.9877753257751465,6.138706526909213,5.976145956738843,6.09911796871672,523116000
2018-03-01,5.745543479919434,6.039488782823385,5.64434501754638,5.985549210475119,1040120000
2018-03-02,5.852677822113037,5.859111209413278,5.489205125699246,5.637909720633536,913428000
2018-03-05,5.830658435821533,5.870246996776381,5.678984401814455,5.802451479956307,620776000
2018-03-06,5.991733551025391,6.01103324338659,5.8729678833341135,5.916020426073882,636808000
2018-03-07,5.983814716339111,6.036022273079856,5.8875649827150545,5.888801918364478,581208000
2018-03-08,5.967485427856445,6.0112803193301945,5.9231954788803955,6.0112803193301945,411912000
2018-03-09,6.070168972015381,6.0830348047433365,5.998909474812033,6.014992001688391,505524000
2018-03-12,6.179779529571533,6.259946285797301,6.103324053043412,6.111489434697617,605060000
2018-03-13,6.129056453704834,6.297060756505597,6.08773590510817,6.222584568756178,619772000
2018-03-14,6.154541492462158,6.199326025828772,6.092189261251881,6.172108718373038,505496000
2018-03-15,6.169386386871338,6.2505427706721015,6.127323494603225,6.168149451186715,401952000
2018-03-16,6.1975932121276855,6.216645136051645,6.148107290928316,6.185716553285219,399456000
2018-03-19,5.963032245635986,6.169635000282222,5.86406085203501,6.140686168511116,713772000
2018-03-20,6.1753249168396,6.214171116882688,5.966000091639307,5.966000091639307,554696000
2018-03-21,6.150088310241699,6.2352037534952505,6.119654306723443,6.168892473344678,438688000
2018-03-22,5.984062671661377,6.1332623287088905,5.946701170173202,6.086745803443522,551196000
2018-03-23,5.764347076416016,6.000146426273777,5.753212765201287,5.997672082455746,735620000
2018-03-26,6.049136638641357,6.050373574448472,5.836842870409199,5.888802669097975,611424000
2018-03-27,5.58001184463501,6.185717268211936,5.439719916684064,6.130045718411473,1409000000
2018-03-28,5.476834297180176,5.675766710240061,5.369202945488581,5.545619445150067,945904000
2018-03-29,5.730201721191406,5.8269460620296645,5.460751676304661,5.545124770139396,916628000
2018-04-02,5.469411373138428,5.805914560642204,5.381574296731509,5.659684295155108,922092000
2018-04-03,5.5758056640625,5.699520012893588,5.476834279384188,5.63642590264016,667432000
2018-04-04,5.5978264808654785,5.608218439913181,5.294973552267683,5.319963806920409,789168000
2018-04-05,5.477575302124023,5.669332401951721,5.406068535318322,5.65621880874407,701240000
2018-04-06,5.301158905029297,5.483019122976344,5.2719623153048065,5.374892729510838,662988000
2018-04-09,5.329861640930176,5.492174899783266,5.309819599378557,5.364254214635455,499524000
2018-04-10,5.639147758483887,5.666117302580963,5.503061686314066,5.560217940450608,761676000
2018-04-11,5.5978264808654785,5.66562197936674,5.565165903306199,5.624301435934375,460244000
2018-04-12,5.8046770095825195,5.8224920003705565,5.646570087179064,5.690860035402213,593920000
2018-04-13,5.7279744148254395,5.876679024700813,5.679725892956876,5.868266350585737,503036000
2018-04-16,5.727726936340332,5.761129866997035,5.633456474615821,5.734654909638067,350792000
2018-04-17,5.877421855926514,5.898700835743247,5.7242636036733305,5.779935161128163,447224000
2018-04-18,5.8484721183776855,5.919731612254024,5.759398104981867,5.826945847347642,391364000
2018-04-19,5.667107582092285,5.767563682512873,5.611683787064573,5.734160746645482,471996000
2018-04-20,5.658941268920898,5.742819291058445,5.627765391945849,5.658446211473929,386200000
2018-04-23,5.53943395614624,5.727974413739352,5.513454055442371,5.676756962627838,427508000
2018-04-24,5.473122596740723,5.661167977810091,5.407801440471872,5.565166001307488,414596000
2018-04-25,5.3607916831970215,5.482526778365553,5.203427068819578,5.443432799634905,588492000
2018-04-26,5.57258939743042,5.580754779157977,5.456545363308885,5.522608879730808,375824000
2018-04-27,5.600053787231445,5.69828329736448,5.557743595334735,5.678489019663525,400848000
2018-04-30,5.564671039581299,5.666116762140036,5.5453718212301935,5.6163835438616525,327844000
2018-05-01,5.620096206665039,5.622817843342413,5.497866073527672,5.556507032192569,253788000
2018-05-02,5.599559307098389,5.6611687203422845,5.573331640885994,5.616631948626047,268248000
2018-05-03,5.7648420333862305,5.791069702000668,5.586198456838597,5.631478054953076,443144000
2018-05-04,5.915029048919678,5.918245742025676,5.7188183203765846,5.73613824951246,400660000
2018-05-07,6.153057098388672,6.210213352505904,6.009795759876155,6.019693134692205,687616000
2018-05-08,6.195615768432617,6.198337405240586,6.104314221392536,6.153305099734564,506616000
2018-05-09,6.328731060028076,6.330958110873279,6.188439127032883,6.215656435010112,596760000
2018-05-10,6.436363220214844,6.4455177729910345,6.363866316728916,6.381681308622328,994080000
2018-05-11,6.297801971435547,6.427949698711481,6.199078358543734,6.25450214121984,1214456000
2018-05-14,6.318337440490723,6.395783007107345,6.294584597377671,6.335905134056982,523140000
2018-05-15,6.075860023498535,6.2574730039337565,5.975403921997549,6.254750895170489,963528000
2018-05-16,6.086994171142578,6.1490986467206055,6.00039402088692,6.037260943344137,553828000
2018-05-17,6.129056453704834,6.222831861545531,6.072642550167121,6.088725548198389,519784000
2018-05-18,6.085263252258301,6.244359867587831,6.080314563499367,6.181018444818633,483716000
2018-05-21,6.043199062347412,6.18646040963991,5.950413291458063,6.182749129822843,640624000
2018-05-22,6.005095958709717,6.0817987401279705,5.944475706471924,6.056561184726141,518264000
2018-05-23,6.128637790679932,6.129875963718784,5.948150695146866,5.948893504525247,442956000
2018-05-24,6.132351398468018,6.174688227691831,6.0716941415269,6.1249242490933975,437372000
2018-05-25,6.171717643737793,6.188058035206896,6.1093273157056025,6.144978864263325,292112000
2018-05-29,6.154633522033691,6.222718869822855,6.107840783010052,6.153643266975334,352684000
2018-05-30,6.2635698318481445,6.272235154201632,6.1635469839823696,6.188305250231472,390996000
2018-05-31,6.243762016296387,6.318284245280761,6.22098473719143,6.231630567521532,493868000
2018-06-01,6.378199100494385,6.3843890203474825,6.279909331035767,6.2885746521606025,421968000
2018-06-04,6.557202339172363,6.579236814928269,6.380181362581354,6.4123667800412285,642024000
2018-06-05,6.562648296356201,6.6002808215782345,6.515607639828659,6.560419868326753,391712000
2018-06-06,6.564629077911377,6.567847761123244,6.456188353819997,6.4725287433710905,371356000
2018-06-07,6.508923053741455,6.572798988138197,6.418555318599092,6.560914983547033,369448000
2018-06-08,6.49357271194458,6.53615650943322,6.417317411787521,6.4361336730817795,360456000
2018-06-11,6.452474594116211,6.5225399800460355,6.439600333862629,6.480946434099678,265372000
2018-06-12,6.501001834869385,6.513133288452255,6.428708004900184,6.478967356253958,319160000
2018-06-13,6.49654483795166,6.577503984281436,6.487384151074166,6.502486841301292,338208000
2018-06-14,6.608204364776611,6.664900607157869,6.52674985340261,6.541605098133078,430016000
2018-06-15,6.567352771759033,6.622315946311105,6.5200646648747975,6.551012381276651,432260000
2018-06-18,6.563144683837891,6.580722776210949,6.496050053477133,6.5232837243681345,356268000
2018-06-19,6.441334247589111,6.527245142510411,6.313829801237201,6.459902594952906,594932000
2018-06-20,6.494316101074219,6.547298288920475,6.44405676049769,6.482432095803678,369780000
2018-06-21,6.365574359893799,6.5445758558810185,6.357899291793022,6.526254954071764,359516000
2018-06-22,6.2130632400512695,6.399740261784072,6.197713577273264,6.386370637031852,434160000
2018-06-25,5.920174598693848,6.110317283928916,5.831540386840971,6.106603709022759,665816000
2018-06-26,5.991229057312012,6.081844233720098,5.939732021418247,6.03356588062584,478884000
2018-06-27,5.835995674133301,6.101155450421502,5.830548563440235,6.0348036449276234,453892000
2018-06-28,5.963253974914551,5.975137981696994,5.81841840961866,5.8260934776562925,338012000
2018-06-29,5.86521053314209,6.040993311313982,5.863972360211521,6.02836696965969,392300000
2018-07-02,5.997419357299805,6.00113293170406,5.775090812177502,5.795640138700335,357572000
2018-07-03,5.863725185394287,6.038022825215759,5.855307309086149,6.032080822658521,222732000
2018-07-05,6.009551525115967,6.0145028008377945,5.880066102440484,5.918936332148718,306216000
2018-07-06,6.123439788818359,6.131857667111846,5.963749435907148,5.985041577406925,296352000
2018-07-09,6.170974254608154,6.2073690814329,6.092243542502406,6.197713503795584,303880000
2018-07-10,6.270007133483887,6.292041607715852,6.14299759255186,6.183353438620086,360016000
2018-07-11,6.12838888168335,6.211823874488332,6.117742579434781,6.177162593270992,367508000
2018-07-12,6.219995498657227,6.268026413919594,6.1637946244425805,6.173698120144979,345508000
2018-07-13,6.172708034515381,6.238564965553813,6.130619117853917,6.238564965553813,246988000
2018-07-16,6.144978046417236,6.197960706823715,6.13259914964639,6.144978046417236,197036000
2018-07-17,6.280900001525879,6.296002689185245,6.070208016962946,6.095709090660059,362136000
2018-07-18,6.231631278991699,6.28733725478438,6.1806296047363105,6.27347274031591,277640000
2018-07-19,6.23980188369751,6.2734733905820805,6.197713444541109,6.212815661270541,235752000
2018-07-20,6.211578845977783,6.2761976049175345,6.200685093831238,6.237327371251637,222352000
2018-07-23,6.174935340881348,6.1868193459103535,6.02316753939255,6.1850862815196495,301584000
2018-07-24,6.1576056480407715,6.309620918714848,6.140027083488105,6.222967213571025,354620000
2018-07-25,6.235841274261475,6.248468090175373,6.109079168099569,6.167013581637125,319112000
2018-07-26,6.3093719482421875,6.346261663627407,6.198950720014014,6.215786472301087,325124000
2018-07-27,6.239553451538086,6.35294590695297,6.185580542992318,6.346013650096135,295420000
2018-07-30,6.044212818145752,6.259609131637959,6.009303609004274,6.253667128545268,340340000
2018-07-31,6.062286376953125,6.137056072239644,5.994944303715815,6.033814534101512,283988000
2018-08-01,6.102146625518799,6.148939839829609,6.03827068394019,6.093729220859545,283556000
2018-08-02,6.204893112182617,6.2088541325756905,5.971918718283632,6.0308429105401515,269668000
2018-08-03,6.2415361404418945,6.265304156377125,6.212569402273672,6.229404686707172,214288000
2018-08-06,6.2893195152282715,6.292785644810081,6.182364389718297,6.2289096933096655,207508000
2018-08-07,6.361611843109131,6.380180659899347,6.311352976037703,6.338091751102867,258132000
2018-08-08,6.398006916046143,6.443067067274201,6.327941523541759,6.362850733040028,262100000
2018-08-09,6.349480628967285,6.4185557611067585,6.3418055618157165,6.415832441580327,204280000
2018-08-10,6.30813455581665,6.340567889012436,6.256390067912084,6.267531264005502,256396000
2018-08-13,6.341063022613525,6.461883119801381,6.315067054810953,6.316800119331125,375208000
2018-08-14,6.472528457641602,6.486640890672755,6.363344928996258,6.446532491827146,466220000
2018-08-15,6.414348125457764,6.527245247023319,6.33561693358954,6.493326290847179,591136000
2018-08-16,6.373743057250977,6.486640628030499,6.313580697530834,6.484164754402042,801260000
2018-08-17,6.061295986175537,6.263075227863287,6.034309290557823,6.262332418452518,1143188000
2018-08-20,6.136064052581787,6.268767650572701,5.910269412797312,6.020691095497387,854388000
2018-08-21,6.271740436553955,6.276196820712855,6.13259943915863,6.15240595826181,673988000
2018-08-22,6.506943225860596,6.511894974022817,6.235593943271688,6.239060072540304,749856000
2018-08-23,6.606471061706543,6.671832625042857,6.454455796135041,6.468320312936721,720684000
2018-08-24,6.739669322967529,6.754276647598752,6.6104318293385935,6.614888213218102,531512000
2018-08-27,6.830780506134033,6.905054842090355,6.737937350076276,6.769379960259736,505776000
2018-08-28,6.79314661026001,6.8476148864329325,6.673069334760193,6.824837132052982,475384000
2018-08-29,6.898675918579102,6.923695311970927,6.764660834605441,6.7854689868343225,420108000
2018-08-30,6.88183069229126,6.978688290390545,6.844920792605323,6.867462956662928,346608000
2018-08-31,6.952924728393555,6.965806030728432,6.85185590315592,6.86176481532872,306592000
2018-09-04,7.027735233306885,7.065387870673629,6.91130787903396,6.9397952924778,391720000
2018-09-05,6.8969407081604,7.045571093782171,6.815937282654182,7.010147628000871,393156000
2018-09-06,6.755742073059082,6.883068675244997,6.722795835173256,6.880591447004134,322796000
2018-09-07,6.734438419342041,6.860031002642364,6.618754276020016,6.663591018196378,295420000
2018-09-10,6.805531978607178,6.835258239356387,6.71313369797689,6.756979637280169,220140000
2018-09-11,6.757724285125732,6.846902141308397,6.738402093422781,6.7592102441159705,243112000
2018-09-12,6.643773555755615,6.737410698039075,6.488207129063572,6.717840926990192,419092000
2018-09-13,6.721556186676025,6.812220455234493,6.692325560435657,6.709665682360811,305536000
2018-09-14,6.847645282745361,6.913785812790336,6.775064337191274,6.811974235155938,386936000
2018-09-17,6.7857160568237305,6.871178779159448,6.766394337633124,6.822130792964465,205528000
2018-09-18,6.713628768920898,6.892480548087068,6.7069407737656235,6.789678195710554,299520000
2018-09-19,6.737410068511963,6.7552458254906025,6.645011785140593,6.69505055911023,224860000
2018-09-20,6.596212863922119,6.657646521720494,6.542210418831132,6.615287002846158,430584000
2018-09-21,6.526107311248779,6.65368194845636,6.492913497107837,6.608101994911189,435128000
2018-09-24,6.58184289932251,6.585310923407006,6.407945588110139,6.495141824727261,293912000
2018-09-25,6.648975849151611,6.6739952394381765,6.562274753142415,6.647985052380307,280388000
2018-09-26,6.61206579208374,6.694308064383507,6.596212099161905,6.6539301439147955,268548000
2018-09-27,6.623955249786377,6.668544403736934,6.592495449987243,6.6472406233521095,214428000
2018-09-28,6.9613471031188965,6.983641684198066,6.727997689970946,6.755989943097624,709396000
2018-10-01,7.167943477630615,7.234826747374432,7.000486540994957,7.03913044944934,622060000
2018-10-02,7.096601486206055,7.252167456847368,7.074306903665383,7.1404474355383085,383964000
2018-10-03,7.102793216705322,7.1743833562991846,6.998752005182621,7.166951672446521,320552000
2018-10-04,6.918491363525391,7.0909022600806955,6.841451138351294,7.066626089183661,391220000
2018-10-05,6.68489408493042,6.955896574900875,6.627423627275559,6.893719715069831,426636000
2018-10-08,6.583578109741211,6.717097533781044,6.442627001674914,6.601661448970969,408612000
2018-10-09,6.577881336212158,6.657645909836312,6.510006796323651,6.563017967197417,273500000
2018-10-10,6.086162567138672,6.517685975318372,6.083932920071192,6.471857963522835,684940000
2018-10-11,5.824573993682861,6.132486446434608,5.803022626150192,5.998966527687932,725436000
2018-10-12,6.1072187423706055,6.1815341744206895,5.9365418219564585,6.0817041884269445,608236000
2018-10-15,5.830766201019287,6.093841877748437,5.829775404254054,6.093841877748437,449760000
2018-10-16,6.089629650115967,6.100776938763242,5.894180963484436,5.9434765200663096,408712000
2018-10-17,6.021012783050537,6.189956149546133,5.971964800354967,6.1518074035720565,329668000
2018-10-18,5.933568000793457,6.1287691192818965,5.873125151573819,6.0903732677819304,524020000
2018-10-19,5.676933288574219,6.0083786381403606,5.640519030079795,5.988809340640399,613608000
2018-10-22,5.727716445922852,5.8292804496938855,5.624914064171543,5.7292028774855925,368844000
2018-10-23,5.476035118103027,5.553570512028911,5.368277825985315,5.460428534412603,626436000
2018-10-24,4.939726829528809,5.484209019664194,4.925854732007256,5.4376382715610125,884288000
2018-10-25,5.14855432510376,5.19586830599114,4.797786683136655,4.842128273109781,951720000
2018-10-26,4.911983489990234,5.0742379210316395,4.783913674159531,4.912478652140596,664784000
2018-10-29,4.598125457763672,5.056649826075438,4.360069185044151,5.053181801357796,758016000
2018-10-30,5.02865743637085,5.038566348138738,4.598125331190589,4.621163125816301,807192000
2018-10-31,5.222619533538818,5.266217889458891,5.053676199650327,5.193388908912959,745772000
2018-11-01,5.40295934677124,5.412372625599323,5.1324519616138495,5.259035354883467,566528000
2018-11-02,5.323936462402344,5.499320227921108,5.2072615331002945,5.39354500682376,452960000
2018-11-05,5.245905876159668,5.334093400860997,5.085137410995759,5.310807551276593,379332000
2018-11-06,5.228317737579346,5.322202453880064,5.1911597917362435,5.237978595606073,299012000
2018-11-07,5.2959442138671875,5.38561768996558,5.231290125202608,5.294953417208855,483812000
2018-11-08,5.102725982666016,5.237483799491122,5.049218702179946,5.2367405837573315,511352000
2018-11-09,5.094798564910889,5.1852152693953855,4.980105685177974,5.0137951387345705,413240000
2018-11-12,4.6952314376831055,5.025438476300748,4.6734320164013035,5.003391473919815,617116000
2018-11-13,4.93725061416626,5.058631964852557,4.78688621236767,4.793079519302232,644712000
2018-11-14,4.884734630584717,5.124772523945666,4.776730217492142,5.110404788850223,526580000
2018-11-15,5.013546943664551,5.085632717345233,4.842869577142466,4.878788673458554,840708000
2018-11-16,4.073214530944824,4.227542161927811,4.0033579030043205,4.045717903825274,1963520000
2018-11-19,3.5844674110412598,4.00855893095702,3.5827333984617855,4.007816187694095,1697820000
2018-11-20,3.692966938018799,3.8212843232360005,3.302317110776272,3.3208958481062703,1692032000
2018-11-21,3.584714651107788,3.847047105276453,3.5574658508452113,3.8302023795009617,1025496000
2018-11-23,3.5918986797332764,3.7056007610163793,3.537153259438614,3.5500345625951795,411968000
2018-11-26,3.7913105487823486,3.8017146223311293,3.6305420983768606,3.7130319436418273,814832000
2018-11-27,3.8081552982330322,3.8894065301023906,3.7293812942463775,3.7653001535797737,738060000
2018-11-28,3.9652082920074463,3.9704103293201998,3.7932925346532853,3.9258211680777664,804524000
2018-11-29,3.9019775390625,4.004634946806656,3.8717258711832088,3.967440288691323,549172000
2018-11-30,4.052492618560791,4.063154933317636,3.8613113651870243,3.911648283689885,729564000
2018-12-03,4.216398239135742,4.331454212778633,4.1494475525860635,4.279877429625327,890804000
2018-12-04,3.895777702331543,4.176721865880532,3.8806516350429696,4.171762453036183,812112000
2018-12-06,3.9250380992889404,3.929997276316662,3.739560243486265,3.755181970368687,692308000
2018-12-07,3.6602113246917725,3.9394200179446996,3.6108664367261767,3.9292533620284655,681676000
2018-12-10,3.765596389770508,3.790392983913415,3.611610055664763,3.615329615729553,629472000
2018-12-11,3.674593448638916,3.865526378429555,3.59549255195752,3.8573435352031296,671912000
2018-12-12,3.692199230194092,3.7884095424815465,3.5910295040009372,3.6802968260027074,654136000
2018-12-13,3.691950798034668,3.8032871697841752,3.655995996702689,3.739064279545623,471384000
2018-12-14,3.6314473152160645,3.734104709178062,3.607890575450741,3.6502924705504856,471820000
2018-12-17,3.5602810382843018,3.6736009762459734,3.5022571834393594,3.6014433146691864,662868000
2018-12-18,3.643598794937134,3.7276588911405,3.576896177940915,3.6041722504775637,564372000
2018-12-19,3.434562921524048,3.6634346829811286,3.3829861599024147,3.60987410880565,745364000
2018-12-20,3.3500070571899414,3.5161436186908204,3.29024745134605,3.4261323485195234,749588000
2018-12-21,3.2128822803497314,3.4095185698211865,3.185358151669684,3.3765391338646937,863740000
2018-12-24,3.151139259338379,3.2230490997408516,3.087164196762201,3.1365093205828933,463840000
2018-12-26,3.3004143238067627,3.301406111938458,3.086172479822057,3.1972607908190476,695100000
2018-12-27,3.2525570392608643,3.282560878243769,3.1040259995719848,3.24809375597327,637044000
2018-12-28,3.314051628112793,3.4067906592091934,3.2312314224185346,3.2731374192402085,628728000
2018-12-31,3.3103325366973877,3.389929082409964,3.2795847433459944,3.357445778265134,465140000
2019-01-02,3.3777787685394287,3.433818810330481,3.224784474226881,3.239414411290428,508752000
2019-01-03,3.173704147338867,3.351495063491351,3.1662652631651937,3.317523835911828,705552000
2019-01-04,3.37703537940979,3.4152218222122026,3.216106055812102,3.246853614968023,585620000
2019-01-07,3.5558178424835205,3.59276466603475,3.382986126978943,3.4343150593304554,709160000
2019-01-08,3.467294454574585,3.639630285844697,3.394640656623528,3.6373984079374995,786016000
2019-01-09,3.53548526763916,3.5828465816008856,3.468038706164781,3.518623449912166,617260000
2019-01-10,3.6011953353881836,3.6098740718264133,3.4556399190383114,3.516143481815704,523156000
2019-01-11,3.690463066101074,3.7132758472412313,3.551106672587151,3.578878630595424,874764000
2019-01-14,3.7303855419158936,3.7556780316693534,3.6145858799559756,3.63814262220076,730168000
2019-01-15,3.716252088546753,3.8025438146360644,3.6979025870726665,3.7631172757641576,617012000
2019-01-16,3.6907107830047607,3.7765065975796652,3.685255712262978,3.7435273984445434,470104000
2019-01-17,3.762125015258789,3.802047443243775,3.630455564376065,3.65773186610097,493436000
2019-01-18,3.89131498336792,3.91735143319712,3.7603894842803807,3.8119662533701066,651336000
2019-01-22,3.6889758110046387,3.872717946510212,3.6587241408823266,3.8610636068244726,661552000
2019-01-23,3.7018697261810303,3.8330432905960445,3.6706262701491577,3.7442718634101175,591020000
2019-01-24,3.913879632949829,3.931484935951308,3.7817142907002115,3.7864256389123656,708972000
2019-01-25,3.9711594581604004,3.9892608924225734,3.7517106054506666,3.8543680092020285,1154572000
2019-01-28,3.4221649169921875,3.512176192258113,3.248341633421153,3.3859620492612996,2511528000
2019-01-29,3.2632195949554443,3.424396998340246,3.248589655128127,3.3760436590858713,1153932000
2019-01-30,3.4067907333374023,3.4211726048233793,3.259747406944954,3.3393441852977093,974228000
2019-01-31,3.5644962787628174,3.6002032460328337,3.3817459889304664,3.403566979061535,842852000
2019-02-01,3.588797092437744,3.639877960275876,3.53548481974273,3.583093956476168,625048000
2019-02-04,3.6991429328918457,3.7363375984363776,3.582599284919508,3.6046681135031857,528592000
2019-02-05,3.7182352542877197,3.75493401670386,3.6773210375621233,3.7110441990820515,542424000
2019-02-06,3.7938649654388428,3.858335929299236,3.7460077548925086,3.7514628265806262,702464000
2019-02-07,3.6555001735687256,3.7497269080362785,3.612602379033736,3.747495266403964,637120000
2019-02-08,3.6740975379943848,3.6847598514853512,3.5739196070014203,3.588301480661377,461604000
2019-02-11,3.6314473152160645,3.684263694271687,3.583093982384313,3.6299593966636032,495180000
2019-02-12,3.7484867572784424,3.7641087204213655,3.655499883643352,3.6698819934271323,591060000
2019-02-13,3.790889024734497,3.864038720162632,3.764356682162985,3.777994833117407,605372000
2019-02-14,3.8318028450012207,3.8600709321190116,3.7467507548795953,3.7898968448167056,827264000
2019-02-15,3.9014813899993896,4.06340226945263,3.8786686079384642,4.040589723869558,1516748000
2019-02-19,3.8841238021850586,3.9647126195192244,3.871725740882443,3.8908189633889885,551892000
2019-02-20,3.9314849376678467,3.9986834295587843,3.902225296755706,3.913383504128469,540988000
2019-02-21,3.8625500202178955,3.968678896081761,3.847920084091436,3.9441306076937037,448548000
2019-02-22,3.947354793548584,3.966200186710098,3.9007374411830313,3.9143755919937884,401740000
2019-02-25,3.9349563121795654,4.098365093268888,3.926277339377744,4.030918778706533,656020000
2019-02-26,3.8955304622650146,3.9862857028314913,3.862055127908238,3.930245650095509,488464000
2019-02-27,3.853624105453491,3.9076803404277367,3.796592033230227,3.8811482352284252,500256000
2019-02-28,3.8290507793426514,3.869759083485213,3.8067111248145284,3.8474191922354857,324944000
2019-03-01,3.8834104537963867,3.9256077277242167,3.820610592919596,3.8789423344777187,357188000
2019-03-04,3.8916015625,3.9447206931720027,3.835007122853218,3.921884402627216,409992000
2019-03-05,3.885148286819458,3.923374086167874,3.821603695081215,3.875963963292582,362924000
2019-03-06,3.77419376373291,3.884651842095021,3.771463416989917,3.8762124809250493,403524000
2019-03-07,3.704939842224121,3.7602931555732804,3.6587708520941855,3.7506124272354757,450104000
2019-03-08,3.7391951084136963,3.7498686490127056,3.5942341338284334,3.615581215026453,422416000
2019-03-11,3.999825954437256,4.02266200982237,3.7156133158786036,3.7627753521432337,859728000
2019-03-12,4.0340800285339355,4.0804968597789495,3.951422314497766,4.027626052712269,579576000
2019-03-13,4.185495853424072,4.2147858933207045,4.06411589418024,4.071562683006642,768900000
2019-03-14,4.109539031982422,4.206593444752591,4.1018441614684455,4.194678775992687,519384000
2019-03-15,4.215032577514648,4.257726250190293,4.149253822393764,4.152728894279491,661484000
2019-03-18,4.1936869621276855,4.300421891081058,4.1666306300903395,4.246557784686769,486992000
2019-03-19,4.361484527587891,4.4059162329694415,4.271380695418902,4.288259421961372,854972000
2019-03-20,4.32896614074707,4.443892082343012,4.294214944886872,4.390524630949254,719148000
2019-03-21,4.565768718719482,4.592080321323037,4.347086751867949,4.352051276652491,824312000
2019-03-22,4.405915260314941,4.587116168662094,4.392014968545097,4.53846514746764,747644000
2019-03-25,4.313577651977539,4.4294964373709105,4.247302702527318,4.365207582237535,525212000
2019-03-26,4.39027738571167,4.511408768965814,4.333931019661732,4.455310960582842,703508000
2019-03-27,4.3810930252075195,4.462261069371949,4.311591567668887,4.415844227420007,474372000
2019-03-28,4.399709224700928,4.465487517173927,4.346589854207423,4.407155537996368,480264000
2019-03-29,4.4570488929748535,4.4813748789193575,4.416092740581923,4.46648130219173,456896000
2019-04-01,4.524564743041992,4.5548475884213175,4.477154617603219,4.548890253033545,483824000
2019-04-02,4.542436599731445,4.586868297366812,4.505700247903824,4.548642493225226,440920000
2019-04-03,4.681935787200928,4.741012492657299,4.587115546816644,4.592080071330917,783504000
2019-04-04,4.672999858856201,4.715445453053756,4.6101999989258635,4.666545882524109,457376000
2019-04-05,4.739771366119385,4.757147202803983,4.67970232083365,4.716190583640712,481744000
2019-04-08,4.760622501373291,4.7856927371604385,4.685163236351504,4.709240661826758,424192000
2019-04-09,4.6978230476379395,4.738283030437748,4.655625528278199,4.727113084917723,439972000
2019-04-10,4.768316745758057,4.794131706806759,4.692609872405621,4.697077755386522,444772000
2019-04-11,4.754415988922119,4.802322749413438,4.705020249878549,4.77079854054169,374600000
2019-04-12,4.7164387702941895,4.797110642459718,4.707751088484751,4.793138927871197,471708000
2019-04-15,4.584632396697998,4.713707168413738,4.544917155161312,4.708742644860897,440092000
2019-04-16,4.671759128570557,4.690623944886726,4.591087727512457,4.623852835126191,394964000
2019-04-17,4.648922920227051,4.727608698103153,4.626583031810985,4.706758261832998,351004000
2019-04-18,4.624349117279053,4.689631249893884,4.596548534000283,4.6556252469108435,380988000
2019-04-22,4.678212642669678,4.69385046883139,4.569244027924534,4.600767764441382,279936000
2019-04-23,4.732820510864258,4.76409663345037,4.6816872390750355,4.6913677295083955,346856000
2019-04-24,4.745233058929443,4.785941124958199,4.682433186647897,4.743246964736514,318204000
2019-04-25,4.639490127563477,4.7273602217936554,4.559811546013233,4.705020335230517,499296000
2019-04-26,4.420559406280518,4.490061324864115,4.301661750123045,4.485592969011008,868988000
2019-04-29,4.451340198516846,4.479140784756315,4.356271378376447,4.428503664503548,391920000
2019-04-30,4.492791652679443,4.518358052704011,4.399957038831229,4.419069936166312,362920000
2019-05-01,4.479637145996094,4.587364884366795,4.479388588317941,4.545167365707555,354280000
2019-05-02,4.547152519226074,4.588853391687187,4.446126853125772,4.489317177729967,394684000
2019-05-03,4.542685031890869,4.565521090672372,4.4811260546755,4.555592513554428,336824000
2019-05-06,4.464247703552246,4.476410460092936,4.319038404375974,4.356271400196506,422176000
2019-05-07,4.296946048736572,4.415843712232229,4.248791202521124,4.415843712232229,555220000
2019-05-08,4.317051410675049,4.397226628713527,4.257478541617423,4.269393210117564,419168000
2019-05-09,4.224465370178223,4.257727117461841,4.105568175948957,4.248046625728753,660248000
2019-05-10,4.190460205078125,4.259217418042389,4.070817787523933,4.1936871941130525,569500000
2019-05-13,3.9330546855926514,4.081490705335074,3.9171685381800976,4.058406091894591,656912000
2019-05-14,4.022165298461914,4.057412660444303,3.9340468935059416,3.9727690907885997,524880000
2019-05-15,3.9611034393310547,3.99759169978672,3.907239580032089,3.9665641321570004,502320000
2019-05-16,3.976245403289795,4.018939564399606,3.913197682185402,3.9556432856139314,781088000
2019-05-17,3.8853962421417236,4.0636186994564465,3.8459293129036762,3.9342958155221415,1022068000
2019-05-20,3.766746759414673,3.841709374206978,3.741924610610266,3.7866043837695766,572064000
2019-05-21,3.848907709121704,3.8647938563869233,3.7888384293040094,3.827560868877688,361848000
2019-05-22,3.7779176235198975,3.8362493796897947,3.7669957617575585,3.8101863301420575,325868000
2019-05-23,3.656785249710083,3.715613399180335,3.5969640532761926,3.715613399180335,591844000
2019-05-24,3.6029205322265625,3.710896313851148,3.59621847288086,3.675648954694027,357584000
2019-05-28,3.5577454566955566,3.6533104324600605,3.555759599351059,3.6205453249661255,428356000
2019-05-29,3.483527421951294,3.5450859198163482,3.4487764584867997,3.5100868721445884,559800000
2019-05-30,3.456937551498413,3.5225425609214227,3.418667883671068,3.4867579887823474,394300000
2019-05-31,3.3662326335906982,3.4753258429771767,3.3644931144316326,3.4079813303999775,389720000
2019-06-03,3.3244848251342773,3.4161826239045987,3.29516136099804,3.377415986199903,478644000
2019-06-04,3.553605556488037,3.558824115253672,3.3664820690651194,3.388598851975445,641836000
2019-06-05,3.5108625888824463,3.6328780274132315,3.4745810481734742,3.6274108647749794,511616000
2019-06-06,3.572988986968994,3.597590866336708,3.5126025342489897,3.5150876300215126,408140000
2019-06-07,3.6157312393188477,3.650024656621171,3.559817775574923,3.5789527265186276,348856000
2019-06-10,3.6885437965393066,3.757130884325597,3.671893937163321,3.671893937163321,402780000
2019-06-11,3.7461957931518555,3.786204978790886,3.706683816221876,3.748432284375551,383872000
2019-06-12,3.633126974105835,3.7089207391207837,3.6179682685012025,3.70270799945214,358892000
2019-06-13,3.684318780899048,3.7027079211490617,3.6375998801476244,3.6552436812465916,308080000
2019-06-14,3.594359874725342,3.615482712929414,3.5496293397574727,3.5911294401018217,394428000
2019-06-17,3.6040520668029785,3.6410791890036958,3.569758407828001,3.5926207681473916,276040000
2019-06-18,3.7991273403167725,3.8545435993309813,3.6544981372784355,3.6654322264627153,581920000
2019-06-19,3.805091619491577,3.8458461473541314,3.778998587891173,3.834415085999431,331644000
2019-06-20,3.8294448852539062,3.9097116298928856,3.8150317564083283,3.8957954728017374,350168000
2019-06-21,3.7712950706481934,3.863738693325132,3.7648339636060357,3.8145349328483453,434428000
2019-06-24,3.7936604022979736,3.823232473812125,3.7454505860944267,3.7926664587654617,282948000
2019-06-25,3.7643373012542725,3.8736791581849213,3.761603837778138,3.798630963370674,311868000
2019-06-26,3.9576728343963623,4.018805099931333,3.878897242135455,3.8918194556975654,584072000
2019-06-27,4.056328773498535,4.075463488609279,4.007373384590604,4.043406560517009,445440000
2019-06-28,4.081180095672607,4.1095096231126504,4.034461425431256,4.100314814720183,397668000
2019-07-01,4.129390716552734,4.322726779698861,4.091866373467358,4.288433109643876,709756000
2019-07-02,4.031479358673096,4.133863146177416,4.018308774833764,4.112740064563718,400228000
2019-07-03,4.044400691986084,4.060553577459751,3.9845114482214714,4.0548378098043925,246636000
2019-07-05,3.9817779064178467,3.990475504427953,3.918409150648736,3.98600252173469,396552000
2019-07-08,3.9067296981811523,3.941023357338492,3.8766608915627745,3.9221370080629594,329788000
2019-07-09,3.9092137813568115,3.9372946936140565,3.8518094092390434,3.864483015605716,342860000
2019-07-10,3.977553367614746,4.034957515585697,3.938786726888166,3.952702883972033,452076000
2019-07-11,4.13212251663208,4.172877042352044,4.013337504586905,4.050612991208622,682560000
2019-07-12,4.165173530578613,4.236245941139104,4.159954971752688,4.159954971752688,506392000
2019-07-15,4.156724452972412,4.202449173219055,4.128395403436278,4.186296761391783,289840000
2019-07-16,4.152003288269043,4.179090028099605,4.096338182271511,4.141814537164038,341444000
2019-07-17,4.217360496520996,4.224318576446546,4.1244198872484095,4.153743359501412,348204000
2019-07-18,4.229039192199707,4.291910742011772,4.171137834037002,4.227796881279149,442192000
2019-07-19,4.185800075531006,4.273770487668284,4.179835939624781,4.267309616926987,344896000
2019-07-22,4.257369041442871,4.270291256329415,4.199716046258013,4.207171334302266,315940000
2019-07-23,4.365219593048096,4.367207480197819,4.2809765947960665,4.296632746546789,428176000
2019-07-24,4.439772129058838,4.445487899094494,4.3324186016588975,4.408460762564481,366236000
2019-07-25,4.308560371398926,4.410944139259118,4.285201039379807,4.398270292722599,392700000
2019-07-26,4.350558280944824,4.397276951381041,4.3356481779081575,4.3356481779081575,274160000
2019-07-29,4.3443450927734375,4.360497978340991,4.2561263255677035,4.3433511492588055,248160000
2019-07-30,4.360000133514404,4.372176769263432,4.283460806251316,4.297874170069618,197772000
2019-07-31,4.192756652832031,4.329434046901546,4.150510981789956,4.328439629620456,359416000
2019-08-01,4.098326206207275,4.293650084947921,4.046140144004301,4.2031945913840305,421212000
2019-08-02,4.00563383102417,4.074966719270117,3.9581698316967517,4.00563383102417,428348000
2019-08-05,3.747190475463867,3.8232326092048896,3.7002232055085913,3.8219900612493567,589156000
2019-08-06,3.785956382751465,3.8674656693604224,3.7382437799019708,3.821989557739536,361272000
2019-08-07,3.824225425720215,3.8361536929844746,3.7076771635460073,3.725072355813286,372560000
2019-08-08,3.9328227043151855,3.93406525223203,3.8244750380792505,3.8818794246834787,309300000
2019-08-09,3.8314318656921387,3.8952973384140526,3.780985574301706,3.8918183001796574,341816000
2019-08-12,3.763591766357422,3.831433273853525,3.74172334870988,3.7792474441661086,279200000
2019-08-13,3.8779025077819824,3.923875824809681,3.7230848085127106,3.7620998110077326,351956000
2019-08-14,3.729297637939453,3.800866780355835,3.685561045125781,3.78968408704129,419880000
2019-08-15,3.6969923973083496,3.7680645736022633,3.6626989755670682,3.7481842810292747,477200000
2019-08-16,3.9651284217834473,4.014331947004111,3.898529224925841,3.9599098624874407,1007960000
2019-08-19,4.243948459625244,4.259852974982732,4.062292398566719,4.078445281262825,815112000
2019-08-20,4.171634197235107,4.238978716287921,4.150511123998606,4.23848150763034,463188000
2019-08-21,4.255131244659424,4.310299129980614,4.21611624238742,4.2377360509065225,427244000
2019-08-22,4.261343955993652,4.307317032917226,4.222080114827847,4.264822994528588,303488000
2019-08-23,4.0366973876953125,4.239228207190106,4.016817093841956,4.184805884992157,568056000
2019-08-26,4.111496448516846,4.139577601283121,4.0732270203060414,4.115472696142068,318208000
2019-08-27,4.0207929611206055,4.152499717672254,3.991469494917374,4.149766254548825,290968000
2019-08-28,4.010345935821533,4.063080889532141,3.95512342610678,3.9944261467383586,255612000
2019-08-29,4.154122829437256,4.186460102304133,4.098402629564038,4.101885112402821,357976000
2019-08-30,4.16680908203125,4.250140538122573,4.148650352270532,4.200390372594672,290616000
2019-09-03,4.0837273597717285,4.127009792381051,4.060842602635845,4.093926197508448,296140000
2019-09-04,4.197902679443359,4.205365346364056,4.144421419310178,4.144421419310178,227728000
2019-09-05,4.471031188964844,4.477249841928727,4.298398687795488,4.300139929603487,695676000
2019-09-06,4.4439167976379395,4.504611642699052,4.405858094235799,4.4476478942215945,376976000
2019-09-09,4.489935398101807,4.576500729411963,4.473517908889104,4.47501053730465,417524000
2019-09-10,4.556600570678711,4.583216421102719,4.4473991021568215,4.457100237555939,352812000
2019-09-11,4.585206508636475,4.6334640442989095,4.542172697486816,4.571276576602408,361512000
2019-09-12,4.583714008331299,4.686447734403449,4.575754114725706,4.631722932105672,327840000
2019-09-13,4.525755405426025,4.55411297162938,4.481975278246142,4.5170491975284275,324592000
2019-09-16,4.482721328735352,4.517297545052768,4.440185219158737,4.450632668021319,231832000
2019-09-17,4.50411319732666,4.5083419937217295,4.442920667869231,4.489436953762352,223048000
2019-09-18,4.476999282836914,4.512819509217272,4.390434447430027,4.49714833809561,258152000
2019-09-19,4.40138053894043,4.5013780992836665,4.39068400159089,4.482970281315716,245476000
2019-09-20,4.295661926269531,4.424017064453128,4.285463563425603,4.4003859940568715,350244000
2019-09-23,4.349143028259277,4.394664400006313,4.292179278874811,4.295910849970652,249712000
2019-09-24,4.29168176651001,4.410086668254638,4.256110620784115,4.380485561431668,317268000
2019-09-25,4.433467388153076,4.453118738750243,4.2464073494463905,4.291182386471811,308432000
2019-09-26,4.41132926940918,4.432473251531601,4.360335573582058,4.4237670454966755,234564000
2019-09-27,4.272528648376465,4.420286062353161,4.211833324278693,4.369540962500298,362056000
2019-09-30,4.329988479614258,4.34018731442526,4.26705470386503,4.298397522363803,186184000
2019-10-01,4.328248500823975,4.502373634110859,4.32352247629912,4.353123587643932,366008000
2019-10-02,4.304367542266846,4.318297472895194,4.231981246077953,4.306357396798702,293372000
2019-10-03,4.5100836753845215,4.516302326766023,4.278497624943742,4.308845042225726,450588000
2019-10-04,4.526501655578613,4.555854148776173,4.447150383760403,4.512322635451095,265524000
2019-10-07,4.585206508636475,4.684954975288734,4.582718952994288,4.59142516051558,480984000
2019-10-08,4.408594608306885,4.493418230078482,4.3904358760180395,4.493418230078482,444436000
2019-10-09,4.495157718658447,4.544659258534977,4.456601800774284,4.485456585893909,292412000
2019-10-10,4.552868843078613,4.603862548545048,4.487696592090179,4.492920316698572,309124000
2019-10-11,4.626499176025391,4.709830156761919,4.618041581553817,4.636946625271664,446404000
2019-10-14,4.639931678771973,4.66082657848643,4.586699027587535,4.617792763911028,200040000
2019-10-15,4.884701251983643,4.957336646960812,4.716297569258884,4.730227976474921,664124000
2019-10-16,4.830971717834473,4.955595756256816,4.819529340033394,4.850623077711028,428944000
2019-10-17,4.832961559295654,4.920521337360984,4.778484896092596,4.875497670479628,263436000
2019-10-18,4.738436698913574,4.866045516567658,4.664060533412796,4.833459151256394,307440000
2019-10-21,4.875746726989746,4.889179434086301,4.780972886449862,4.7998779319065354,261868000
2019-10-22,4.865795135498047,5.037929859940702,4.858083857390495,4.932708609031692,328720000
2019-10-23,4.852860927581787,4.867039471397555,4.751868456186786,4.783708500924184,279916000
2019-10-24,4.896889686584473,4.930470498367081,4.860074530882539,4.894153043526431,232020000
2019-10-25,5.087929725646973,5.108824622675186,4.969773447917292,4.9774847276947565,423092000
2019-10-28,5.143899440765381,5.1963853057561336,5.102357778187682,5.131710274242045,330792000
2019-10-29,5.047631740570068,5.1364355213270745,5.028229473069884,5.129967782525233,211236000
2019-10-30,5.049622535705566,5.080219045208822,4.981465024654051,5.074497619391619,205960000
2019-10-31,5.000368595123291,5.049621047031446,4.920520117184625,5.02872615369816,209732000
2019-11-01,5.039424419403076,5.07176169765493,4.939924079806765,4.965047777963528,283640000
2019-11-04,5.236184120178223,5.248621897272539,5.09738203875551,5.120515402690841,376716000
2019-11-05,5.214046478271484,5.262054929260456,5.166037552829756,5.235936305060283,300868000
2019-11-06,5.164793491363525,5.215538106277653,5.077233244131984,5.189917185601682,269012000
2019-11-07,5.182454586029053,5.266034650576195,5.137679534505487,5.251358404774702,280340000
2019-11-08,5.168524265289307,5.200115696871531,5.127978013857523,5.165539483490346,189100000
2019-11-11,5.1784749031066895,5.20160826865297,5.081462132826022,5.167778366615428,243436000
2019-11-12,5.214046478271484,5.2700152975952514,5.18170872734986,5.216782647313489,283504000
2019-11-13,5.188174724578857,5.210313157175211,5.121758477884603,5.182701913880438,300188000
2019-11-14,5.218522548675537,5.2207614906545725,5.137181440226778,5.197129953868862,518080000
2019-11-15,5.0792236328125,5.268024498867721,4.9909170704358345,5.216284481565721,1053628000
2019-11-18,5.280462265014648,5.307078113271968,5.068776172798881,5.071760954812264,574588000
2019-11-19,5.173748016357422,5.272999247095697,5.1155407381252616,5.249368182425701,414564000
2019-11-20,5.25309944152832,5.336928116030888,5.13817703517415,5.150863425798844,472588000
2019-11-21,5.228224754333496,5.304342154900513,5.206583541906653,5.248622426151944,288388000
2019-11-22,5.245885848999023,5.297376776547482,5.222254309204008,5.250860485498195,224100000
2019-11-25,5.502595901489258,5.507571012717317,5.361057165884172,5.373992170405496,506476000
2019-11-26,5.397873401641846,5.489661992184072,5.391405660864476,5.484935493238638,385244000
2019-11-27,5.432722568511963,5.47777945475488,5.406335877860473,5.443426997574796,215784000
2019-11-29,5.395382881164551,5.4302334079582915,5.3714851057615185,5.401855393170712,141556000
2019-12-02,5.2089314460754395,5.40185521984348,5.193746777660884,5.388412602909898,372036000
2019-12-03,5.169351577758789,5.173334223792447,4.987879092072044,5.025219010053087,465232000
2019-12-04,5.21316385269165,5.275397211411367,5.184536564656922,5.252993164288042,273424000
2019-12-05,5.1962361335754395,5.250752516142836,5.165617050679697,5.235069779695026,184884000
2019-12-06,5.281620502471924,5.31448018339394,5.255482605514145,5.265440170909214,232236000
2019-12-09,5.281620502471924,5.336386162539099,5.2500062294285685,5.258718861747828,211880000
2019-12-10,5.326676845550537,5.378455036133057,5.258966648356525,5.311740500326746,256388000
2019-12-11,5.410318374633789,5.415795224748547,5.334642882493308,5.33713227349042,233796000
2019-12-12,5.577850341796875,5.596022467788937,5.3724805808628355,5.38144200813465,404348000
2019-12-13,5.575859069824219,5.700076968743973,5.521840284647246,5.58083785159959,454704000
2019-12-16,5.604736328125,5.677176051341248,5.5952768306836145,5.623406526307511,320976000
2019-12-17,5.6829023361206055,5.7055551832581175,5.613947658189635,5.62340715669143,321196000
2019-12-18,5.71327018737793,5.773761007689279,5.709287067084748,5.717750900956038,343548000
2019-12-19,5.861386299133301,5.874828916776241,5.742894030781023,5.747872813226766,445360000
2019-12-20,5.958718776702881,5.9841098046043175,5.908683110859449,5.927850898812793,603044000
2019-12-23,5.945028305053711,6.019459349165906,5.93432434964063,5.987347008123816,355060000
2019-12-24,5.94005012512207,5.957226594706679,5.895242026171422,5.929594965340638,138864000
2019-12-26,5.954238414764404,5.9823676319209165,5.924614993192397,5.943533985610506,182852000
2019-12-27,5.896485328674316,5.982865246144272,5.870098164997517,5.969422630255517,254644000
2019-12-30,5.783221244812012,5.879807532386408,5.751855770938896,5.874579953407556,258056000
2019-12-31,5.8574042320251465,5.866863729686001,5.728705589378045,5.747873381405786,231004000
2020-01-02,5.972160339355469,5.972160339355469,5.89275100764334,5.9432842618967605,237536000
2020-01-03,5.876572132110596,5.920384568124533,5.827532116356606,5.852425556700953,205384000
2020-01-06,5.90121603012085,5.906443609620998,5.7570839240151415,5.78322182151588,262636000
2020-01-07,5.972658157348633,6.018461899718901,5.884535724479657,5.929592602191348,314856000
2020-01-08,5.983860492706299,6.025183524103696,5.928348456456895,5.968426555090206,277108000
2020-01-09,6.049581050872803,6.122020780027222,5.9958115214313645,6.070242573956829,255112000
2020-01-10,6.081940650939941,6.1872395630455745,6.067751644612036,6.156869752720593,316296000
2020-01-13,6.272624492645264,6.2977667270316795,6.142432131580578,6.165085449519322,319840000
2020-01-14,6.15562629699707,6.255199578572625,6.1424324751511294,6.229808071278928,359088000
2020-01-15,6.113058567047119,6.190725872236925,6.087169465317184,6.168321823632063,263104000
2020-01-16,6.196699619293213,6.202674063235496,6.1431788952956,6.166578602901696,284192000
2020-01-17,6.2054123878479,6.22333572006965,6.157866106744991,6.215867546276545,253792000
2020-01-21,6.172055244445801,6.205661312431895,6.137951108313541,6.16881898850275,217916000
2020-01-22,6.226073741912842,6.312702466469189,6.198442116859232,6.217361110121417,239240000
2020-01-23,6.294528961181641,6.302992794442738,6.177281652662504,6.26615095229859,244516000
2020-01-24,6.235284805297852,6.459822871530836,6.1810172135461805,6.410035994275518,373512000
2020-01-27,5.9793806076049805,6.030411937538711,5.780980460009184,5.930589397272543,470536000
2020-01-28,6.172802448272705,6.205163585072058,5.9920763461190765,6.04534827455803,310976000
2020-01-29,6.112311363220215,6.194459372234449,6.072481579489457,6.158363912642621,258848000
2020-01-30,6.11903190612793,6.132474522783302,5.959465881327927,6.0144798564624296,290504000
2020-01-31,5.885532855987549,6.085177473421294,5.843712223081829,6.073228585504566,370420000
2020-02-03,5.982616901397705,6.002033487145039,5.8611371803331815,5.867360420646927,255564000
2020-02-04,6.151890277862549,6.171058538803068,6.074472268619914,6.124507929724017,271544000
2020-02-05,6.242254734039307,6.283079706340834,6.158861788223002,6.272873344564743,208220000
2020-02-06,6.329132080078125,6.329132080078125,6.19545514360425,6.276607492554821,218284000
2020-02-07,6.262916088104248,6.311209232941691,6.237524582680928,6.289053983566939,189752000
2020-02-10,6.546201705932617,6.546948095887716,6.280589439315649,6.285568221166267,529608000
2020-02-11,6.66867733001709,6.783435747682598,6.592503763680259,6.654488322484865,638556000
2020-02-12,6.784430503845215,6.790903015050795,6.682616649102157,6.721450291927362,374644000
2020-02-13,6.74061918258667,6.807831322493325,6.699047345448062,6.726430174625478,528016000
2020-02-14,7.213840961456299,7.3427883742212625,7.119495275810167,7.150860747206375,1041924000
2020-02-18,7.382618427276611,7.401039827252744,7.091117506539812,7.11053409323562,620164000
2020-02-19,7.833934783935547,7.8516093193598975,7.505093939279053,7.505093939279053,694332000
2020-02-20,7.684573650360107,7.874260669430962,7.377140774089348,7.785889433473881,810052000
2020-02-21,7.320384502410889,7.597447597328472,7.235498310480774,7.572305365329303,768180000
2020-02-24,6.802851676940918,7.016685754399447,6.67141487324795,6.725931253197748,856916000
2020-02-25,6.523298740386963,6.940013135718908,6.421484896442499,6.878028591760105,1055496000
2020-02-26,6.662703514099121,6.856871772437385,6.52205645930819,6.523549714324081,747732000
2020-02-27,6.2918195724487305,6.650498252671427,6.19940995786706,6.349108393049855,906416000
2020-02-28,6.726964950561523,6.786495693722669,6.02256050177954,6.039248873472781,1133252000
2020-03-02,6.885382175445557,6.914276004520693,6.501048355361241,6.897089264400628,890744000
2020-03-03,6.62285041809082,7.000957317371102,6.537415074077582,6.941177613639033,652792000
2020-03-04,7.086641311645508,7.096106466640253,6.655479581012749,6.730204563879715,597408000
2020-03-05,6.8071699142456055,7.054010265920702,6.7625839721974765,6.8871251152401065,540328000
2020-03-06,6.626585006713867,6.685119494601601,6.426322640549813,6.627581263621702,515412000
2020-03-09,6.1134772300720215,6.461196160806149,5.932643489452157,5.975485398135527,614160000
2020-03-10,6.503041744232178,6.503041744232178,6.127176770902455,6.389958242991258,580648000
2020-03-11,6.139132022857666,6.391452544563444,6.041990066264939,6.363057079152088,499964000
2020-03-12,5.387899875640869,5.881331708270247,5.375196528899273,5.615809954885385,816540000
2020-03-13,5.998897552490234,6.003380946123381,5.470096072412743,5.741346375628971,634836000
2020-03-16,4.8919758796691895,5.631750563263404,4.832196188838089,5.290756572420966,726972000
2020-03-17,5.411810398101807,5.501231223478114,4.757471536800723,5.004311876934305,833632000
2020-03-18,5.051887512207031,5.229234097462733,4.500419555917958,4.984137280788348,874268000
2020-03-19,5.304707050323486,5.398361877485696,4.817003761398658,5.0304669485603615,765512000
2020-03-20,5.124868869781494,5.736863830889269,5.109425697692478,5.454902655235575,804636000
2020-03-23,5.297731399536133,5.392133997407695,4.944781813714114,5.123871959464408,643876000
2020-03-24,6.206633567810059,6.2933145908271175,5.68032284165725,5.703985492934075,1101644000
2020-03-25,6.117959499359131,6.521472557882373,6.069139106484016,6.321708542587317,793432000
2020-03-26,6.407393455505371,6.531436242149124,6.227057634565984,6.325195838645777,696108000
2020-03-27,6.2950568199157715,6.553853205968076,6.194178322618575,6.227057176911279,638828000
2020-03-30,6.615375995635986,6.624592203032004,6.316477082373676,6.360564655451832,602252000
2020-03-31,6.56580924987793,6.859726425112722,6.420095864659736,6.655478550310058,949960000
2020-04-01,6.054443836212158,6.51424997236048,6.009858362579114,6.367789729656198,656912000
2020-04-02,6.363306045532227,6.376507282646197,6.035513726718876,6.083586335487414,675764000
2020-04-03,6.075366497039795,6.367290694702099,5.937873057587825,6.325693996679395,663212000
2020-04-06,6.685368537902832,6.722232894552762,6.300038024268132,6.357576256090151,727884000
2020-04-07,6.451979637145996,6.9307161013045535,6.408888309949411,6.907052975629182,784520000
2020-04-08,6.6492533683776855,6.674161698811402,6.491086016473509,6.561078192199677,542444000
2020-04-09,6.549618721008301,6.797953695221328,6.486600838118989,6.775038360581628,525564000
2020-04-13,6.7214860916137695,6.730203934202917,6.401415370592808,6.489839474046614,398408000
2020-04-14,7.072691917419434,7.106815975372771,6.822114998119444,6.849763148211364,530948000
2020-04-15,6.9952263832092285,7.078170824771971,6.859227581537911,6.904560357066107,366148000
2020-04-16,7.340456485748291,7.447561969377229,7.137454718028842,7.15065595680032,745620000
2020-04-17,7.281175136566162,7.444074821625685,7.147168809453539,7.422653629911727,539120000
2020-04-20,7.149907112121582,7.310565303117694,7.105570589945106,7.154639926475193,449388000
2020-04-21,6.713018417358398,7.093117848745228,6.653238710820322,7.031843993981685,735160000
2020-04-22,7.127490997314453,7.170333379604967,6.859727770802727,6.905309503891519,483356000
2020-04-23,7.074186325073242,7.301598496548493,7.049029054031035,7.1695851787187115,424160000
2020-04-24,7.213173866271973,7.215166380143878,6.989248848195051,7.063973819432631,352328000
2020-04-27,7.3997368812561035,7.559647764396308,7.323019393606737,7.347678772706695,479388000
2020-04-28,7.25726318359375,7.577085016013423,7.251783531588021,7.547194925330189,442904000
2020-04-29,7.434110164642334,7.486915583304891,7.316792239294091,7.392015101973341,379160000
2020-04-30,7.280177116394043,7.43410997466194,7.266228569377762,7.3800588798870965,375916000
2020-05-01,7.043549537658691,7.1959877898838185,6.995227508667212,7.0826553577426115,342096000
2020-05-04,7.255517959594727,7.269217561570689,6.9962232042594215,6.9962232042594215,317556000
2020-05-05,7.3165435791015625,7.479194289752949,7.255518206879686,7.359634900393483,368896000
2020-05-06,7.417420864105225,7.5222848586380655,7.358139541389242,7.396000153425483,323464000
2020-05-07,7.593771457672119,7.65703828548651,7.505347361024475,7.556658155612086,373732000
2020-05-08,7.783822536468506,7.7900494994803156,7.631633223032695,7.66550833889682,339216000
2020-05-11,8.035894393920898,8.08272180357761,7.750196645774987,7.778841056732437,469060000
2020-05-12,7.773858547210693,8.142500246306604,7.764144447490592,8.093680327138136,493060000
2020-05-13,7.751441955566406,8.048845829380504,7.566871676430131,7.888437040614922,625852000
2020-05-14,8.001023292541504,8.006502944362586,7.659281913440745,7.812965860813262,602312000
2020-05-15,8.459582328796387,8.469295953031287,7.845096065259283,7.860788181491247,987660000
2020-05-18,8.71812915802002,8.883769110100179,8.648635365841923,8.728341623199956,774460000
2020-05-19,8.773176193237305,9.054140597698307,8.730582765622733,8.757981968752405,717320000
2020-05-20,8.93707275390625,9.00980473634849,8.85612082032211,8.957995574868523,587536000
2020-05-21,8.743038177490234,9.019269784718198,8.705426507238712,9.018274002825928,761068000
2020-05-22,8.993117332458496,9.059622838486286,8.68126653165921,8.792854928040327,1038764000
2020-05-26,8.685749053955078,9.148046532608788,8.640167324506367,9.123137730859893,770780000
2020-05-27,8.49395751953125,8.601062054218312,7.967396884856851,8.593340942368105,1175892000
2020-05-28,8.455846786499023,8.728342326374072,8.348491420727514,8.381370278290833,734896000
2020-05-29,8.842918395996094,8.842918395996094,8.453851825358742,8.523096665387579,745256000
2020-06-01,8.77392292022705,8.80829639643949,8.657601731278495,8.800824232105825,389876000
2020-06-02,8.792853355407715,8.804809388620695,8.6262176271479,8.763960479468725,391320000
2020-06-03,8.737309455871582,8.833704572769488,8.668064600878465,8.789866411031502,365440000
2020-06-04,8.738306999206543,8.914487794883852,8.649592527704726,8.69993003369928,424280000
2020-06-05,8.891313552856445,8.96806558794157,8.679995446646968,8.766217431862364,481748000
2020-06-08,8.776683807373047,8.861160479365633,8.657817013593998,8.848700868943123,387736000
2020-06-09,9.016907691955566,9.080452938826516,8.723106342386192,8.771699486873592,468488000
2020-06-10,9.336626052856445,9.469447753144577,9.124061710695678,9.138266635206357,632180000
2020-06-11,8.767960548400879,9.231464254182418,8.75774342237057,9.120572123559084,583652000
2020-06-12,8.903772354125977,9.157703311638054,8.675259683456822,9.133033152688672,570908000
2020-06-15,9.144247055053711,9.1527198178345,8.71562963502627,8.786900466028952,400004000
2020-06-16,9.03933334350586,9.23694649746912,8.810322587730733,9.195330819969957,535716000
2020-06-17,9.206298828125,9.269095958241236,9.041081346919098,9.084442356503143,408304000
2020-06-18,9.1883544921875,9.252646909884222,9.085186992478928,9.197325372464938,254408000
2020-06-19,9.231464385986328,9.414623578684754,9.197574288730356,9.21277544845155,524160000
2020-06-22,9.496110916137695,9.500596831669908,9.2434262051228,9.270090738006576,398468000
2020-06-23,9.419610023498535,9.611491086367392,9.377247153432558,9.520285055300157,375108000
2020-06-24,9.205799102783203,9.525766870379229,9.115091202286816,9.445774215524738,449372000
2020-06-25,9.459479331970215,9.474431433240637,9.152719326384089,9.325661400255632,376072000
2020-06-26,9.125555992126465,9.469446690750026,9.095652742430946,9.469446690750026,592084000
2020-06-29,9.17041015625,9.17489607089753,8.871374846138218,9.140257851375026,342248000
2020-06-30,9.467203140258789,9.4956110816732,9.236697088258037,9.284043974151075,367892000
2020-07-01,9.499350547790527,9.544954028394578,9.382727201096621,9.490130608274994,326648000
2020-07-02,9.58133602142334,9.706183063471682,9.547444974602962,9.607999601931159,364056000
2020-07-06,9.80760383605957,9.876880274228863,9.681261507065576,9.710417575388348,315892000
2020-07-07,9.84000015258789,10.03761235433685,9.819067784478827,9.914260627806415,357800000
2020-07-08,10.183143615722656,10.192115446243932,9.933449530178866,9.961608415928094,365480000
2020-07-09,10.475200653076172,10.536004334861001,10.200586422895487,10.346864892469583,494548000
2020-07-10,10.445548057556152,10.620981673566826,10.345371165118713,10.554695830541807,497676000
2020-07-13,10.019922256469727,10.757542216572244,9.992759602444872,10.560927150616669,457076000
2020-07-14,10.3436279296875,10.369295278645593,9.754029883454939,10.042599101327085,542676000
2020-07-15,10.194357872009277,10.399445665317455,10.023409234001255,10.380756728353095,403984000
2020-07-16,10.102157592773438,10.173925596233815,9.863676824476531,9.982792679061514,344964000
2020-07-17,10.168691635131836,10.21554041339797,10.055307952570034,10.19261461777992,266284000
2020-07-20,10.476946830749512,10.497381084457215,10.12408521745937,10.241207637017371,284852000
2020-07-21,10.295280456542969,10.52603651154205,10.253664781822273,10.47918679449388,277036000
2020-07-22,10.405179977416992,10.568403064693518,10.258403348190198,10.334159150450139,367292000
2020-07-23,10.097171783447266,10.51307953896417,9.998988320073043,10.416391380696087,411660000
2020-07-24,10.161713600158691,10.33141600100073,9.745556771564546,9.843241169450092,473292000
2020-07-27,10.387984275817871,10.408168519865557,10.184888934966365,10.199342918423486,292132000
2020-07-28,10.182646751403809,10.348611377375835,10.176417421816467,10.34088674251749,271636000
2020-07-29,10.431840896606445,10.482427454688489,10.313722257857174,10.35733135965204,284508000
2020-07-30,10.579865455627441,10.588836336512387,10.262140182585282,10.341633765622548,308880000
2020-07-31,10.580612182617188,10.731874707510553,10.399446405844317,10.529277490561459,386080000
2020-08-03,10.97484016418457,11.063055563257992,10.680788833939834,10.697983417269828,412720000
2020-08-04,11.19163990020752,11.19163990020752,10.870925002443792,11.014461932684958,310336000
2020-08-05,11.250452041625977,11.335178722582281,11.130339953317211,11.207840117330324,249924000
2020-08-06,11.299043655395508,11.321471331155298,11.142798052946382,11.313247628235027,244316000
2020-08-07,11.163481712341309,11.467750174407499,11.002003012203462,11.276118212824818,342516000
2020-08-10,11.129093170166016,11.371560768390546,10.821585021376052,11.297799346575667,427796000
2020-08-11,10.815107345581055,11.100935012820099,10.761031095897637,11.038136940705058,354512000
2020-08-12,11.403459548950195,11.430123135434767,10.923009269100167,10.955405018103972,464412000
2020-08-13,11.406197547912598,11.684051467097131,11.319228399501068,11.508865973672156,374460000
2020-08-14,11.526808738708496,11.66710599919739,11.403706060721607,11.49291769186189,366436000
2020-08-17,12.297323226928711,12.369839349029562,11.779245137203514,11.813135235638537,621300000
2020-08-18,12.22131633758545,12.45581018929201,12.047378057682662,12.409957657095925,503448000
2020-08-19,12.09946060180664,12.275392314685204,12.059090218322682,12.256952437629025,622624000
2020-08-20,12.101953506469727,12.335201151761469,11.840546973679533,11.936487959422175,921388000
2020-08-21,12.64271068572998,12.767557750103402,12.156030147155567,12.162509486784066,999868000
2020-08-24,12.679340362548828,12.870972315704087,12.467274157202104,12.842314360697754,490564000
2020-08-25,12.708996772766113,12.720210137156435,12.533313125792226,12.590129976948981,289076000
2020-08-26,12.73192024230957,12.827113095086357,12.636976448614934,12.758085705043182,321244000
2020-08-27,12.58763599395752,12.808673075097298,12.526084179489208,12.740392863056682,317604000
2020-08-28,13.105464935302734,13.105713994381041,12.60183991135932,12.634235653075363,537160000
2020-08-31,13.331487655639648,13.531342380353253,12.995820618913966,13.140353802146526,500840000
2020-09-01,13.780672073364258,13.952917530269286,13.397293496321756,13.44066651527279,511316000
2020-09-02,14.304640769958496,14.68378126938021,13.85944277330356,14.66084766276041,874012000
2020-09-03,12.977522850036621,13.843986724990549,12.841171644805272,13.788399501378418,945128000
2020-09-04,12.58566951751709,13.136557162328767,11.670597041485369,12.746448173086115,1463684000
2020-09-08,11.878238677978516,12.51338003337962,11.670098026330473,11.700259355443837,795728000
2020-09-09,12.677900314331055,12.77187503774411,12.196059725414154,12.363818889099557,736200000
2020-09-10,12.275826454162598,13.027127831819767,12.131498220967947,12.95134937614157,698684000
2020-09-11,12.129003524780273,12.615579429018476,11.861037562567969,12.449066927200123,636928000
2020-09-14,12.834689140319824,13.27614719918699,12.594393139992235,13.042830742844918,1201744000
2020-09-15,12.953091621398926,13.259943336543277,12.790318025576163,13.2412478600421,727556000
2020-09-16,12.477983474731445,13.054546124538994,12.47723607394946,12.919441547050237,556384000
2020-09-17,12.42713451385498,12.553016412831665,11.999635465667216,12.096850831868165,792512000
2020-09-18,12.15368366241455,12.59564003138331,11.953769154171695,12.557003402123641,698460000
2020-09-21,12.480728149414062,12.485962808528782,11.86976593304816,11.890206302227092,721044000
2020-09-22,12.600876808166504,12.611096993269177,12.120034595494912,12.538310029288043,646452000
2020-09-23,12.088375091552734,12.689865432542552,12.044005534485787,12.538806778942002,647012000
2020-09-24,12.311970710754395,12.532824815977994,11.978945617549236,12.037026082317416,731240000
2020-09-25,12.836182594299316,12.84590450777759,12.210015865522921,12.411176937151302,588016000
2020-09-28,12.996965408325195,13.013666868711299,12.712797153507108,13.002200066684653,573808000
2020-09-29,13.187159538269043,13.403526377731259,12.895513458671179,12.899750631913115,621460000
2020-09-30,13.491020202636719,13.582751766420662,13.111879744629505,13.119108422732165,689184000
2020-10-01,13.574774742126465,13.722591795558866,13.421472945822046,13.717856355284482,525004000
2020-10-02,13.02413558959961,13.48005101500636,13.01291792169018,13.186410942210593,552496000
2020-10-05,13.602693557739258,13.604438443946247,13.184168099894958,13.197379788701449,479820000
2020-10-06,13.696420669555664,14.100737949112155,13.625129460753673,13.789648000639717,784420000
2020-10-07,13.92325496673584,14.07805251907267,13.823048103619962,13.958901041754581,418084000
2020-10-08,13.798369407653809,14.043402752809419,13.717855517208713,14.033929971056136,378900000
2020-10-09,13.722591400146484,13.783912497257951,13.620889740605797,13.726829523980777,346892000
2020-10-12,14.184489250183105,14.305136468786147,13.871904571381894,13.948679555461162,434744000
2020-10-13,14.206676483154297,14.306634217269046,13.977846300513065,14.254785897155454,344604000
2020-10-14,14.054122924804688,14.300900235329213,13.919267466775741,14.248802781976442,276100000
2020-10-15,13.92923641204834,13.964881532170823,13.727576089528585,13.770450838000084,267224000
2020-10-16,13.771197319030762,14.08029315022283,13.75225270822214,13.995790277727234,242392000
2020-10-19,13.458365440368652,13.942697326105119,13.367630412305434,13.862432565530234,298068000
2020-10-20,13.605683326721191,13.75948337781822,13.467587249483108,13.543863965624142,229212000
2020-10-21,13.485284805297852,13.751256768821637,13.438172885249852,13.585242521221673,219596000
2020-10-22,13.322012901306152,13.572030806496068,13.193139525607359,13.48304162436699,290480000
2020-10-23,13.5505952835083,13.55358678850794,13.252467942914826,13.410754310920243,233484000
2020-10-26,13.102906227111816,13.652797384472526,13.000456205176109,13.387822856088881,336896000
2020-10-27,13.357659339904785,13.402777241599955,13.153007512204232,13.267173452039954,250520000
2020-10-28,12.590155601501465,13.22130894702688,12.572208473530731,13.159489582629648,376520000
2020-10-29,12.98599624633789,13.154253645097555,12.712795608646159,12.801037389221687,320080000
2020-10-30,12.497428894042969,12.898753687334388,12.264111450047963,12.812506859163562,416820000
2020-11-02,12.54404067993164,12.799293255507335,12.358832678357313,12.620815664385908,299652000
2020-11-03,12.981510162353516,13.066760445964261,12.565976243397154,12.671417759004495,272900000
2020-11-04,13.754000663757324,13.787154453240435,13.29808518565941,13.350182639287604,410228000
2020-11-05,14.118682861328125,14.29716046437122,13.950176307836214,14.121176099161731,319028000
2020-11-06,14.519508361816406,14.54617991735995,13.854454850206205,14.06857754794412,383348000
2020-11-09,13.590975761413574,14.64863054616949,13.571034615016483,14.510036203044763,582976000
2020-11-10,12.732738494873047,13.566796863191128,12.591401776686265,13.566796863191128,644068000
2020-11-11,13.378849029541016,13.395799624535597,12.910469268187597,13.015661659709846,404744000
2020-11-12,13.417485237121582,13.725832772565191,13.277145991940019,13.439670490086485,365812000
2020-11-13,13.258200645446777,13.628865795252274,13.021144322381677,13.587486796722393,346312000
2020-11-16,13.47581672668457,13.609674713231493,13.117614842843352,13.134066221502653,413776000
2020-11-17,13.383084297180176,13.556576360322524,13.264930318063392,13.51295421095362,312028000
2020-11-18,13.389566421508789,13.56605000060591,13.146528037574518,13.425959895699158,510924000
2020-11-19,13.401034355163574,13.448146283443393,13.061777123398173,13.174198194035736,565936000
2020-11-20,13.049562454223633,13.455125348358738,13.026877983117611,13.414743832829755,341088000
2020-11-23,13.10166072845459,13.343452520481213,12.977523718062494,13.132819547866056,361356000
2020-11-24,12.919941902160645,13.123595320692461,12.847404082477862,13.10415243884235,346500000
2020-11-25,13.196133613586426,13.230782205275162,12.982010870157552,12.994474207642163,259916000
2020-11-27,13.222556114196777,13.368380111336071,13.13207116150674,13.335974672983816,167276000
2020-11-30,13.362396240234375,13.373364775324069,12.934398961308828,13.226295119524549,286952000
2020-12-01,13.350931167602539,13.489276400657282,13.1896523285899,13.452882922722688,296948000
2020-12-02,13.50497817993164,13.6336014753466,13.195633192368692,13.311544018749284,283360000
2020-12-03,13.360858917236328,13.624166319653078,13.294035237752661,13.551856276641901,199520000
2020-12-04,13.522682189941406,13.524427591443576,13.353626500248337,13.413219358512091,202244000
2020-12-07,13.57105541229248,13.695229089623341,13.464585910101487,13.565570000052025,223244000
2020-12-08,13.31497859954834,13.563075773818994,13.246657781885267,13.549361768847865,271920000
2020-12-09,12.896827697753906,13.378809617367338,12.834491658640333,13.26560772797794,401300000
2020-12-10,12.938220977783203,13.034468233177286,12.815792695936159,12.835242273734892,207764000
2020-12-11,12.979113578796387,12.985845978513062,12.789362252958734,12.933233768068241,209264000
2020-12-14,13.273837089538574,13.353627148129704,13.043193921699451,13.053666331220567,270156000
2020-12-15,13.325451850891113,13.428679754315336,13.152157723854899,13.404493338692761,193016000
2020-12-16,13.207761764526367,13.402000716951177,13.177839777525831,13.387288930666692,223116000
2020-12-17,13.30625057220459,13.34440019553854,13.143927292068991,13.331683020312278,231384000
2020-12-18,13.237183570861816,13.369834090607293,13.036212231295044,13.343902274173757,342064000
2020-12-21,13.297274589538574,13.334925801874155,12.93348154488506,13.040450404506608,302332000
2020-12-22,13.243414878845215,13.302260110347465,13.019753347937547,13.284307682529706,185580000
2020-12-23,12.97512149810791,13.24017426672264,12.970883073592832,13.221224057653092,179144000
2020-12-24,12.959662437438965,13.09804852342096,12.904807368604905,13.003048268354469,97884000
2020-12-28,12.866161346435547,13.028235469588507,12.72977078886222,13.028235469588507,212564000
2020-12-29,12.909297943115234,13.03820942928166,12.808563046126832,12.891096302143335,170372000
2020-12-30,13.111266136169434,13.179087598885783,12.862919715851566,12.956173632603644,225396000
2020-12-31,13.020753860473633,13.116501747550478,12.881120772141596,13.102040119393992,192424000
2021-01-04,13.07909870147705,13.616685240425479,12.928494800361129,13.069873279195663,560640000
2021-01-05,13.369585990905762,13.40823403597086,13.05266954832319,13.065385774806634,322760000
2021-01-06,12.581408500671387,13.210254353866354,12.552983660244543,13.187813339939485,580424000
2021-01-07,13.30899715423584,13.342659157109757,12.852697719234886,12.933484623786828,461480000
2021-01-08,13.241920471191406,13.385791973828983,13.007786500606592,13.327446099963366,292528000
2021-01-11,13.585765838623047,13.924375632075392,13.327445465368644,13.383547520576082,518344000
2021-01-12,13.449377059936523,13.71842005450195,13.309994119134455,13.716424494239064,291476000
2021-01-13,13.496252059936523,13.589257712345871,13.34988752954743,13.45461162783204,210028000
2021-01-14,13.165621757507324,13.564073651721584,13.145923924873552,13.539388821333265,283120000
2021-01-15,12.825765609741211,13.290293549213,12.814794785631271,13.193298680322158,277780000
2021-01-19,12.991080284118652,13.059649356202366,12.810305200612568,12.982103118360685,226188000
2021-01-20,13.330689430236816,13.395269297234076,13.0224999802658,13.077355058100677,258572000
2021-01-21,13.831120491027832,13.962524966377716,13.218232516422713,13.383298033959763,337780000
2021-01-22,13.67652702331543,13.80543848122968,13.591500762261244,13.703955033559845,246820000
2021-01-25,13.617432594299316,13.792222906843277,13.201775917820182,13.745595479607013,251112000
2021-01-26,13.400005340576172,13.60895511614543,13.352380132256862,13.544873671973665,163980000
2021-01-27,12.883862495422363,13.19803571963846,12.7601872437414,13.195292538180821,371272000
2021-01-28,13.016764640808105,13.304757847049403,12.926502159511724,12.962158769235606,228316000
2021-01-29,12.955674171447754,13.29976940655163,12.877629511506997,13.04070043799861,271552000
2021-02-01,13.202276229858398,13.235937275956195,12.868902609137884,13.019008103662717,217204000
2021-02-02,13.521187782287598,13.536397032264457,13.250648611357782,13.36360226071687,220440000
2021-02-03,13.495007514953613,13.895204851054856,13.481044300306202,13.600230039282984,245408000
2021-02-04,13.628405570983887,13.637630993897472,13.302762124371323,13.495504883721802,201340000
2021-02-05,13.55534553527832,13.701212591949396,13.510214303137671,13.688994781359979,169152000
2021-02-08,14.400873184204102,14.435781216736476,13.691239490275796,13.691239490275796,434624000
2021-02-09,14.225833892822266,14.544994139772516,14.185190289145298,14.303129980095962,287560000
2021-02-10,14.725518226623535,14.865898923721097,14.303877720936091,14.425308208135256,485352000
2021-02-11,15.21074104309082,15.232185226295876,14.885846210981674,14.94095143652178,450828000
2021-02-12,14.922004699707031,15.251138984075041,14.736242576571744,15.010521780993543,374756000
2021-02-16,15.290033340454102,15.332173135949482,14.910780888030713,15.024731354146924,321960000
2021-02-17,14.866896629333496,15.183563832990215,14.74122676688984,15.131200835454731,274756000
2021-02-18,14.79010009765625,14.834233554075102,14.536765744563722,14.690362043535087,233868000
2021-02-19,14.887343406677246,15.137185992305723,14.807802555181839,14.98508589567165,271724000
2021-02-22,14.318090438842773,15.093550964129731,14.287420831821091,14.735990942930265,325884000
2021-02-23,14.104902267456055,14.201398727224001,13.354375726640503,14.038326844010633,391780000
2021-02-24,14.46096420288086,14.468694382045006,13.71991329290749,14.085701908686909,448320000
2021-02-25,13.272588729858398,14.337039136425972,13.181578649551222,14.008652562508509,824436000
2021-02-26,13.678523063659668,13.81815519173923,13.325950037913707,13.716422533300882,500932000
2021-03-01,13.805438995361328,13.888470650772712,13.517695986619382,13.838601625850457,353184000
2021-03-02,13.371081352233887,13.883982121132098,13.360858149770896,13.863535716206119,264116000
2021-03-03,12.771161079406738,13.416214025530346,12.76517630114152,13.391030778653375,377592000
2021-03-04,12.337797164916992,12.940961272362333,12.052048802733381,12.76716780529363,573344000
2021-03-05,12.428810119628906,12.517077981864157,11.648611779877376,12.517077981864157,542840000
2021-03-08,11.562838554382324,12.438534669142374,11.536158162594553,12.417340640984973,543112000
2021-03-09,12.491714477539062,12.58799398146457,12.031764735768222,12.102603013291521,521824000
2021-03-10,12.439838409423828,12.950421534928774,12.42911308853653,12.811239753691146,384376000
2021-03-11,12.963887214660645,13.016517582092941,12.70547765781812,12.920486405634026,299916000
2021-03-12,12.826701164245605,12.859376656505523,12.561307582910521,12.619424306120195,243964000
2021-03-15,13.161185264587402,13.176650006569224,12.738151829150855,12.835429461665072,221988000
2021-03-16,13.260957717895508,13.48170304132562,13.086854962061286,13.326058448869464,272128000
2021-03-17,13.310845375061035,13.422589637081526,12.959896649151197,13.01003218142403,243864000
2021-03-18,12.693506240844727,13.1539546850162,12.6880189347773,13.106563276432828,293896000
2021-03-19,12.816473007202148,12.892050714943613,12.583754944009304,12.720941376395766,299208000
2021-03-22,13.156198501586914,13.36397394916909,12.877335469562507,12.883322313284456,297804000
2021-03-23,13.040960311889648,13.31408575333248,12.991572664437872,13.224041429491782,222048000
2021-03-24,12.61418628692627,13.129260363528369,12.60795110155996,13.121278222518455,245840000
2021-03-25,12.506682395935059,12.685773901392986,12.244032933114475,12.47101443199076,295144000
2021-03-26,12.809989929199219,12.826951385393329,12.34530159713695,12.525888868201262,363968000
2021-03-29,12.91873836517334,13.032728151019679,12.671054165141,12.791029841995345,273520000
2021-03-30,12.842414855957031,12.945679342388935,12.676044928817321,12.812732786313775,200204000
2021-03-31,13.317829132080078,13.439800123062073,12.952912380524227,12.985837164442769,314776000
2021-04-01,13.780274391174316,13.838391118237665,13.480458342054213,13.541320149383736,308276000
2021-04-05,13.955620765686035,13.98206011736724,13.70170041776429,13.835894376270323,255672000
2021-04-06,13.829909324645996,14.022220023117734,13.74211053193706,13.967844602013875,191744000
2021-04-07,14.111268043518066,14.211039577939392,13.680252388675337,13.849116212600178,251284000
2021-04-08,14.284371376037598,14.438519272007431,14.216525559092238,14.220267811953875,244416000
2021-04-09,14.367182731628418,14.37516487301247,14.142696066400408,14.181606745832925,195172000
2021-04-12,15.174339294433594,15.31751259440971,14.107027353864249,14.257184670839154,869324000
2021-04-13,15.64376449584961,15.664217957010367,15.091276508804023,15.196785577827692,676212000
2021-04-14,15.24218463897705,15.684673482983216,15.192796983538434,15.58939113199646,385500000
2021-04-15,16.100479125976562,16.177303332003852,15.595880918248307,15.626810415908984,598480000
2021-04-16,15.876235961914062,16.128908929642876,15.829092898186087,16.01641488091177,335208000
2021-04-19,15.326740264892578,15.771474637871082,15.198283838019858,15.501092337451393,404420000
2021-04-20,15.136675834655762,15.461682865608829,14.928900380152339,15.288328909150504,334132000
2021-04-21,15.325492858886719,15.32748815614186,15.06783118973771,15.084293105718238,216776000
2021-04-22,14.816407203674316,15.403316768706386,14.749808798640005,15.339961078862977,277788000
2021-04-23,15.230460166931152,15.300051036777765,14.86629224305582,14.9002142001903,227500000
2021-04-26,15.44272518157959,15.44372330600664,15.090529983963508,15.150393662064413,197796000
2021-04-27,15.34669303894043,15.63478463455104,15.319504856082549,15.542994307256407,164572000
2021-04-28,15.241934776306152,15.49685329813541,15.180824627957126,15.329485232982506,209416000
2021-04-29,15.289822578430176,15.401317533525559,15.037149650786002,15.364900745251601,173196000
2021-04-30,14.97529125213623,15.329981249345485,14.962819931309065,15.139916112457653,201912000
2021-05-03,14.802935600280762,15.212001017227378,14.753798196085622,15.090528619389026,203912000
2021-05-04,14.318543434143066,14.604141189307825,13.978320963327217,14.60389189606982,405324000
2021-05-05,14.425548553466797,14.779739992598865,14.354710265640383,14.67547738242069,292024000
2021-05-06,14.489901542663574,14.538041777814561,14.185597291076173,14.462214770271128,193380000
2021-05-07,14.778491020202637,14.936629495667226,14.638311170156483,14.77450042599871,229328000
2021-05-10,14.233238220214844,14.772256812850337,14.217524183046908,14.753549353888255,268904000
2021-05-11,14.273646354675293,14.322035886373337,13.718664402624059,13.793493290883639,285584000
2021-05-12,13.727142333984375,14.22774875995346,13.67800493255943,13.977569717816017,303408000
2021-05-13,13.634105682373047,14.048659365726651,13.42832555148644,14.001765599303283,285404000
2021-05-14,14.210541725158691,14.295348057121027,13.717168479016108,13.858346487280304,258616000
2021-05-17,14.133214950561523,14.136956251657669,13.821926710452308,14.124734224043227,216980000
2021-05-18,13.983806610107422,14.371421392185121,13.972083168805666,14.23448425219446,186256000
2021-05-19,14.033693313598633,14.047412052526395,13.51238408884618,13.535580727514505,344000000
2021-05-20,14.579198837280273,14.650286423076341,14.237978235158963,14.269904897281023,321592000
2021-05-21,14.957584381103516,15.187310011640008,14.835613378029347,15.12919233394966,672992000
2021-05-24,15.576419830322266,15.709116137261757,15.141412676969354,15.17782946856189,554816000
2021-05-25,15.612086296081543,15.782446795902855,15.44721310107061,15.730066679757307,435408000
2021-05-26,15.664219856262207,15.757756202081648,15.550729584781761,15.698392060076491,370440000
2021-05-27,15.452702522277832,15.714105503916327,15.424766456507427,15.663969971167402,581476000
2021-05-28,16.207477569580078,16.24040330560908,15.46567322053801,15.46567322053801,644536000
2021-06-01,16.227432250976562,16.350900905100538,15.867005629586217,16.23292050791609,472804000
2021-06-02,16.740013122558594,16.88019395155139,16.19850061077245,16.215212773462195,594168000
2021-06-03,16.931072235107422,17.21966430504243,16.545204441050135,16.66268623436134,580008000
2021-06-04,17.53818702697754,17.620746842193533,17.056537358178723,17.07349690716464,617120000
2021-06-07,17.57884407043457,17.771903582760572,17.153566981858148,17.53120432837869,575756000
2021-06-08,17.417217254638672,17.58134165328646,17.211685437703707,17.4873067175246,323848000
2021-06-09,17.32265853881836,17.538965213865822,17.22036969325011,17.479836821102058,381656000
2021-06-10,17.389270782470703,17.456134744782876,17.140782690693,17.314425705549816,287772000
2021-06-11,17.78870391845703,17.90247050661968,17.40798585561609,17.443661994784094,416308000
2021-06-14,17.981801986694336,18.002509484726332,17.62653296585785,17.86928407777206,321376000
2021-06-15,17.75202751159668,17.97931132521287,17.69165236370676,17.878269225821697,243032000
2021-06-16,17.773731231689453,17.91793568012031,17.548444139459,17.754272386965212,307124000
2021-06-17,18.61899757385254,18.796382777873085,17.719845770791785,17.738057866594737,809656000
2021-06-18,18.60053253173828,19.335272822869825,18.545894351454166,18.74548502583953,968856000
2021-06-21,18.389467239379883,18.498494256767234,17.786206870403326,18.39745025777969,672384000
2021-06-22,18.848024368286133,18.924868057922353,18.34830150419991,18.43362691291713,580144000
2021-06-23,19.01817512512207,19.11348026123593,18.86898175836073,18.9687771045024,332356000
2021-06-24,19.166118621826172,19.380179214268757,19.04910860227057,19.18832412486223,320924000
2021-06-25,18.991979598999023,19.305835565574505,18.855760067993472,19.24096830647944,278364000
2021-06-28,19.94402313232422,20.03758090623226,19.279388341021416,19.32155139135176,495436000
2021-06-29,19.985685348510742,20.05753631027192,19.61669255304675,19.84173026779028,367632000
2021-06-30,19.961490631103516,20.12116244061837,19.82302502560131,19.95824717255962,326568000
2021-07-01,20.170557022094727,20.41405620450806,19.977951959245576,20.083735514290062,480136000
2021-07-02,20.44499397277832,20.463207970031252,20.24615323612554,20.398340709880483,342764000
2021-07-06,20.656057357788086,20.799262486376495,20.308522008641315,20.694976946599773,446708000
2021-07-07,20.329980850219727,20.832199138087294,20.29031320400236,20.81074358587222,418428000
2021-07-08,19.861940383911133,20.091717673491328,19.66035491019757,19.815785826411023,503300000
2021-07-09,20.00913429260254,20.039073460189652,19.713741738805304,19.921564749464846,296624000
2021-07-12,20.470441818237305,20.49064871386537,20.146356789005843,20.19849956395264,321984000
2021-07-13,20.208477020263672,20.41929415298804,20.072756210423613,20.35866776259471,290708000
2021-07-14,19.800819396972656,20.375888019520424,19.71225242212765,20.316011567173568,380100000
2021-07-15,18.92736053466797,19.806305274882078,18.819831529208127,19.771127841795916,550564000
2021-07-16,18.12375831604004,19.117716205739104,18.03593942380129,18.99147642918106,688224000
2021-07-19,18.74124526977539,19.00295655360081,17.828868501426797,17.878517774320905,749060000
2021-07-20,18.57383918762207,18.799375650601363,18.126757771110505,18.69159728177998,434687000
2021-07-21,19.37019920349121,19.48695987098861,18.70356968352758,18.84328200125946,371017000
2021-07-22,19.55382537841797,19.846223896044886,19.236476596697116,19.601727296802768,323826000
2021-07-23,19.51789665222168,19.659605677493342,19.21052764646078,19.615695275688186,195672000
2021-07-26,19.25444221496582,19.402137583425255,18.8752202614878,19.271407557892836,203943000
2021-07-27,19.16861343383789,19.581764069185333,18.702570076115773,19.225495761297395,248863000
2021-07-28,19.4630126953125,19.605719148054416,18.956054841013263,19.279389940593333,202191000
2021-07-29,19.621685028076172,19.8122933800188,19.288368334942337,19.478976686884963,190781000
2021-07-30,19.45901870727539,19.589748711840976,19.223502553973766,19.378183515098645,183497000
2021-08-02,19.709505081176758,19.920072893515012,19.321302738209415,19.65960836133373,217444000
2021-08-03,19.774370193481445,20.18053523537102,19.18058901323196,19.699523218402682,301811000
2021-08-04,20.23242950439453,20.276339909269765,19.787342950872905,19.9490114340355,231309000
2021-08-05,20.594682693481445,20.690486514235243,20.30028751870424,20.457964481741737,211435000
2021-08-06,20.32423973083496,20.52782191080842,20.168559464200868,20.481916703623906,178497000
2021-08-09,20.253387451171875,20.465950063739957,20.10169868378159,20.404076913702454,146443000
2021-08-10,19.895124435424805,20.38811102969267,19.794329787926134,20.280332668750773,179238000
2021-08-11,19.658607482910156,20.007890204166962,19.390159953866657,20.001901989165006,185925000
2021-08-12,19.86418914794922,19.987933553534155,19.57977364024572,19.829261061279524,151652000
2021-08-13,20.1466064453125,20.1725541097233,19.810297533456417,19.86418766511711,183063000
2021-08-16,19.909095764160156,20.245404680922952,19.413113156362577,20.09371591167451,210876000
2021-08-17,19.418106079101562,19.729466669758875,19.22749769540796,19.64463995270253,204585000
2021-08-18,19.000961303710938,19.593743229252496,18.96104240604806,19.460017206207215,285913000
2021-08-19,19.757410049438477,20.452981547549747,18.723532875955772,19.454032464038942,766555000
2021-08-20,20.773319244384766,20.822218562508386,19.892130309855503,19.950010047710816,675741000
2021-08-23,21.912979125976562,21.95189872166772,20.90704643315834,20.9280032849488,575807000
2021-08-24,21.748313903808594,21.913973895266203,21.49084349746949,21.708396911428117,297299000
2021-08-25,22.167455673217773,22.423928711519626,21.67746315503596,21.692431791193993,347701000
2021-08-26,22.022754669189453,22.294196346774118,21.745324775697455,22.154483998522892,237940000
2021-08-27,22.58958625793457,22.675410362974578,22.121548044348277,22.13851338507931,304722000
2021-08-30,22.641483306884766,22.995755005879793,22.50476506119798,22.78319236717039,262580000
2021-08-31,22.34304428100586,22.652462718522884,22.078541576658544,22.652462718522884,259850000
2021-09-01,22.398935317993164,22.65445597508717,22.31509313782046,22.442853466367463,201767000
2021-09-02,22.354019165039062,22.55065039604721,22.25320865455279,22.475790220167823,187834000
2021-09-03,22.80018424987793,22.942915865127908,22.158389818039435,22.283155522186565,280532000
2021-09-07,22.619524002075195,22.856079292366953,22.47978511733156,22.790203015084845,198107000
2021-09-08,22.297128677368164,22.567620625993627,21.93580579054596,22.47080232009072,254434000
2021-09-09,22.13543128967285,22.49575468914605,22.089517984597006,22.270178472986,196856000
2021-09-10,22.435871124267578,22.583592546496956,22.22826078665181,22.306113711370834,248376000
2021-09-13,22.110477447509766,22.92095566229526,21.817027913529255,22.64147982499128,297500000
2021-09-14,22.20030975341797,22.367994119992584,22.04460202569577,22.233246938092215,199755000
2021-09-15,22.29912567138672,22.325077914090357,21.924828537182147,22.26718606048304,166538000
2021-09-16,22.20030975341797,22.235243996454347,21.8858996623171,22.141420328903294,156033000
2021-09-17,21.858951568603516,22.27916199923843,21.78908307702213,22.258201451764013,294503000
2021-09-20,21.073423385620117,21.392823223374187,20.623268596762017,21.10636056579907,349440000
2021-09-21,21.2061767578125,21.384840189083846,20.9107320527546,21.37685576304197,204688000
2021-09-22,21.899873733520508,21.91883722130404,21.156269325247195,21.32595075308163,268726000
2021-09-23,22.439861297607422,22.49276145465925,21.84896995109328,22.098501364527507,248555000
2021-09-24,22.039609909057617,22.107483239240203,21.82002297078628,22.028630847710065,217655000
2021-09-27,21.619401931762695,21.75814133943312,21.285030745012563,21.66930745391913,245215000
2021-09-28,20.66019630432129,21.37884778442863,20.61228595181106,21.174232161069856,343069000
2021-09-29,20.478546142578125,20.977609015916958,20.428638712979975,20.900753668486963,218394000
2021-09-30,20.67717170715332,21.02651608463032,20.649224309257054,20.729074289499767,221009000
2021-10-01,20.703123092651367,20.81990247026338,20.165131897885484,20.7111075192128,240978000
2021-10-04,19.695016860961914,20.503498153044173,19.518348564592845,20.46556926945102,345635000
2021-10-05,20.412670135498047,20.60930141285783,19.816788934804713,19.912609677914286,279282000
2021-10-06,20.661195755004883,20.681156815377463,20.04235719290188,20.082283121193125,297202000
2021-10-07,21.035499572753906,21.28203635803416,20.932691987531594,21.0524660036176,256919000
2021-10-08,20.791954040527344,21.166251145772502,20.73605924982708,21.061448413209504,151258000
2021-10-11,20.65620994567871,21.02352021397934,20.472554811528397,20.536435934235318,163388000
2021-10-12,20.632253646850586,21.01752980565477,20.489522037442182,20.788958953630814,162134000
2021-10-13,20.899751663208008,20.950656664118235,20.674175439233597,20.878791116440304,180652000
2021-10-14,21.705236434936523,21.714218436998244,21.082405602697325,21.248094793760433,243589000
2021-10-15,21.82101821899414,21.889889119100992,21.621394270174367,21.76911564962182,226994000
2021-10-18,22.18034553527832,22.249216440176646,21.603427961486776,21.708232588464817,189494000
2021-10-19,22.248220443725586,22.337052418565072,21.9956944090803,22.23424484253194,161473000
2021-10-20,22.061574935913086,22.390956369863062,21.940801426169116,22.263196010062185,146276000
2021-10-21,22.64946746826172,22.66843286145896,22.04160967270452,22.05558337136621,187590000
2021-10-22,22.68340492248535,23.086647042833416,22.51871516881252,22.780223239069972,249384000
2021-10-25,23.122573852539062,23.31121873454857,22.72731627747548,22.929934854448657,230235000
2021-10-26,24.67066764831543,25.21165340368274,23.879154838322947,23.944033530481246,485898000
2021-10-27,24.40517234802246,25.042974626234543,24.236488475832797,24.428129955547263,245990000
2021-10-28,24.894248962402344,24.903232868960202,24.477033219667174,24.83136732781748,234204000
2021-10-29,25.51907730102539,25.66081133782431,24.953140634941878,24.954138212280494,292503000
2021-11-01,25.778587341308594,25.8454611872979,25.179711651543062,25.600921502231532,265740000
2021-11-02,26.351512908935547,26.627994125241784,25.751639593772857,25.773599620972107,294112000
2021-11-03,26.548145294189453,26.733797485295405,26.185826723233117,26.62001084272468,239910000
2021-11-04,29.745141983032227,31.30620961912634,27.067170400192616,27.177962404141628,1153631000
2021-11-05,29.696231842041016,31.341141542276063,29.35487194821832,30.130415918427726,851260000
2021-11-08,30.746265411376953,31.04171015120419,29.850945379937016,30.0924923819784,503101000
2021-11-09,30.599538803100586,32.24944234715114,29.90783881318145,32.221494949731124,646746000
2021-11-10,29.403779983520508,30.79217335906481,28.724056732933512,29.30097431677463,636206000
2021-11-11,30.333036422729492,30.53266230455437,29.721186464615332,30.410891240075124,332172000
2021-11-12,30.333036422729492,30.622493760998218,29.574460737077853,29.95374953179042,413054000
2021-11-15,29.968719482421875,30.586558684672315,29.19217792054809,30.494732077656263,384909000
2021-11-16,30.146387100219727,30.333036864576925,29.65031892792296,29.70322098675446,264484000
2021-11-17,29.206153869628906,30.451815757988463,28.7460175104748,30.360984817465404,428508000
2021-11-18,31.61562728881836,32.69859263971445,31.262290738721653,32.30633153707258,781711000
2021-11-19,32.92317581176758,33.0259833953756,31.84520016505162,32.182565986384056,533867000
2021-11-22,31.89609718322754,34.58205283204877,31.840202400085218,33.45416997463953,754335000
2021-11-23,31.68649673461914,32.299346195049736,30.822118806678535,31.475891783715838,532163000
2021-11-24,32.61275863647461,32.79341914298425,30.87003088944136,31.40203282737438,435162000
2021-11-26,31.443950653076172,32.648687064891426,31.29123755997602,32.538892641019984,283069000
2021-11-29,33.313438415527344,33.34937023539346,31.975950001854695,32.305333266978955,454964000
2021-11-30,32.61475372314453,33.29048676445909,31.80427729283025,33.10682971857124,622066000
2021-12-01,31.379920959472656,33.23067448810756,31.325017022507975,33.16079744251858,484368000
2021-12-02,32.069705963134766,32.421090351510074,30.970635382098994,31.15930528417701,472890000
2021-12-03,30.63922119140625,32.07270588626798,30.077206037814552,31.943930302637863,544325000
2021-12-06,29.9843692779541,30.188010393635505,27.988871413712186,29.827642883464886,658938000
2021-12-07,32.37017822265625,32.392142841620974,30.597291131834343,30.902756606380816,593053000
2021-12-08,31.770235061645508,32.233422746850074,31.36594401255075,31.94293226813798,475551000
2021-12-09,30.43657875061035,32.14857598401678,30.37468710560019,31.678398641050755,488507000
2021-12-10,30.145090103149414,31.25015088115644,29.80868066675237,31.09542177088219,488825000
2021-12-13,28.111656188964844,30.240920116532646,28.06673496085565,30.195998888423453,598344000
2021-12-14,28.287349700927734,28.627751827545833,27.202254376108797,27.65046707434762,667035000
2021-12-15,30.405630111694336,30.44655863805575,27.78922227506093,28.350237826437468,698297000
2021-12-16,28.337263107299805,31.105405331789036,28.043779495511,31.097419927170883,707366000
2021-12-17,27.752288818359375,28.871324937395045,27.711360291314012,27.93596643631338,713758000
2021-12-20,27.67043113708496,28.094685698240124,27.09743748345742,27.257156982057477,461847000
2021-12-21,29.02405548095703,29.068976708015693,27.352986976778755,28.324283561491015,524385000
2021-12-22,29.348485946655273,29.503215046409085,28.399152043018393,28.840378926185185,395184000
2021-12-23,29.58806800842285,30.006334515218413,29.379434556816037,29.702866291785355,343022000
2021-12-27,30.890779495239258,31.032530888330538,29.58806574290571,29.60803115692007,403686000
2021-12-28,30.268869400024414,31.275102573879263,29.959411220282004,31.257134464347306,420591000
2021-12-29,29.948429107666016,30.494471490469774,29.314541581042764,30.21995375002825,343139000
2021-12-30,29.534156799316406,30.403630832640008,29.48823787745709,29.77473371741111,308864000
2021-12-31,29.359466552734375,29.977383352467218,29.279606801609862,29.6220062223588,266530000
2022-01-03,30.068220138549805,30.657186451057335,29.73280845983245,29.762756577148686,391547000
2022-01-04,29.23868179321289,30.414617312262283,28.299330538133866,30.2239519793228,527154000
2022-01-05,27.55562973022461,29.364454845205913,27.484754996190166,28.89827220752066,498064000
2022-01-06,28.12862777709961,28.38817244992483,27.017578941512586,27.59157032025487,454186000
2022-01-07,27.199260711669922,28.37220315551902,27.009593074484567,28.09169535399985,409939000
2022-01-10,27.351987838745117,27.42086717687943,25.599064280215813,26.534422691681613,594681000
2022-01-11,27.768259048461914,28.01582560455743,26.791973944653037,27.27512514321652,404089000
2022-01-12,27.949941635131836,28.544896110029402,27.559625985910053,28.017821375861725,383413000
2022-01-13,26.52843475341797,28.430095501153286,26.45156810766358,28.329272645820687,540171000
2022-01-14,26.894790649414062,27.149344895054742,26.164072937043017,26.253915387974256,395832000
2022-01-18,25.857614517211914,26.591327312716324,25.724848128999263,26.213989357999964,424270000
2022-01-19,25.023075103759766,26.496488575055174,25.00810199719987,26.033302835009554,488315000
2022-01-20,24.107688903808594,25.534186153810243,24.035814544898503,25.259668333648168,435181000
2022-01-21,23.333044052124023,24.779504484725948,23.222238488118958,23.465810427443177,718958000
2022-01-24,23.33104705810547,23.339032461596926,20.851400297392644,22.290873045084584,913982000
2022-01-25,22.284879684448242,22.9027963587027,21.961448043673194,22.506490782018073,664616000
2022-01-26,22.73209571838379,24.01484384553794,22.260922687646417,23.199276047776902,755959000
2022-01-27,21.90555191040039,23.952958923898915,21.637022223060633,23.526707029785165,573353000
2022-01-28,22.799978256225586,22.817946364989552,21.258683139923846,21.973428117025183,543774000
2022-01-31,24.443096160888672,24.466056576635847,23.01160877298067,23.141380151708606,564680000
2022-02-01,24.594831466674805,25.100943105440315,23.848140964476304,25.060014577270604,518925000
2022-02-02,25.197772979736328,25.771764354982583,24.509979124936994,25.748805842376743,543419000
2022-02-03,23.906038284301758,25.033059761828103,23.73833338493086,24.41514489111472,410178000
2022-02-04,24.276390075683594,24.591836385830984,23.59059351816587,23.929997944628848,354829000
2022-02-07,24.684675216674805,25.137878340746738,24.159595835665748,24.3292980583028,376868000
2022-02-08,25.064006805419922,25.185792784105224,23.937982972320302,24.316318617844477,410359000
2022-02-09,26.658205032348633,26.678170443519875,25.30857484367897,25.57710257910848,524282000
2022-02-10,25.778751373291016,26.87782206679956,25.55514483417539,25.949453184069903,513200000
2022-02-11,23.90703582763672,26.106176738658828,23.73134552582586,25.870590198315274,605472000
2022-02-14,24.2244815826416,24.831416097685928,23.71337763060002,23.892064854710046,440424000
2022-02-15,26.448577880859375,26.49848951224235,24.74057535116085,24.905285257930018,699869000
2022-02-16,26.464548110961914,26.5354247584652,25.50722879997539,26.212990752516394,732676000
2022-02-17,24.46405601501465,25.739816436110125,24.12265625072454,25.585087359308258,810595000
2022-02-18,23.600574493408203,24.942219388593067,23.05952437299927,24.624775798711664,761255000
2022-02-22,23.349016189575195,24.02183501533585,22.959700144237637,22.994638666049642,633422000
2022-02-23,22.347776412963867,24.11268037576137,22.261928549910287,23.76029820297086,566511000
2022-02-24,23.706388473510742,23.758297405959556,20.853396395775633,20.978177373546444,735801000
2022-02-25,24.114667892456055,24.174562217893858,23.340028650907477,23.679433001732153,528866000
2022-02-28,24.342273712158203,24.621783791712947,23.665462181929623,23.94996266290202,477319000
2022-03-01,23.435861587524414,24.3342860810021,23.091466801028947,24.248436333224337,412056000
2022-03-02,24.181678771972656,24.37038082049771,23.377954031259083,23.718414109766783,389642000
2022-03-03,23.676483154296875,24.287514431211836,23.431869927038584,24.2236146029454,365095000
2022-03-04,22.89971160888672,23.642533938176978,22.446429452930165,23.347002740032476,431415000
2022-03-07,21.318218231201172,22.996560377460327,21.29625367731159,22.780900603372093,450821000
2022-03-08,21.479965209960938,22.337605542188697,20.617331721210327,21.275289592142627,557467000
2022-03-09,22.977588653564453,23.183262108859935,22.21180195407909,22.351579845606995,492742000
2022-03-10,22.622150421142578,22.751943891294133,21.847377268799907,22.495350558912122,428066000
2022-03-11,22.065034866333008,23.10838159577832,22.011119449291616,22.98557510333111,367209000
2022-03-14,21.29625129699707,22.22677588125091,21.125522327882823,21.83439804179049,385354000
2022-03-15,22.93665313720703,23.001550831506428,21.288266174917517,21.483955222900324,491996000
2022-03-16,24.457246780395508,24.558086827363052,23.13534198778977,23.462822196971896,671422000
2022-03-17,24.726816177368164,24.80269423972406,23.868176253173743,24.081838364861714,471941000
2022-03-18,26.41114616394043,26.52696376041995,24.58504137175166,24.759763731529954,730719000
2022-03-21,26.691701889038086,27.109041720804736,25.92591520481067,26.465061754529117,591727000
2022-03-22,26.482032775878906,27.194903755752875,26.030748284508523,26.684710697105984,547007000
2022-03-23,25.593446731567383,26.569898230749118,25.534540056766478,26.08466704185797,502120000
2022-03-24,28.1054630279541,28.275194144251657,25.86601168572694,26.12460269441279,877379000
2022-03-25,27.6481876373291,28.313134317487354,27.227854178048023,27.841880951681336,579016000
2022-03-28,28.174354553222656,28.205305645201793,27.162956734082435,27.7120877211009,425494000
2022-03-29,28.61066436767578,28.90020457741188,27.935733252172543,28.649602225179738,488984000
2022-03-30,27.64619255065918,28.45091714497132,27.45948812666077,28.259221469312404,463487000
2022-03-31,27.24283218383789,28.20331016980752,27.226858654060223,27.738047789237637,523440000
2022-04-01,26.669736862182617,27.45249683388837,26.225441234293676,27.331687987480848,517235000
2022-04-04,27.316715240478516,27.51440194539432,26.57089730394758,26.685715137656494,397120000
2022-04-05,25.88997459411621,27.275779141436164,25.779150145109142,27.21088144403923,436615000
2022-04-06,24.368385314941406,25.259972150743756,23.96502515298765,24.894551975696334,703833000
2022-04-07,24.169700622558594,24.68288736044798,23.44085601511471,24.402331794404898,557992000
2022-04-08,23.082422256469727,23.885151078408647,23.025513229987922,23.879160053200785,524781000
2022-04-11,21.882322311401367,22.284684555047285,21.625728972293903,22.178853275805785,575207000
2022-04-12,21.4699764251709,22.689045248795317,21.24832754814828,22.50134297361651,662258000
2022-04-13,22.167871475219727,22.46440247145248,21.421055702716224,21.693624502064967,516943000
2022-04-14,21.224369049072266,22.740966981123965,21.129520025596825,22.469396023411957,569097000
2022-04-18,21.748538970947266,22.05305484356052,21.04565226764047,21.166461128057538,525701000
2022-04-19,22.16288185119629,22.337604232627974,21.280279596760053,21.685637426012697,512781000
2022-04-20,21.448013305664062,22.634133476038546,21.16645987408989,22.481375661869,468974000
2022-04-21,20.15106773376465,22.356572366335204,19.968356706220785,21.674652421135818,656209000
2022-04-22,19.4841251373291,20.453589609860156,19.469149477885896,20.27087856646262,624713000
2022-04-25,19.87051010131836,19.913441332471923,19.065785654195032,19.171616928153874,641566000
2022-04-26,18.758277893066406,19.756695914485604,18.64046453606964,19.68680695767926,653143000
2022-04-27,18.385866165161133,19.136675313654155,18.261063930223024,18.568575296461518,499460000
2022-04-28,19.750699996948242,20.005297595782352,18.460744415559034,18.93698897780138,570327000
2022-04-29,18.517662048339844,20.096160496422968,18.487708818706437,19.37130909741148,500435000
2022-05-02,19.502094268798828,19.543027856618576,18.361901034538207,18.511663311668162,572049000
2022-05-03,19.570987701416016,19.79363637931418,19.102729825683173,19.36930761313559,475751000
2022-05-04,20.30182647705078,20.367722034335905,18.721330971525965,19.891477476244106,648855000
2022-05-05,18.81418800354004,19.893477199554358,18.47073236054234,19.835570298208268,626331000
2022-05-06,18.64545440673828,19.481130122104307,17.96153864595354,18.706358724203252,633297000
2022-05-09,16.923181533813477,18.226115090964225,16.80037505432512,18.00546600339944,644455000
2022-05-10,17.56715965270996,18.169206196741058,16.99806183902758,17.661010784242496,761474000
2022-05-11,16.603689193725586,17.72491361626801,16.54178891271083,17.31955580309831,670167000
2022-05-12,16.149412155151367,16.761443324487846,15.54237509495237,16.193343176578434,708728000
2022-05-13,17.67798614501953,17.89963503357807,16.566748093964986,16.76143927351917,670437000
2022-05-16,17.23668670654297,17.759857858030514,17.07893763682731,17.481299931962116,521446000
2022-05-17,18.14824104309082,18.34193434694822,17.606100889632476,18.04540336617062,585830000
2022-05-18,16.911203384399414,18.08933689945816,16.837321048409155,17.676990169187597,545161000
2022-05-19,17.096906661987305,17.659015599508766,16.707522431730485,16.91020226237054,621310000
2022-05-20,16.66758918762207,17.382456030278203,15.73007462070742,17.30458031525228,739105000
2022-05-23,16.871265411376953,16.88823871274261,16.153403120038337,16.24825212947614,639889000
2022-05-24,16.128442764282227,16.570742704777313,15.755034857703096,16.483880450468337,588550000
2022-05-25,16.94814109802246,17.08392558737522,15.974683444742341,15.994652256087628,781132000
2022-05-26,17.8227596282959,18.063377590380153,15.996652626042534,16.01063041716501,996575000
2022-05-27,18.781238555908203,18.85112749906634,18.071363039501787,18.15722741438073,738379000
2022-05-31,18.642459869384766,19.169624397490942,18.320968803583344,18.949971241226027,664100000
2022-06-01,18.291015625,19.022855747717312,18.093328926485647,18.694377690643833,544514000
2022-06-02,19.561002731323242,19.587960441440174,18.16920906482629,18.26306021117362,648656000
2022-06-03,18.69038200378418,19.30141516237342,18.492695309504686,19.051810692697362,598779000
2022-06-06,18.756277084350586,19.306405915466303,18.53462819912293,19.10871922629009,422406000
2022-06-07,18.896055221557617,18.969937542043855,18.15922204233919,18.442773083805278,388914000
2022-06-08,18.6224365234375,19.15370680321302,18.509590564455205,18.773228590865152,363252000
2022-06-09,18.02325439453125,18.9070411835203,18.016264022834164,18.455661264165464,395574000
2022-06-10,16.950729370117188,17.672737701708236,16.84587187879017,17.575870567979027,465248000
2022-06-13,15.625545501708984,16.289633630733015,15.584601354268058,15.978061163758134,604153000
2022-06-14,15.814290046691895,16.043974270605464,15.390870591285378,15.709433501416706,469680000
2022-06-15,16.50434112548828,16.844873202123953,15.904164340254262,16.072932305621386,563936000
2022-06-16,15.579609870910645,15.920142894443504,15.379884274081553,15.838254590231825,545749000
2022-06-17,15.858227729797363,15.973069829679215,15.306984507524353,15.626545464540554,630334000
2022-06-21,16.543289184570312,16.98468267040784,16.38450676600433,16.452414335241084,483089000
2022-06-22,16.337566375732422,16.639152293169598,16.157812902398156,16.2037493508829,437135000
2022-06-23,16.20275115966797,16.562256199139117,15.831260587165808,16.496346719683878,463680000
2022-06-24,17.102519989013672,17.11650073429401,16.287638726739992,16.4773787732115,472153000
2022-06-27,16.845870971679688,17.306239352209836,16.603204110211394,17.288264381866544,427968000
2022-06-28,15.960086822509766,17.17841334841176,15.923136899388508,16.87682738638257,461149000
2022-06-29,15.52069091796875,15.798309643448949,15.149201208571759,15.79231830404367,482352000
2022-06-30,15.138215065002441,15.54565562634437,14.841622366461626,15.339937756558816,686070000
2022-07-01,14.50308895111084,15.042348581207367,14.372268984402996,14.878573864617884,577610000
2022-07-05,14.94348430633545,14.950474678954091,14.035731089261596,14.15556645659554,651397000
2022-07-06,15.10925579071045,15.297996787571694,14.768722770175227,14.98942043366788,529066000
2022-07-07,15.836257934570312,15.923138547891462,15.367901086957772,15.434809616202475,492903000
2022-07-08,15.81628704071045,16.01501457786156,15.367902243432237,15.408846399801957,467972000
2022-07-11,15.131227493286133,15.505713379636758,15.017383463840279,15.504714346802942,437321000
2022-07-12,15.061322212219238,15.409843707011005,14.856603345377188,15.247067074911202,458483000
2022-07-13,15.143210411071777,15.35392158166802,14.445169302221165,14.569997932966434,521918000
2022-07-14,15.350922584533691,15.451783931827466,14.707805545040353,15.08728462631365,456235000
2022-07-15,15.740389823913574,15.760361907974943,15.423824053568111,15.63753135293556,385935000
2022-07-18,16.07892608642578,16.8738343338964,15.9800627861914,16.27965073780717,670517000
2022-07-19,16.968704223632812,17.086542473862675,16.14982876399713,16.463397441175893,702366000
2022-07-20,17.782583236694336,17.908411828651666,16.77796399475385,16.923763716222883,760538000
2022-07-21,18.025251388549805,18.119122370641218,17.520944617991347,17.86047860589084,557049000
2022-07-22,17.29525375366211,17.94236407699637,17.113502185798406,17.8684661344218,536671000
2022-07-25,17.00065803527832,17.100521303135608,16.626172209363542,16.995663824282083,480748000
2022-07-26,16.510330200195312,16.895800580774914,16.455405313749885,16.86584103233199,397865000
2022-07-27,17.765609741210938,17.911409474895198,16.88981135399597,17.00864767966369,569776000
2022-07-28,17.9593448638916,18.11513113955809,17.416091917219173,17.950358329656012,474646000
2022-07-29,18.138097763061523,18.218986083426355,17.66774285617166,17.788577248891293,435460000
2022-08-01,18.41571807861328,18.820163524797316,17.965336169045,18.15707238058243,476469000
2022-08-02,18.50059700012207,18.91203273831528,18.067192067392018,18.097151618360463,489527000
2022-08-03,18.867095947265625,18.94199387860434,18.112131961169382,18.159068404484795,418146000
2022-08-04,19.188657760620117,19.24757689107455,18.734281609291912,18.823160297594526,409652000
2022-08-05,18.962963104248047,19.2026337940128,18.64040603903881,18.784207691004337,386068000
2022-08-08,17.768606185913086,18.213995799408384,17.218362882676377,17.47800666761525,981859000
2022-08-09,17.06257438659668,17.42307949226524,16.70107120055864,17.228347155139414,668263000
2022-08-10,18.072189331054688,18.093160448855087,17.293258016896214,17.6737361881134,597422000
2022-08-11,17.917400360107422,18.681352814995762,17.851490863530667,18.10614231673798,509327000
2022-08-12,18.683347702026367,18.692336139246862,17.92838373644259,18.13510064991279,478094000
2022-08-15,19.005905151367188,19.13772413803564,18.58748091480707,18.67535960434154,457666000
2022-08-16,18.85311508178711,19.115754975228306,18.47563309117103,18.894059233195584,451240000
2022-08-17,18.30986213684082,18.662378820302454,18.120123994766043,18.497606022739234,446799000
2022-08-18,18.747264862060547,18.839137794765332,18.158073539060755,18.275911803660716,415447000
2022-08-19,17.82453155517578,18.494611202126215,17.745639384699512,18.380767165882073,441588000
2022-08-22,17.010643005371094,17.53392465280526,16.942735456079166,17.466017103513337,409593000
2022-08-23,17.157440185546875,17.4410511446751,16.946729078926506,16.96570403073805,369986000
2022-08-24,17.198389053344727,17.382136807717732,16.87183770000618,16.988675969305064,522661000
2022-08-25,17.88844108581543,17.922394867434686,16.80992185996255,16.820906458784396,770691000
2022-08-26,16.237709045410156,17.899427390180133,16.21473986042413,17.832519805720057,769127000
2022-08-29,15.779335021972656,16.315598448591818,15.745382195272603,15.998035568116483,496132000
2022-08-30,15.446794509887695,16.01701084238438,15.161186351030654,15.938119627666996,530181000
2022-08-31,15.0733060836792,15.518694719527108,14.938490939263094,15.362908457406297,573710000
2022-09-01,13.917893409729004,14.360285920966438,13.251808013094072,14.189519872618684,1178865000
2022-09-02,13.628289222717285,14.151569993548428,13.572365294475969,14.080668193345614,743157000
2022-09-06,13.446539878845215,13.760109519998037,13.332695850805605,13.712174991904128,535751000
2022-09-07,13.699267387390137,13.8231347282429,13.331662683497774,13.548429577340283,512657000
2022-09-08,13.974969863891602,13.992951127986652,13.354637687231783,13.444540197108026,624873000
2022-09-09,14.37154483795166,14.458451271437566,14.110825537493945,14.141791420251705,486612000
2022-09-12,14.48941707611084,14.531371771685043,14.182746732868823,14.35356350397063,484159000
2022-09-13,13.11689281463623,13.90704340206628,13.084927604067657,13.78717243345947,714956000
2022-09-14,13.113898277282715,13.275723961084458,12.899129075962875,13.239762380467441,588507000
2022-09-15,12.915108680725098,13.218781956934503,12.776258086547928,13.001016722341738,523625000
2022-09-16,13.183820724487305,13.197805622661757,12.603444592298251,12.72831029894144,670751000
2022-09-19,13.367623329162598,13.448536636408672,12.99602323782833,12.9980209443721,569685000
2022-09-20,13.161843299865723,13.468513618003238,13.042971672136494,13.200801908745245,524818000
2022-09-21,13.246753692626953,14.01592695660969,13.095915885590195,13.198805875239975,807679000
2022-09-22,12.547503471374512,13.134871981112116,12.414646954898489,13.055956391610893,759162000
2022-09-23,12.502553939819336,12.597452148701835,12.243832357060537,12.406657353956374,663309000
2022-09-26,12.214862823486328,12.645400497550257,12.200877925026457,12.477580763382052,547343000
2022-09-27,12.399665832519531,12.722318814218484,12.244832603128204,12.493564718799432,553854000
2022-09-28,12.722317695617676,12.809224124270647,12.34072811111852,12.39666770608599,542414000
2022-09-29,12.206873893737793,12.486572859038276,11.93316804900129,12.434628670217482,532763000
2022-09-30,12.125959396362305,12.6194291422396,12.06202801997194,12.074015212585747,565638000
2022-10-03,12.498558044433594,12.664380071173387,12.091994756368466,12.333735347285502,547478000
2022-10-04,13.152853965759277,13.205797475323331,12.865163269344546,12.865163269344546,584182000
2022-10-05,13.194809913635254,13.306690062932848,12.607442225934847,12.897130656376154,507131000
2022-10-06,13.115893363952637,13.641328257289027,13.088921945715446,13.205796821210336,644157000
2022-10-07,12.063026428222656,12.656388130359453,12.009084541905652,12.491565435321453,672478000
2022-10-10,11.657462120056152,12.11097387367436,11.395743522470864,12.024067450995426,698699000
2022-10-11,11.573553085327148,11.833273031713603,11.27087816209463,11.548579372352663,667482000
2022-10-12,11.487648010253906,11.722395257074664,11.332814760335959,11.566563629969176,492590000
2022-10-13,11.947151184082031,12.065024444936823,10.801383115389287,10.959213365382153,850103000
2022-10-14,11.214938163757324,12.097988235900987,11.191963110771333,12.044046351536188,713432000
2022-10-17,11.875228881835938,11.935164846156956,11.50462809067123,11.505626467697512,580774000
2022-10-18,11.954146385192871,12.47858210743572,11.605521265098961,12.330741308857068,659362000
2022-10-19,12.038052558898926,12.336732065245936,11.821285686867334,11.866237416989302,523131000
2022-10-20,12.180899620056152,12.755281678279875,12.091994536055378,12.099986314694126,652398000
2022-10-21,12.452606201171875,12.484572361651132,11.874228755754816,12.08500154788342,609494000
2022-10-24,12.585465431213379,12.696346249814729,12.051040310367156,12.494563584772553,517457000
2022-10-25,13.246753692626953,13.28571230644429,12.650394914056134,12.680363371654026,505482000
2022-10-26,12.882144927978516,13.373615968122406,12.694347182517397,12.855174461632362,532953000
2022-10-27,13.161843299865723,13.82313270010026,13.107901416736118,13.61535599314197,583113000
2022-10-28,13.819137573242188,13.835121131094377,13.0469682542808,13.089922279790239,521040000
2022-10-31,13.482500076293945,13.82313430044734,13.282715124415745,13.763198338558981,486341000
2022-11-01,13.528450965881348,13.910040552507906,13.50447658143312,13.79616270270372,432817000
2022-11-02,13.204797744750977,14.194733217791391,13.196806918934737,13.835120334518214,672628000
2022-11-03,13.406580924987793,13.766194775358752,12.94208128934156,13.028987715807942,500065000
2022-11-04,14.140793800354004,14.21371533822469,13.682286270077473,13.970976337681197,612576000
2022-11-07,14.285636901855469,14.396517721923427,13.939010494664025,14.212715367274726,410061000
2022-11-08,14.586315155029297,14.875004276862578,14.200729153434967,14.785100800052241,595292000
2022-11-09,13.761200904846191,14.195734017367396,13.744218969253557,14.14678591725043,454414000
2022-11-10,15.733080863952637,15.756055920385691,14.53137309508661,14.78410157379975,700819000
2022-11-11,16.30946159362793,16.37139526908105,15.465369958229326,15.790020660509551,655487000
2022-11-14,16.277494430541992,16.522232066468828,15.904894997972113,16.200577486630568,527852000
2022-11-15,16.648096084594727,16.979738243381533,16.3644007894485,16.704035679925042,545876000
2022-11-16,15.892908096313477,16.344422187657635,15.855948141798965,16.144638186290106,649547000
2022-11-17,15.660157203674316,16.24852510301491,15.518309565551975,15.698116484447885,710894000
2022-11-18,15.39244556427002,15.9848088796115,15.10375554404222,15.94884635246615,492072000
2022-11-21,15.300545692443848,15.460373655747635,15.063799831129005,15.130728243271124,404739000
2022-11-22,16.020771026611328,16.040749998560774,15.10575468856274,15.311533717452877,472866000
2022-11-23,16.50125503540039,16.509247768201202,16.030762199858245,16.0807077296891,427241000
2022-11-25,16.252521514892578,16.469287445678606,16.154627223569857,16.300470283585213,167934000
2022-11-28,15.80999755859375,16.339428893631666,15.708107848172721,16.008783189002287,303741000
2022-11-29,15.622199058532715,15.914884511468573,15.503327417734571,15.809996816938067,298384000
2022-11-30,16.90914535522461,16.91613959378234,15.584230747386403,15.684148304940633,565298000
2022-12-01,17.120969772338867,17.250862487377347,16.621379181628495,16.98508145183784,470977000
2022-12-02,16.8621826171875,16.919137062737946,16.43153573239102,16.6453612261795,371389000
2022-12-05,16.596403121948242,16.98108817708203,16.458515605368987,16.66534688023787,352255000
2022-12-06,15.973910331726074,16.559430004993104,15.806047668820305,16.516465945155254,352694000
2022-12-07,16.106801986694336,16.172747931483883,15.65417187585563,15.759086398689979,372388000
2022-12-08,17.15494728088379,17.164939324276737,15.945936711360707,16.259680775379593,515456000
2022-12-09,16.987079620361328,17.56860383071365,16.961101838286083,17.145949833064485,465338000
2022-12-12,17.52064323425293,17.5236410372187,16.783248501431842,17.023051775036333,457328000
2022-12-13,18.05720329284668,18.77461581179071,17.69649881579861,18.515827101375667,656589000
2022-12-14,17.659528732299805,18.237056501037223,17.405736991187297,17.97227218085048,496888000
2022-12-15,16.938119888305664,17.305818611715345,16.686327315889205,17.13196129101247,478542000
2022-12-16,16.557430267333984,17.02704663560611,16.39656280074963,16.850191523278642,478232000
2022-12-19,16.240692138671875,16.595401033569487,16.13178212686933,16.558432576626064,354039000
2022-12-20,16.071828842163086,16.29664499548781,15.83902077141398,16.05084612823857,403260000
2022-12-21,16.48748779296875,16.613385976206843,16.088814341919573,16.10080555260264,325025000
2022-12-22,15.326440811157227,16.12478736252735,14.869815204882304,16.08082276280508,565045000
2022-12-23,15.193549156188965,15.326439672066934,14.870813684923302,15.183557115822579,349326000
2022-12-27,14.1094388961792,15.087637443556918,14.044491580502148,15.0616587078648,464902000
2022-12-28,14.024507522583008,14.250322305233574,13.872631553851827,13.915596566363247,351066000
2022-12-29,14.591043472290039,14.670977896009743,14.215351871386131,14.390208780608043,354923000
2022-12-30,14.602034568786621,14.617021677131687,14.221346008211805,14.322263143028222,310490000
2023-01-03,14.303278923034668,14.983722051275688,14.084458370348052,14.838840315183736,401277000
2023-01-04,14.736923217773438,14.840838154777497,14.229339743985019,14.555073030909787,431324000
2023-01-05,14.253320693969727,14.552075670491968,14.136415909839469,14.479135485903637,389168000
2023-01-06,14.846834182739258,14.997710572155174,14.022509854107087,14.462149178413084,405044000
2023-01-09,15.615203857421875,16.042852902543725,15.12860215409785,15.271485666138863,504231000
2023-01-10,15.895976066589355,15.948932173589144,15.459333553934178,15.49430474778188,384101000
2023-01-11,15.987898826599121,16.01487714757313,15.550257708216126,15.827031344724569,353285000
2023-01-12,16.497480392456055,16.623376674174565,15.479314701266622,16.08681762259126,551409000
2023-01-13,16.88516616821289,16.908148056338185,16.15176778844737,16.264674246702192,447287000
2023-01-17,17.68750762939453,17.713487319827372,16.885165521758307,16.885165521758307,511102000
2023-01-18,17.362773895263672,17.858366193598112,17.26785045404388,17.652535475198235,439624000
2023-01-19,16.75127410888672,17.182921549244565,16.717303453615347,17.02205215333367,452932000
2023-01-20,17.82439422607422,17.841380504769397,16.811224544692056,16.997071166426323,564967000
2023-01-23,19.17728614807129,19.22924361779151,17.803411956257197,18.049208922830783,655163000
2023-01-24,19.249225616455078,19.479038745727824,18.804590277949554,18.811584516005322,496204000
2023-01-25,19.307180404663086,19.354142810511668,18.56478866094539,18.89751622008394,449537000
2023-01-26,19.78578758239746,20.149489885366556,19.26221642846413,19.684870441693302,489535000
2023-01-27,20.348325729370117,20.61111088344215,19.389112653490265,19.44606519137818,542142000
2023-01-30,19.146310806274414,20.12350875424224,19.13431959512867,19.933665698445655,488611000
2023-01-31,19.52100372314453,19.67088052170426,18.93448446657566,19.154303644077466,498017000
2023-02-01,20.92585563659668,21.174650433813806,19.594945357339597,19.674879788461553,660477000
2023-02-02,21.691225051879883,21.931028319443673,20.683052314586803,20.982805922594803,564276000
2023-02-03,21.08272361755371,21.727195946386907,20.771977442286037,20.98280511679256,429366000
2023-02-06,21.07173728942871,21.552342537565156,20.76898392194429,20.788968007374493,452197000
2023-02-07,22.154844284057617,22.24077430630132,21.132681236743583,21.364491617448692,664150000
2023-02-08,22.18682098388672,22.859270343104374,21.989981762053976,22.368671190085877,559651000
2023-02-09,22.318714141845703,23.001155581267543,22.101892729953626,22.58749493647335,523876000
2023-02-10,21.247587203979492,22.059921229694073,20.793960380960065,21.672240349373936,550737000
2023-02-13,21.770160675048828,22.029948022697017,20.94483676830914,21.520365368362526,474919000
2023-02-14,22.952194213867188,23.0301294706449,21.348506785905062,21.56033311386482,675474000
2023-02-15,22.745361328125,22.8362864231292,22.087901043076933,22.53053721244562,420575000
2023-02-16,21.98398780822754,22.531537591194823,21.909048448284622,22.114879171338252,412026000
2023-02-17,21.3704891204834,21.72220020485549,20.957827156397038,21.613290195380436,465888000
2023-02-21,20.63808822631836,21.47640004274012,20.601117866588783,20.982805051800373,410015000
2023-02-22,20.737009048461914,21.08672289537773,20.40428148237051,20.690048547419124,513184000
2023-02-23,23.64462661743164,23.868444166004814,23.00614980675236,23.420810974645615,1117995000
2023-02-24,23.266935348510742,23.454783066670746,22.928214087929295,23.205986370917074,589716000
2023-02-27,23.48175621032715,23.860445585416468,23.434795716672856,23.650618453752273,452994000
2023-02-28,23.19699478149414,23.805497407448314,23.187002738887756,23.35286721573667,455963000
2023-03-01,22.67941665649414,23.236960375063273,22.489571679600164,23.173011690631437,460026000
2023-03-02,23.29490852355957,23.36085446425789,22.41363077915596,22.469586585439902,389415000
2023-03-03,23.870439529418945,23.88043157064552,23.111061548282237,23.300906520013164,412393000
2023-03-06,23.53471565246582,24.22814576739972,23.467769168076714,23.87143962178628,437429000
2023-03-07,23.272886276245117,24.10934295943223,23.22591589464523,23.584684063816997,515154000
2023-03-08,24.16530418395996,24.184292857733897,23.40879557329516,23.47175440633603,513573000
2023-03-09,23.420791625976562,24.438130626548567,23.36782461834549,24.159310453263316,501257000
2023-03-10,22.950096130371094,23.611667155651173,22.71125091840863,23.39380822343578,474866000
2023-03-13,22.951095581054688,23.282880858178405,22.28253101640841,22.73723566322303,421890000
2023-03-14,24.047380447387695,24.20327932512599,23.444771213854455,23.48074905093903,474910000
2023-03-15,24.2122745513916,24.270235562421657,23.34483792874035,23.745576714518688,524486000
2023-03-16,25.524423599243164,25.57139207335748,23.878491278999082,24.01140628522713,583253000
2023-03-17,25.708301544189453,26.381863817929176,25.651337431359526,25.965134687603545,848547000
2023-03-20,25.883190155029297,26.00711022624769,25.113689438376866,25.598375276520795,432747000
2023-03-21,26.181997299194336,26.37487284283391,25.36452926173858,26.16301052912087,547408000
2023-03-22,26.450820922851562,27.571093609171683,26.219969957500446,26.407847658541623,797295000
2023-03-23,27.173351287841797,27.481151940364768,26.672677017823016,27.097400403214937,564889000
2023-03-24,26.761619567871094,27.149368241079962,26.33789496036664,27.013456826272407,454920000
2023-03-27,26.51378059387207,26.98247605929165,26.347887967682432,26.81958174522854,361026000
2023-03-28,26.392858505249023,26.49579229381834,25.83322250551309,26.429835146196694,356104000
2023-03-29,26.966487884521484,27.060426745627982,26.579739898813486,26.807592577809256,393694000
2023-03-30,27.36522674560547,27.481152585329546,27.08440898873497,27.211327368787387,364516000
2023-03-31,27.758974075317383,27.81593629126594,27.08740929659207,27.122386430264136,433933000
2023-04-03,27.946847915649414,27.981825044466152,27.31825649277218,27.49114453298666,398716000
2023-04-04,27.435182571411133,27.98182846186949,27.28927741449613,27.947850130837605,368592000
2023-04-05,26.86355209350586,26.980474822292805,26.37786749452917,26.811585800897024,515015000
2023-04-06,27.019453048706055,27.062424408814838,26.40984834215217,26.566746033983005,397654000
2023-04-10,27.56110191345215,27.603074472787966,26.651692648954523,26.805592033185857,395279000
2023-04-11,27.1513671875,27.771964430932886,27.108393921533427,27.70600728201999,314378000
2023-04-12,26.477806091308594,27.45017420598156,26.430835708972705,27.35223823307279,446259000
2023-04-13,26.445819854736328,26.86954438509906,26.311907974485027,26.716643833013226,353615000
2023-04-14,26.740633010864258,26.865551883679498,26.202982075525256,26.486798151032517,395660000
2023-04-17,26.984477996826172,26.988475111317545,26.41584700251684,26.547761311286525,321471000
2023-04-18,27.6490421295166,28.091755386565286,27.339243873446396,27.515130232673847,604812000
2023-04-19,27.912872314453125,27.98182777688548,27.21432656572957,27.343242553972818,358660000
2023-04-20,27.086410522460938,28.011810174837088,26.982477923410777,27.65304199464376,427713000
2023-04-21,27.101398468017578,27.165358012841736,26.704656772926235,26.934507038823,345103000
2023-04-24,27.02444839477539,27.3482375101197,26.653688900019212,26.995467887974886,339282000
2023-04-25,26.223968505859375,27.2293161185349,26.207980048962167,27.06042517631063,378527000
2023-04-26,26.938507080078125,27.312264932858206,26.687670508025086,26.98447866314125,406337000
2023-04-27,27.208330154418945,27.477156579807456,26.607720371241534,27.345242278323862,377161000
2023-04-28,27.73099136352539,27.739984394080437,27.05342998469089,27.20733127338207,292216000
2023-05-01,28.891239166259766,29.039143840728986,27.76197330034164,27.821933830592023,570329000
2023-05-02,28.19169044494629,28.81728552032771,28.0647739674423,28.661386629023887,402730000
2023-05-03,27.78395652770996,28.348590376013785,27.45417077419222,27.821931972424778,383387000
2023-05-04,27.54411506652832,27.840921319115914,27.222323511757104,27.633056109035945,321850000
2023-05-05,28.661388397216797,28.736338582243373,27.713004846193435,27.807942509671445,361494000
2023-05-08,29.132076263427734,29.201031717397843,28.33159752844978,28.503484856309754,344979000
2023-05-09,28.552453994750977,28.954193487526783,28.43153415102666,28.880242114895676,314869000
2023-05-10,28.866254806518555,29.094107482413545,28.442530182163917,28.986175863013205,369350000
2023-05-11,28.559452056884766,28.93121227658871,28.227668698313387,28.877246468531435,322149000
2023-05-12,28.32160758972168,28.761322564942308,28.02779776950865,28.510484105930274,274222000
2023-05-15,28.934206008911133,28.95019637066434,28.133727241512663,28.48949515899852,293926000
2023-05-16,29.194042205810547,29.850617354397016,28.81329083509019,28.82228386631905,449405000
2023-05-17,30.158411026000977,30.179397303455694,29.410897359281257,29.56479672728252,432535000
2023-05-18,31.657438278198242,31.807340536574944,30.30031991259901,30.39026164884716,748725000
2023-05-19,31.24370765686035,31.55950253794087,30.89593395749169,31.515530471475522,473908000
2023-05-22,31.155765533447266,31.499542119934745,30.660087176948643,30.880942499765002,372000000
2023-05-23,30.668081283569336,31.267692227057807,30.61111907309606,30.979879050427765,356253000
2023-05-24,30.518178939819336,30.587134398271413,29.786653705153253,30.19039081167834,721419000
2023-05-25,37.955352783203125,39.45437937248708,36.61122438823422,38.497999676577344,1543911000
2023-05-26,38.92072296142578,39.14457660817056,37.52562906518615,37.865408555661546,714397000
2023-05-30,40.08496856689453,41.91078253323842,39.92307495310247,40.56865561638492,923401000
2023-05-31,37.809444427490234,40.26884571341783,37.79745117886432,39.462370269421555,1002580000
2023-06-01,39.74419021606445,40.02400727959351,38.31511796351833,38.46401952597585,635873000
2023-06-02,39.30147933959961,40.473718484515544,39.03265289434997,40.070980123808866,482731000
2023-06-05,39.145572662353516,39.53931408224147,38.68187317735999,38.883741708858835,396094000
2023-06-06,38.628910064697266,39.134582152265736,38.123237977128795,38.80479832868184,388729000
2023-06-07,37.45454788208008,39.47744543312822,37.33561334043707,38.893764495503234,511998000
2023-06-08,38.48898696899414,38.8427939153626,37.48453804984033,37.703416518186614,417772000
2023-06-09,38.74884796142578,39.68933264036205,38.545959600574975,39.0157005810381,427717000
2023-06-12,39.46045684814453,39.50843099459079,38.59692983734383,39.17861302696572,388701000
2023-06-13,40.99961853027344,41.0785778084364,39.71832028335553,40.164076100144555,613208000
2023-06-14,42.97354507446289,42.97654179079345,40.52987541154227,40.80173019682722,740465000
2023-06-15,42.629730224609375,43.265384836246646,42.12400575806211,42.57875935956908,568622000
2023-06-16,42.668704986572266,43.69714280637508,42.637719859224546,43.42629077833163,655709000
2023-06-20,43.78409194946289,43.9659956488173,42.65071191947433,42.97453641916343,451153000
2023-06-21,43.02151870727539,43.59121130086883,42.05704873935784,43.477271257103546,551603000
2023-06-22,43.00152587890625,43.402304245478625,42.2109571046696,42.22994393165169,417737000
2023-06-23,42.18597412109375,42.78564528889148,41.9920797064,42.440836083085124,358140000
2023-06-26,40.609832763671875,42.74066959862616,40.078121507202255,42.43783350035223,594322000
2023-06-27,41.853153228759766,41.91711748885724,40.425934710005095,40.77674114143434,462175000
2023-06-28,41.09455871582031,41.822162010308304,40.49588662903769,40.637807416677774,582639000
2023-06-29,40.79972457885742,41.577299950801056,40.577845588400876,41.53532305058581,380514000
2023-06-30,42.2789192199707,42.526785015369995,41.47835753719588,41.657260733272246,501148000
2023-07-03,42.38985824584961,42.874594246480044,42.17897482861766,42.4938015963702,198209000
2023-07-05,42.293914794921875,43.15344240900505,42.062039108236945,42.112011067613764,323618000
2023-07-06,42.08002853393555,42.15598728056081,41.32344159639819,41.82117097723614,303582000
2023-07-07,42.479801177978516,43.19041547884926,42.156979416123605,42.298900207687375,355881000
2023-07-10,42.156982421875,42.787638599844065,41.6262701482501,42.633723309603205,353908000
2023-07-11,42.38186264038086,42.734670684336905,42.04404961503228,42.45782138833829,298244000
2023-07-12,43.87804412841797,43.911027066615475,42.75365801470833,43.00951883998821,481277000
2023-07-13,45.9519157409668,46.12981621305511,44.46772535978278,44.49371214998775,478204000
2023-07-14,45.444190979003906,48.06176136683886,45.03541375901061,46.55758152341574,772075000
2023-07-17,46.43564987182617,46.47063062366615,45.23730653549651,46.26374664142169,510488000
2023-07-18,47.468082427978516,47.86986348716586,45.7090445218803,46.675515893049734,569164000
2023-07-19,47.05131530761719,47.791912159998795,46.71649899256564,47.43810520447181,427502000
2023-07-20,45.49516296386719,47.061309289375785,45.03741268358768,46.481623930021314,537865000
2023-07-21,44.284820556640625,45.84097398700811,44.07593496513591,45.7630136202291,963769000
2023-07-24,44.58766174316406,45.08439225529306,44.01597519686058,44.70659630501924,382516000
2023-07-25,45.654075622558594,46.15779841353938,44.89848762347168,44.916479357127734,348081000
2023-07-26,45.42719650268555,46.027870275466796,44.60564647122582,45.99588624332529,364237000
2023-07-27,45.87495803833008,47.3691412842477,45.72503835474356,46.49361978738997,455976000
2023-07-28,46.72449493408203,47.00134424016971,46.35569676531063,46.64253893821814,331194000
2023-07-31,46.7035026550293,47.10428482748887,46.480624760835596,46.728490538955285,251055000
2023-08-01,46.481624603271484,46.87441172832599,46.00188696062389,46.434649363103794,237858000
2023-08-02,44.244850158691406,45.81499224934551,43.363331362198146,45.80599828780853,530142000
2023-08-03,44.4907112121582,45.093382845124545,43.776101176403955,43.776101176403955,324176000
2023-08-04,44.65562057495117,45.61709364469408,44.36877842760478,44.960454456109325,362666000
2023-08-07,45.39221954345703,45.51515353063665,44.53868540861367,45.086386746173794,322154000
2023-08-08,44.63963317871094,45.217316942470724,44.03196319010825,44.82852923844918,353843000
2023-08-09,42.53078079223633,44.28782094053219,42.11100798733163,44.249839662592294,586449000
2023-08-10,42.36487579345703,43.550229596888094,41.81217607853569,42.13699953791343,492705000
2023-08-11,40.832706451416016,41.99507385757675,40.61682471129046,41.728217445224736,533085000
2023-08-14,43.729122161865234,43.776097398299775,40.289002945920664,40.463906685181655,690286000
2023-08-15,43.91602325439453,45.24330157403039,43.68614920885437,44.535687703362775,676512000
2023-08-16,43.46227264404297,44.65062306232533,43.38231446466475,44.49570885554983,527451000
2023-08-17,43.320350646972656,44.037957367966825,42.97753549055958,43.94600851428991,452395000
2023-08-18,43.27537536621094,43.55422246965972,41.63726968400494,42.611736188017545,583768000
2023-08-21,46.941375732421875,47.03932184051733,44.197874362477556,44.46972532960602,692573000
2023-08-22,45.6430778503418,48.16070421705832,45.308261577730654,48.108730641843266,755293000
2023-08-23,47.090293884277344,47.174247686520786,45.18333397410903,45.840975904298595,779046000
2023-08-24,47.137264251708984,50.23857177595236,47.13326863032971,50.1885998204007,1156044000
2023-08-25,45.99289321899414,47.77891694569502,44.999432271074504,46.98635035429789,925341000
2023-08-28,46.809444427490234,46.9543657684175,44.863508175320256,46.45663639493685,685192000
2023-08-29,48.75738525390625,49.05422410380392,46.365689250102406,46.640540743084706,701397000
2023-08-30,49.23712158203125,49.89975805077244,48.398578637523045,49.01724039363048,735206000
2023-08-31,49.32807159423828,49.71685929593791,48.93128883683363,49.353059479355466,528570000
2023-09-01,48.48253631591797,49.772832417582066,48.11573594167944,49.73485494683887,463830000
2023-09-05,48.52151107788086,48.82434715495617,47.83388674600478,48.19668764519063,382653000
2023-09-06,47.0391960144043,48.52650554110728,46.55841988311631,48.41855768556727,468670000
2023-09-07,46.219573974609375,46.322526887042805,45.13107789383709,45.50390615122535,433330000
2023-09-08,45.55088806152344,46.584409473307375,45.250028806839694,45.92071940996517,473069000
2023-09-11,45.157073974609375,46.141614498404316,44.291473995947136,46.12662205679818,473966000
2023-09-12,44.84920883178711,45.65183817230261,44.510365202730895,44.7172700232729,349256000
2023-09-13,45.463932037353516,45.908725609094766,44.48238464078705,44.57933983256991,398355000
2023-09-14,45.55988693237305,45.965697093021376,45.110094621925995,45.92871548306057,370097000
2023-09-15,43.879661560058594,45.577871869694,43.78770131863037,45.31999198709531,506831000
2023-09-18,43.94562911987305,44.22150221868088,41.980540410534175,42.72819494263605,500271000
2023-09-19,43.49983596801758,43.94562846497067,42.98207442166159,43.81269066855042,373064000
2023-09-20,42.21943283081055,43.88266351133672,42.203441401322486,43.579802461208814,367108000
2023-09-21,40.99799728393555,42.08049577030541,40.96101567472074,41.563736977268604,450736000
2023-09-22,41.590721130371094,42.09548821247719,41.21189511865896,41.552736723974945,479236000
2023-09-25,42.20243835449219,42.516292052357294,41.157920528062995,41.571730182940165,419091000
2023-09-26,41.89158630371094,42.80016565537031,41.63570436324995,41.981544768615734,402282000
2023-09-27,42.44832229614258,42.852138257331035,41.609714131697665,42.31038955896758,444935000
2023-09-28,43.06903839111328,43.42587144415849,42.095490602814664,42.440328178113646,424663000
2023-09-29,43.478843688964844,44.12354526206474,43.286931317069005,43.80669081351225,397830000
2023-10-02,44.761253356933594,45.154069017187716,43.840678635675474,44.009599054426594,433298000
2023-10-03,43.4968376159668,45.10909311668892,43.22596325710491,44.7872398839657,470850000
2023-10-04,44.02059555053711,44.12254948213482,43.27194202372295,43.72173429497183,361821000
2023-10-05,44.66729736328125,44.879200950918715,43.867668737435245,44.02959243795168,393483000
2023-10-06,45.74079895019531,45.767786867817584,44.005603198940975,44.17252564280475,434436000
2023-10-09,45.25202560424805,45.58387253374561,44.34744607540805,44.8212255136796,409675000
2023-10-10,45.77677917480469,46.23756409967201,45.0671090785999,45.289006333726824,368582000
2023-10-11,46.78431701660156,46.83729386766852,46.02866671277973,46.17459898720651,378137000
2023-10-12,46.92325210571289,47.586945967380146,46.30853914386971,46.75533066493349,481325000
2023-10-13,45.439937591552734,47.09417346423808,45.25902168835329,46.93824369140591,474115000
2023-10-16,46.07365036010742,46.20358739976767,44.8911958461008,45.04212688013775,375099000
2023-10-17,43.917640686035156,44.73326447683001,42.460316079497176,43.97961223234804,812333000
2023-10-18,42.17645263671875,43.19898137436451,41.80562611222444,42.57127011789517,627294000
2023-10-19,42.08149719238281,43.27694225554759,41.86259688147746,42.79116734856338,501233000
2023-10-20,41.36782455444336,42.45032293422298,41.05896580650467,41.87058984444125,477266000
2023-10-23,42.95509338378906,43.22796955938642,40.92603485604566,41.209903709929456,478530000
2023-10-24,43.64276885986328,43.67675350399577,42.67122288444641,43.05704182148603,401463000
2023-10-25,41.7596435546875,43.6297789361814,41.53574830765745,43.377892970342636,398379000
2023-10-26,40.30731964111328,42.23642589504536,39.86152709976489,41.833612702341114,541001000
2023-10-27,40.481239318847656,41.18691356194545,39.99646337372596,41.11094855365019,416784000
2023-10-30,41.141929626464844,41.74664887563725,40.462244361806775,41.06796641155254,388028000
2023-10-31,40.7611083984375,40.86006537582252,39.21182716227926,40.43126324594468,517969000
2023-11-01,42.305397033691406,42.361370852066266,40.85007013008419,40.86506257244454,437593000
2023-11-02,43.485843658447266,43.86366687925398,42.874127693562194,43.307924724858786,409172000
2023-11-03,44.98414993286133,45.28800612867796,43.70274239785865,43.99960568025811,424610000
2023-11-06,45.729801177978516,45.91371784511654,44.87819475411046,45.264017491010264,400733000
2023-11-07,45.933712005615234,46.19658683928955,45.137080351571434,45.69782127762116,343165000
2023-11-08,46.552425384521484,46.84528891690733,45.946703314492126,46.07864213351029,346719000
2023-11-09,46.92824935913086,48.207655129484806,46.728341254280565,47.44500813069146,540496000
2023-11-10,48.3126106262207,48.44954820582583,47.26109976651128,47.47799830791122,421245000
2023-11-13,48.59747314453125,49.0932455425318,48.07671461686158,48.29761289799248,384136000
2023-11-14,49.632991790771484,49.81091072360735,49.0172798779873,49.656982745411305,416954000
2023-11-15,48.865352630615234,49.93685461268084,48.17767162806223,49.91186848194019,475497000
2023-11-16,49.45707702636719,49.502058162016766,48.307612072684094,48.65644941593309,339756000
2023-11-17,49.27516555786133,49.69397019639206,48.98429998268991,49.501058800683616,325205000
2023-11-20,50.38564682006836,50.52458236287964,49.15821508964933,49.28915491828104,414120000
2023-11-21,49.920860290527344,50.4935928571012,49.19919468409959,50.10277517356445,565747000
2023-11-22,48.69342803955078,50.311677390399474,47.66790243959162,49.828903283324706,899420000
2023-11-24,47.753868103027344,48.898338123964756,47.72288042046281,48.447546842242424,294645000
2023-11-27,48.21965408325195,48.50751887716154,47.62992722854215,47.77785748284775,395662000
2023-11-28,47.79884338378906,48.30061351892133,47.45100504136806,48.21365202685113,401491000
2023-11-29,48.11770248413086,48.73941604084302,47.83783339129859,48.356594013738764,382005000
2023-11-30,46.74833297729492,48.08771233820332,46.400494624850445,48.00174983128795,526247000
2023-12-01,46.74333190917969,47.178131734648986,46.165600596706255,46.50344524286752,369317000
2023-12-04,45.48891067504883,46.055649290414806,44.98914235651732,46.055649290414806,437543000
2023-12-05,46.548519134521484,46.58250295286297,45.25400334691917,45.448929830983346,371718000
2023-12-06,45.48591613769531,47.36921155253726,45.39495069645239,47.197275238129286,380590000
2023-12-07,46.57850646972656,46.61149502575525,45.58687833083044,45.68284295931475,350823000
2023-12-08,47.48816680908203,47.72307920041658,46.53252440936205,46.57750949930058,359224000
2023-12-11,46.6094970703125,47.51315707527434,45.81279915946564,47.47317498768805,509728000
2023-12-12,47.63911056518555,47.64810605776617,46.028715290198626,46.028715290198626,372387000
2023-12-13,48.069950103759766,48.57576068141439,47.59013074248943,47.611122768046286,447792000
2023-12-14,48.331844329833984,48.651723873245274,47.40419517924722,48.37183022607663,391232000
2023-12-15,48.871646881103516,49.38545387287282,48.10193546895566,48.175909002325604,479948000
2023-12-18,50.05820083618164,50.414066187630915,49.13155069141953,49.381456841806674,412587000
2023-12-19,49.58537673950195,49.68134136834579,48.87664329291069,49.40544401373602,464444000
2023-12-20,48.092933654785156,49.98022517040364,48.07993804838336,49.636352578237826,397894000
2023-12-21,48.97161102294922,49.076571148767,48.40082241502789,48.79267736467951,300425000
2023-12-22,48.81167221069336,49.36446221767303,48.44880569619553,49.17653306295307,252507000
2023-12-26,49.260498046875,49.581376676631486,48.94161756801922,48.949613984887115,244200000
2023-12-27,49.39844512939453,49.66134686842167,49.06656905386932,49.49241160440478,233648000
2023-12-28,49.50341033935547,49.86527396770583,49.39345101981501,49.62436711615611,246587000
2023-12-29,49.50341033935547,49.978234327074226,48.732699840316755,49.79430147307111,389293000
2024-01-02,48.14991760253906,49.27649344260116,47.57713465197093,49.22551389912714,411254000
2024-01-03,47.551143646240234,48.16591065021649,47.302236567517355,47.46717554449256,320896000
2024-01-04,47.979984283447266,48.48179475152094,47.49016653492504,47.74906818641796,306535000
2024-01-05,49.07856369018555,49.52839547317931,48.28786035280196,48.4438038170967,415039000
2024-01-08,52.23337936401367,52.25537427649761,49.46042263300492,49.493411188465835,642510000
2024-01-09,53.120052337646484,54.304608899415356,51.670595858503674,52.38133132087113,773100000
2024-01-10,54.32959747314453,54.57950363229104,53.468920600031716,53.59587564392309,533796000
2024-01-11,54.80141830444336,55.32522366817502,53.539894837912634,54.978353810668786,596759000
2024-01-12,54.68946075439453,54.94936528488959,54.30960615330977,54.59949438818704,352994000
2024-01-16,56.360836029052734,56.813665103138256,54.879393878712925,54.99734961591672,449580000
2024-01-17,56.031959533691406,56.44980188752581,54.71945269845349,56.325847887071866,474394000
2024-01-18,57.08556365966797,57.57837864545508,56.08593900392558,57.23850610997206,491650000
2024-01-19,59.46866226196289,59.47765775373706,57.20351049078824,57.967223547823984,543501000
2024-01-22,59.63160705566406,60.3083548831195,59.04782663734,60.0264592424289,452955000
2024-01-23,59.850528717041016,59.88751357892662,58.56301013401379,59.54764104000483,294654000
2024-01-24,61.33896255493164,62.82540380675393,59.91549737664772,60.281361099060014,560271000
2024-01-25,61.5938720703125,62.695459614186476,60.8271578659148,62.32659482707883,482777000
2024-01-26,61.00809097290039,61.759811433716834,60.550266507965134,60.93711847607482,390309000
2024-01-29,62.441551208496094,62.46554046020734,60.884137413565526,61.209012360122756,348733000
2024-01-30,62.75043487548828,63.46916675485246,62.23662787593773,62.876390843205506,410735000
2024-01-31,61.50390625,62.24562831970366,60.6772170002544,61.41693710561366,453795000
2024-02-01,63.00334167480469,63.167281577618986,61.626859664228725,62.07668769492248,369146000
2024-02-02,66.13516998291016,66.57499963939881,63.66609208338151,63.94998587832111,476578000
2024-02-05,69.30597686767578,69.47091584987561,67.17977633836104,68.19939012424172,680078000
2024-02-06,68.19739532470703,69.72781896754408,66.27512050871108,69.60386495591794,683111000
2024-02-07,70.07268524169922,70.19364201712641,67.57462276790365,68.29335463883889,495575000
2024-02-08,69.61485290527344,70.76741990227906,69.42892572649546,70.04768899799114,414422000
2024-02-09,72.10592651367188,72.15790132018077,70.18564235653706,70.50652100790245,436637000
2024-02-12,72.22087860107422,74.5829904741092,71.22325216031359,72.57274383383451,613710000
2024-02-13,72.10093688964844,73.42243948960919,69.59388225066057,70.37358838482487,602580000
2024-02-14,73.87226867675781,74.20814111994534,71.91100698040367,73.17453257134588,504917000
2024-02-15,72.63072204589844,73.9472289995395,72.37282328939969,73.84127361084667,420122000
2024-02-16,72.58574676513672,74.37407680445715,72.4737892876657,74.07218819490586,495327000
2024-02-20,69.42594146728516,71.92899963952928,67.70858383196605,71.92000033225926,704833000
2024-02-21,67.4466781616211,68.86214710879592,66.22313849991595,67.9804743369606,690298000
2024-02-22,78.5085220336914,78.5455030813757,74.1921420425949,74.99684018330679,865100000
2024-02-23,78.78741455078125,82.36306764653858,77.54088100968389,80.7596734872896,829388000
2024-02-26,79.06231689453125,80.61573447856021,78.47553160288044,79.67008277283831,503973000
2024-02-27,78.67144775390625,79.45016223022866,77.13303174065258,79.35119274989219,391705000
2024-02-28,77.63385009765625,78.90337002935253,77.09605003023249,77.59086697046706,393110000
2024-02-29,79.08230590820312,79.95997471561954,78.32059087723945,79.0643149217093,507289000
2024-03-01,82.24810791015625,82.26910374751212,79.40517391258761,79.96996422541928,479135000
2024-03-04,85.20500946044922,87.66208713862926,83.68758143408327,84.0984226679579,615616000
2024-03-05,85.93576049804688,86.06872004565462,83.38960003379123,85.24198821051228,520639000
2024-03-06,88.67086029052734,89.69452599594824,87.00141069166892,87.99308922719804,582520000
2024-03-07,92.63855743408203,92.7365248144859,89.57256358530061,90.12838069813151,608119000
2024-03-08,87.49925231933594,97.36801162259309,86.47758481062256,95.10675351305797,1142269000
2024-03-11,85.7458267211914,88.76782871199401,84.13835321441624,86.4006103441235,678364000
2024-03-12,91.8828125,91.92979413377263,86.12170491240781,88.02008324614344,668075000
2024-03-13,90.85813903808594,91.47393396528192,88.40594204784502,91.02508398682748,635713000
2024-03-14,87.91510772705078,90.61622350841212,86.57154750613068,89.54757446626068,602318000
2024-03-15,87.80814361572266,89.51658184476094,86.22866844065179,86.90144388293218,642086000
2024-03-18,88.42594146728516,92.37464071222252,87.05638881145386,90.35830507117406,668976000
2024-03-19,89.36863708496094,90.51425674084177,84.98207797118587,86.67151765212044,672171000
2024-03-20,90.34231567382812,90.38030520484318,88.19401951660328,89.76749997737916,479063000
2024-03-21,91.40496063232422,92.61756721905257,90.37530021359187,92.26968196617385,480372000
2024-03-22,94.25801849365234,94.74685622390666,90.80415196173684,91.11105028962562,586719000
2024-03-25,94.97078704833984,96.7342074446901,93.47928046219188,93.91013861786189,552136000
2024-03-26,92.53058624267578,96.34333614885402,92.47160751849903,95.8195062336972,513648000
2024-03-27,90.22035217285156,93.20936779906054,89.09372349939157,93.08141149546424,586067000
2024-03-28,90.32632446289062,91.27001464058522,89.16370444852706,89.97043858800308,435212000
2024-04-01,90.33331298828125,92.1947007975338,89.17469715880289,90.26933865065378,452441000
2024-04-02,89.42261505126953,90.06440242112468,87.59121620163441,88.41893947358703,433064000
2024-04-03,88.93477630615234,90.3443168469122,88.3709661913593,88.45493823513225,370067000
2024-04-04,85.87677764892578,90.60422800372173,85.85178433643762,90.37629845117095,434965000
2024-04-05,87.97909545898438,88.45193966671309,85.89777859630549,86.8374646504957,399678000
2024-04-08,87.10437774658203,88.80081883400379,86.70350850941023,88.67085666122206,283220000
2024-04-09,85.3259506225586,87.60620698800746,82.99472376686872,87.41326961083752,503547000
2024-04-10,87.01040649414062,87.3712879556285,83.68149867040677,83.89843024698811,431929000
2024-04-11,90.58623504638672,90.70919574606373,86.89745219051976,87.39128560717941,431637000
2024-04-12,88.15703582763672,90.1453886602286,87.50125303417155,89.66953943111257,426805000
2024-04-15,85.97274017333984,90.58322421693445,85.90076523534208,89.06872264461606,443077000
2024-04-16,87.38628387451172,88.08904823109181,86.03572977127556,86.40460421758179,370453000
2024-04-17,84.00740051269531,88.74584141967834,83.92242172115718,88.31097911873327,495400000
2024-04-18,84.64318084716797,86.16168663370678,82.37492908333081,84.94208621726145,447260000
2024-04-19,76.17496490478516,84.29629668319684,75.58116589392048,83.12268637450086,875198000
2024-04-22,79.49188232421875,80.04670035538005,76.3749101252901,78.07834524781059,596341000
2024-04-23,82.39591979980469,82.7418068067518,80.23763246823718,80.74246382535908,438559000
2024-04-24,79.65082550048828,84.05437709629325,79.1569845005292,83.92241667959377,512208000
2024-04-25,82.60486602783203,83.29563335625151,78.19730980842563,78.84209462361733,424641000
2024-04-26,87.70618438720703,88.30198930446801,83.3596128981717,83.79047109382074,551011000
2024-04-29,87.72816467285156,87.96308042933138,85.23797833453733,87.56621534740458,388971000
2024-04-30,86.37362670898438,88.7898328026838,86.27166282860942,87.21134895392602,363709000
2024-05-01,83.01371765136719,85.9717451202874,81.22830132116862,85.04905184528752,559863000
2024-05-02,85.78881072998047,86.20867093085921,83.17266601309362,84.42125626969049,377898000
2024-05-03,88.75983428955078,89.25166943381491,87.01140828668458,87.76016278941914,398341000
2024-05-06,92.10972595214844,92.18970149787158,89.02574047227303,89.36062948973989,376203000
2024-05-07,90.52424621582031,91.75084041902228,88.98175395384375,91.06806618454974,437342000
2024-05-08,90.3823013305664,91.16404211729393,89.39062281924463,89.45360566200054,325721000
2024-05-09,88.71784973144531,91.04208295679378,88.20202038816478,90.4992620554592,378013000
2024-05-10,89.84848022460938,91.37098265790202,89.19769305265027,90.27534193987526,335325000
2024-05-13,90.36930847167969,90.96811074029578,88.49991996993283,90.44827727503778,289680000
2024-05-14,91.32599639892578,91.62089767401247,88.90478722070216,89.56956971282393,296507000
2024-05-15,94.59890747070312,94.83083350687552,91.5689050462718,92.44161932872312,417735000
2024-05-16,94.3280029296875,95.78752238437566,94.07208269713682,94.87882442022669,323952000
2024-05-17,92.44861602783203,94.70887485375151,91.77584059273352,94.33800216120143,359691000
2024-05-20,94.74887084960938,95.16873108150425,93.40931459730984,93.71921034558147,318764000
2024-05-21,95.35466766357422,95.36866300361463,93.14939104451075,93.56825212335475,328946000
2024-05-22,94.9188003540039,95.9884484917203,93.21836283128839,95.42763580257598,548648000
2024-05-23,103.7649154663086,106.28508365177811,101.48665694608555,101.99449335003398,835065000
2024-05-24,106.43402862548828,106.44002335978084,102.96616635990915,104.41468788795488,429494000
2024-05-28,113.86357879638672,114.90123977492766,109.84690116806794,110.20778262251307,652728000
2024-05-29,114.78727722167969,115.45405793078952,110.86457027293942,113.01286640628571,557442000
2024-05-30,110.46369934082031,115.78095222554882,109.62697631949285,114.612337538274,487350000
2024-05-31,109.59698486328125,112.67997129263833,106.904868817121,112.4830297906596,613263000
2024-06-03,114.96221923828125,114.96221923828125,111.96620219037665,113.58367447543728,438392000
2024-06-04,116.39874267578125,116.56169113785693,114.00753024311962,115.67798650620128,403324000
2024-06-05,122.3997802734375,122.40877237466783,117.42941347887506,118.33211671671947,528402000
2024-06-06,120.95825958251953,125.54574922421772,118.2811377621336,124.00725324087743,664696000
2024-06-07,120.8482894897461,121.65202623467715,117.98323363858707,119.7306529022316,412386000
2024-06-10,121.74999237060547,123.05955958930451,116.9715638416941,120.33046067723372,314162700
2024-06-11,120.88021850585938,122.83973476114328,118.71074727008515,121.7399996348229,222551200
2024-06-12,125.16915130615234,126.84873770805827,122.53980200765415,123.02967915018486,299595000
2024-06-13,129.5780792236328,129.7680348697194,127.12868568021801,129.35813218658845,260704500
2024-06-14,131.84750366210938,132.8072585317083,128.28838344854194,129.92797866788297,309320400
2024-06-17,130.94773864746094,133.69706139159663,129.54808953427707,132.9572533982128,288504400
2024-06-18,135.54660034179688,136.29641557179684,130.6578056523983,131.10769173939232,294335100
2024-06-20,130.74777221679688,140.72530869246972,129.4880881954488,139.765553796689,517768400
2024-06-21,126.53881072998047,130.5978154647857,124.26937345205326,127.08867825178737,655484700
2024-06-24,118.08089447021484,124.42932809847615,118.0109120255889,123.2096275256971,476060900
2024-06-25,126.05892944335938,126.46883208603107,119.29060083723321,121.17013488438512,425787500
2024-06-26,126.36885070800781,128.0884204131894,122.56978415309767,126.09891297711187,362975900
2024-06-27,123.95944213867188,126.37885155800387,122.88970613137967,124.06941564080125,252571700
2024-06-28,123.50955963134766,127.67853027804634,122.71975337861936,124.54930428199576,315516700
2024-07-01,124.26937866210938,124.80923890749885,118.8007251119183,123.4395813225982,284885500
2024-07-02,122.6397705078125,123.37959365292392,121.00017523772506,121.10014907077634,218374000
2024-07-03,128.24839782714844,128.24839782714844,121.33010435521813,121.63003350315482,215749000
2024-07-05,125.79900360107422,128.81826389526591,125.64903902808197,127.34861718195397,214176700
2024-07-08,128.16839599609375,130.73776982046533,127.0086858992603,127.4585719244731,237677300
2024-07-09,131.34764099121094,133.78704236722226,128.61830251041144,130.3178959397844,285366600
2024-07-10,134.87677001953125,135.0667256558596,132.38737791270125,133.99698191654937,248978600
2024-07-11,127.36860656738281,136.11644269274476,127.01869434277064,135.7165473660534,374782700
2024-07-12,129.20816040039062,131.88749271860638,127.18865386253758,128.22839089146464,252680500
2024-07-15,128.40835571289062,131.35762580228223,127.14866403247436,130.52782847793975,208326200
2024-07-16,126.32887268066406,129.0082051584145,124.54931239200171,128.40836211736584,214769500
2024-07-17,117.96092224121094,121.81997165296215,116.6912385563928,121.32009486519661,390086200
2024-07-18,121.0601577758789,122.36984015709355,116.53127526261207,121.81997263511246,320979500
2024-07-19,117.90093994140625,121.57003374775046,117.341080377663,120.32034177331325,217223800
2024-07-22,123.50955963134766,124.03942781453529,119.8304661088677,120.3203432330864,258068900
2024-07-23,122.5597915649414,124.65928025097237,122.06991443104106,122.74974719191928,173911000
2024-07-24,114.22184753417969,119.92043994002134,113.41204956795865,119.1406333610656,327776900
2024-07-25,112.25233459472656,116.60126129148769,106.27381225253961,113.01214947730902,460067000
2024-07-26,113.03214263916016,116.17136841805404,111.55251154245995,116.16137637359374,293399100
2024-07-29,111.5625,116.25134680115113,111.27257816967544,113.66198865142056,248152100
2024-07-30,103.7044448852539,111.96240417731258,102.51473565355279,111.49251876218644,486833300
2024-07-31,116.99115753173828,118.31083191790377,110.85267132044424,112.87217777091092,473174200
2024-08-01,109.18309783935547,120.13040514788088,106.78368749587625,117.50104810323892,523462300
2024-08-02,107.24356842041016,108.69321575888374,101.3450281116693,103.73443867463745,482027500
2024-08-05,100.42524719238281,103.38452459369911,90.66765743904186,92.0373150047539,552842400
2024-08-06,104.22430419921875,107.68345045446188,100.5252192354799,103.81440159583764,409012100
2024-08-07,98.88563537597656,108.77319818362058,98.6656883565928,107.78343659639361,411440400
2024-08-08,104.94413757324219,105.47400576569116,97.49596860854,101.97486813365401,391910000
2024-08-09,104.72418975830078,106.57373239559361,103.40451530940655,105.6139698534446,290844200
2024-08-12,108.99313354492188,111.04263146519123,106.23381911518737,106.29380189006847,325559900
2024-08-13,116.11138153076172,116.20136332032301,111.55250759337807,112.41229629244809,312646700
2024-08-14,118.05091094970703,118.57077948335262,114.04189674110647,118.5007970340635,339246400
2024-08-15,122.82972717285156,123.2096307926781,117.44105591122558,118.73073896282733,318086700
2024-08-16,124.54930877685547,124.96920346991081,121.15014491697093,121.90995980977215,302589900
2024-08-19,129.96795654296875,129.96795654296875,123.38957660426745,124.24936523467589,318333600
2024-08-20,127.2186508178711,129.8480077753235,125.85898525590325,128.36836140301475,300087400
2024-08-21,128.46835327148438,129.31815003716036,126.62881008429083,127.2886435744744,257883600
2024-08-22,123.70950317382812,130.71777775352615,123.06966150668887,129.98796192734278,376189100
2024-08-23,129.33811950683594,129.56807382051312,125.18914813175064,125.82898983127045,323230300
2024-08-26,126.42884063720703,131.22765338990934,124.33935925298674,129.53808260280766,331964700
2024-08-27,128.26840209960938,129.1681743229575,123.84948497148315,125.01920259136338,303134600
2024-08-28,125.57905578613281,128.29838691719942,122.60978624415954,128.0884319398247,448101100
2024-08-29,117.56102752685547,124.3993464291812,116.6812470646182,121.33010304223866,453023300
2024-08-30,119.34059143066406,121.72000228172388,117.19111963899515,119.50054804230363,333751600
2024-09-03,107.973388671875,116.18136480283337,107.26356453201906,115.9814171340765,477155100
2024-09-04,106.18383026123047,113.24208832420429,104.09434887245212,105.38403194779274,372470300
2024-09-05,107.18358612060547,109.6229874268856,104.73419276980215,104.96413183407385,306850700
2024-09-06,102.8046646118164,108.12335346353827,100.92512296050285,108.01337995723738,413638100
2024-09-09,106.44377136230469,106.52375348417674,103.66445746112835,104.85415910703641,273912000
2024-09-10,108.0733642578125,109.37304700834024,104.92413884500664,107.78343479415585,268283700
2024-09-11,116.8812026977539,117.16113249890854,107.39353508245641,109.36305099024224,441422400
2024-09-12,119.12083435058594,120.77057045474369,115.3614370539407,116.82120128077001,367100500
2024-09-13,119.0808334350586,119.94069565795841,117.58107480834963,119.06084000976254,238358300
2024-09-16,116.7612075805664,118.16098383065176,114.34159881620232,116.77120810734208,248772300
2024-09-17,115.57140350341797,118.7808938826076,114.81153124290536,118.15099033708098,231925900
2024-09-18,113.35176086425781,117.68105834506785,113.20178347448297,115.87135202544096,310318900
2024-09-19,117.85103607177734,119.64074895502783,117.2311330909559,117.3311154741421,293506400
2024-09-20,115.98133850097656,118.6009197546388,115.37143602446805,117.041165532472,382462400
2024-09-23,116.24130249023438,116.97118080282907,114.84152614526418,116.5312567610485,206228500
2024-09-24,120.85055541992188,121.78040609310197,115.36143323881014,116.5012492087513,354966800
2024-09-25,123.4901351928711,124.91990547833531,121.5904392877682,122.00036937142775,284692900
2024-09-26,124.02005004882812,127.64946344549999,121.78041247124415,126.77960826024157,302582900
2024-09-27,121.38047790527344,124.01005220096552,119.24082267160239,123.9500642912149,271009200
2024-09-30,121.42046356201172,121.48045146740193,118.13099198549791,118.29096227592748,226553700
2024-10-01,116.9811782836914,122.42030559533124,115.77137385100936,121.75040758040218,302094500
2024-10-02,118.83087921142578,119.360792730428,115.12147695024304,116.42127087200362,221845900
2024-10-03,122.83023834228516,124.33999759824167,120.32063993396463,120.90054847309592,277118000
2024-10-04,124.89990234375,125.01988578554294,121.810403092212,124.91990339813242,243678100
2024-10-07,127.69945526123047,130.61898369823507,124.92989659161151,124.96989107230341,346250200
2024-10-08,132.86862182617188,133.45852325335272,129.39917881279587,130.23904002332463,285722500
2024-10-09,132.628662109375,134.4983717641675,131.3588773259068,134.08843403580283,246191600
2024-10-10,134.78831481933594,134.97828670089152,130.97893005790212,131.88878735570256,242311300
2024-10-11,134.7783203125,135.75815840657205,133.63850429309608,133.98843884138304,170209500
2024-10-14,138.0478057861328,139.57755854294567,136.27808612883217,136.44805696221857,232347700
2024-10-15,131.57884216308594,138.547722466739,128.71930149862905,137.84782283581688,377831000
2024-10-16,135.6981658935547,136.5980149944232,131.55883256815804,133.9584403413635,264879700
2024-10-17,136.90797424316406,140.8673441853548,136.8479863322171,139.31759037510415,306435900
2024-10-18,137.97779846191406,138.87764756674068,137.25791307551907,138.64768884107772,176090200
2024-10-21,143.6868896484375,143.6868896484375,137.97780144123402,138.1077854115753,264554500
2024-10-22,143.56690979003906,144.39677817254247,141.7572032447214,142.88702644418225,226311600
2024-10-23,139.5375518798828,142.4070854107316,137.43789878035992,142.00715584596583,285930000
2024-10-24,140.38742065429688,141.3272719093067,138.4377373361036,140.79735837298583,172354900
2024-10-25,141.51722717285156,144.1068221770471,140.77735596279692,140.90732467853542,205122100
2024-10-28,140.4973907470703,143.11696423513524,140.02746516246322,142.976987375231,173586700
2024-10-29,141.22727966308594,142.23711171034327,138.87765156261756,140.26742736816374,157593600
2024-10-30,139.3175811767578,140.30742741103543,136.78798938993828,139.51754595215704,179418100
2024-10-31,132.7386474609375,137.5878737112806,132.08875807974474,137.57788081150406,270039600
2024-11-01,135.3782196044922,137.2879161101812,134.5483665061615,134.67833522595924,207127800
2024-11-04,136.0281219482422,138.9376575905799,135.54820341905642,137.18793904541485,187528200
2024-11-05,139.8874969482422,140.3474144064953,137.30791015086248,137.4278859649573,160537400
2024-11-06,145.58656311035156,146.46642634688735,141.93715671974996,142.93699575896497,242043900
2024-11-07,148.85606384277344,148.9060435973239,146.14649291865044,146.3664587614797,207323300
2024-11-08,147.6062469482422,149.74590195013883,146.236457046531,148.7460628790407,175665800
2024-11-11,145.23663330078125,148.82606753959354,143.54691790764704,148.65608145399648,182325600
2024-11-12,148.26612854003906,149.62591028148023,145.98649668767203,146.7563770410738,198634700
2024-11-13,146.2464599609375,149.30596496785506,145.87650914358065,149.04601231096433,191903300
2024-11-14,146.7363739013672,148.97601887199116,145.52657719098687,147.6162371498861,194463300
2024-11-15,141.9571533203125,145.2166386002855,140.05746510375218,144.8466877533126,250132900
2024-11-18,140.12744140625,141.52722527651324,137.1279241566863,139.47755210471132,221866000
2024-11-19,146.98634338378906,147.10633445236968,140.96732287230222,141.2972716123141,227834900
2024-11-20,145.8665313720703,147.53626090336707,142.70703603144835,147.38629113505743,309871700
2024-11-21,146.6464080810547,152.8654088901037,140.67736706254192,149.32598496889756,400946600
2024-11-22,141.92715454101562,147.13632286743956,141.07730047570033,145.90650981286518,236406200
2024-11-25,135.9981231689453,142.02715192160386,135.79815839357323,141.9671640146257,344941900
2024-11-26,136.89797973632812,139.277601884859,135.64818075181995,137.6778530821544,190287700
2024-11-27,135.31822204589844,137.19792446250455,131.77879829463743,134.98827330747284,226370900
2024-11-29,138.22776794433594,139.32759715528792,136.02812477876728,136.75800311530705,141863200
2024-12-02,138.60769653320312,140.42739572538855,137.7978293194704,138.8076612979231,171682800
2024-12-03,140.23744201660156,140.51739577472358,137.92781588392697,138.23776359782383,164414000
2024-12-04,145.1166534423828,145.76654278655016,140.26742746830917,141.97715912549498,231224300
2024-12-05,145.04666137695312,146.52652104015894,143.93676281520223,145.0966598316491,172621200
2024-12-06,142.42689514160156,145.68658966441174,141.29699424160657,144.58670004061705,188505600
2024-12-09,138.79722595214844,139.93712045292858,137.1173878488451,138.9572148926683,189308600
2024-12-10,135.05758666992188,141.80696595909077,133.77769033829185,138.99721154250668,210020900
2024-12-11,139.29718017578125,140.15710166074888,135.19756655561218,137.3473626393387,184905200
2024-12-12,137.32736206054688,138.42726697152892,135.7875104425574,137.0673914713081,159211400
2024-12-13,134.23765563964844,139.58716980719961,132.52780616182653,138.92722683278515,231514900
2024-12-16,131.98785400390625,134.38762706465963,130.40799755691268,134.16764608739564,237951100
2024-12-17,130.3780059814453,131.57789255271604,126.84833189511964,129.07812250532473,259410300
2024-12-18,128.8981475830078,136.68742440979707,128.2682006428492,133.84768927135005,277444500
2024-12-19,130.66796875,134.01766661792476,129.5380830968377,131.7478712095932,209719200
2024-12-20,134.68760681152344,135.26755529215387,128.20820713472543,129.7980572196654,306528600
2024-12-23,139.6571502685547,139.77713434768583,135.1075657604122,136.2674627166313,176053500
2024-12-24,140.2071075439453,141.88694573903672,138.6372445869122,139.98712655305678,105157000
2024-12-26,139.91712951660156,140.8370583714796,137.7173348045662,139.68715493157526,116205600
2024-12-27,136.9973907470703,139.00721560881072,134.69761453351015,138.53725762424156,170582600
2024-12-30,137.47735595703125,140.2570989672278,134.00767398793965,134.81759702407376,167734700
2024-12-31,134.27764892578125,138.05731549303724,133.8176997545706,138.0173106258272,155659200
2025-01-02,138.29727172851562,138.8672266066605,134.61761764692358,135.98748671158143,198247200
2025-01-03,144.4567108154297,144.88666393436952,139.71714137538024,139.99711439640743,229322500
2025-01-06,149.41624450683594,152.14600432101588,147.80640728049391,148.57632545203526,265377400
2025-01-07,140.12710571289062,153.1159160516902,139.99711279126652,153.0159191493047,351782200
2025-01-08,140.0971221923828,143.9367655713296,137.5473535279277,142.5668963792699,227349900
2025-01-10,135.8975067138672,139.90713250101766,134.20765966847648,137.43735839735214,207602500
2025-01-13,133.21774291992188,133.47772877314173,129.49808381781634,129.97805065881337,204808900
2025-01-14,131.7478790283203,136.3674645891877,130.03804480886453,136.0374931021696,195590500
2025-01-15,136.22747802734375,136.43745017340345,131.277920981104,133.63770458598145,185217300
2025-01-16,133.55772399902344,138.73724031386243,133.47772952507327,138.6272498193542,209235600
2025-01-17,137.6973419189453,138.48726255165812,135.44754884500142,136.67743145335606,201188800
2025-01-21,140.81704711914062,141.8169551308445,137.07738566270945,139.14720257048143,197749000
2025-01-22,147.05648803710938,147.77640781491758,143.65679142482674,144.64670591256592,237651400
2025-01-23,147.2064666748047,147.2164602628041,143.706788444335,145.03666800279981,155915500
2025-01-24,142.60687255859375,148.95629439391405,141.86695041120194,148.35634349735062,234657600
2025-01-27,118.40910339355469,128.3881809500624,116.68926041493282,124.78852130861458,818830900
2025-01-28,128.9781494140625,128.9881430022562,116.23931491482392,121.79880142784785,579666400
2025-01-29,123.6886215209961,126.87833061040895,120.03896327722832,126.48836708502724,467120600
2025-01-30,124.63853454589844,124.9885008224628,118.08913405132431,123.08867408422283,392925500
2025-01-31,120.0589599609375,127.83824341487099,119.1790436181177,123.76861793270326,390372900
2025-02-03,116.64927673339844,118.55909714130068,112.99961082645434,114.7394486968032,371235700
2025-02-04,118.63909149169922,121.1888524384042,116.68926621972048,116.94924444838958,256550000
2025-02-05,124.81851959228516,124.98850212428793,120.74889426826606,121.74880228526035,262230800
2025-02-06,128.66815185546875,128.7581551695,125.19847756454047,127.40827329026631,251483600
2025-02-07,129.8280487060547,130.35799871586244,124.9884977355082,129.20811063964976,228186300
2025-02-10,133.55772399902344,134.98758517024453,129.94805537047182,130.0780330404282,216989100
2025-02-11,132.7877960205078,134.4676342706669,131.0079608594355,132.56781502240796,178902400
2025-02-12,131.12794494628906,132.22784993678553,129.0681367435288,130.00805277951918,160278600
2025-02-13,135.27755737304688,136.487452862588,131.15794096754342,131.54790450828392,197430000
2025-02-14,138.8372344970703,139.23719160158925,135.4875365315285,136.46744211776974,195479600
2025-02-18,139.38717651367188,143.4268135927519,137.91731045487123,141.25701494818574,219176600
2025-02-19,139.21719360351562,141.34700263351252,137.2073839146051,139.49716663707372,167536000
2025-02-20,140.0971221923828,140.6470746897965,136.7774200315485,140.01712771481476,143903600
2025-02-21,134.41763305664062,141.4470007486669,134.01767593596887,140.02711787829398,228217600
2025-02-24,130.2680206298828,138.57725415414035,130.06804206967678,136.5474420161462,251381100
2025-02-25,126.61835479736328,130.18802626376245,124.42856133510212,129.96804527013506,271428700
2025-02-26,131.26792907714844,133.71770077604796,128.478192299153,129.97805439122038,322553800
2025-02-27,120.13895416259766,134.99758082030266,119.99896764539281,134.9875872324259,443175800
2025-02-28,124.90850830078125,125.07849083366686,116.38929530836823,118.00914142194866,389091100
2025-03-03,114.04950714111328,123.68861991301428,112.26967207329028,123.49864257535764,411381400
2025-03-04,115.97933197021484,119.29902637351395,110.09987541363249,110.63982667322061,398163300
2025-03-05,117.28921508789062,118.26912068620358,114.49947076595478,117.56918811598004,284337900
2025-03-06,110.55982971191406,115.3393888375433,110.209863429875,113.51955654224739,321181900
2025-03-07,112.67964172363281,113.46957000648335,107.5501084934214,111.2397716760376,341755500
2025-03-10,106.97016143798828,111.83970852661247,105.45029700249104,109.88989097369002,366487400
2025-03-11,108.75,112.22967568900775,104.76036144852146,106.98015850635034,354865700
2025-03-12,115.73999786376953,116.76000213623047,112.87999725341797,114.12000274658203,323857500
2025-03-13,115.58000183105469,117.76000213623047,113.79000091552734,117.02999877929688,299033100
2025-03-14,121.66999816894531,121.87999725341797,118.1500015258789,118.61000061035156,277593500
2025-03-17,119.52999877929688,122.88999938964844,118.02999877929688,122.73999786376953,255501500
2025-03-18,115.43000030517578,119.0199966430664,114.54000091552734,118.0,299686900
2025-03-19,117.5199966430664,120.44999694824219,115.68000030517578,117.2699966430664,273426200
2025-03-20,118.52999877929688,120.19999694824219,116.47000122070312,116.55000305175781,248829700
2025-03-21,117.69999694824219,117.98999786376953,115.41999816894531,116.94000244140625,266498500
2025-03-24,121.41000366210938,122.22000122070312,119.33999633789062,119.87999725341797,228452500
2025-03-25,120.69000244140625,121.29000091552734,118.91999816894531,120.55000305175781,167447200
2025-03-26,113.76000213623047,118.83999633789062,112.70999908447266,118.7300033569336,293463300
2025-03-27,111.43000030517578,114.44999694824219,110.66000366210938,111.3499984741211,236902100
2025-03-28,109.66999816894531,112.87000274658203,109.06999969482422,111.48999786376953,229872500
2025-03-31,108.37999725341797,110.95999908447266,103.6500015258789,105.12999725341797,299212700
2025-04-01,110.1500015258789,110.19999694824219,106.47000122070312,108.5199966430664,222614000
2025-04-02,110.41999816894531,111.9800033569336,106.79000091552734,107.29000091552734,220601200
2025-04-03,101.80000305175781,105.62999725341797,101.5999984741211,103.51000213623047,338769400
2025-04-04,94.30999755859375,100.12999725341797,92.11000061035156,98.91000366210938,532273800
2025-04-07,97.63999938964844,101.75,86.62000274658203,87.45999908447266,611041300
2025-04-08,96.30000305175781,105.8499984741211,94.45999908447266,103.80999755859375,476243400
2025-04-09,114.33000183105469,115.0999984741211,97.52999877929688,98.88999938964844,612918300
2025-04-10,107.56999969482422,110.86000061035156,99.1500015258789,109.37000274658203,437812400
2025-04-11,110.93000030517578,111.55000305175781,107.4800033569336,108.5,313417300
2025-04-14,110.70999908447266,114.29000091552734,109.06999969482422,114.11000061035156,264705000
2025-04-15,112.19999694824219,113.62000274658203,110.5,110.97000122070312,228966900
2025-04-16,104.48999786376953,106.79000091552734,100.44999694824219,104.55000305175781,397016900
2025-04-17,101.48999786376953,104.47000122070312,100.05000305175781,104.44999694824219,290833400
2025-04-21,96.91000366210938,99.44000244140625,95.04000091552734,98.7699966430664,288501100
2025-04-22,98.88999938964844,99.80999755859375,97.27999877929688,98.77999877929688,241004800
2025-04-23,102.70999908447266,104.80000305175781,102.0199966430664,104.5199966430664,247526000
2025-04-24,106.43000030517578,106.54000091552734,103.11000061035156,103.4800033569336,220815000
2025-04-25,111.01000213623047,111.91999816894531,105.7300033569336,106.8499984741211,250407100
