SKU,base-SKU,Style,Category,Size
SET389-KR-NP-S,SET389,SET389,Set,S
JNE3781-KR-XXXL,JNE3781,JNE3781,kurta,3XL
JNE3371-KR-XL,JNE3371,JNE3371,kurta,XL
J0341-DR-L,J0341,J0341,Western Dress,L
JNE3671-TU-XXXL,JNE3671,JNE3671,Top,3XL
SET264-KR-NP-XL,SET264,SET264,Set,XL
J0095-SET-L,J0095,J0095,Set,L
JNE3405-KR-S,JNE3405,JNE3405,kurta,S
SET200-KR-NP-A-XXXL,SET200,SET200,Set,3XL
JNE3461-KR-XXL,JNE3461,JNE3461,kurta,XXL
JNE3160-KR-G-S,JNE3160,JNE3160,kurta,S
JNE3500-KR-XS,JNE3500,JNE3500,kurta,XS
JNE3405-KR-XS,JNE3405,JNE3405,kurta,XS
SET182-KR-DH-XS,SET182,SET182,Set,XS
J0351-SET-L,J0351,J0351,Set,L
PJNE3368-KR-6XL,PJNE3368,PJNE3368,kurta,6XL
JNE3721-KR-XXL,JNE3721,JNE3721,kurta,XXL
JNE3405-KR-XL,JNE3405,JNE3405,kurta,XL
JNE3697-KR-XXL,JNE3697,JNE3697,kurta,XXL
SET254-KR-NP-XS,SET254,SET254,Set,XS
JNE3795-KR-XXXL,JNE3795,JNE3795,kurta,3XL
SET345-KR-NP-M,SET345,SET345,Set,M
JNE3373-KR-L,JNE3373,JNE3373,kurta,L
SET291-KR-PP-M,SET291,SET291,Set,M
MEN5002-KR-L,MEN5002,MEN5002,kurta,L
NW030-TP-PJ-XS,NW030,NW030,Set,XS
JNE3415-KR-XXXL,JNE3415,JNE3415,kurta,3XL
PJNE2199-KR-N-4XL,PJNE2199,PJNE2199,kurta,4XL
JNE3567-KR-M,JNE3567,JNE3567,kurta,M
JNE2132-KR-398-XXXL,JNE2132,JNE2132,kurta,3XL
J0341-DR-S,J0341,J0341,Western Dress,S
MEN5009-KR-XL,MEN5009,MEN5009,kurta,XL
J0011-LCD-M,J0011,J0011,Set,M
JNE3766-KR-M,JNE3766,JNE3766,kurta,M
JNE3373-KR-XL,JNE3373,JNE3373,kurta,XL
MEN5001-KR-XL,MEN5001,MEN5001,kurta,XL
SET345-KR-NP-L,SET345,SET345,Set,L
JNE3787-KR-S,JNE3787,JNE3787,kurta,S
JNE3543-KR-S,JNE3543,JNE3543,kurta,S
JNE3405-KR-L,JNE3405,JNE3405,kurta,L
J0211-DR-XXL,J0211,J0211,Ethnic Dress,XXL
J0401-DR-XXXL,J0401,J0401,Western Dress,3XL
JNE2153-KR-278-A-M,JNE2153,JNE2153,kurta,M
SET360-KR-NP-M,SET360,SET360,Set,M
SET268-KR-NP-L,SET268,SET268,Set,L
SET183-KR-DH-S,SET183,SET183,Set,S
J0230-SKD-L,J0230,J0230,Set,L
JNE3744-TU-S,JNE3744,JNE3744,Top,S
JNE3510-KR-S,JNE3510,JNE3510,kurta,S
JNE3405-KR-M,JNE3405,JNE3405,kurta,M
J0186-SET-S,J0186,J0186,Set,S
J0003-SET-M,J0003,J0003,Set,M
SET282-KR-PP-M,SET282,SET282,Set,M
JNE1407-BLACK-KR-UDF18-XL,JNE1407,JNE1407,kurta,XL
J0301-TP-L,J0301,J0301,Top,L
JNE3869-DR-S,JNE3869,JNE3869,Western Dress,S
SET324-KR-NP-XS,SET324,SET324,Set,XS
SET279-LC-S,SET279,SET279,Set,S
JNE2014-KR-178-XXL,JNE2014,JNE2014,kurta,XXL
NW005-ST-PJ-XL,NW005,NW005,Set,XL
JNE2270-KR-487-A-M,JNE2270,JNE2270,kurta,M
JNE3579-KR-M,JNE3579,JNE3579,kurta,M
SET347-KR-NP-XS,SET347,SET347,Set,XS
SET264-KR-NP-M,SET264,SET264,Set,M
JNE3373-KR-XXL,JNE3373,JNE3373,kurta,XXL
SET333-KR-DPT-XXL,SET333,SET333,Set,XXL
JNE3645-TP-N-L,JNE3645,JNE3645,Top,L
SET233-KR-PP-L,SET233,SET233,Set,L
J0381-SKD-XXXL,J0381,J0381,Set,3XL
JNE3068-KR-A-XL,JNE3068,JNE3068,kurta,XL
JNE3718-KR-M,JNE3718,JNE3718,kurta,M
SET386-KR-NP-S,SET386,SET386,Set,S
JNE3745-KR-XXL,JNE3745,JNE3745,kurta,XXL
JNE3467-KR-XL,JNE3467,JNE3467,kurta,XL
JNE3721-KR-L,JNE3721,JNE3721,kurta,L
JNE3405-KR-XXL,JNE3405,JNE3405,kurta,XXL
SET295-KR-NP-XXXL,SET295,SET295,Set,3XL
JNE3861-DR-XL,JNE3861,JNE3861,Western Dress,XL
SET288-KR-NP-XXXL,SET288,SET288,Set,3XL
SET394-KR-NP-XXXL,SET394,SET394,Set,3XL
SET397-KR-NP-XXXL,SET397,SET397,Set,3XL
MEN5002-KR-XXL,MEN5002,MEN5002,kurta,XXL
SET377-KR-NP-M,SET377,SET377,Set,M
JNE3510-KR-M,JNE3510,JNE3510,kurta,M
BTM038-PP-XXXL,BTM038,BTM038,Bottom,3XL
J0343-DR-M,J0343,J0343,Western Dress,M
J0341-DR-XL,J0341,J0341,Western Dress,XL
J0295-DR-XXL,J0295,J0295,Western Dress,XXL
JNE3560-KR-M,JNE3560,JNE3560,kurta,M
J0333-DR-XXXL,J0333,J0333,Western Dress,3XL
SET389-KR-NP-M,SET389,SET389,Set,M
JNE3801-KR-XXXL,JNE3801,JNE3801,kurta,3XL
SET098-KR-PP-M,SET098,SET098,Set,M
MEN5013-KR-L,MEN5013,MEN5013,kurta,L
J0003-SET-L,J0003,J0003,Set,L
JNE3718-KR-XXXL,JNE3718,JNE3718,kurta,3XL
SET347-KR-NP-S,SET347,SET347,Set,S
JNE3391-KR-XXL,JNE3391,JNE3391,kurta,XXL
SET277-KR-NP-XXL,SET277,SET277,Set,XXL
J0293-DR-S,J0293,J0293,Western Dress,S
SET154-KR-NP-XL,SET154,SET154,Set,XL
JNE3439-KR-XL,JNE3439,JNE3439,kurta,XL
SET291-KR-PP-XL,SET291,SET291,Set,XL
SET293-KR-NP-M,SET293,SET293,Set,M
JNE3648-TP-N-M,JNE3648,JNE3648,Top,M
JNE3334-KR-M,JNE3334,JNE3334,kurta,M
SET331-KR-NP-XS,SET331,SET331,Set,XS
SET265-KR-NP-S,SET265,SET265,Set,S
JNE3718-KR-S,JNE3718,JNE3718,kurta,S
SET397-KR-NP  -M,SET397,SET397,Set,M
JNE3861-DR-XXL,JNE3861,JNE3861,Western Dress,XXL
J0335-DR-XL,J0335,J0335,Western Dress,XL
J0335-DR-XXL,J0335,J0335,Western Dress,XXL
JNE1525-KR-UDF19-A-S,JNE1525,JNE1525,kurta,S
JNE3654-TP-XL,JNE3654,JNE3654,Top,XL
JNE3261-KR-S,JNE3261,JNE3261,kurta,S
SET324-KR-NP-S,SET324,SET324,Set,S
SET332-KR-PP-S,SET332,SET332,Set,S
SET324-KR-NP-XXXL,SET324,SET324,Set,3XL
SET280-KR-PP-S,SET280,SET280,Set,S
JNE3618-KR-XXL,JNE3618,JNE3618,kurta,XXL
SET304-KR-DPT-XS,SET304,SET304,Set,XS
MEN5032-KR-XXXL,MEN5032,MEN5032,kurta,3XL
SET110-KR-PP-XXL,SET110,SET110,Set,XXL
SET324-KR-NP-M,SET324,SET324,Set,M
SET269-KR-NP-XXXL,SET269,SET269,Set,3XL
JNE3794-KR-M,JNE3794,JNE3794,kurta,M
JNE3291-KR-XXL,JNE3291,JNE3291,kurta,XXL
JNE3440-KR-N-XXXL,JNE3440,JNE3440,kurta,3XL
JNE2270-KR-487-A-XXL,JNE2270,JNE2270,kurta,XXL
JNE3261-KR-M,JNE3261,JNE3261,kurta,M
SET110-KR-PP-M,SET110,SET110,Set,M
J0300-TP-XXXL,J0300,J0300,Top,3XL
JNE3810-KR-S,JNE3810,JNE3810,kurta,S
JNE3461-KR-XL,JNE3461,JNE3461,kurta,XL
JNE3429-KR-XL,JNE3429,JNE3429,kurta,XL
JNE3710-DR-S,JNE3710,JNE3710,Western Dress,S
J0113-TP-XS,J0113,J0113,Top,XS
SET355-KR-PP-M,SET355,SET355,Set,M
J0009-SKD-S,J0009,J0009,Set,S
J0248-KR-DPT-XL,J0248,J0248,Set,XL
JNE3560-KR-XL,JNE3560,JNE3560,kurta,XL
JNE3373-KR-XXXL,JNE3373,JNE3373,kurta,3XL
SET398-KR-PP-L,SET398,SET398,Set,L
NW032-ST-CP-XXL,NW032,NW032,Set,XXL
SET361-KR-NP-S,SET361,SET361,Set,S
JNE3797-KR-L,JNE3797,JNE3797,Western Dress,L
JNE3887-KR-XL,JNE3887,JNE3887,kurta,XL
JNE3870-DR-XXL,JNE3870,JNE3870,Western Dress,XXL
SET345-KR-NP-XS,SET345,SET345,Set,XS
NW013-ST-SR-L,NW013,NW013,Set,L
JNE2014-KR-178-XL,JNE2014,JNE2014,kurta,XL
JNE3612-KR-S,JNE3612,JNE3612,kurta,S
PJNE2100-KR-N-6XL,PJNE2100,PJNE2100,kurta,6XL
SET398-KR-PP-XXXL,SET398,SET398,Set,3XL
J0006-SET-M,J0006,J0006,Ethnic Dress,M
JNE3437-KR-S,JNE3437,JNE3437,kurta,S
JNE3465-KR-S,JNE3465,JNE3465,kurta,S
J0373-KR-XXXL,J0373,J0373,kurta,3XL
J0344-TP-XXXL,J0344,J0344,Top,3XL
J0118-TP-XXL,J0118,J0118,Top,XXL
SET200-KR-NP-A-XS,SET200,SET200,Set,XS
JNE1998-KR-311-XXL,JNE1998,JNE1998,kurta,XXL
MEN5004-KR-XXXL,MEN5004,MEN5004,kurta,3XL
SET345-KR-NP-XXL,SET345,SET345,Set,XXL
JNE3654-TP-L,JNE3654,JNE3654,Top,L
J0344-TP-L,J0344,J0344,Top,L
J0334-TP-L,J0334,J0334,Top,L
J0230-SKD-S,J0230,J0230,Set,S
JNE1233-BLUE-KR-031-XXL,JNE1233,JNE1233,kurta,XXL
J0295-DR-M,J0295,J0295,Western Dress,M
SET324-KR-NP-L,SET324,SET324,Set,L
J0147-SET-XL,J0147,J0147,Set,XL
J0308-DR-L,J0308,J0308,Western Dress,L
NW030-TP-PJ-L,NW030,NW030,Set,L
SET360-KR-NP-XL,SET360,SET360,Set,XL
PJNE3373-KR-N-6XL,PJNE3373,PJNE3373,kurta,6XL
JNE3449-KR-XXL,JNE3449,JNE3449,kurta,XXL
JNE3786-KR-S,JNE3786,JNE3786,kurta,S
J0003-SET-XXL,J0003,J0003,Set,XXL
J0314-KR-M,J0314,J0314,kurta,M
J0341-DR-M,J0341,J0341,Western Dress,M
PJNE3068-KR-4XL,PJNE3068,PJNE3068,kurta,4XL
J0340-TP-M,J0340,J0340,Top,M
JNE3687-TU-M,JNE3687,JNE3687,Top,M
J0376-SKD-L,J0376,J0376,Set,L
J0198-TP-S,J0198,J0198,Top,S
JNE3453-KR-S,JNE3453,JNE3453,kurta,S
SET398-KR-PP-M,SET398,SET398,Set,M
NW033-ST-CP-XXXL,NW033,NW033,Set,3XL
NW037-TP-SR-XXXL,NW037,NW037,Set,3XL
JNE3618-KR-M,JNE3618,JNE3618,kurta,M
SET290-KR-DPT-M,SET290,SET290,Set,M
J0003-SET-XXXL,J0003,J0003,Set,3XL
JNE2153-KR-278-A-S,JNE2153,JNE2153,kurta,S
JNE3645-TP-N-XS,JNE3645,JNE3645,Top,XS
JNE3662-TP-XS,JNE3662,JNE3662,Top,XS
JNE3440-KR-N-L,JNE3440,JNE3440,kurta,L
SET331-KR-NP-S,SET331,SET331,Set,S
J0301-TP-M,J0301,J0301,Top,M
MEN5004-KR-XL,MEN5004,MEN5004,kurta,XL
J0352-KR-S,J0352,J0352,kurta,S
JNE3160-KR-G-XXL,JNE3160,JNE3160,kurta,XXL
JNE3798-KR-M,JNE3798,JNE3798,Western Dress,M
JNE3690-TU-XL,JNE3690,JNE3690,Top,XL
SET355-KR-PP-XXL,SET355,SET355,Set,XXL
SET317-KR-PP-XXL,SET317,SET317,Set,XXL
SET375-KR-NP-XL,SET375,SET375,Set,XL
JNE3371-KR-M,JNE3371,JNE3371,kurta,M
SET116-KR-NP-XL,SET116,SET116,Set,XL
SET147-KR-NP-XL,SET147,SET147,Set,XL
SET397-KR-NP-XL,SET397,SET397,Set,XL
SET300-KR-NP-L,SET300,SET300,Set,L
JNE3384-KR-M,JNE3384,JNE3384,kurta,M
JNE3291-KR-XL,JNE3291,JNE3291,kurta,XL
SET291-KR-PP-L,SET291,SET291,Set,L
JNE3399-KR-L,JNE3399,JNE3399,kurta,L
JNE3440-KR-N-XS,JNE3440,JNE3440,kurta,XS
SET363-KR-NP-XXL,SET363,SET363,Set,XXL
J0348-SET-S,J0348,J0348,Set,S
J0399-DR-M,J0399,J0399,Western Dress,M
JNE3797-KR-M,JNE3797,JNE3797,Western Dress,M
JNE3440-KR-N-M,JNE3440,JNE3440,kurta,M
JNE3802-KR-M,JNE3802,JNE3802,kurta,M
J0285-SKD-M,J0285,J0285,Set,M
SET322-KR-SHA-XL,SET322,SET322,Set,XL
MEN5021-KR-XL,MEN5021,MEN5021,kurta,XL
PJ0096-KR-N-5XL,PJ0096,PJ0096,kurta,5XL
JNE3461-KR-M,JNE3461,JNE3461,kurta,M
SET383-KR-NP-L,SET383,SET383,Set,L
J0002-SKD-XXXL,J0002,J0002,Set,3XL
SET344-KR-NP-XXXL,SET344,SET344,Set,3XL
JNE3465-KR-XXL,JNE3465,JNE3465,kurta,XXL
SET324-KR-NP-XXL,SET324,SET324,Set,XXL
SET184-KR-PP-XXXL,SET184,SET184,Set,3XL
J0008-SKD-S,J0008,J0008,Set,S
J0008-SKD-XXL,J0008,J0008,Set,XXL
J0013-SKD-XXL,J0013,J0013,Set,XXL
J0208-DR-S,J0208,J0208,Western Dress,S
SET344-KR-NP-XL,SET344,SET344,Set,XL
NW001-TP-PJ-XXL,NW001,NW001,Set,XXL
SET304-KR-DPT-S,SET304,SET304,Set,S
SET265-KR-NP-XL,SET265,SET265,Set,XL
SET004-KR-SP-A-S,SET004,SET004,Set,S
J0012-SKD-M,J0012,J0012,Set,M
JNE3465-KR-M,JNE3465,JNE3465,kurta,M
SET374-KR-NP-XS,SET374,SET374,Set,XS
JNE3567-KR-XL,JNE3567,JNE3567,kurta,XL
J0041-SET-M,J0041,J0041,Set,M
JNE3611-KR-XL,JNE3611,JNE3611,kurta,XL
SET384-KR-NP-XS,SET384,SET384,Set,XS
JNE3635-KR-L,JNE3635,JNE3635,kurta,L
J0118-TP-XXXL,J0118,J0118,Top,3XL
JNE3654-TP-XS,JNE3654,JNE3654,Top,XS
JNE3652-TP-N-XL,JNE3652,JNE3652,Top,XL
J0339-DR-L,J0339,J0339,Western Dress,L
SET303-KR-NP-XL,SET303,SET303,Set,XL
JNE3396-KR-XXXL,JNE3396,JNE3396,kurta,3XL
JNE3256-KR-XXXL,JNE3256,JNE3256,kurta,3XL
J0340-TP-XS,J0340,J0340,Top,XS
J0335-DR-S,J0335,J0335,Western Dress,S
J0008-SKD-L,J0008,J0008,Set,L
SET268-KR-NP-XS,SET268,SET268,Set,XS
J0280-SKD-S,J0280,J0280,Set,S
J0339-DR-M,J0339,J0339,Western Dress,M
JNE3564-KR-XXXL,JNE3564,JNE3564,kurta,3XL
SET182-KR-DH-L,SET182,SET182,Set,L
SET128-KR-DH-M,SET128,SET128,Set,M
JNE3567-KR-XXL,JNE3567,JNE3567,kurta,XXL
JNE3568-KR-L,JNE3568,JNE3568,kurta,L
JNE3881-DR-XXXL,JNE3881,JNE3881,Western Dress,3XL
JNE3639-TP-N-XXL,JNE3639,JNE3639,Top,XXL
SET291-KR-PP-XXL,SET291,SET291,Set,XXL
JNE3613-KR-XXL,JNE3613,JNE3613,kurta,XXL
JNE3368-KR-XXXL,JNE3368,JNE3368,kurta,3XL
JNE3522-KR-XXL,JNE3522,JNE3522,kurta,XXL
JNE3741-KR-XXL,JNE3741,JNE3741,kurta,XXL
SET293-KR-NP-S,SET293,SET293,Set,S
SET388-KR-NP-L,SET388,SET388,Set,L
J0008-SKD-XS,J0008,J0008,Set,XS
SET197-KR-NP-L,SET197,SET197,Set,L
MEN5029-KR-M,MEN5029,MEN5029,kurta,M
J0341-DR-XS,J0341,J0341,Western Dress,XS
J0010-LCD-L,J0010,J0010,Set,L
JNE3800-KR-M,JNE3800,JNE3800,Western Dress,M
SET183-KR-DH-M,SET183,SET183,Set,M
J0341-DR-XXL,J0341,J0341,Western Dress,XXL
J0341-DR-XXXL,J0341,J0341,Western Dress,3XL
J0331-KR-XXXL,J0331,J0331,kurta,3XL
JNE3752-KR-XXXL,JNE3752,JNE3752,kurta,3XL
SET369-KR-NP-XXL,SET369,SET369,Set,XXL
JNE3373-KR-XS,JNE3373,JNE3373,kurta,XS
JNE3805-KR-L,JNE3805,JNE3805,kurta,L
JNE3537-KR-M,JNE3537,JNE3537,kurta,M
J0003-SET-XL,J0003,J0003,Set,XL
SET436-KR-NP-XXXL,SET436,SET436,Set,3XL
SET264-KR-NP-XXL,SET264,SET264,Set,XXL
JNE3567-KR-XS,JNE3567,JNE3567,kurta,XS
J0329-KR-XXXL,J0329,J0329,kurta,3XL
JNE3568-KR-XL,JNE3568,JNE3568,kurta,XL
SET341-KR-NP-L,SET341,SET341,Set,L
JNE3543-KR-M,JNE3543,JNE3543,kurta,M
JNE3365-KR-1052-A-S,JNE3365,JNE3365,kurta,S
JNE3759-KR-XL,JNE3759,JNE3759,kurta,XL
MEN5001-KR-L,MEN5001,MEN5001,kurta,L
J0098-TP-XS,J0098,J0098,Top,XS
SET226-KR-PP-L,SET226,SET226,Set,L
SET380-KR-NP-XXXL,SET380,SET380,Set,3XL
MEN5009-KR-M,MEN5009,MEN5009,kurta,M
MEN5011-KR-M,MEN5011,MEN5011,kurta,M
MEN5032-KR-S,MEN5032,MEN5032,kurta,S
SET359-KR-NP-XXL,SET359,SET359,Set,XXL
J0199-SET-XXXL,J0199,J0199,Set,3XL
J0401-DR-L,J0401,J0401,Western Dress,L
J0003-SET-XS,J0003,J0003,Set,XS
J0308-DR-XL,J0308,J0308,Western Dress,XL
PJNE3252-KR-N-6XL,PJNE3252,PJNE3252,kurta,6XL
JNE3752-KR-M,JNE3752,JNE3752,kurta,M
SET217-KR-PP-XXXL,SET217,SET217,Set,3XL
JNE3799-KR-XL,JNE3799,JNE3799,kurta,XL
JNE3294-KR-S,JNE3294,JNE3294,kurta,S
SET356-KR-NP-XXXL,SET356,SET356,Set,3XL
JNE2014-KR-178-XXXL,JNE2014,JNE2014,kurta,3XL
JNE3405-KR-XXXL,JNE3405,JNE3405,kurta,3XL
J0230-SKD-XXL,J0230,J0230,Set,XXL
JNE3465-KR-XXXL,JNE3465,JNE3465,kurta,3XL
SET265-KR-NP-M,SET265,SET265,Set,M
JNE3288-KR-M,JNE3288,JNE3288,kurta,M
SET316-KR-DPT-M,SET316,SET316,Set,M
SET268-KR-NP-S,SET268,SET268,Set,S
JNE3800-KR-XXL,JNE3800,JNE3800,Western Dress,XXL
JNE2270-KR-487-A-L,JNE2270,JNE2270,kurta,L
MEN5024-KR-M,MEN5024,MEN5024,kurta,M
MEN5023-KR-XL,MEN5023,MEN5023,kurta,XL
JNE3797-KR-XS,JNE3797,JNE3797,Western Dress,XS
JNE3515-KR-XL,JNE3515,JNE3515,kurta,XL
J0225-SKD-XXL,J0225,J0225,Set,XXL
JNE3461-KR-L,JNE3461,JNE3461,kurta,L
JNE3618-KR-XS,JNE3618,JNE3618,kurta,XS
PJNE3405-KR-N-5XL,PJNE3405,PJNE3405,kurta,5XL
JNE3500-KR-S,JNE3500,JNE3500,kurta,S
JNE3368-KR-XXL,JNE3368,JNE3368,kurta,XXL
JNE2270-KR-487-A-XL,JNE2270,JNE2270,kurta,XL
JNE3568-KR-S,JNE3568,JNE3568,kurta,S
J0096-KR-S,J0096,J0096,kurta,S
SET319-KR-NP-S,SET319,SET319,Set,S
J0415-DR-L,J0415,J0415,Western Dress,L
JNE3718-KR-XXL,JNE3718,JNE3718,kurta,XXL
SET408-KR-NP-XXL,SET408,SET408,Set,XXL
J0254-SKD-XS,J0254,J0254,Set,XS
SAR114,SAR114,SAR114,Saree,Free
SET186-KR-DH-K-M,SET186,SET186,Set,M
JNE3819-KR-L,JNE3819,JNE3819,kurta,L
J0335-DR-L,J0335,J0335,Western Dress,L
SET334-KR-NP-XXL,SET334,SET334,Set,XXL
JNE3470-KR-XS,JNE3470,JNE3470,kurta,XS
JNE3619-KR-XS,JNE3619,JNE3619,kurta,XS
JNE3440-KR-N-XL,JNE3440,JNE3440,kurta,XL
JNE3787-KR-XXL,JNE3787,JNE3787,kurta,XXL
SET282-KR-PP-XXL,SET282,SET282,Set,XXL
JNE3691-TU-L,JNE3691,JNE3691,Top,L
JNE3727-KR-XXL,JNE3727,JNE3727,kurta,XXL
JNE3634-KR-XL,JNE3634,JNE3634,kurta,XL
JNE3675-TU-L,JNE3675,JNE3675,Top,L
JNE2199-KR-411-A-XXL,JNE2199,JNE2199,kurta,XXL
SET184-KR-PP-XXL,SET184,SET184,Set,XXL
JNE3468-KR-L,JNE3468,JNE3468,kurta,L
J0213-TP-L,J0213,J0213,Top,L
BL110-XL,BL110,BL110,Blouse,XL
J0008-SKD-XL,J0008,J0008,Set,XL
SET288-KR-NP-XXL,SET288,SET288,Set,XXL
SET110-KR-PP-L,SET110,SET110,Set,L
MEN5031-KR-XXXL,MEN5031,MEN5031,kurta,3XL
JNE3421-KR-N-M,JNE3421,JNE3421,kurta,M
SET351-KR-NP-L,SET351,SET351,Set,L
SET337-KR-NP-L,SET337,SET337,Set,L
MEN5021-KR-XXL,MEN5021,MEN5021,kurta,XXL
J0338-DR-L,J0338,J0338,Western Dress,L
JNE3364-KR-1051-A-L,JNE3364,JNE3364,kurta,L
JNE3568-KR-XXL,JNE3568,JNE3568,kurta,XXL
JNE2153-KR-278-A-XL,JNE2153,JNE2153,kurta,XL
JNE3487-KR-XXL,JNE3487,JNE3487,kurta,XXL
JNE3865-TP-XXXL,JNE3865,JNE3865,Top,3XL
SET291-KR-PP-XXXL,SET291,SET291,Set,3XL
JNE3704-KR-L,JNE3704,JNE3704,kurta,L
J0378-SKD-XXL,J0378,J0378,Set,XXL
JNE3721-KR-XL,JNE3721,JNE3721,kurta,XL
J0308-DR-XXL,J0308,J0308,Western Dress,XXL
SET398-KR-PP-XXL,SET398,SET398,Set,XXL
J0157-DR-S,J0157,J0157,Western Dress,S
JNE3799-KR-S,JNE3799,JNE3799,kurta,S
JNE2265-KR-501-S,JNE2265,JNE2265,kurta,S
JNE3401-KR-M,JNE3401,JNE3401,kurta,M
SET332-KR-PP-L,SET332,SET332,Set,L
SET345-KR-NP-XL,SET345,SET345,Set,XL
JNE1525-KR-UDF19-A-XL,JNE1525,JNE1525,kurta,XL
J0373-KR-M,J0373,J0373,kurta,M
JNE3449-KR-XXXL,JNE3449,JNE3449,kurta,3XL
J0006-SET-L,J0006,J0006,Ethnic Dress,L
SET228-KR-PP-A-XXXL,SET228,SET228,Set,3XL
MEN5023-KR-S,MEN5023,MEN5023,kurta,S
SET388-KR-NP-S,SET388,SET388,Set,S
SET333-KR-DPT-XL,SET333,SET333,Set,XL
SET172-KR-PP-B-M,SET172,SET172,Set,M
SET268-KR-NP-XL,SET268,SET268,Set,XL
SET319-KR-NP-XL,SET319,SET319,Set,XL
SET378-KR-NP-XS,SET378,SET378,Set,XS
SET344-KR-NP-S,SET344,SET344,Set,S
MEN5002-KR-M,MEN5002,MEN5002,kurta,M
MEN5006-KR-XXL,MEN5006,MEN5006,kurta,XXL
SET363-KR-NP-XL,SET363,SET363,Set,XL
JNE3794-KR-XXXL,JNE3794,JNE3794,kurta,3XL
SET131-KR-NP-A-XXL,SET131,SET131,Set,XXL
SET203-KR-DPT-S,SET203,SET203,Set,S
SET098-KR-PP-XL,SET098,SET098,Set,XL
JNE3614-KR-M,JNE3614,JNE3614,kurta,M
J0201-TP-L,J0201,J0201,Top,L
SET201-KR-NP-A-XXL,SET201,SET201,Set,XXL
NW030-TP-PJ-XXL,NW030,NW030,Set,XXL
SET273-KR-NP-XXXL,SET273,SET273,Set,3XL
JNE3690-TU-L,JNE3690,JNE3690,Top,L
J0247-SKD-S,J0247,J0247,Set,S
SET347-KR-NP-XXXL,SET347,SET347,Set,3XL
J0386-KR-XXXL,J0386,J0386,kurta,3XL
J0342-TP-L,J0342,J0342,Top,L
SET363-KR-NP-L,SET363,SET363,Set,L
J0342-TP-M,J0342,J0342,Top,M
J0198-TP-XXXL,J0198,J0198,Top,3XL
JNE3500-KR-XXL,JNE3500,JNE3500,kurta,XXL
JNE3510-KR-XL,JNE3510,JNE3510,kurta,XL
J0005-DR-XXL,J0005,J0005,Western Dress,XXL
SET360-KR-NP-XXL,SET360,SET360,Set,XXL
SET110-KR-PP-S,SET110,SET110,Set,S
J0416-DR-S,J0416,J0416,Western Dress,S
SET310-KR-NP-XXL,SET310,SET310,Set,XXL
SET188-KR-NP-XS,SET188,SET188,Set,XS
J0096-KR-XS,J0096,J0096,kurta,XS
SET323-KR-NP-XXL,SET323,SET323,Set,XXL
PJNE2100-KR-N-5XL,PJNE2100,PJNE2100,kurta,5XL
PJNE3068-KR-5XL,PJNE3068,PJNE3068,kurta,5XL
J0196-TP-XXL,J0196,J0196,Top,XXL
SET187-KR-DH-XL,SET187,SET187,Set,XL
SET389-KR-NP-XL,SET389,SET389,Set,XL
SAR040,SAR040,SAR040,Saree,Free
J0372-SKD-L,J0372,J0372,Set,L
J0376-SKD-S,J0376,J0376,Set,S
JNE3518-KR-M,JNE3518,JNE3518,kurta,M
J0095-SET-XXXL,J0095,J0095,Set,3XL
NW004-TP-PJ-XXXL,NW004,NW004,Set,3XL
J0167-KR-S,J0167,J0167,kurta,S
SET374-KR-NP-XXXL,SET374,SET374,Set,3XL
SET331-KR-NP-M,SET331,SET331,Set,M
SET356-KR-NP-L,SET356,SET356,Set,L
SET293-KR-NP-XXL,SET293,SET293,Set,XXL
SET375-KR-NP-XXL,SET375,SET375,Set,XXL
JNE3273-KR-XXL,JNE3273,JNE3273,kurta,XXL
SET331-KR-NP-L,SET331,SET331,Set,L
JNE3518-KR-XL,JNE3518,JNE3518,kurta,XL
JNE3476-KR-XL,JNE3476,JNE3476,kurta,XL
JNE3738-KR-XXXL,JNE3738,JNE3738,kurta,3XL
JNE3465-KR-XS,JNE3465,JNE3465,kurta,XS
JNE3463-KR-XXXL,JNE3463,JNE3463,kurta,3XL
MEN5032-KR-XXL,MEN5032,MEN5032,kurta,XXL
SET380-KR-NP-L,SET380,SET380,Set,L
J0230-SKD-M,J0230,J0230,Set,M
JNE3611-KR-XXXL,JNE3611,JNE3611,kurta,3XL
JNE3784-KR-M,JNE3784,JNE3784,kurta,M
SET114-KR-PP-XS,SET114,SET114,Set,XS
J0385-KR-M,J0385,J0385,kurta,M
SET347-KR-NP-L,SET347,SET347,Set,L
JNE3437-KR-XXL,JNE3437,JNE3437,kurta,XXL
JNE3065-KR-XXL,JNE3065,JNE3065,kurta,XXL
J0343-DR-XXL,J0343,J0343,Western Dress,XXL
J0119-TP-XL,J0119,J0119,Top,XL
J0334-TP-XL,J0334,J0334,Top,XL
J0236-SKD-XXL,J0236,J0236,Set,XXL
J0126-SKD-XXXL,J0126,J0126,Set,3XL
J0230-SKD-XL,J0230,J0230,Set,XL
SET171-KR-NP-M,SET171,SET171,Set,M
JNE3365-KR-1052-A-XXXL,JNE3365,JNE3365,kurta,3XL
J0012-SKD-XXL,J0012,J0012,Set,XXL
J0308-DR-M,J0308,J0308,Western Dress,M
J0117-TP-XXL,J0117,J0117,Top,XXL
SET265-KR-NP-XS,SET265,SET265,Set,XS
SET433-KR-NP-XL,SET433,SET433,Set,XL
JNE3769-KR-L,JNE3769,JNE3769,kurta,L
JNE3468-KR-XXXL,JNE3468,JNE3468,kurta,3XL
J0154-DR-XXL,J0154,J0154,Western Dress,XXL
J0154-DR-XS,J0154,J0154,Western Dress,XS
SET268-KR-NP-M,SET268,SET268,Set,M
MEN5019-KR-XXXL,MEN5019,MEN5019,kurta,3XL
SET333-KR-DPT-XS,SET333,SET333,Set,XS
SET110-KR-PP-XXXL,SET110,SET110,Set,3XL
PJNE2171-KR-N-5XL,PJNE2171,PJNE2171,kurta,5XL
SET310-KR-NP-S,SET310,SET310,Set,S
SET219-KR-PP-XXXL,SET219,SET219,Set,3XL
J0096-KR-XL,J0096,J0096,kurta,XL
JNE3562-KR-XXL,JNE3562,JNE3562,kurta,XXL
JNE3745-KR-S,JNE3745,JNE3745,kurta,S
JNE3795-KR-XS,JNE3795,JNE3795,kurta,XS
SET397-KR-NP-XXL,SET397,SET397,Set,XXL
JNE3365-KR-1052-A-M,JNE3365,JNE3365,kurta,M
SET145-KR-NP-S,SET145,SET145,Set,S
SET220-KR-PP-XL,SET220,SET220,Set,XL
JNE3371-KR-XXXL,JNE3371,JNE3371,kurta,3XL
JNE3487-KR-XXXL,JNE3487,JNE3487,kurta,3XL
JNE3702-KR-XXXL,JNE3702,JNE3702,kurta,3XL
JNE3461-KR-XXXL,JNE3461,JNE3461,kurta,3XL
JNE3739-KR-L,JNE3739,JNE3739,kurta,L
SET265-KR-NP-L,SET265,SET265,Set,L
SET343-KR-NP-XXL,SET343,SET343,Set,XXL
JNE3534-KR-XS,JNE3534,JNE3534,kurta,XS
J0094-KR-M,J0094,J0094,kurta,M
SET364-KR-NP-XXL,SET364,SET364,Set,XXL
JNE2265-KR-501-XL,JNE2265,JNE2265,kurta,XL
JNE3690-TU-S,JNE3690,JNE3690,Top,S
SET347-KR-NP-XL,SET347,SET347,Set,XL
JNE1998-KR-311-S,JNE1998,JNE1998,kurta,S
JNE3715-KR-S,JNE3715,JNE3715,kurta,S
BL003-50BLACK,BL003,BL003,Blouse,Free
MEN5005-KR-XXXL,MEN5005,MEN5005,kurta,3XL
MEN5028-KR-XXL,MEN5028,MEN5028,kurta,XXL
JNE3714-KR-L,JNE3714,JNE3714,kurta,L
PJNE2199-KR-N-6XL,PJNE2199,PJNE2199,kurta,6XL
JNE3634-KR-M,JNE3634,JNE3634,kurta,M
JNE3421-KR-N-L,JNE3421,JNE3421,kurta,L
SET285-KR-SHA-XS,SET285,SET285,Set,XS
JNE3394-KR-A-XL,JNE3394,JNE3394,kurta,XL
SET356-KR-NP-XL,SET356,SET356,Set,XL
JNE3468-KR-XXL,JNE3468,JNE3468,kurta,XXL
J0343-DR-XXXL,J0343,J0343,Western Dress,3XL
J0380-SKD-XXXL,J0380,J0380,Set,3XL
J0382-SKD-XL,J0382,J0382,Set,XL
PJNE3399-KR-N-6XL,PJNE3399,PJNE3399,kurta,6XL
PJNE3068-KR-6XL,PJNE3068,PJNE3068,kurta,6XL
JNE3468-KR-XL,JNE3468,JNE3468,kurta,XL
J0236-SKD-S,J0236,J0236,Set,S
JNE3799-KR-XS,JNE3799,JNE3799,kurta,XS
SET121-KR-NP-XS,SET121,SET121,Set,XS
J0202-TP-XXL,J0202,J0202,Top,XXL
J0014-LCD-S,J0014,J0014,Set,S
JNE3396-KR-XL,JNE3396,JNE3396,kurta,XL
JNE3609-KR-XXL,JNE3609,JNE3609,kurta,XXL
JNE3775-KR-S,JNE3775,JNE3775,kurta,S
J0301-TP-XXL,J0301,J0301,Top,XXL
JNE3659-TP-N-L,JNE3659,JNE3659,Top,L
JNE3652-TP-N-L,JNE3652,JNE3652,Top,L
SET192-KR-NP-XXXL,SET192,SET192,Set,3XL
J0336-TP-XXXL,J0336,J0336,Top,3XL
SET187-KR-DH-M,SET187,SET187,Set,M
JNE3409-KR-S,JNE3409,JNE3409,kurta,S
SET345-KR-NP-S,SET345,SET345,Set,S
JNE3800-KR-XL,JNE3800,JNE3800,Western Dress,XL
J0228-SKD-S,J0228,J0228,Set,S
J0119-TP-XXL,J0119,J0119,Top,XXL
JNE3562-KR-XL,JNE3562,JNE3562,kurta,XL
JNE3818-KR-M,JNE3818,JNE3818,kurta,M
JNE3712-TP-N-M,JNE3712,JNE3712,Top,M
JNE3423-KR-XL,JNE3423,JNE3423,kurta,XL
J0023-TP-XXL,J0023,J0023,Top,XXL
JNE2032-KR-205-XXXL,JNE2032,JNE2032,kurta,3XL
JNE3560-KR-L,JNE3560,JNE3560,kurta,L
JNE3706-DR-L,JNE3706,JNE3706,Western Dress,L
SET398-KR-PP-XS,SET398,SET398,Set,XS
J0294-TP-XS,J0294,J0294,Top,XS
J0095-SET-XXL,J0095,J0095,Set,XXL
JNE3546-KR-L,JNE3546,JNE3546,kurta,L
JNE3764-KR-XL,JNE3764,JNE3764,kurta,XL
SET331-KR-NP-XXXL,SET331,SET331,Set,3XL
J0278-SET-XXXL,J0278,J0278,Set,3XL
SET319-KR-NP-XXXL,SET319,SET319,Set,3XL
J0117-TP-S,J0117,J0117,Top,S
JNE3870-DR-XL,JNE3870,JNE3870,Western Dress,XL
JNE3784-KR-L,JNE3784,JNE3784,kurta,L
SET287-KR-NP-M,SET287,SET287,Set,M
JNE3567-KR-L,JNE3567,JNE3567,kurta,L
J0372-SKD-M,J0372,J0372,Set,M
J0139-KR-XXXL,J0139,J0139,kurta,3XL
J0097-KR-XXXL,J0097,J0097,kurta,3XL
SET182-KR-DH-XXXL,SET182,SET182,Set,3XL
SET304-KR-DPT-XL,SET304,SET304,Set,XL
SET356-KR-NP-XXL,SET356,SET356,Set,XXL
SET110-KR-PP-XS,SET110,SET110,Set,XS
JNE3722-KR-L,JNE3722,JNE3722,kurta,L
JNE3480-KR-M,JNE3480,JNE3480,kurta,M
SET014-KR-PP-M,SET014,SET014,Set,M
MEN5007-KR-M,MEN5007,MEN5007,kurta,M
J0339-DR-XL,J0339,J0339,Western Dress,XL
JNE3784-KR-XXXL,JNE3784,JNE3784,kurta,3XL
JNE3894-TP-M,JNE3894,JNE3894,Top,M
JNE3543-KR-XL,JNE3543,JNE3543,kurta,XL
MEN5027-KR-XL,MEN5027,MEN5027,kurta,XL
MEN5006-KR-XL,MEN5006,MEN5006,kurta,XL
JNE3806-KR-L,JNE3806,JNE3806,kurta,L
JNE3870-DR-XXXL,JNE3870,JNE3870,Western Dress,3XL
SET349-KR-NP-XS,SET349,SET349,Set,XS
JNE3465-KR-XL,JNE3465,JNE3465,kurta,XL
J0343-DR-XL,J0343,J0343,Western Dress,XL
MEN5021-KR-M,MEN5021,MEN5021,kurta,M
MEN5031-KR-S,MEN5031,MEN5031,kurta,S
SET098-KR-PP-S,SET098,SET098,Set,S
SET278-KR-NP-S,SET278,SET278,Set,S
JNE3294-KR-XXL,JNE3294,JNE3294,kurta,XXL
SET363-KR-NP-M,SET363,SET363,Set,M
SET282-KR-PP-XXXL,SET282,SET282,Set,3XL
J0414-DR-XXXL,J0414,J0414,Western Dress,3XL
JNE3506-KR-XXL,JNE3506,JNE3506,kurta,XXL
MEN5001-KR-M,MEN5001,MEN5001,kurta,M
MEN5022-KR-M,MEN5022,MEN5022,kurta,M
MEN5023-KR-M,MEN5023,MEN5023,kurta,M
MEN5030-KR-M,MEN5030,MEN5030,kurta,M
MEN5003-KR-XXXL,MEN5003,MEN5003,kurta,3XL
JNE3660-TP-N-S,JNE3660,JNE3660,Top,S
JNE3407-KR-S,JNE3407,JNE3407,kurta,S
SET359-KR-NP-L,SET359,SET359,Set,L
J0377-SKD-XXXL,J0377,J0377,Set,3XL
JNE3818-KR-XXL,JNE3818,JNE3818,kurta,XXL
JNE3412-KR-XXL,JNE3412,JNE3412,kurta,XXL
JNE3757-KR-XXL,JNE3757,JNE3757,kurta,XXL
J0308-DR-XXXL,J0308,J0308,Western Dress,3XL
SET184-KR-PP-S,SET184,SET184,Set,S
JNE3825-KR-M,JNE3825,JNE3825,kurta,M
BL017-63BLACK,BL017,BL017,Blouse,Free
J0098-TP-XXL,J0098,J0098,Top,XXL
JNE2171-KR-437-S,JNE2171,JNE2171,kurta,S
JNE3802-KR-L,JNE3802,JNE3802,kurta,L
PJNE3399-KR-N-4XL,PJNE3399,PJNE3399,kurta,4XL
J0349-SET-XL,J0349,J0349,Set,XL
PJNE3440-KR-N-5XL,PJNE3440,PJNE3440,kurta,5XL
JNE3579-KR-L,JNE3579,JNE3579,kurta,L
JNE3373-KR-M,JNE3373,JNE3373,kurta,M
J0139-KR-XXL,J0139,J0139,kurta,XXL
MEN5006-KR-L,MEN5006,MEN5006,kurta,L
J0285-SKD-S,J0285,J0285,Set,S
JNE3724-KR-XL,JNE3724,JNE3724,kurta,XL
NW037-TP-SR-L,NW037,NW037,Set,L
J0334-TP-S,J0334,J0334,Top,S
BL001-50PINK,BL001,BL001,Blouse,Free
SET098-KR-PP-XXL,SET098,SET098,Set,XXL
SET388-KR-NP-XXXL,SET388,SET388,Set,3XL
NW034-TP-PJ-XXXL,NW034,NW034,Set,3XL
JNE3639-TP-N-XL,JNE3639,JNE3639,Top,XL
MEN5028-KR-XL,MEN5028,MEN5028,kurta,XL
MEN5011-KR-XL,MEN5011,MEN5011,kurta,XL
JNE3718-KR-L,JNE3718,JNE3718,kurta,L
SET266-KR-NP-L,SET266,SET266,Set,L
SET048-KR-NP-L,SET048,SET048,Set,L
J0210-DR-XL,J0210,J0210,Ethnic Dress,XL
J0095-SET-XL,J0095,J0095,Set,XL
JNE3487-KR-L,JNE3487,JNE3487,kurta,L
JNE3651-TP-N-M,JNE3651,JNE3651,Top,M
J0002-SKD-XL,J0002,J0002,Set,XL
J0004-SKD-XL,J0004,J0004,Set,XL
J0234-SKD-L,J0234,J0234,Set,L
J0236-SKD-L,J0236,J0236,Set,L
J0010-LCD-S,J0010,J0010,Set,S
J0247-SKD-L,J0247,J0247,Set,L
JNE3721-KR-XS,JNE3721,JNE3721,kurta,XS
JNE3160-KR-G-XXXL,JNE3160,JNE3160,kurta,3XL
MEN5008-KR-XXL,MEN5008,MEN5008,kurta,XXL
BL103-XL,BL103,BL103,Blouse,XL
MEN5029-KR-XL,MEN5029,MEN5029,kurta,XL
J0281-SKD-XS,J0281,J0281,Set,XS
JNE3861-DR-M,JNE3861,JNE3861,Western Dress,M
JNE3739-KR-XL,JNE3739,JNE3739,kurta,XL
J0349-SET-XXL,J0349,J0349,Set,XXL
SET183-KR-DH-XXXL,SET183,SET183,Set,3XL
JNE3865-TP-XL,JNE3865,JNE3865,Top,XL
SET199-KR-NP-L,SET199,SET199,Set,L
J0006-SET-XXXL,J0006,J0006,Ethnic Dress,3XL
JNE3334-KR-XXL,JNE3334,JNE3334,kurta,XXL
J0004-SKD-XXXL,J0004,J0004,Set,3XL
JNE3564-KR-XXL,JNE3564,JNE3564,kurta,XXL
JNE3534-KR-XXXL,JNE3534,JNE3534,kurta,3XL
JNE3620-KR-L,JNE3620,JNE3620,kurta,L
JNE3795-KR-S,JNE3795,JNE3795,kurta,S
SET358-KR-NP-XXL,SET358,SET358,Set,XXL
SET332-KR-PP-XL,SET332,SET332,Set,XL
JNE3691-TU-M,JNE3691,JNE3691,Top,M
J0334-TP-M,J0334,J0334,Top,M
JNE2205-KR-467-A-XXXL,JNE2205,JNE2205,kurta,3XL
JNE3618-KR-L,JNE3618,JNE3618,kurta,L
J0003-SET-S,J0003,J0003,Set,S
SET364-KR-NP-L,SET364,SET364,Set,L
SET264-KR-NP-XXXL,SET264,SET264,Set,3XL
SET315-KR-PP-XL,SET315,SET315,Set,XL
J0332-DR-XXL,J0332,J0332,Western Dress,XXL
J0336-TP-M,J0336,J0336,Top,M
JNE3805-KR-M,JNE3805,JNE3805,kurta,M
SET269-KR-NP-S,SET269,SET269,Set,S
JNE2153-KR-278-A-XS,JNE2153,JNE2153,kurta,XS
PJNE3607-KR-5XL,PJNE3607,PJNE3607,kurta,5XL
NW009-ST-CP-XXXL,NW009,NW009,Set,3XL
J0352-KR-XXL,J0352,J0352,kurta,XXL
J0162-SKD-XXXL,J0162,J0162,Set,3XL
JNE3627-KR-L,JNE3627,JNE3627,kurta,L
J0014-LCD-L,J0014,J0014,Set,L
JNE3803-KR-S,JNE3803,JNE3803,kurta,S
JNE3437-KR-L,JNE3437,JNE3437,kurta,L
JNE3718-KR-XL,JNE3718,JNE3718,kurta,XL
JNE3463-KR-XL,JNE3463,JNE3463,kurta,XL
SET313-KR-NP-XS,SET313,SET313,Set,XS
SET239-KR-NP-XXL,SET239,SET239,Set,XXL
NW030-TP-PJ-XL,NW030,NW030,Set,XL
JNE3543-KR-XS,JNE3543,JNE3543,kurta,XS
J0049-TP-XXXL,J0049,J0049,Top,3XL
JNE3794-KR-XXL,JNE3794,JNE3794,kurta,XXL
JNE3863-TU-L,JNE3863,JNE3863,Top,L
J0181-TP-M,J0181,J0181,Top,M
JNE3837-KR-L,JNE3837,JNE3837,kurta,L
J0301-TP-XL,J0301,J0301,Top,XL
PJNE3368-KR-5XL,PJNE3368,PJNE3368,kurta,5XL
J0342-TP-XXL,J0342,J0342,Top,XXL
SET398-KR-PP-XL,SET398,SET398,Set,XL
JNE3510-KR-L,JNE3510,JNE3510,kurta,L
SET333-KR-DPT-L,SET333,SET333,Set,L
JNE3399-KR-M,JNE3399,JNE3399,kurta,M
SET316-KR-DPT-XXXL,SET316,SET316,Set,3XL
JNE3160-KR-G-XL,JNE3160,JNE3160,kurta,XL
JNE3773-KR-XL,JNE3773,JNE3773,kurta,XL
JNE3784-KR-XL,JNE3784,JNE3784,kurta,XL
J0004-SKD-L,J0004,J0004,Set,L
JNE3463-KR-XS,JNE3463,JNE3463,kurta,XS
J0346-SET-L,J0346,J0346,Set,L
JNE3366-KR-1053-L,JNE3366,JNE3366,kurta,L
J0285-SKD-XS,J0285,J0285,Set,XS
MEN5009-KR-S,MEN5009,MEN5009,kurta,S
SET110-KR-PP-XL,SET110,SET110,Set,XL
MEN5013-KR-S,MEN5013,MEN5013,kurta,S
J0378-SKD-M,J0378,J0378,Set,M
JNE3371-KR-S,JNE3371,JNE3371,kurta,S
NW006-ST-SR-XXXL,NW006,NW006,Set,3XL
JNE3439-KR-M,JNE3439,JNE3439,kurta,M
JNE3636-KR-XL,JNE3636,JNE3636,kurta,XL
NW034-TP-PJ-XL,NW034,NW034,Set,XL
J0118-TP-XL,J0118,J0118,Top,XL
J0132-KR-XXL,J0132,J0132,kurta,XXL
SET293-KR-NP-XL,SET293,SET293,Set,XL
SET073-KR-SHA-M,SET073,SET073,Set,M
JNE3703-KR-XL,JNE3703,JNE3703,kurta,XL
SET087-KR-PP-M,SET087,SET087,Set,M
J0353-KR-XXL,J0353,J0353,kurta,XXL
JNE1977-KR-237-M,JNE1977,JNE1977,kurta,M
JNE3781-KR-XS,JNE3781,JNE3781,kurta,XS
NW037-TP-SR-XS,NW037,NW037,Set,XS
J0025-DR-XXXL,J0025,J0025,Western Dress,3XL
J0152-DR-XXL,J0152,J0152,Western Dress,XXL
J0158-DR-XXXL,J0158,J0158,Western Dress,3XL
SET353-KR-NP-XL,SET353,SET353,Set,XL
J0092-SET-XXL,J0092,J0092,Set,XXL
MEN5026-KR-M,MEN5026,MEN5026,kurta,M
SET253-KR-NP-XXXL,SET253,SET253,Set,3XL
J0248-KR-DPT-L,J0248,J0248,Set,L
JNE3618-KR-XL,JNE3618,JNE3618,kurta,XL
SET286-KR-NP-XL,SET286,SET286,Set,XL
SET268-KR-NP-XXXL,SET268,SET268,Set,3XL
JNE3399-KR-XL,JNE3399,JNE3399,kurta,XL
J0402-DR-L,J0402,J0402,Western Dress,L
SET304-KR-DPT-L,SET304,SET304,Set,L
JNE3710-DR-XL,JNE3710,JNE3710,Western Dress,XL
SET374-KR-NP-M,SET374,SET374,Set,M
SET366-KR-NP-XL,SET366,SET366,Set,XL
J0119-TP-XS,J0119,J0119,Top,XS
JNE3697-KR-L,JNE3697,JNE3697,kurta,L
NW015-TP-PJ-M,NW015,NW015,Set,M
J0198-TP-XS,J0198,J0198,Top,XS
SET386-KR-NP-L,SET386,SET386,Set,L
SET197-KR-NP-XXL,SET197,SET197,Set,XXL
J0293-DR-XS,J0293,J0293,Western Dress,XS
SET322-KR-SHA-S,SET322,SET322,Set,S
J0281-SKD-S,J0281,J0281,Set,S
SET350-KR-NP-XL,SET350,SET350,Set,XL
JNE3605-KR-XXL,JNE3605,JNE3605,kurta,XXL
SET295-KR-NP-M,SET295,SET295,Set,M
SET264-KR-NP-L,SET264,SET264,Set,L
JNE2171-KR-437-XL,JNE2171,JNE2171,kurta,XL
JNE3673-TU-L,JNE3673,JNE3673,Top,L
J0124-TP-L,J0124,J0124,Top,L
SET293-KR-NP-XXXL,SET293,SET293,Set,3XL
MEN5012-KR-L,MEN5012,MEN5012,kurta,L
JNE3757-KR-XL,JNE3757,JNE3757,kurta,XL
MEN5032-KR-XL,MEN5032,MEN5032,kurta,XL
SET183-KR-DH-XXL,SET183,SET183,Set,XXL
JNE3455-KR-M,JNE3455,JNE3455,kurta,M
J0333-DR-XS,J0333,J0333,Western Dress,XS
JNE3761-KR-XL,JNE3761,JNE3761,kurta,XL
SET145-KR-NP-L,SET145,SET145,Set,L
JNE3801-KR-XL,JNE3801,JNE3801,kurta,XL
SET171-KR-NP-XXXL,SET171,SET171,Set,3XL
JNE3404-KR-XXL,JNE3404,JNE3404,kurta,XXL
J0234-SKD-XL,J0234,J0234,Set,XL
MEN5022-KR-S,MEN5022,MEN5022,kurta,S
MEN5020-KR-XXXL,MEN5020,MEN5020,kurta,3XL
SET304-KR-DPT-XXL,SET304,SET304,Set,XXL
SET275-KR-NP-XL,SET275,SET275,Set,XL
J0122-TP-XL,J0122,J0122,Top,XL
SET183-KR-DH-XS,SET183,SET183,Set,XS
SET233-KR-PP-XXL,SET233,SET233,Set,XXL
JNE3504-KR-XL,JNE3504,JNE3504,kurta,XL
JNE3473-KR-XXXL,JNE3473,JNE3473,kurta,3XL
JNE3366-KR-1053-A-XXXL,JNE3366,JNE3366,kurta,3XL
NW012-TP-PJ-XL,NW012,NW012,Set,XL
JNE3425-KR-M,JNE3425,JNE3425,kurta,M
SET197-KR-NP-XL,SET197,SET197,Set,XL
SET374-KR-NP-L,SET374,SET374,Set,L
JNE3334-KR-L,JNE3334,JNE3334,kurta,L
JNE3567-KR-S,JNE3567,JNE3567,kurta,S
J0014-LCD-XL,J0014,J0014,Set,XL
J0111-TP-S,J0111,J0111,Top,S
SET217-KR-PP-XL,SET217,SET217,Set,XL
J0280-SKD-XXL,J0280,J0280,Set,XXL
J0216-BL-S,J0216,J0216,Blouse,S
J0154-DR-XL,J0154,J0154,Western Dress,XL
JNE3667-TP-M,JNE3667,JNE3667,Top,M
BL026-74BEIGE-B,BL026,BL026,Blouse,Free
J0020-SET-XL,J0020,J0020,Set,XL
SET227-KR-PP-A-XL,SET227,SET227,Set,XL
J0119-TP-XXXL,J0119,J0119,Top,3XL
JNE3798-KR-XXL,JNE3798,JNE3798,Western Dress,XXL
SET304-KR-DPT-XXXL,SET304,SET304,Set,3XL
JNE3838-KR-XL,JNE3838,JNE3838,kurta,XL
NW034-TP-PJ-XXL,NW034,NW034,Set,XXL
JNE3311-KR-XS,JNE3311,JNE3311,kurta,XS
JNE3764-KR-M,JNE3764,JNE3764,kurta,M
SET203-KR-DPT-XL,SET203,SET203,Set,XL
JNE3437-KR-M,JNE3437,JNE3437,kurta,M
JNE3288-KR-XXL,JNE3288,JNE3288,kurta,XXL
JNE3801-KR-XXL,JNE3801,JNE3801,kurta,XXL
NW030-TP-PJ-S,NW030,NW030,Set,S
SET187-KR-DH-XS,SET187,SET187,Set,XS
SET398-KR-PP-S,SET398,SET398,Set,S
JNE3741-KR-XXXL,JNE3741,JNE3741,kurta,3XL
J0296-DR-XS,J0296,J0296,Western Dress,XS
SET196-KR-NP-M,SET196,SET196,Set,M
J0373-KR-S,J0373,J0373,kurta,S
J0104-KR-S,J0104,J0104,kurta,S
J0338-DR-XL,J0338,J0338,Western Dress,XL
JNE3735-KR-XXL,JNE3735,JNE3735,kurta,XXL
JNE3706-DR-S,JNE3706,JNE3706,Western Dress,S
JNE3710-DR-L,JNE3710,JNE3710,Western Dress,L
JNE3463-KR-L,JNE3463,JNE3463,kurta,L
SET328-KR-NP-XXL,SET328,SET328,Set,XXL
SET339-KR-NP-XXL,SET339,SET339,Set,XXL
JNE3465-KR-L,JNE3465,JNE3465,kurta,L
JNE3403-KR-XS,JNE3403,JNE3403,kurta,XS
SET171-KR-NP-L,SET171,SET171,Set,L
JNE3612-KR-XL,JNE3612,JNE3612,kurta,XL
JNE3420-KR-S,JNE3420,JNE3420,kurta,S
JNE3563-KR-XS,JNE3563,JNE3563,kurta,XS
NW003-TP-PJ-L,NW003,NW003,Set,L
SET343-KR-NP-M,SET343,SET343,Set,M
J0007-SKD-M,J0007,J0007,Set,M
SET258-KR-PP-XXL,SET258,SET258,Set,XXL
SET352-KR-NP-L,SET352,SET352,Set,L
MEN5014-KR-XXXL,MEN5014,MEN5014,kurta,3XL
MEN5032-KR-M,MEN5032,MEN5032,kurta,M
SET287-KR-NP-L,SET287,SET287,Set,L
J0344-TP-XL,J0344,J0344,Top,XL
J0355-KR-L,J0355,J0355,kurta,L
J0352-KR-XL,J0352,J0352,kurta,XL
JNE3749-KR-L,JNE3749,JNE3749,kurta,L
JNE3616-KR-M,JNE3616,JNE3616,kurta,M
MEN5025-KR-XXL,MEN5025,MEN5025,kurta,XXL
J0135-SET-XXL,J0135,J0135,Set,XXL
JNE3313-KR-A-XXL,JNE3313,JNE3313,kurta,XXL
MEN5031-KR-XXL,MEN5031,MEN5031,kurta,XXL
JNE3581-KR-S,JNE3581,JNE3581,kurta,S
JNE2014-KR-178-L,JNE2014,JNE2014,kurta,L
JNE3639-TP-N-M,JNE3639,JNE3639,Top,M
JNE1951-KR-155-XL,JNE1951,JNE1951,kurta,XL
J0008-SKD-M,J0008,J0008,Set,M
JNE3560-KR-XXL,JNE3560,JNE3560,kurta,XXL
JNE3905-DR-L,JNE3905,JNE3905,Western Dress,L
J0335-DR-M,J0335,J0335,Western Dress,M
SET347-KR-NP-M,SET347,SET347,Set,M
J0113-TP-XL,J0113,J0113,Top,XL
SET198-KR-NP-A-XXXL,SET198,SET198,Set,3XL
JNE3484-KR-XL,JNE3484,JNE3484,kurta,XL
J0285-SKD-XL,J0285,J0285,Set,XL
J0097-KR-L,J0097,J0097,kurta,L
J0171-DR-XXL,J0171,J0171,Western Dress,XXL
SET330-KR-PP-S,SET330,SET330,Set,S
SET279-LC-XXXL,SET279,SET279,Set,3XL
JNE3761-KR-XXL,JNE3761,JNE3761,kurta,XXL
JNE3703-KR-XXL,JNE3703,JNE3703,kurta,XXL
JNE3265-KR-XXL,JNE3265,JNE3265,kurta,XXL
SET286-KR-NP-XXXL,SET286,SET286,Set,3XL
SET400-KR-NP-XXXL,SET400,SET400,Set,3XL
J0283-SET-XXXL,J0283,J0283,Set,3XL
J0004-SKD-XS,J0004,J0004,Set,XS
JNE3779-KR-XXL,JNE3779,JNE3779,kurta,XXL
J0349-SET-L,J0349,J0349,Set,L
SET358-KR-NP-XXXL,SET358,SET358,Set,3XL
J0340-TP-L,J0340,J0340,Top,L
SET233-KR-PP-M,SET233,SET233,Set,M
JNE3510-KR-XXL,JNE3510,JNE3510,kurta,XXL
J0097-KR-XS,J0097,J0097,kurta,XS
JNE3801-KR-M,JNE3801,JNE3801,kurta,M
J0025-DR-XS,J0025,J0025,Western Dress,XS
J0209-DR-XS,J0209,J0209,Ethnic Dress,XS
J0395-DR-XS,J0395,J0395,Western Dress,XS
JNE3568-KR-M,JNE3568,JNE3568,kurta,M
SET014-KR-PP-A-XXL,SET014,SET014,Set,XXL
NW005-ST-PJ-XXXL,NW005,NW005,Set,3XL
NW013-ST-SR-XXXL,NW013,NW013,Set,3XL
J0023-TP-XXXL,J0023,J0023,Top,3XL
J0343-DR-L,J0343,J0343,Western Dress,L
SET184-KR-PP-XL,SET184,SET184,Set,XL
JNE3869-DR-XXXL,JNE3869,JNE3869,Western Dress,3XL
JNE3479-KR-XL,JNE3479,JNE3479,kurta,XL
JNE3634-KR-XS,JNE3634,JNE3634,kurta,XS
SET397-KR-NP-S,SET397,SET397,Set,S
SET389-KR-NP-XXXL,SET389,SET389,Set,3XL
SET138-KR-PP-M,SET138,SET138,Set,M
JNE3690-TU-XS,JNE3690,JNE3690,Top,XS
JNE3620-KR-XL,JNE3620,JNE3620,kurta,XL
JNE3613-KR-XL,JNE3613,JNE3613,kurta,XL
J0108-SKD-XL,J0108,J0108,Set,XL
J0098-TP-M,J0098,J0098,Top,M
J0089-TP-XXL,J0089,J0089,Top,XXL
MEN5014-KR-XL,MEN5014,MEN5014,kurta,XL
JNE3861-DR-L,JNE3861,JNE3861,Western Dress,L
SET229-KR-PP-L,SET229,SET229,Set,L
J0415-DR-M,J0415,J0415,Western Dress,M
JNE3384-KR-S,JNE3384,JNE3384,kurta,S
SET405-KR-NP-XS,SET405,SET405,Set,XS
MEN5018-KR-XL,MEN5018,MEN5018,kurta,XL
J0244-SKD-XL,J0244,J0244,Set,XL
JNE3691-TU-XL,JNE3691,JNE3691,Top,XL
J0349-SET-M,J0349,J0349,Set,M
SET363-KR-NP-S,SET363,SET363,Set,S
JNE3468-KR-M,JNE3468,JNE3468,kurta,M
SET100-KR-PP-XL,SET100,SET100,Set,XL
JNE3261-KR-XXL,JNE3261,JNE3261,kurta,XXL
J0277-SKD-M,J0277,J0277,Set,M
SET393-KR-NP-XS,SET393,SET393,Set,XS
SET348-KR-NP-L,SET348,SET348,Set,L
SET233-KR-PP-XXXL,SET233,SET233,Set,3XL
JNE3547-KR-XXXL,JNE3547,JNE3547,kurta,3XL
JNE3797-KR-XXXL,JNE3797,JNE3797,Western Dress,3XL
SET324-KR-NP-XL,SET324,SET324,Set,XL
J0400-DR-M,J0400,J0400,Western Dress,M
JNE3548-KR-L,JNE3548,JNE3548,kurta,L
JNE3709-DR-M,JNE3709,JNE3709,Western Dress,M
J0126-SKD-L,J0126,J0126,Set,L
JNE3581-KR-M,JNE3581,JNE3581,kurta,M
SET280-KR-PP-XS,SET280,SET280,Set,XS
SET239-KR-NP-XXXL,SET239,SET239,Set,3XL
SET058-KR-NP-M,SET058,SET058,Set,M
J0343-DR-S,J0343,J0343,Western Dress,S
JNE3449-KR-S,JNE3449,JNE3449,kurta,S
J0333-DR-XL,J0333,J0333,Western Dress,XL
J0301-TP-XXXL,J0301,J0301,Top,3XL
JNE2251-KR-537-L,JNE2251,JNE2251,kurta,L
J0239-SKD-XS,J0239,J0239,Set,XS
J0219-BL-XL,J0219,J0219,Blouse,XL
JNE3659-TP-N-S,JNE3659,JNE3659,Top,S
JNE3479-KR-S,JNE3479,JNE3479,kurta,S
JNE3715-KR-M,JNE3715,JNE3715,kurta,M
J0294-TP-S,J0294,J0294,Top,S
JNE3618-KR-S,JNE3618,JNE3618,kurta,S
J0373-KR-XS,J0373,J0373,kurta,XS
SET366-KR-NP-XXL,SET366,SET366,Set,XXL
SET334-KR-NP-S,SET334,SET334,Set,S
SET337-KR-NP-S,SET337,SET337,Set,S
JNE3652-TP-N-S,JNE3652,JNE3652,Top,S
JNE3421-KR-N-XXL,JNE3421,JNE3421,kurta,XXL
SET408-KR-NP-S,SET408,SET408,Set,S
JNE2086-KR-389-L,JNE2086,JNE2086,kurta,L
SET322-KR-SHA-M,SET322,SET322,Set,M
JNE3799-KR-M,JNE3799,JNE3799,kurta,M
JNE3673-TU-XS,JNE3673,JNE3673,Top,XS
JNE3665-TP-S,JNE3665,JNE3665,Top,S
J0349-SET-S,J0349,J0349,Set,S
JNE3777-KR-XXL,JNE3777,JNE3777,kurta,XXL
SET268-KR-NP-XXL,SET268,SET268,Set,XXL
JNE3697-KR-S,JNE3697,JNE3697,kurta,S
SET345-KR-NP-XXXL,SET345,SET345,Set,3XL
SET329-KR-NP-XXXL,SET329,SET329,Set,3XL
NW024-TP-PJ-XS,NW024,NW024,Set,XS
JNE3805-KR-XL,JNE3805,JNE3805,kurta,XL
SET228-KR-PP-A-XL,SET228,SET228,Set,XL
JNE3634-KR-XXXL,JNE3634,JNE3634,kurta,3XL
JNE3822-KR-M,JNE3822,JNE3822,kurta,M
SET383-KR-NP-M,SET383,SET383,Set,M
SET273-KR-NP-M,SET273,SET273,Set,M
SET244-KR-NP-M,SET244,SET244,Set,M
JNE3789-KR-XS,JNE3789,JNE3789,kurta,XS
JNE3669-TU-S,JNE3669,JNE3669,Top,S
SET279-LC-XS,SET279,SET279,Set,XS
SET295-KR-NP-XL,SET295,SET295,Set,XL
JNE3422-KR-XL,JNE3422,JNE3422,kurta,XL
JNE3481-KR-XS,JNE3481,JNE3481,kurta,XS
JNE3794-KR-XS,JNE3794,JNE3794,kurta,XS
SET145-KR-NP-XXL,SET145,SET145,Set,XXL
SET393-KR-NP-L,SET393,SET393,Set,L
JNE3702-KR-XXL,JNE3702,JNE3702,kurta,XXL
JNE3629-KR-M,JNE3629,JNE3629,kurta,M
JNE3645-TP-N-S,JNE3645,JNE3645,Top,S
SET348-KR-NP-M,SET348,SET348,Set,M
J0377-SKD-XL,J0377,J0377,Set,XL
SET075-KR-DH-L,SET075,SET075,Set,L
J0097-KR-M,J0097,J0097,kurta,M
J0153-DR-XXXL,J0153,J0153,Western Dress,3XL
JNE3721-KR-M,JNE3721,JNE3721,kurta,M
JNE3640-TP-N-XXL,JNE3640,JNE3640,Top,XXL
SET302-KR-PP-XXXL,SET302,SET302,Set,3XL
JNE3645-TP-N-XL,JNE3645,JNE3645,Top,XL
JNE3763-KR-L,JNE3763,JNE3763,kurta,L
JNE3630-KR-XXXL,JNE3630,JNE3630,kurta,3XL
JNE3461-KR-XS,JNE3461,JNE3461,kurta,XS
JNE3368-KR-XL,JNE3368,JNE3368,kurta,XL
JNE3751-KR-XXXL,JNE3751,JNE3751,kurta,3XL
JNE3749-KR-XXXL,JNE3749,JNE3749,kurta,3XL
MEN5008-KR-M,MEN5008,MEN5008,kurta,M
SET386-KR-NP-M,SET386,SET386,Set,M
J0122-TP-XXXL,J0122,J0122,Top,3XL
JNE3633-KR-S,JNE3633,JNE3633,kurta,S
SET328-KR-NP-L,SET328,SET328,Set,L
J0398-DR-M,J0398,J0398,Western Dress,M
J0231-SKD-XL,J0231,J0231,Set,XL
SET278-KR-NP-L,SET278,SET278,Set,L
JNE3654-TP-M,JNE3654,JNE3654,Top,M
J0339-DR-XS,J0339,J0339,Western Dress,XS
SET279-LC-L,SET279,SET279,Set,L
SET385-KR-NP-XL,SET385,SET385,Set,XL
J0353-KR-XL,J0353,J0353,kurta,XL
J0280-SKD-XS,J0280,J0280,Set,XS
SET388-KR-NP-XL,SET388,SET388,Set,XL
J0006-SET-XS,J0006,J0006,Ethnic Dress,XS
JNE3546-KR-S,JNE3546,JNE3546,kurta,S
SET311-KR-NP-L,SET311,SET311,Set,L
J0283-SET-L,J0283,J0283,Set,L
SET413-KR-NP-S,SET413,SET413,Set,S
JNE3546-KR-XL,JNE3546,JNE3546,kurta,XL
JNE3491-KR-XL,JNE3491,JNE3491,kurta,XL
J0093-DR-XXL,J0093,J0093,Ethnic Dress,XXL
JNE3446-KR-S,JNE3446,JNE3446,kurta,S
JNE3720-KR-M,JNE3720,JNE3720,kurta,M
SET278-KR-NP-XXXL,SET278,SET278,Set,3XL
J0349-SET-XXXL,J0349,J0349,Set,3XL
SET270-KR-PP-XXL,SET270,SET270,Set,XXL
J0351-SET-XXXL,J0351,J0351,Set,3XL
JNE3869-DR-XXL,JNE3869,JNE3869,Western Dress,XXL
J0204-TP-L,J0204,J0204,Top,L
SET209-KR-PP-XS,SET209,SET209,Set,XS
SET282-KR-PP-XL,SET282,SET282,Set,XL
JNE3691-TU-S,JNE3691,JNE3691,Top,S
JNE09210-PINK-SR-JP8101RNV,JNE09210,JNE09210,Saree,Free
SET348-KR-NP-XS,SET348,SET348,Set,XS
JNE3822-KR-XXL,JNE3822,JNE3822,kurta,XXL
JNE3515-KR-XXL,JNE3515,JNE3515,kurta,XXL
SET171-KR-NP-XS,SET171,SET171,Set,XS
JNE3522-KR-L,JNE3522,JNE3522,kurta,L
J0006-SET-S,J0006,J0006,Ethnic Dress,S
JNE3675-TU-S,JNE3675,JNE3675,Top,S
J0005-DR-S,J0005,J0005,Western Dress,S
JNE3399-KR-XXXL,JNE3399,JNE3399,kurta,3XL
SET285-KR-SHA-L,SET285,SET285,Set,L
J0198-TP-L,J0198,J0198,Top,L
J0419-TP-XL,J0419,J0419,Top,XL
SET405-KR-NP-M,SET405,SET405,Set,M
J0162-SKD-L,J0162,J0162,Set,L
NW016-ST-SR-XXXL,NW016,NW016,Set,3XL
JNE3801-KR-L,JNE3801,JNE3801,kurta,L
NW030-TP-PJ-M,NW030,NW030,Set,M
JNE3463-KR-M,JNE3463,JNE3463,kurta,M
J0012-SKD-L,J0012,J0012,Set,L
SET230-KR-PP-S,SET230,SET230,Set,S
SET145-KR-NP-XXXL,SET145,SET145,Set,3XL
JNE3391-KR-XXXL,JNE3391,JNE3391,kurta,3XL
JNE3787-KR-XXXL,JNE3787,JNE3787,kurta,3XL
SET342-KR-NP-N-XL,SET342,SET342,Set,XL
J0130-SET-XXL,J0130,J0130,Set,XXL
SET353-KR-NP-XXL,SET353,SET353,Set,XXL
SET303-KR-NP-XS,SET303,SET303,Set,XS
SET224-KR-NP-S,SET224,SET224,Set,S
J0401-DR-S,J0401,J0401,Western Dress,S
J0097-KR-S,J0097,J0097,kurta,S
JNE2014-KR-178-M,JNE2014,JNE2014,kurta,M
JNE3742-KR-XS,JNE3742,JNE3742,kurta,XS
JNE3515-KR-XXXL,JNE3515,JNE3515,kurta,3XL
JNE3680-TU-XXXL,JNE3680,JNE3680,Top,3XL
J0217-BL-M,J0217,J0217,Blouse,M
JNE3716-KR-XXXL,JNE3716,JNE3716,kurta,3XL
JNE3366-KR-1053-XXXL,JNE3366,JNE3366,kurta,3XL
J0119-TP-L,J0119,J0119,Top,L
JNE3470-KR-XXL,JNE3470,JNE3470,kurta,XXL
JNE2199-KR-411-A-M,JNE2199,JNE2199,kurta,M
J0148-SET-S,J0148,J0148,Set,S
MEN5024-KR-XXXL,MEN5024,MEN5024,kurta,3XL
JNE3288-KR-L,JNE3288,JNE3288,kurta,L
J0113-TP-XXL,J0113,J0113,Top,XXL
NW007-ST-CP-XXXL,NW007,NW007,Set,3XL
JNE3795-KR-XL,JNE3795,JNE3795,kurta,XL
JNE3603-KR-XXL,JNE3603,JNE3603,kurta,XXL
JNE2199-KR-411-A-L,JNE2199,JNE2199,kurta,L
SET267-KR-NP-XL,SET267,SET267,Set,XL
J0007-SKD-XL,J0007,J0007,Set,XL
J0209-DR-XXL,J0209,J0209,Ethnic Dress,XXL
SET288-KR-NP-XS,SET288,SET288,Set,XS
SET232-KR-PP-S,SET232,SET232,Set,S
JNE3546-KR-M,JNE3546,JNE3546,kurta,M
J0095-SET-M,J0095,J0095,Set,M
JNE3762-KR-S,JNE3762,JNE3762,kurta,S
JNE3635-KR-S,JNE3635,JNE3635,kurta,S
JNE3739-KR-XXL,JNE3739,JNE3739,kurta,XXL
J0166-DR-XS,J0166,J0166,Western Dress,XS
JNE3703-KR-M,JNE3703,JNE3703,kurta,M
SET320-KR-NP-XXXL,SET320,SET320,Set,3XL
JNE3614-KR-XL,JNE3614,JNE3614,kurta,XL
JNE3437-KR-XL,JNE3437,JNE3437,kurta,XL
JNE3710-DR-XXL,JNE3710,JNE3710,Western Dress,XXL
JNE3724-KR-XXL,JNE3724,JNE3724,kurta,XXL
SET348-KR-NP-XXL,SET348,SET348,Set,XXL
J0111-TP-XXXL,J0111,J0111,Top,3XL
JNE3713-TP-N-XXL,JNE3713,JNE3713,Top,XXL
J0385-KR-L,J0385,J0385,kurta,L
JNE3368-KR-M,JNE3368,JNE3368,kurta,M
J0395-DR-XXXL,J0395,J0395,Western Dress,3XL
JNE3817-KR-XXL,JNE3817,JNE3817,kurta,XXL
SET331-KR-NP-XL,SET331,SET331,Set,XL
J0385-KR-XXXL,J0385,J0385,kurta,3XL
JNE3376-KR-M,JNE3376,JNE3376,kurta,M
JNE3487-KR-M,JNE3487,JNE3487,kurta,M
JNE3401-KR-S,JNE3401,JNE3401,kurta,S
SET322-KR-SHA-L,SET322,SET322,Set,L
MEN5008-KR-L,MEN5008,MEN5008,kurta,L
JNE3880-DR-XS,JNE3880,JNE3880,Western Dress,XS
J0401-DR-XS,J0401,J0401,Western Dress,XS
J0248-KR-DPT-XXXL,J0248,J0248,Set,3XL
MEN5019-KR-L,MEN5019,MEN5019,kurta,L
SET377-KR-NP-L,SET377,SET377,Set,L
JNE3479-KR-XXL,JNE3479,JNE3479,kurta,XXL
SET273-KR-NP-S,SET273,SET273,Set,S
SET328-KR-NP-XL,SET328,SET328,Set,XL
J0243-DR-XL,J0243,J0243,Ethnic Dress,XL
NW024-TP-PJ-S,NW024,NW024,Set,S
JNE3784-KR-XXL,JNE3784,JNE3784,kurta,XXL
JNE3902-KR-XL,JNE3902,JNE3902,kurta,XL
MEN5006-KR-XXXL,MEN5006,MEN5006,kurta,3XL
SET267-KR-NP-XXL,SET267,SET267,Set,XXL
JNE3861-DR-XS,JNE3861,JNE3861,Western Dress,XS
JNE3708-TU-S,JNE3708,JNE3708,Top,S
JNE3579-KR-XXXL,JNE3579,JNE3579,kurta,3XL
J0401-DR-XL,J0401,J0401,Western Dress,XL
JNE3784-KR-S,JNE3784,JNE3784,kurta,S
J0355-KR-M,J0355,J0355,kurta,M
MEN5022-KR-XXL,MEN5022,MEN5022,kurta,XXL
JNE3782-KR-XL,JNE3782,JNE3782,kurta,XL
J0230-SKD-XS,J0230,J0230,Set,XS
JNE1234-MULTI-KR-032-M,JNE1234,JNE1234,kurta,M
J0005-DR-XL,J0005,J0005,Western Dress,XL
SET383-KR-NP-XL,SET383,SET383,Set,XL
BL109-M,BL109,BL109,Blouse,M
JNE3703-KR-S,JNE3703,JNE3703,kurta,S
JNE2199-KR-411-A-XL,JNE2199,JNE2199,kurta,XL
J0254-SKD-M,J0254,J0254,Set,M
SET356-KR-NP-XS,SET356,SET356,Set,XS
JNE3611-KR-S,JNE3611,JNE3611,kurta,S
CH204-PURPLE-M,CH204,CH204,Bottom,M
JNE3473-KR-XL,JNE3473,JNE3473,kurta,XL
JNE2171-KR-437-M,JNE2171,JNE2171,kurta,M
JNE3554-KR-XXL,JNE3554,JNE3554,kurta,XXL
JNE3795-KR-L,JNE3795,JNE3795,kurta,L
SET366-KR-NP-M,SET366,SET366,Set,M
SET356-KR-NP-M,SET356,SET356,Set,M
SET366-KR-NP-XS,SET366,SET366,Set,XS
JNE3522-KR-M,JNE3522,JNE3522,kurta,M
JNE3863-TU-XXXL,JNE3863,JNE3863,Top,3XL
NW029-ST-SR-XXXL,NW029,NW029,Set,3XL
NW020-ST-SR-XXXL,NW020,NW020,Set,3XL
JNE3560-KR-XXXL,JNE3560,JNE3560,kurta,3XL
SET405-KR-NP-XXXL,SET405,SET405,Set,3XL
JNE3554-KR-M,JNE3554,JNE3554,kurta,M
J0126-SKD-XXL,J0126,J0126,Set,XXL
JNE3645-TP-N-M,JNE3645,JNE3645,Top,M
JNE3640-TP-N-M,JNE3640,JNE3640,Top,M
SET385-KR-NP-M,SET385,SET385,Set,M
JNE3784-KR-XS,JNE3784,JNE3784,kurta,XS
BTM044-PP-M,BTM044,BTM044,Bottom,M
SET269-KR-NP-XXL,SET269,SET269,Set,XXL
JNE3399-KR-S,JNE3399,JNE3399,kurta,S
JNE3399-KR-XXL,JNE3399,JNE3399,kurta,XXL
SET358-KR-NP-S,SET358,SET358,Set,S
JNE3697-KR-XL,JNE3697,JNE3697,kurta,XL
J0244-SKD-M,J0244,J0244,Set,M
MEN5022-KR-L,MEN5022,MEN5022,kurta,L
JNE3769-KR-XS,JNE3769,JNE3769,kurta,XS
SET139-KR-PP-XS,SET139,SET139,Set,XS
SET014-KR-PP-A-M,SET014,SET014,Set,M
J0373-KR-L,J0373,J0373,kurta,L
NW029-ST-SR-XXL,NW029,NW029,Set,XXL
J0338-DR-XXXL,J0338,J0338,Western Dress,3XL
J0399-DR-XXXL,J0399,J0399,Western Dress,3XL
JNE3658-TP-S,JNE3658,JNE3658,Top,S
J0292-TP-XS,J0292,J0292,Top,XS
JNE3643-TP-N-XS,JNE3643,JNE3643,Top,XS
JNE3660-TP-N-XS,JNE3660,JNE3660,Top,XS
JNE3865-TP-L,JNE3865,JNE3865,Top,L
J0346-SET-XS,J0346,J0346,Set,XS
SET285-KR-SHA-XXL,SET285,SET285,Set,XXL
BL057-65BLACK-A,BL057,BL057,Blouse,Free
SET293-KR-NP-XS,SET293,SET293,Set,XS
NW002-TP-PJ-XXXL,NW002,NW002,Set,3XL
NW003-TP-PJ-XXXL,NW003,NW003,Set,3XL
SET246-KR-PP-M,SET246,SET246,Set,M
J0118-TP-L,J0118,J0118,Top,L
J0080-TP-XS,J0080,J0080,Top,XS
JNE3566-KR-S,JNE3566,JNE3566,kurta,S
JNE1408-GREY-KR-UDF19-L,JNE1408,JNE1408,kurta,L
JNE3793-KR-M,JNE3793,JNE3793,kurta,M
JNE2009-KR-310-XS,JNE2009,JNE2009,kurta,XS
JNE3713-TP-N-XL,JNE3713,JNE3713,Top,XL
SET269-KR-NP-XS,SET269,SET269,Set,XS
J0211-DR-M,J0211,J0211,Ethnic Dress,M
SET393-KR-NP-XXXL,SET393,SET393,Set,3XL
JNE3740-KR-XXXL,JNE3740,JNE3740,kurta,3XL
J0329-KR-L,J0329,J0329,kurta,L
JNE3605-KR-S,JNE3605,JNE3605,kurta,S
JNE3798-KR-XL,JNE3798,JNE3798,Western Dress,XL
SET288-KR-NP-XL,SET288,SET288,Set,XL
SET348-KR-NP-XL,SET348,SET348,Set,XL
SET365-KR-NP-XXL,SET365,SET365,Set,XXL
JNE3776-KR-XS,JNE3776,JNE3776,kurta,XS
JNE3761-KR-XS,JNE3761,JNE3761,kurta,XS
JNE3400-KR-XL,JNE3400,JNE3400,kurta,XL
SET228-KR-PP-A-M,SET228,SET228,Set,M
JNE3609-KR-XL,JNE3609,JNE3609,kurta,XL
JNE3634-KR-XXL,JNE3634,JNE3634,kurta,XXL
JNE3865-TP-S,JNE3865,JNE3865,Top,S
SET319-KR-NP-L,SET319,SET319,Set,L
SET269-KR-NP-L,SET269,SET269,Set,L
MEN5022-KR-XL,MEN5022,MEN5022,kurta,XL
SET349-KR-NP-XL,SET349,SET349,Set,XL
SET209-KR-PP-XXXL,SET209,SET209,Set,3XL
JNE3662-TP-S,JNE3662,JNE3662,Top,S
JNE3715-KR-XXL,JNE3715,JNE3715,kurta,XXL
JNE3653-TP-N-XXL,JNE3653,JNE3653,Top,XXL
JNE3712-TP-N-XXL,JNE3712,JNE3712,Top,XXL
JNE3799-KR-L,JNE3799,JNE3799,kurta,L
MEN5024-KR-L,MEN5024,MEN5024,kurta,L
JNE3620-KR-S,JNE3620,JNE3620,kurta,S
J0041-SET-XL,J0041,J0041,Set,XL
JNE3695-KR-S,JNE3695,JNE3695,kurta,S
SET070-KR-NP-XS,SET070,SET070,Set,XS
JNE3413-KR-S,JNE3413,JNE3413,kurta,S
SET287-KR-NP-XXXL,SET287,SET287,Set,3XL
JNE3736-KR-XL,JNE3736,JNE3736,kurta,XL
JNE3652-TP-N-XXL,JNE3652,JNE3652,Top,XXL
JNE3863-TU-S,JNE3863,JNE3863,Top,S
SET229-KR-PP-XL,SET229,SET229,Set,XL
JNE2307-KR-572-M,JNE2307,JNE2307,kurta,M
JNE3613-KR-L,JNE3613,JNE3613,kurta,L
SET236-KR-PP-XXXL,SET236,SET236,Set,3XL
SET223-KR-NP-XXXL,SET223,SET223,Set,3XL
SET380-KR-NP-M,SET380,SET380,Set,M
JNE3716-KR-M,JNE3716,JNE3716,kurta,M
SET291-KR-PP-S,SET291,SET291,Set,S
JNE3294-KR-XXXL,JNE3294,JNE3294,kurta,3XL
J0382-SKD-L,J0382,J0382,Set,L
JNE3709-DR-L,JNE3709,JNE3709,Western Dress,L
J0104-KR-M,J0104,J0104,kurta,M
JNE3423-KR-XXL,JNE3423,JNE3423,kurta,XXL
MEN5025-KR-XXXL,MEN5025,MEN5025,kurta,3XL
JNE3752-KR-L,JNE3752,JNE3752,kurta,L
JNE3783-KR-L,JNE3783,JNE3783,kurta,L
J0414-DR-M,J0414,J0414,Western Dress,M
BTM026-NP-XL,BTM026,BTM026,Bottom,XL
JNE3659-TP-N-XXL,JNE3659,JNE3659,Top,XXL
JNE3822-KR-L,JNE3822,JNE3822,kurta,L
SET343-KR-NP-S,SET343,SET343,Set,S
SET276-KR-PP-XS,SET276,SET276,Set,XS
JNE3716-KR-L,JNE3716,JNE3716,kurta,L
JNE3637-KR-M,JNE3637,JNE3637,kurta,M
JNE3795-KR-XXL,JNE3795,JNE3795,kurta,XXL
SET172-KR-PP-B-L,SET172,SET172,Set,L
SET325-KR-NP-L,SET325,SET325,Set,L
JNE3422-KR-XXL,JNE3422,JNE3422,kurta,XXL
SET217-KR-PP-L,SET217,SET217,Set,L
SET184-KR-PP-M,SET184,SET184,Set,M
JNE3311-KR-S,JNE3311,JNE3311,kurta,S
J0203-TP-XXXL,J0203,J0203,Top,3XL
JNE3785-KR-S,JNE3785,JNE3785,kurta,S
JNE3518-KR-XXL,JNE3518,JNE3518,kurta,XXL
J0382-SKD-S,J0382,J0382,Set,S
MEN5021-KR-L,MEN5021,MEN5021,kurta,L
SET322-KR-SHA-XXL,SET322,SET322,Set,XXL
SET278-KR-NP-M,SET278,SET278,Set,M
J0237-SKD-L,J0237,J0237,Set,L
J0181-TP-XS,J0181,J0181,Top,XS
SET220-KR-PP-M,SET220,SET220,Set,M
SET400-KR-NP-XL,SET400,SET400,Set,XL
JNE3468-KR-XS,JNE3468,JNE3468,kurta,XS
SET349-KR-NP-S,SET349,SET349,Set,S
JNE3661-TP-XL,JNE3661,JNE3661,Top,XL
SET374-KR-NP-S,SET374,SET374,Set,S
PJNE2171-KR-N-6XL,PJNE2171,PJNE2171,kurta,6XL
SET393-KR-NP-S,SET393,SET393,Set,S
J0402-DR-XS,J0402,J0402,Western Dress,XS
SET216-KR-PP-XL,SET216,SET216,Set,XL
SET236-KR-PP-XL,SET236,SET236,Set,XL
JNE3617-KR-XL,JNE3617,JNE3617,kurta,XL
J0219-BL-M,J0219,J0219,Blouse,M
JNE3437-KR-XXXL,JNE3437,JNE3437,kurta,3XL
SET219-KR-PP-XXL,SET219,SET219,Set,XXL
J0087-TP-M,J0087,J0087,Top,M
JNE3068-KR-A-XXL,JNE3068,JNE3068,kurta,XXL
SET308-KR-PP-XXXL,SET308,SET308,Set,3XL
JNE3575-KR-M,JNE3575,JNE3575,kurta,M
JNE3575-KR-L,JNE3575,JNE3575,kurta,L
JNE3802-KR-XL,JNE3802,JNE3802,kurta,XL
J0136-KR-S,J0136,J0136,kurta,S
J0283-SET-XXL,J0283,J0283,Set,XXL
JNE3523-KR-S,JNE3523,JNE3523,kurta,S
J0213-TP-M,J0213,J0213,Top,M
JNE3708-TU-XS,JNE3708,JNE3708,Top,XS
J0339-DR-S,J0339,J0339,Western Dress,S
SET204-KR-DPT-XXXL,SET204,SET204,Set,3XL
JNE3294-KR-L,JNE3294,JNE3294,kurta,L
J0097-KR-XL,J0097,J0097,kurta,XL
J0143-SET-A-XXL,J0143,J0143,Set,XXL
J0136-KR-XXL,J0136,J0136,kurta,XXL
BTM031-NP-XL,BTM031,BTM031,Bottom,XL
JNE3652-TP-N-M,JNE3652,JNE3652,Top,M
JNE3786-KR-XXXL,JNE3786,JNE3786,kurta,3XL
JNE3785-KR-XXL,JNE3785,JNE3785,kurta,XXL
JNE3785-KR-XXXL,JNE3785,JNE3785,kurta,3XL
JNE3446-KR-XXL,JNE3446,JNE3446,kurta,XXL
J0299-KR-XXXL,J0299,J0299,kurta,3XL
JNE3751-KR-XXL,JNE3751,JNE3751,kurta,XXL
JNE3786-KR-XXL,JNE3786,JNE3786,kurta,XXL
JNE3459-KR-XXXL,JNE3459,JNE3459,kurta,3XL
SET333-KR-DPT-M,SET333,SET333,Set,M
BL103-XXL,BL103,BL103,Blouse,XXL
JNE3522-KR-XXXL,JNE3522,JNE3522,kurta,3XL
JNE3641-TP-N-XS,JNE3641,JNE3641,Top,XS
J0382-SKD-XXXL,J0382,J0382,Set,3XL
J0198-TP-M,J0198,J0198,Top,M
JNE3870-DR-S,JNE3870,JNE3870,Western Dress,S
J0203-TP-M,J0203,J0203,Top,M
SET203-KR-DPT-XXXL,SET203,SET203,Set,3XL
JNE3733-KR-XXXL,JNE3733,JNE3733,kurta,3XL
SET014-KR-PP-XL,SET014,SET014,Set,XL
SET145-KR-NP-M,SET145,SET145,Set,M
SET339-KR-NP-S,SET339,SET339,Set,S
SET289-KR-NP-XL,SET289,SET289,Set,XL
JNE3611-KR-XXL,JNE3611,JNE3611,kurta,XXL
J0006-SET-XL,J0006,J0006,Ethnic Dress,XL
JNE3639-TP-N-L,JNE3639,JNE3639,Top,L
JNE3366-KR-1053-M,JNE3366,JNE3366,kurta,M
JNE3802-KR-XS,JNE3802,JNE3802,kurta,XS
JNE3291-KR-L,JNE3291,JNE3291,kurta,L
SET405-KR-NP-L,SET405,SET405,Set,L
JNE3800-KR-XXXL,JNE3800,JNE3800,Western Dress,3XL
J0297-TP-S,J0297,J0297,Top,S
J0342-TP-S,J0342,J0342,Top,S
J0337-TP-S,J0337,J0337,Top,S
SET359-KR-NP-XS,SET359,SET359,Set,XS
JNE3616-KR-XS,JNE3616,JNE3616,kurta,XS
J0118-TP-S,J0118,J0118,Top,S
JNE3781-KR-S,JNE3781,JNE3781,kurta,S
SET329-KR-NP-M,SET329,SET329,Set,M
J0094-KR-L,J0094,J0094,kurta,L
JNE3633-KR-XXL,JNE3633,JNE3633,kurta,XXL
JNE3633-KR-L,JNE3633,JNE3633,kurta,L
JNE3633-KR-M,JNE3633,JNE3633,kurta,M
J0205-TP-XXL,J0205,J0205,Top,XXL
SET380-KR-NP-S,SET380,SET380,Set,S
JNE3609-KR-XXXL,JNE3609,JNE3609,kurta,3XL
SET328-KR-NP-M,SET328,SET328,Set,M
SET249-KR-NP-L,SET249,SET249,Set,L
JNE3423-KR-M,JNE3423,JNE3423,kurta,M
JNE3804-KR-M,JNE3804,JNE3804,kurta,M
JNE3730-KR-XL,JNE3730,JNE3730,kurta,XL
SET350-KR-NP-L,SET350,SET350,Set,L
SET342-KR-NP-N-XS,SET342,SET342,Set,XS
JNE2199-KR-411-A-XXXL,JNE2199,JNE2199,kurta,3XL
JNE09186-BLUE-SR-JP7104RMV-N,JNE09186,JNE09186,Saree,Free
JNE3160-KR-XXL,JNE3160,JNE3160,kurta,XXL
SET098-KR-PP-L,SET098,SET098,Set,L
SET243-KR-PP-L,SET243,SET243,Set,L
JNE3468-KR-S,JNE3468,JNE3468,kurta,S
JNE3559-KR-L,JNE3559,JNE3559,kurta,L
J0002-SKD-S,J0002,J0002,Set,S
J0012-SKD-XL,J0012,J0012,Set,XL
MEN5004-KR-L,MEN5004,MEN5004,kurta,L
JNE3837-KR-M,JNE3837,JNE3837,kurta,M
J0350-SET-XXXL,J0350,J0350,Set,3XL
JNE3781-KR-M,JNE3781,JNE3781,kurta,M
J0416-DR-XL,J0416,J0416,Western Dress,XL
JNE3722-KR-XXL,JNE3722,JNE3722,kurta,XXL
JNE3668-TP-N-M,JNE3668,JNE3668,Top,M
SET239-KR-NP-L,SET239,SET239,Set,L
JNE3716-KR-XL,JNE3716,JNE3716,kurta,XL
JNE3574-KR-L,JNE3574,JNE3574,kurta,L
SET261-KR-PP-S,SET261,SET261,Set,S
BTM036-PP-XXXL,BTM036,BTM036,Bottom,3XL
JNE3620-KR-XXL,JNE3620,JNE3620,kurta,XXL
SET290-KR-DPT-XL,SET290,SET290,Set,XL
SET303-KR-NP-XXL,SET303,SET303,Set,XXL
JNE1998-KR-311-M,JNE1998,JNE1998,kurta,M
SET366-KR-NP-XXXL,SET366,SET366,Set,3XL
SET375-KR-NP-XS,SET375,SET375,Set,XS
JNE3837-KR-XS,JNE3837,JNE3837,kurta,XS
JNE3423-KR-L,JNE3423,JNE3423,kurta,L
MEN5025-KR-M,MEN5025,MEN5025,kurta,M
SET209-KR-PP-L,SET209,SET209,Set,L
J0096-KR-XXL,J0096,J0096,kurta,XXL
JNE3476-KR-S,JNE3476,JNE3476,kurta,S
JNE3690-TU-M,JNE3690,JNE3690,Top,M
J0013-SKD-XS,J0013,J0013,Set,XS
SET227-KR-PP-A-L,SET227,SET227,Set,L
SET272-KR-PP-S,SET272,SET272,Set,S
J0349-SET-XS,J0349,J0349,Set,XS
J0212-DR-XXXL,J0212,J0212,Ethnic Dress,3XL
SET290-KR-DPT-XS,SET290,SET290,Set,XS
J0350-SET-XL,J0350,J0350,Set,XL
J0002-SKD-M,J0002,J0002,Set,M
J0283-SET-M,J0283,J0283,Set,M
J0094-KR-XXL,J0094,J0094,kurta,XXL
MEN5009-KR-XXL,MEN5009,MEN5009,kurta,XXL
J0335-DR-XXXL,J0335,J0335,Western Dress,3XL
J0088-TP-XL,J0088,J0088,Top,XL
SET203-KR-DPT-L,SET203,SET203,Set,L
J0012-SKD-S,J0012,J0012,Set,S
J0013-SKD-L,J0013,J0013,Set,L
J0014-LCD-M,J0014,J0014,Set,M
JNE3311-KR-XXXL,JNE3311,JNE3311,kurta,3XL
JNE3738-KR-XL,JNE3738,JNE3738,kurta,XL
J0240-SKD-S,J0240,J0240,Set,S
JNE3773-KR-M,JNE3773,JNE3773,kurta,M
JNE3776-KR-L,JNE3776,JNE3776,kurta,L
SET210-KR-PP-L,SET210,SET210,Set,L
SET299-KR-PP-XXXL,SET299,SET299,Set,3XL
SET344-KR-NP-M,SET344,SET344,Set,M
JNE3870-DR-L,JNE3870,JNE3870,Western Dress,L
J0277-SKD-XL,J0277,J0277,Set,XL
SET307-KR-DPT-XXXL,SET307,SET307,Set,3XL
J0236-SKD-XXXL,J0236,J0236,Set,3XL
SET329-KR-NP-L,SET329,SET329,Set,L
J0346-SET-XL,J0346,J0346,Set,XL
SET302-KR-PP-M,SET302,SET302,Set,M
J0124-TP-XXL,J0124,J0124,Top,XXL
MEN5015-KR-XL,MEN5015,MEN5015,kurta,XL
J0179-KR-L,J0179,J0179,kurta,L
SET320-KR-NP-XXL,SET320,SET320,Set,XXL
J0106-KR-M,J0106,J0106,Western Dress,M
JNE3482-KR-XL,JNE3482,JNE3482,kurta,XL
JNE3793-KR-S,JNE3793,JNE3793,kurta,S
SET171-KR-NP-XL,SET171,SET171,Set,XL
JNE3785-KR-M,JNE3785,JNE3785,kurta,M
JNE3518-KR-L,JNE3518,JNE3518,kurta,L
SET331-KR-NP-XXL,SET331,SET331,Set,XXL
J0251-SKD-XS,J0251,J0251,Set,XS
BL110-XXL,BL110,BL110,Blouse,XXL
J0252-SKD-S,J0252,J0252,Set,S
MEN5018-KR-L,MEN5018,MEN5018,kurta,L
SET386-KR-NP-XL,SET386,SET386,Set,XL
SET384-KR-NP-XL,SET384,SET384,Set,XL
J0009-SKD-XXL,J0009,J0009,Set,XXL
MEN5032-KR-L,MEN5032,MEN5032,kurta,L
J0142-KR-XL,J0142,J0142,kurta,XL
JNE3879-DR-XXXL,JNE3879,JNE3879,Western Dress,3XL
SET183-KR-DH-XL,SET183,SET183,Set,XL
SET342-KR-NP-N-S,SET342,SET342,Set,S
SET363-KR-NP-XXXL,SET363,SET363,Set,3XL
J0244-SKD-L,J0244,J0244,Set,L
J0216-BL-L,J0216,J0216,Blouse,L
SET365-KR-NP-M,SET365,SET365,Set,M
J0094-KR-XL,J0094,J0094,kurta,XL
SET329-KR-NP-S,SET329,SET329,Set,S
SET246-KR-PP-XXXL,SET246,SET246,Set,3XL
JNE3836-KR-L,JNE3836,JNE3836,kurta,L
SAR068,SAR068,SAR068,Saree,Free
SET328-KR-NP-S,SET328,SET328,Set,S
SET348-KR-NP-XXXL,SET348,SET348,Set,3XL
J0123-TP-XXL,J0123,J0123,Top,XXL
JNE3757-KR-S,JNE3757,JNE3757,kurta,S
JNE3658-TP-M,JNE3658,JNE3658,Top,M
JNE3799-KR-XXL,JNE3799,JNE3799,kurta,XXL
JNE3607-KR-M,JNE3607,JNE3607,kurta,M
SET359-KR-NP-XL,SET359,SET359,Set,XL
J0338-DR-M,J0338,J0338,Western Dress,M
J0192-TP-XL,J0192,J0192,Top,XL
J0002-SKD-XXL,J0002,J0002,Set,XXL
JNE2014-KR-178-S,JNE2014,JNE2014,kurta,S
JNE2205-KR-467-A-S,JNE2205,JNE2205,kurta,S
SET248-KR-NP-M,SET248,SET248,Set,M
JNE3689-TU-XXL,JNE3689,JNE3689,Top,XXL
SET291-KR-PP-XS,SET291,SET291,Set,XS
J0084-TP-M,J0084,J0084,Top,M
J0204-TP-M,J0204,J0204,Top,M
JNE3836-KR-M,JNE3836,JNE3836,kurta,M
SET350-KR-NP-XXXL,SET350,SET350,Set,3XL
SET408-KR-NP-XXXL,SET408,SET408,Set,3XL
SET295-KR-NP-S,SET295,SET295,Set,S
SAR066,SAR066,SAR066,Saree,Free
JNE3781-KR-L,JNE3781,JNE3781,kurta,L
SET374-KR-NP-XXL,SET374,SET374,Set,XXL
JNE3396-KR-XXL,JNE3396,JNE3396,kurta,XXL
SET408-KR-NP-M,SET408,SET408,Set,M
SET194-KR-NP-M,SET194,SET194,Set,M
SET058-KR-NP-L,SET058,SET058,Set,L
J0369-SKD-XS,J0369,J0369,Set,XS
JNE3675-TU-XXXL,JNE3675,JNE3675,Top,3XL
SET219-KR-PP-XL,SET219,SET219,Set,XL
J0337-TP-M,J0337,J0337,Top,M
JNE3864-TU-XL,JNE3864,JNE3864,Top,XL
JNE3546-KR-XXL,JNE3546,JNE3546,kurta,XXL
NW002-TP-PJ-M,NW002,NW002,Set,M
JNE3764-KR-L,JNE3764,JNE3764,kurta,L
J0328-KR-L,J0328,J0328,kurta,L
SET264-KR-NP-S,SET264,SET264,Set,S
J0122-TP-M,J0122,J0122,Top,M
JNE3706-DR-XXXL,JNE3706,JNE3706,Western Dress,3XL
J0208-DR-XXL,J0208,J0208,Western Dress,XXL
JNE3807-KR-S,JNE3807,JNE3807,kurta,S
JNE3463-KR-XXL,JNE3463,JNE3463,kurta,XXL
J0092-SET-S,J0092,J0092,Set,S
JNE3439-KR-L,JNE3439,JNE3439,kurta,L
SET144-KR-NP-XXXL,SET144,SET144,Set,3XL
J0354-KR-L,J0354,J0354,kurta,L
JNE3822-KR-XL,JNE3822,JNE3822,kurta,XL
JNE3608-KR-L,JNE3608,JNE3608,kurta,L
JNE3645-TP-N-XXL,JNE3645,JNE3645,Top,XXL
J0396-DR-XXXL,J0396,J0396,Western Dress,3XL
SET328-KR-NP-XS,SET328,SET328,Set,XS
JNE3707-DR-XXL,JNE3707,JNE3707,Western Dress,XXL
SET320-KR-NP-XS,SET320,SET320,Set,XS
SET239-KR-NP-M,SET239,SET239,Set,M
J0310-TP-XL,J0310,J0310,Top,XL
JNE3421-KR-XXL,JNE3421,JNE3421,kurta,XXL
JNE3798-KR-L,JNE3798,JNE3798,Western Dress,L
JNE3759-KR-L,JNE3759,JNE3759,kurta,L
JNE3724-KR-S,JNE3724,JNE3724,kurta,S
JNE2307-KR-572-L,JNE2307,JNE2307,kurta,L
J0033-KR-S,J0033,J0033,kurta,S
SET325-KR-NP-XXXL,SET325,SET325,Set,3XL
JNE2170-KR-436-L,JNE2170,JNE2170,kurta,L
J0332-DR-M,J0332,J0332,Western Dress,M
JNE3811-KR-XS,JNE3811,JNE3811,kurta,XS
JNE3819-KR-S,JNE3819,JNE3819,kurta,S
J0216-BL-XL,J0216,J0216,Blouse,XL
SET359-KR-NP-XXXL,SET359,SET359,Set,3XL
SET413-KR-NP-L,SET413,SET413,Set,L
JNE3793-KR-XS,JNE3793,JNE3793,kurta,XS
JNE3797-KR-XXL,JNE3797,JNE3797,Western Dress,XXL
SET355-KR-PP-L,SET355,SET355,Set,L
J0344-TP-M,J0344,J0344,Top,M
JNE3794-KR-XL,JNE3794,JNE3794,kurta,XL
JNE3531-KR-S,JNE3531,JNE3531,kurta,S
JNE3690-TU-XXXL,JNE3690,JNE3690,Top,3XL
JNE3602-KR-L,JNE3602,JNE3602,kurta,L
JNE3728-KR-L,JNE3728,JNE3728,kurta,L
J0344-TP-XXL,J0344,J0344,Top,XXL
J0336-TP-XXL,J0336,J0336,Top,XXL
SET187-KR-DH-XXL,SET187,SET187,Set,XXL
JNE3833-KR-XS,JNE3833,JNE3833,kurta,XS
JNE3804-KR-XL,JNE3804,JNE3804,kurta,XL
JNE3443-KR-XXL,JNE3443,JNE3443,kurta,XXL
JNE3698-KR-M,JNE3698,JNE3698,kurta,M
JNE3864-TU-M,JNE3864,JNE3864,Top,M
J0118-TP-M,J0118,J0118,Top,M
J0414-DR-XXL,J0414,J0414,Western Dress,XXL
JNE3721-KR-S,JNE3721,JNE3721,kurta,S
SET393-KR-NP-XXL,SET393,SET393,Set,XXL
J0074-TP-L,J0074,J0074,Top,L
JNE3878-KR-L,JNE3878,JNE3878,kurta,L
JNE3366-KR-1053-XXL,JNE3366,JNE3366,kurta,XXL
JNE3439-KR-XXXL,JNE3439,JNE3439,kurta,3XL
JNE3621-KR-XL,JNE3621,JNE3621,kurta,XL
JNE3549-KR-XXL,JNE3549,JNE3549,kurta,XXL
JNE3435-KR-XXXL,JNE3435,JNE3435,kurta,3XL
JNE3636-KR-M,JNE3636,JNE3636,kurta,M
J0282-SET-XS,J0282,J0282,Set,XS
SET389-KR-NP-XS,SET389,SET389,Set,XS
JNE3881-DR-M,JNE3881,JNE3881,Western Dress,M
JNE3810-KR-XL,JNE3810,JNE3810,kurta,XL
SET073-KR-SHA-S,SET073,SET073,Set,S
SET269-KR-NP-M,SET269,SET269,Set,M
SET363-KR-NP-XS,SET363,SET363,Set,XS
J0295-DR-XS,J0295,J0295,Western Dress,XS
JNE3364-KR-1051-A-XXL,JNE3364,JNE3364,kurta,XXL
JNE3365-KR-1052-A-L,JNE3365,JNE3365,kurta,L
JNE3778-KR-XXL,JNE3778,JNE3778,kurta,XXL
NW016-ST-SR-M,NW016,NW016,Set,M
JNE3404-KR-XL,JNE3404,JNE3404,kurta,XL
JNE3605-KR-XL,JNE3605,JNE3605,kurta,XL
JNE3658-TP-L,JNE3658,JNE3658,Top,L
JNE3813-KR-XXL,JNE3813,JNE3813,kurta,XXL
JNE3762-KR-L,JNE3762,JNE3762,kurta,L
JNE3741-KR-L,JNE3741,JNE3741,kurta,L
JNE3620-KR-M,JNE3620,JNE3620,kurta,M
J0338-DR-XXL,J0338,J0338,Western Dress,XXL
BL053-153GOLD-A,BL053,BL053,Blouse,Free
J0234-SKD-XXXL,J0234,J0234,Set,3XL
J0216-BL-M,J0216,J0216,Blouse,M
JNE3398-KR-XS,JNE3398,JNE3398,kurta,XS
SET386-KR-NP-XXL,SET386,SET386,Set,XXL
MEN5009-KR-XXXL,MEN5009,MEN5009,kurta,3XL
MEN5002-KR-XL,MEN5002,MEN5002,kurta,XL
SET220-KR-PP-S,SET220,SET220,Set,S
SET219-KR-PP-XS,SET219,SET219,Set,XS
JNE3672-TU-XXL,JNE3672,JNE3672,Top,XXL
JNE3781-KR-XXL,JNE3781,JNE3781,kurta,XXL
MEN5015-KR-XXL,MEN5015,MEN5015,kurta,XXL
J0104-KR-XS,J0104,J0104,kurta,XS
J0395-DR-M,J0395,J0395,Western Dress,M
MEN5027-KR-L,MEN5027,MEN5027,kurta,L
J0119-TP-M,J0119,J0119,Top,M
MEN5022-KR-XXXL,MEN5022,MEN5022,kurta,3XL
SET401-KR-NP-M,SET401,SET401,Set,M
SET394-KR-NP-M,SET394,SET394,Set,M
SET323-KR-NP-M,SET323,SET323,Set,M
SET288-KR-NP-M,SET288,SET288,Set,M
SET395-KR-NP-M,SET395,SET395,Set,M
JNE1000-NAVY-SR-JB6102RMV-K,JNE1000,JNE1000,Saree,Free
JNE3773-KR-XS,JNE3773,JNE3773,kurta,XS
JNE3818-KR-XXXL,JNE3818,JNE3818,kurta,3XL
JNE3833-KR-XXXL,JNE3833,JNE3833,kurta,3XL
JNE3709-DR-XXXL,JNE3709,JNE3709,Western Dress,3XL
SET377-KR-NP-XXXL,SET377,SET377,Set,3XL
JNE3545-KR-S,JNE3545,JNE3545,kurta,S
JNE3408-KR-XL,JNE3408,JNE3408,kurta,XL
J0308-DR-S,J0308,J0308,Western Dress,S
JNE3399-KR-XS,JNE3399,JNE3399,kurta,XS
J0232-SKD-XL,J0232,J0232,Set,XL
J0338-DR-XS,J0338,J0338,Western Dress,XS
JNE3790-KR-XL,JNE3790,JNE3790,kurta,XL
JNE3775-KR-XL,JNE3775,JNE3775,kurta,XL
JNE3606-KR-XXL,JNE3606,JNE3606,kurta,XXL
SET287-KR-NP-XXL,SET287,SET287,Set,XXL
SET243-KR-PP-XXL,SET243,SET243,Set,XXL
JNE3030-KR-XXXL,JNE3030,JNE3030,kurta,3XL
SET201-KR-NP-A-XXXL,SET201,SET201,Set,3XL
J0041-SET-S,J0041,J0041,Set,S
SET281-KR-PP-XXL,SET281,SET281,Set,XXL
SET295-KR-NP-L,SET295,SET295,Set,L
SET286-KR-NP-XS,SET286,SET286,Set,XS
J0098-TP-S,J0098,J0098,Top,S
BL109-L,BL109,BL109,Blouse,L
JNE3740-KR-XXL,JNE3740,JNE3740,kurta,XXL
J0339-DR-XXL,J0339,J0339,Western Dress,XXL
JNE3679-TU-L,JNE3679,JNE3679,Top,L
J0209-DR-M,J0209,J0209,Ethnic Dress,M
JNE3614-KR-L,JNE3614,JNE3614,kurta,L
BL013-62BLACK,BL013,BL013,Blouse,Free
JNE2305-KR-533-L,JNE2305,JNE2305,kurta,L
JNE2058-KR-339-L,JNE2058,JNE2058,kurta,L
JNE3311-KR-A-XS,JNE3311,JNE3311,kurta,XS
JNE2305-KR-533-XXL,JNE2305,JNE2305,kurta,XXL
BL020-71RED,BL020,BL020,Blouse,Free
SET402-KR-NP-M,SET402,SET402,Set,M
J0185-DR-S,J0185,J0185,Ethnic Dress,S
JNE3068-KR-A-M,JNE3068,JNE3068,kurta,M
SET394-KR-NP-S,SET394,SET394,Set,S
SET307-KR-DPT-S,SET307,SET307,Set,S
SET316-KR-DPT-S,SET316,SET316,Set,S
JNE3782-KR-S,JNE3782,JNE3782,kurta,S
J0210-DR-S,J0210,J0210,Ethnic Dress,S
JNE3396-KR-L,JNE3396,JNE3396,kurta,L
JNE3615-KR-L,JNE3615,JNE3615,kurta,L
JNE3712-TP-N-L,JNE3712,JNE3712,Top,L
JNE3270-KR-L,JNE3270,JNE3270,kurta,L
JNE3042-KR-M,JNE3042,JNE3042,kurta,M
NW031-TP-PJ-M,NW031,NW031,Set,M
SET275-KR-NP-S,SET275,SET275,Set,S
JNE3368-KR-L,JNE3368,JNE3368,kurta,L
JNE3769-KR-XXL,JNE3769,JNE3769,kurta,XXL
SET327-KR-DPT-L,SET327,SET327,Set,L
J0217-BL-S,J0217,J0217,Blouse,S
JNE3694-KR-L,JNE3694,JNE3694,kurta,L
JNE3726-KR-L,JNE3726,JNE3726,kurta,L
JNE3566-KR-XL,JNE3566,JNE3566,kurta,XL
JNE3777-KR-L,JNE3777,JNE3777,kurta,L
JNE3522-KR-XL,JNE3522,JNE3522,kurta,XL
SET383-KR-NP-S,SET383,SET383,Set,S
SET359-KR-NP-S,SET359,SET359,Set,S
SET323-KR-NP-XXXL,SET323,SET323,Set,3XL
J0382-SKD-M,J0382,J0382,Set,M
SET217-KR-PP-S,SET217,SET217,Set,S
JNE3288-KR-XXXL,JNE3288,JNE3288,kurta,3XL
JNE3785-KR-L,JNE3785,JNE3785,kurta,L
SET219-KR-PP-M,SET219,SET219,Set,M
J0013-SKD-XXXL,J0013,J0013,Set,3XL
J0372-SKD-S,J0372,J0372,Set,S
J0198-TP-XL,J0198,J0198,Top,XL
JNE3364-KR-1051-A-XXXL,JNE3364,JNE3364,kurta,3XL
JNE3634-KR-L,JNE3634,JNE3634,kurta,L
MEN5013-KR-M,MEN5013,MEN5013,kurta,M
JNE3704-KR-M,JNE3704,JNE3704,kurta,M
SET343-KR-NP-XL,SET343,SET343,Set,XL
CH206-GREEN-XXL,CH206,CH206,Bottom,XXL
CH205-YELLOW-XXL,CH205,CH205,Bottom,XXL
SET377-KR-NP-XL,SET377,SET377,Set,XL
SAR173,SAR173,SAR173,Saree,Free
JNE3704-KR-S,JNE3704,JNE3704,kurta,S
JNE2100-KR-144-S,JNE2100,JNE2100,kurta,S
JNE3801-KR-S,JNE3801,JNE3801,kurta,S
SET361-KR-NP-XS,SET361,SET361,Set,XS
JNE3476-KR-M,JNE3476,JNE3476,kurta,M
JNE3775-KR-XXXL,JNE3775,JNE3775,kurta,3XL
JNE3523-KR-XXL,JNE3523,JNE3523,kurta,XXL
JNE3795-KR-M,JNE3795,JNE3795,kurta,M
SET266-KR-NP-M,SET266,SET266,Set,M
SET396-KR-PP-XS,SET396,SET396,Set,XS
JNE3336-KR-M,JNE3336,JNE3336,kurta,M
J0337-TP-XL,J0337,J0337,Top,XL
JNE3391-KR-S,JNE3391,JNE3391,kurta,S
JNE3620-KR-XS,JNE3620,JNE3620,kurta,XS
J0224-SKD-XL,J0224,J0224,Set,XL
J0055-SET-XS,J0055,J0055,Set,XS
SET286-KR-NP-L,SET286,SET286,Set,L
J0034-SET-L,J0034,J0034,Set,L
J0233-SKD-L,J0233,J0233,Set,L
SET396-KR-PP-L,SET396,SET396,Set,L
SET258-KR-PP-L,SET258,SET258,Set,L
SET344-KR-NP-XXL,SET344,SET344,Set,XXL
NW037-TP-SR-XXL,NW037,NW037,Set,XXL
JNE3648-TP-N-L,JNE3648,JNE3648,Top,L
JNE3431-KR-XXL,JNE3431,JNE3431,kurta,XXL
J0011-LCD-S,J0011,J0011,Set,S
J0236-SKD-XL,J0236,J0236,Set,XL
J0373-KR-XL,J0373,J0373,kurta,XL
JNE3401-KR-XS,JNE3401,JNE3401,kurta,XS
JNE3560-KR-XS,JNE3560,JNE3560,kurta,XS
JNE1525-KR-UDF19-A-L,JNE1525,JNE1525,kurta,L
J0244-SKD-S,J0244,J0244,Set,S
NW039-TP-SR-S,NW039,NW039,Set,S
NW039-TP-SR-L,NW039,NW039,Set,L
SET251-KR-PP-S,SET251,SET251,Set,S
BL021-71BLACK,BL021,BL021,Blouse,Free
SET366-KR-NP-S,SET366,SET366,Set,S
JNE3837-KR-S,JNE3837,JNE3837,kurta,S
J0233-SKD-M,J0233,J0233,Set,M
SET219-KR-PP-L,SET219,SET219,Set,L
SET277-KR-NP-L,SET277,SET277,Set,L
SET359-KR-NP-M,SET359,SET359,Set,M
J0167-KR-L,J0167,J0167,kurta,L
J0280-SKD-M,J0280,J0280,Set,M
SET402-KR-NP-XXXL,SET402,SET402,Set,3XL
J0135-SET-XS,J0135,J0135,Set,XS
BL103-S,BL103,BL103,Blouse,S
JNE2205-KR-467-A-XXL,JNE2205,JNE2205,kurta,XXL
SET353-KR-NP-L,SET353,SET353,Set,L
JNE3670-TU-XS,JNE3670,JNE3670,Top,XS
JNE3463-KR-S,JNE3463,JNE3463,kurta,S
J0207-DR-XL,J0207,J0207,Western Dress,XL
JNE3802-KR-S,JNE3802,JNE3802,kurta,S
SET385-KR-NP-XXXL,SET385,SET385,Set,3XL
BTM002-S,BTM002,BTM002,Bottom,S
SET252-KR-PP-XXL,SET252,SET252,Set,XXL
NW024-TP-PJ-XL,NW024,NW024,Set,XL
MEN5008-KR-XL,MEN5008,MEN5008,kurta,XL
JNE3863-TU-XL,JNE3863,JNE3863,Top,XL
SET305-KR-DPT-M,SET305,SET305,Set,M
JNE3348-KR-L,JNE3348,JNE3348,kurta,L
J0239-SKD-XXXL,J0239,J0239,Set,3XL
JNE3713-TP-N-XS,JNE3713,JNE3713,Top,XS
J0181-TP-XXXL,J0181,J0181,Top,3XL
SET392-KR-NP-XXXL,SET392,SET392,Set,3XL
SET209-KR-PP-XXL,SET209,SET209,Set,XXL
J0164-DR-XL,J0164,J0164,Ethnic Dress,XL
J0250-SKD-XS,J0250,J0250,Set,XS
J0252-SKD-XS,J0252,J0252,Set,XS
NW031-TP-PJ-XXL,NW031,NW031,Set,XXL
JNE3291-KR-XXXL,JNE3291,JNE3291,kurta,3XL
JNE3384-KR-L,JNE3384,JNE3384,kurta,L
JNE3384-KR-XXL,JNE3384,JNE3384,kurta,XXL
JNE3407-KR-L,JNE3407,JNE3407,kurta,L
JNE3722-KR-S,JNE3722,JNE3722,kurta,S
JNE3818-KR-S,JNE3818,JNE3818,kurta,S
JNE3560-KR-S,JNE3560,JNE3560,kurta,S
J0184-KR-A-S,J0184,J0184,kurta,S
MEN5004-KR-S,MEN5004,MEN5004,kurta,S
J0167-KR-XL,J0167,J0167,kurta,XL
JNE3702-KR-XL,JNE3702,JNE3702,kurta,XL
MEN5017-KR-M,MEN5017,MEN5017,kurta,M
J0004-SKD-M,J0004,J0004,Set,M
J0196-TP-XXXL,J0196,J0196,Top,3XL
SET275-KR-NP-XXXL,SET275,SET275,Set,3XL
JNE3459-KR-M,JNE3459,JNE3459,kurta,M
JNE3225-KR-M,JNE3225,JNE3225,kurta,M
JNE3707-DR-XXXL,JNE3707,JNE3707,Western Dress,3XL
SET243-KR-PP-XS,SET243,SET243,Set,XS
J0197-TP-XXXL,J0197,J0197,Top,3XL
BTM027-NP-L,BTM027,BTM027,Bottom,L
JNE1998-KR-311-L,JNE1998,JNE1998,kurta,L
MEN5027-KR-M,MEN5027,MEN5027,kurta,M
J0007-SKD-S,J0007,J0007,Set,S
J0346-SET-XXXL,J0346,J0346,Set,3XL
JNE1977-KR-237-S,JNE1977,JNE1977,kurta,S
BL104-L,BL104,BL104,Blouse,L
J0335-DR-XS,J0335,J0335,Western Dress,XS
NW034-TP-PJ-L,NW034,NW034,Set,L
SET188-KR-NP-XXL,SET188,SET188,Set,XXL
SET155-KR-PP-XS,SET155,SET155,Set,XS
JNE3688-TU-XL,JNE3688,JNE3688,Top,XL
SET300-KR-NP-XXL,SET300,SET300,Set,XXL
SET351-KR-NP-XXL,SET351,SET351,Set,XXL
JNE3805-KR-S,JNE3805,JNE3805,kurta,S
JNE3470-KR-XXXL,JNE3470,JNE3470,kurta,3XL
J0245-SKD-L,J0245,J0245,Set,L
J0186-SET-XXL,J0186,J0186,Set,XXL
JNE3749-KR-XS,JNE3749,JNE3749,kurta,XS
SET171-KR-NP-S,SET171,SET171,Set,S
JNE3805-KR-XS,JNE3805,JNE3805,kurta,XS
SET349-KR-NP-XXXL,SET349,SET349,Set,3XL
SET201-KR-NP-A-S,SET201,SET201,Set,S
SAR152,SAR152,SAR152,Saree,Free
JNE3640-TP-N-L,JNE3640,JNE3640,Top,L
SET182-KR-DH-M,SET182,SET182,Set,M
SAR135,SAR135,SAR135,Saree,Free
SAR137,SAR137,SAR137,Saree,Free
JNE2100-KR-144-XXL,JNE2100,JNE2100,kurta,XXL
SET319-KR-NP-M,SET319,SET319,Set,M
BTM030-NP-M,BTM030,BTM030,Bottom,M
JNE3556-KR-XL,JNE3556,JNE3556,kurta,XL
J0284-SKD-XXXL,J0284,J0284,Set,3XL
SET353-KR-NP-M,SET353,SET353,Set,M
SET276-KR-PP-XXXL,SET276,SET276,Set,3XL
SET246-KR-PP-XL,SET246,SET246,Set,XL
JNE3691-TU-XS,JNE3691,JNE3691,Top,XS
JNE3506-KR-XS,JNE3506,JNE3506,kurta,XS
MEN5024-KR-XXL,MEN5024,MEN5024,kurta,XXL
J0139-KR-S,J0139,J0139,kurta,S
SET376-KR-NP-XS,SET376,SET376,Set,XS
J0080-TP-S,J0080,J0080,Top,S
JNE3810-KR-M,JNE3810,JNE3810,kurta,M
SET229-KR-PP-M,SET229,SET229,Set,M
JNE3708-TU-XXL,JNE3708,JNE3708,Top,XXL
J0176-TP-XXXL,J0176,J0176,Top,3XL
MEN5011-KR-XXXL,MEN5011,MEN5011,kurta,3XL
J0132-KR-XL,J0132,J0132,kurta,XL
SET317-KR-PP-M,SET317,SET317,Set,M
JNE3789-KR-S,JNE3789,JNE3789,kurta,S
JNE3869-DR-XL,JNE3869,JNE3869,Western Dress,XL
SET159-KR-NP-XS,SET159,SET159,Set,XS
NW027-TP-PJ-S,NW027,NW027,Set,S
SET385-KR-NP-XS,SET385,SET385,Set,XS
JNE3363-KR-1032-XXL,JNE3363,JNE3363,kurta,XXL
JNE3722-KR-XL,JNE3722,JNE3722,kurta,XL
J0396-DR-XL,J0396,J0396,Western Dress,XL
JNE3698-KR-XXL,JNE3698,JNE3698,kurta,XXL
MEN5008-KR-XXXL,MEN5008,MEN5008,kurta,3XL
JNE3042-KR-S,JNE3042,JNE3042,kurta,S
J0295-DR-L,J0295,J0295,Western Dress,L
JNE3817-KR-XS,JNE3817,JNE3817,kurta,XS
JNE3835-KR-S,JNE3835,JNE3835,kurta,S
JNE3030-KR-XXL,JNE3030,JNE3030,kurta,XXL
JNE3806-KR-XXL,JNE3806,JNE3806,kurta,XXL
JNE1408-GREY-KR-UDF19-XXL,JNE1408,JNE1408,kurta,XXL
SET393-KR-NP-M,SET393,SET393,Set,M
SET145-KR-NP-XS,SET145,SET145,Set,XS
JNE3710-DR-XXXL,JNE3710,JNE3710,Western Dress,3XL
MEN5003-KR-L,MEN5003,MEN5003,kurta,L
J0189-TP-XXXL,J0189,J0189,Top,3XL
J0281-SKD-XL,J0281,J0281,Set,XL
J0400-DR-XS,J0400,J0400,Western Dress,XS
JNE3704-KR-XS,JNE3704,JNE3704,kurta,XS
JNE3744-TU-XL,JNE3744,JNE3744,Top,XL
J0197-TP-L,J0197,J0197,Top,L
NW020-ST-SR-XXL,NW020,NW020,Set,XXL
JNE3637-KR-XL,JNE3637,JNE3637,kurta,XL
JNE3782-KR-XXXL,JNE3782,JNE3782,kurta,3XL
MEN5007-KR-XL,MEN5007,MEN5007,kurta,XL
J0130-SET-S,J0130,J0130,Set,S
J0280-SKD-XL,J0280,J0280,Set,XL
NW016-ST-SR-S,NW016,NW016,Set,S
J0295-DR-S,J0295,J0295,Western Dress,S
J0117-TP-M,J0117,J0117,Top,M
JNE3800-KR-XS,JNE3800,JNE3800,Western Dress,XS
JNE3797-KR-A-XXXL,JNE3797,JNE3797,Western Dress,3XL
J0247-SKD-XS,J0247,J0247,Set,XS
JNE3471-KR-L,JNE3471,JNE3471,kurta,L
JNE3479-KR-L,JNE3479,JNE3479,kurta,L
J0284-SKD-S,J0284,J0284,Set,S
SET223-KR-NP-S,SET223,SET223,Set,S
JNE3863-TU-XXL,JNE3863,JNE3863,Top,XXL
JNE3892-TP-XXL,JNE3892,JNE3892,Top,XXL
J0251-SKD-XXL,J0251,J0251,Set,XXL
J0213-TP-XXL,J0213,J0213,Top,XXL
SET229-KR-PP-XXL,SET229,SET229,Set,XXL
JNE2305-KR-533-XL,JNE2305,JNE2305,kurta,XL
J0342-TP-XXXL,J0342,J0342,Top,3XL
J0301-TP-S,J0301,J0301,Top,S
J0197-TP-S,J0197,J0197,Top,S
J0245-SKD-XXL,J0245,J0245,Set,XXL
J0158-DR-S,J0158,J0158,Western Dress,S
J0237-SKD-XXXL,J0237,J0237,Set,3XL
SET348-KR-NP-S,SET348,SET348,Set,S
J0108-SKD-S,J0108,J0108,Set,S
JNE3619-KR-L,JNE3619,JNE3619,kurta,L
J0220-BL-XL,J0220,J0220,Blouse,XL
SET038-KR-PP-M,SET038,SET038,Set,M
J0148-SET-M,J0148,J0148,Set,M
J0340-TP-S,J0340,J0340,Top,S
MEN5017-KR-S,MEN5017,MEN5017,kurta,S
JNE3634-KR-S,JNE3634,JNE3634,kurta,S
J0090-TP-S,J0090,J0090,Top,S
J0108-SKD-XXXL,J0108,J0108,Set,3XL
MEN5025-KR-S,MEN5025,MEN5025,kurta,S
JNE3722-KR-M,JNE3722,JNE3722,kurta,M
JNE3869-DR-XS,JNE3869,JNE3869,Western Dress,XS
MEN5023-KR-XXXL,MEN5023,MEN5023,kurta,3XL
SET378-KR-NP-XL,SET378,SET378,Set,XL
J0005-DR-L,J0005,J0005,Western Dress,L
J0291-JS-S,J0291,J0291,Set,S
J0285-SKD-XXXL,J0285,J0285,Set,3XL
JNE3783-KR-XXXL,JNE3783,JNE3783,kurta,3XL
J0215-BL-S,J0215,J0215,Blouse,S
JNE3678-TU-XXXL,JNE3678,JNE3678,Top,3XL
JNE3363-KR-1032-XXXL,JNE3363,JNE3363,kurta,3XL
JNE3575-KR-S,JNE3575,JNE3575,kurta,S
JNE3801-KR-XS,JNE3801,JNE3801,kurta,XS
MEN5026-KR-XL,MEN5026,MEN5026,kurta,XL
J0157-DR-XXXL,J0157,J0157,Western Dress,3XL
J0328-KR-XXL,J0328,J0328,kurta,XXL
JNE3835-KR-L,JNE3835,JNE3835,kurta,L
JNE3553-KR-L,JNE3553,JNE3553,kurta,L
SET128-KR-DH-L,SET128,SET128,Set,L
J0100-DR-XXL,J0100,J0100,Western Dress,XXL
JNE3764-KR-XXL,JNE3764,JNE3764,kurta,XXL
JNE3291-KR-M,JNE3291,JNE3291,kurta,M
J0179-KR-XXL,J0179,J0179,kurta,XXL
JNE1525-KR-UDF19BLACK-XXL,JNE1525,JNE1525,kurta,XXL
NW013-ST-SR-S,NW013,NW013,Set,S
JNE3384-KR-XS,JNE3384,JNE3384,kurta,XS
JNE3384-KR-XXXL,JNE3384,JNE3384,kurta,3XL
JNE3697-KR-M,JNE3697,JNE3697,kurta,M
SET405-KR-NP-S,SET405,SET405,Set,S
J0007-SKD-L,J0007,J0007,Set,L
J0108-SKD-XXL,J0108,J0108,Set,XXL
J0158-DR-XXL,J0158,J0158,Western Dress,XXL
SET355-KR-PP-XL,SET355,SET355,Set,XL
JNE3635-KR-XL,JNE3635,JNE3635,kurta,XL
SET201-KR-NP-A-L,SET201,SET201,Set,L
J0215-BL-M,J0215,J0215,Blouse,M
NW029-ST-SR-XS,NW029,NW029,Set,XS
JNE3579-KR-S,JNE3579,JNE3579,kurta,S
J0041-SET-XXL,J0041,J0041,Set,XXL
J0201-TP-XXXL,J0201,J0201,Top,3XL
SET217-KR-PP-XS,SET217,SET217,Set,XS
JNE3880-DR-M,JNE3880,JNE3880,Western Dress,M
J0012-SKD-XXXL,J0012,J0012,Set,3XL
SET341-KR-NP-XXXL,SET341,SET341,Set,3XL
J0097-KR-XXL,J0097,J0097,kurta,XXL
SET384-KR-NP-XXXL,SET384,SET384,Set,3XL
SET389-KR-NP-L,SET389,SET389,Set,L
JNE3794-KR-S,JNE3794,JNE3794,kurta,S
JNE3716-KR-XS,JNE3716,JNE3716,kurta,XS
JNE3758-KR-S,JNE3758,JNE3758,kurta,S
J0109-SKD-L,J0109,J0109,Set,L
J0219-BL-L,J0219,J0219,Blouse,L
MEN5009-KR-L,MEN5009,MEN5009,kurta,L
MEN5028-KR-L,MEN5028,MEN5028,kurta,L
MEN5015-KR-L,MEN5015,MEN5015,kurta,L
J0339-DR-XXXL,J0339,J0339,Western Dress,3XL
JNE2113-KR-381-XXL,JNE2113,JNE2113,kurta,XXL
JNE3733-KR-XS,JNE3733,JNE3733,kurta,XS
SET377-KR-NP-XS,SET377,SET377,Set,XS
NW032-ST-CP-XL,NW032,NW032,Set,XL
JNE3488-KR-S,JNE3488,JNE3488,kurta,S
JNE3866-KR-XXL,JNE3866,JNE3866,kurta,XXL
J0344-TP-XS,J0344,J0344,Top,XS
JNE3364-KR-1051-A-XL,JNE3364,JNE3364,kurta,XL
SET269-KR-NP-XL,SET269,SET269,Set,XL
SET384-KR-NP-XXL,SET384,SET384,Set,XXL
J0281-SKD-XXXL,J0281,J0281,Set,3XL
SET380-KR-NP-XS,SET380,SET380,Set,XS
JNE3413-KR-XL,JNE3413,JNE3413,kurta,XL
JNE1951-KR-155-S,JNE1951,JNE1951,kurta,S
SET287-KR-NP-XS,SET287,SET287,Set,XS
JNE3065-KR-M,JNE3065,JNE3065,kurta,M
BTM029-NP-M,BTM029,BTM029,Bottom,M
BTM031-NP-M,BTM031,BTM031,Bottom,M
J0401-DR-XXL,J0401,J0401,Western Dress,XXL
JNE3373-KR-S,JNE3373,JNE3373,kurta,S
SET405-KR-NP-XL,SET405,SET405,Set,XL
MEN5007-KR-XXL,MEN5007,MEN5007,kurta,XXL
JNE3603-KR-L,JNE3603,JNE3603,kurta,L
J0024-KR-XL,J0024,J0024,kurta,XL
JNE3694-KR-M,JNE3694,JNE3694,kurta,M
JNE1234-MULTI-KR-032-L,JNE1234,JNE1234,kurta,L
J0081-DR-XL,J0081,J0081,Western Dress,XL
J0212-DR-XL,J0212,J0212,Ethnic Dress,XL
JNE3698-KR-XL,JNE3698,JNE3698,kurta,XL
J0158-DR-L,J0158,J0158,Western Dress,L
SET377-KR-NP-S,SET377,SET377,Set,S
J0295-DR-XL,J0295,J0295,Western Dress,XL
SET004-KR-SP-S,SET004,SET004,Set,S
JNE1525-KR-UDF19BLACK-S,JNE1525,JNE1525,kurta,S
SET279-LC-XXL,SET279,SET279,Set,XXL
J0307-TP-XXXL,J0307,J0307,Top,3XL
JNE3706-DR-XL,JNE3706,JNE3706,Western Dress,XL
JNE3609-KR-M,JNE3609,JNE3609,kurta,M
SET290-KR-DPT-XXXL,SET290,SET290,Set,3XL
JNE3484-KR-S,JNE3484,JNE3484,kurta,S
JNE3255-KR-S,JNE3255,JNE3255,kurta,S
J0106-KR-L,J0106,J0106,Western Dress,L
JNE3761-KR-L,JNE3761,JNE3761,kurta,L
JNE3659-TP-N-M,JNE3659,JNE3659,Top,M
JNE3869-DR-L,JNE3869,JNE3869,Western Dress,L
NW001-TP-PJ-L,NW001,NW001,Set,L
SET365-KR-NP-XS,SET365,SET365,Set,XS
SET290-KR-DPT-S,SET290,SET290,Set,S
J0332-DR-S,J0332,J0332,Western Dress,S
SET043-KR-NP-S,SET043,SET043,Set,S
SET048-KR-NP-S,SET048,SET048,Set,S
JNE3437-KR-XS,JNE3437,JNE3437,kurta,XS
J0301-TP-XS,J0301,J0301,Top,XS
BTM032-NP-S,BTM032,BTM032,Bottom,S
SET351-KR-NP-XXXL,SET351,SET351,Set,3XL
SET374-KR-NP-XL,SET374,SET374,Set,XL
SET341-KR-NP-XXL,SET341,SET341,Set,XXL
JNE3728-KR-XL,JNE3728,JNE3728,kurta,XL
J0148-SET-L,J0148,J0148,Set,L
JNE3452-KR-L,JNE3452,JNE3452,kurta,L
BTM030-NP-XXL,BTM030,BTM030,Bottom,XXL
JNE3504-KR-L,JNE3504,JNE3504,kurta,L
J0396-DR-L,J0396,J0396,Western Dress,L
J0105-KR-M,J0105,J0105,Western Dress,M
J0105-KR-L,J0105,J0105,Western Dress,L
JNE3376-KR-XXL,JNE3376,JNE3376,kurta,XXL
JNE3648-TP-N-XXL,JNE3648,JNE3648,Top,XXL
BTM036-PP-L,BTM036,BTM036,Bottom,L
NW009-ST-CP-XXL,NW009,NW009,Set,XXL
MEN5013-KR-XL,MEN5013,MEN5013,kurta,XL
J0333-DR-L,J0333,J0333,Western Dress,L
JNE3273-KR-XXXL,JNE3273,JNE3273,kurta,3XL
SET058-KR-NP-XL,SET058,SET058,Set,XL
JNE3777-KR-XXXL,JNE3777,JNE3777,kurta,3XL
SET218-KR-NP-XXL,SET218,SET218,Set,XXL
SET232-KR-PP-XL,SET232,SET232,Set,XL
JNE3407-KR-XL,JNE3407,JNE3407,kurta,XL
JNE3384-KR-XL,JNE3384,JNE3384,kurta,XL
JNE3694-KR-XL,JNE3694,JNE3694,kurta,XL
JNE3042-KR-L,JNE3042,JNE3042,kurta,L
J0277-SKD-S,J0277,J0277,Set,S
J0150-KR-XXL,J0150,J0150,kurta,XXL
BTM037-PP-XXXL,BTM037,BTM037,Bottom,3XL
SET233-KR-PP-XS,SET233,SET233,Set,XS
JNE3751-KR-XL,JNE3751,JNE3751,kurta,XL
JNE3659-TP-N-XL,JNE3659,JNE3659,Top,XL
JNE3712-TP-N-XL,JNE3712,JNE3712,Top,XL
JNE3563-KR-L,JNE3563,JNE3563,kurta,L
J0124-TP-M,J0124,J0124,Top,M
J0220-BL-M,J0220,J0220,Blouse,M
J0135-SET-S,J0135,J0135,Set,S
J0347-SET-XXXL,J0347,J0347,Set,3XL
SET389-KR-NP-XXL,SET389,SET389,Set,XXL
SET053-KR-NP-XXL,SET053,SET053,Set,XXL
MEN5023-KR-L,MEN5023,MEN5023,kurta,L
MEN5019-KR-XXL,MEN5019,MEN5019,kurta,XXL
J0395-DR-L,J0395,J0395,Western Dress,L
SET038-KR-PP-S,SET038,SET038,Set,S
J0338-DR-S,J0338,J0338,Western Dress,S
J0250-SKD-XL,J0250,J0250,Set,XL
J0307-TP-M,J0307,J0307,Top,M
BL101-M,BL101,BL101,Blouse,M
JNE3546-KR-XS,JNE3546,JNE3546,kurta,XS
JNE3751-KR-XS,JNE3751,JNE3751,kurta,XS
JNE3482-KR-S,JNE3482,JNE3482,kurta,S
JNE3861-DR-XXXL,JNE3861,JNE3861,Western Dress,3XL
SET228-KR-PP-A-XXL,SET228,SET228,Set,XXL
JNE3730-KR-XXL,JNE3730,JNE3730,kurta,XXL
BTM002-XL,BTM002,BTM002,Bottom,XL
J0004-SKD-XXL,J0004,J0004,Set,XXL
SET224-KR-NP-XL,SET224,SET224,Set,XL
SET400-KR-NP-L,SET400,SET400,Set,L
SET341-KR-NP-XS,SET341,SET341,Set,XS
J0127-SKD-XS,J0127,J0127,Set,XS
JNE3702-KR-L,JNE3702,JNE3702,kurta,L
J0086-DR-XS,J0086,J0086,Ethnic Dress,XS
J0148-SET-XL,J0148,J0148,Set,XL
J0278-SET-M,J0278,J0278,Set,M
J0088-TP-XXXL,J0088,J0088,Top,3XL
SET358-KR-NP-M,SET358,SET358,Set,M
J0082-TP-XXL,J0082,J0082,Top,XXL
J0292-TP-XXL,J0292,J0292,Top,XXL
NW039-TP-SR-XS,NW039,NW039,Set,XS
SET305-KR-DPT-XS,SET305,SET305,Set,XS
JNE3885-KR-S,JNE3885,JNE3885,kurta,S
JNE3637-KR-S,JNE3637,JNE3637,kurta,S
JNE3387-KR-M,JNE3387,JNE3387,kurta,M
JNE3643-TP-N-S,JNE3643,JNE3643,Top,S
J0073-KR-M,J0073,J0073,kurta,M
J0072-KR-M,J0072,J0072,kurta,M
J0026-KR-S,J0026,J0026,kurta,S
J0127-SKD-S,J0127,J0127,Set,S
SET103-KR-SP-S,SET103,SET103,Set,S
SET260-KR-PP-S,SET260,SET260,Set,S
JNE3804-KR-L,JNE3804,JNE3804,kurta,L
JNE3720-KR-XXL,JNE3720,JNE3720,kurta,XXL
SET244-KR-NP-S,SET244,SET244,Set,S
JNE3708-TU-XL,JNE3708,JNE3708,Top,XL
J0212-DR-M,J0212,J0212,Ethnic Dress,M
JNE3862-TU-M,JNE3862,JNE3862,Top,M
JNE3543-KR-XXXL,JNE3543,JNE3543,kurta,3XL
SET227-KR-PP-A-XXXL,SET227,SET227,Set,3XL
SET227-KR-PP-A-XS,SET227,SET227,Set,XS
MEN5023-KR-XXL,MEN5023,MEN5023,kurta,XXL
JNE3365-KR-1052-XL,JNE3365,JNE3365,kurta,XL
SET405-KR-NP-XXL,SET405,SET405,Set,XXL
J0217-BL-XXL,J0217,J0217,Blouse,XXL
JNE3695-KR-M,JNE3695,JNE3695,kurta,M
JNE3865-TP-XXL,JNE3865,JNE3865,Top,XXL
J0179-KR-M,J0179,J0179,kurta,M
MEN5017-KR-XL,MEN5017,MEN5017,kurta,XL
JNE3439-KR-S,JNE3439,JNE3439,kurta,S
SET037-KR-NP-XL,SET037,SET037,Set,XL
J0139-KR-L,J0139,J0139,kurta,L
JNE3474-KR-E-XS,JNE3474,JNE3474,kurta,XS
J0224-SKD-M,J0224,J0224,Set,M
JNE3668-TP-N-S,JNE3668,JNE3668,Top,S
JNE3655-TP-S,JNE3655,JNE3655,Top,S
SET360-KR-NP-XS,SET360,SET360,Set,XS
J0350-SET-XXL,J0350,J0350,Set,XXL
J0041-SET-XXXL,J0041,J0041,Set,3XL
J0081-DR-M,J0081,J0081,Western Dress,M
SET323-KR-NP-S,SET323,SET323,Set,S
J0369-SKD-L,J0369,J0369,Set,L
SET282-KR-PP-L,SET282,SET282,Set,L
J0306-DR-M,J0306,J0306,Western Dress,M
JNE3800-KR-L,JNE3800,JNE3800,Western Dress,L
JNE3602-KR-XXXL,JNE3602,JNE3602,kurta,3XL
JNE3457-KR-XXL,JNE3457,JNE3457,kurta,XXL
J0095-SET-XS,J0095,J0095,Set,XS
J0190-TP-L,J0190,J0190,Top,L
J0284-SKD-L,J0284,J0284,Set,L
JNE3818-KR-XL,JNE3818,JNE3818,kurta,XL
SET386-KR-NP-XS,SET386,SET386,Set,XS
J0336-TP-XL,J0336,J0336,Top,XL
J0351-SET-XL,J0351,J0351,Set,XL
JNE3781-KR-XL,JNE3781,JNE3781,kurta,XL
JNE3805-KR-XXXL,JNE3805,JNE3805,kurta,3XL
JNE3369-KR-M,JNE3369,JNE3369,kurta,M
J0399-DR-XS,J0399,J0399,Western Dress,XS
J0010-LCD-M,J0010,J0010,Set,M
JNE3576-KR-XS,JNE3576,JNE3576,kurta,XS
NW020-ST-SR-L,NW020,NW020,Set,L
J0402-DR-XL,J0402,J0402,Western Dress,XL
JNE3639-TP-N-S,JNE3639,JNE3639,Top,S
JNE3724-KR-L,JNE3724,JNE3724,kurta,L
JNE3609-KR-L,JNE3609,JNE3609,kurta,L
JNE3804-KR-XXXL,JNE3804,JNE3804,kurta,3XL
SET319-KR-NP-XXL,SET319,SET319,Set,XXL
J0277-SKD-L,J0277,J0277,Set,L
SAR069,SAR069,SAR069,Saree,Free
JNE3838-KR-L,JNE3838,JNE3838,kurta,L
J0122-TP-XXL,J0122,J0122,Top,XXL
JNE3674-TU-XXL,JNE3674,JNE3674,Top,XXL
JNE3775-KR-XS,JNE3775,JNE3775,kurta,XS
JNE3296-KR-L,JNE3296,JNE3296,kurta,L
SET138-KR-PP-XXL,SET138,SET138,Set,XXL
JNE2305-KR-533-M,JNE2305,JNE2305,kurta,M
JNE3710-DR-M,JNE3710,JNE3710,Western Dress,M
JNE3294-KR-M,JNE3294,JNE3294,kurta,M
SET165-KR-PP-M,SET165,SET165,Set,M
JNE3461-KR-S,JNE3461,JNE3461,kurta,S
JNE3578-KR-M,JNE3578,JNE3578,kurta,M
JNE3615-KR-S,JNE3615,JNE3615,kurta,S
JNE3515-KR-M,JNE3515,JNE3515,kurta,M
J0344-TP-S,J0344,J0344,Top,S
SET349-KR-NP-M,SET349,SET349,Set,M
JNE3753-KR-XXL,JNE3753,JNE3753,kurta,XXL
MEN5010-KR-L,MEN5010,MEN5010,kurta,L
JNE2153-KR-278-A-XXL,JNE2153,JNE2153,kurta,XXL
JNE3797-KR-XL,JNE3797,JNE3797,Western Dress,XL
JNE3707-DR-S,JNE3707,JNE3707,Western Dress,S
SET094-KR-NP-XL,SET094,SET094,Set,XL
JNE3860-DR-L,JNE3860,JNE3860,Western Dress,L
SET385-KR-NP-L,SET385,SET385,Set,L
SET375-KR-NP-M,SET375,SET375,Set,M
J0401-DR-M,J0401,J0401,Western Dress,M
SET073-KR-SHA-L,SET073,SET073,Set,L
JNE3773-KR-XXL,JNE3773,JNE3773,kurta,XXL
J0113-TP-M,J0113,J0113,Top,M
SET247-KR-SHA-XL,SET247,SET247,Set,XL
JNE3621-KR-XXL,JNE3621,JNE3621,kurta,XXL
JNE3761-KR-M,JNE3761,JNE3761,kurta,M
JNE3408-KR-XXXL,JNE3408,JNE3408,kurta,3XL
JNE3716-KR-XXL,JNE3716,JNE3716,kurta,XXL
SET135-KR-PP-XL,SET135,SET135,Set,XL
J0062-DR-S,J0062,J0062,Western Dress,S
JNE3554-KR-XL,JNE3554,JNE3554,kurta,XL
SET334-KR-NP-L,SET334,SET334,Set,L
JNE3439-KR-XXL,JNE3439,JNE3439,kurta,XXL
JNE3706-DR-M,JNE3706,JNE3706,Western Dress,M
JNE3568-KR-XS,JNE3568,JNE3568,kurta,XS
J0389-TP-M,J0389,J0389,Top,M
J0108-SKD-M,J0108,J0108,Set,M
J0203-TP-XS,J0203,J0203,Top,XS
JNE3365-KR-1052-L,JNE3365,JNE3365,kurta,L
SET333-KR-DPT-S,SET333,SET333,Set,S
J0355-KR-S,J0355,J0355,kurta,S
BL009-61BLACK-B,BL009,BL009,Blouse,Free
JNE1951-KR-155-XXL,JNE1951,JNE1951,kurta,XXL
JNE3443-KR-XL,JNE3443,JNE3443,kurta,XL
SET281-KR-PP-XL,SET281,SET281,Set,XL
JNE3486-KR-XL,JNE3486,JNE3486,kurta,XL
SET396-KR-PP-XL,SET396,SET396,Set,XL
JNE3758-KR-XXL,JNE3758,JNE3758,kurta,XXL
SET247-KR-SHA-M,SET247,SET247,Set,M
BTM008-XL,BTM008,BTM008,Bottom,XL
BTM029-NP-XL,BTM029,BTM029,Bottom,XL
SET327-KR-DPT-M,SET327,SET327,Set,M
J0351-SET-XXL,J0351,J0351,Set,XXL
J0346-SET-XXL,J0346,J0346,Set,XXL
J0280-SKD-L,J0280,J0280,Set,L
SET323-KR-NP-L,SET323,SET323,Set,L
J0353-KR-L,J0353,J0353,kurta,L
JNE3610-KR-M,JNE3610,JNE3610,kurta,M
SET337-KR-NP-XS,SET337,SET337,Set,XS
SET317-KR-PP-L,SET317,SET317,Set,L
NW014-ST-SR-S,NW014,NW014,Set,S
SET044-KR-NP-XS,SET044,SET044,Set,XS
JNE3479-KR-M,JNE3479,JNE3479,kurta,M
JNE3724-KR-M,JNE3724,JNE3724,kurta,M
JNE3605-KR-XXXL,JNE3605,JNE3605,kurta,3XL
JNE3648-TP-N-XL,JNE3648,JNE3648,Top,XL
JNE3762-KR-XL,JNE3762,JNE3762,kurta,XL
JNE3603-KR-XL,JNE3603,JNE3603,kurta,XL
JNE3068-KR-A-S,JNE3068,JNE3068,kurta,S
JNE3660-TP-N-L,JNE3660,JNE3660,Top,L
J0382-SKD-XS,J0382,J0382,Set,XS
JNE3768-KR-S,JNE3768,JNE3768,kurta,S
J0163-SKD-S,J0163,J0163,Set,S
J0399-DR-L,J0399,J0399,Western Dress,L
SET165-KR-PP-XXL,SET165,SET165,Set,XXL
SET328-KR-NP-XXXL,SET328,SET328,Set,3XL
SET358-KR-NP-L,SET358,SET358,Set,L
J0111-TP-L,J0111,J0111,Top,L
SET083-KR-PP-XL,SET083,SET083,Set,XL
J0415-DR-S,J0415,J0415,Western Dress,S
JNE3415-KR-XS,JNE3415,JNE3415,kurta,XS
JNE3376-KR-L,JNE3376,JNE3376,kurta,L
JNE3644-TP-N-XL,JNE3644,JNE3644,Top,XL
JNE3383-KR-A-XXL,JNE3383,JNE3383,kurta,XXL
JNE3454-KR-XXL,JNE3454,JNE3454,kurta,XXL
J0277-SKD-XXXL,J0277,J0277,Set,3XL
SET254-KR-NP-M,SET254,SET254,Set,M
SET186-KR-DH-M,SET186,SET186,Set,M
J0377-SKD-M,J0377,J0377,Set,M
SET233-KR-PP-XL,SET233,SET233,Set,XL
J0254-SKD-XXXL,J0254,J0254,Set,3XL
J0090-TP-M,J0090,J0090,Top,M
SET245-KR-NP-S,SET245,SET245,Set,S
J0161-DR-S,J0161,J0161,Western Dress,S
JNE3042-KR-XXXL,JNE3042,JNE3042,kurta,3XL
JNE3892-TP-XXXL,JNE3892,JNE3892,Top,3XL
JNE3451-KR-L,JNE3451,JNE3451,kurta,L
JNE3612-KR-L,JNE3612,JNE3612,kurta,L
JNE3790-KR-L,JNE3790,JNE3790,kurta,L
JNE3368-KR-S,JNE3368,JNE3368,kurta,S
J0277-SKD-XXL,J0277,J0277,Set,XXL
JNE3471-KR-XL,JNE3471,JNE3471,kurta,XL
SET194-KR-NP-XL,SET194,SET194,Set,XL
JNE3714-KR-XXXL,JNE3714,JNE3714,kurta,3XL
JNE3816-KR-XS,JNE3816,JNE3816,kurta,XS
J0234-SKD-XS,J0234,J0234,Set,XS
JNE3579-KR-XS,JNE3579,JNE3579,kurta,XS
JNE2205-KR-467-A-M,JNE2205,JNE2205,kurta,M
SET236-KR-PP-M,SET236,SET236,Set,M
SET286-KR-NP-M,SET286,SET286,Set,M
SET184-KR-PP-L,SET184,SET184,Set,L
JNE3728-KR-S,JNE3728,JNE3728,kurta,S
J0239-SKD-XXL,J0239,J0239,Set,XXL
JNE3423-KR-S,JNE3423,JNE3423,kurta,S
SET325-KR-NP-M,SET325,SET325,Set,M
SET360-KR-NP-L,SET360,SET360,Set,L
NW022-TP-PJ-XL,NW022,NW022,Set,XL
J0167-KR-XS,J0167,J0167,kurta,XS
J0381-SKD-XL,J0381,J0381,Set,XL
JNE3655-TP-M,JNE3655,JNE3655,Top,M
J0025-DR-M,J0025,J0025,Western Dress,M
JNE3363-KR-1032-XL,JNE3363,JNE3363,kurta,XL
JNE3466-KR-M,JNE3466,JNE3466,kurta,M
JNE3427-KR-S,JNE3427,JNE3427,kurta,S
JNE1906-KR-031-L,JNE1906,JNE1906,kurta,L
JNE3793-KR-XXL,JNE3793,JNE3793,kurta,XXL
JNE3549-KR-L,JNE3549,JNE3549,kurta,L
JNE3638-KR-M,JNE3638,JNE3638,kurta,M
J0379-SKD-S,J0379,J0379,Set,S
SET251-KR-PP-M,SET251,SET251,Set,M
JNE3786-KR-M,JNE3786,JNE3786,kurta,M
JNE3225-KR-S,JNE3225,JNE3225,kurta,S
SET317-KR-PP-XL,SET317,SET317,Set,XL
JNE2170-KR-436-S,JNE2170,JNE2170,kurta,S
J0305-DR-XS,J0305,J0305,Western Dress,XS
MEN5029-KR-XXL,MEN5029,MEN5029,kurta,XXL
MEN5014-KR-XXL,MEN5014,MEN5014,kurta,XXL
SET254-KR-NP-XXL,SET254,SET254,Set,XXL
JNE3434-KR-XS,JNE3434,JNE3434,kurta,XS
SET014-KR-PP-XXL,SET014,SET014,Set,XXL
JNE3160-KR-G-L,JNE3160,JNE3160,kurta,L
J0189-TP-M,J0189,J0189,Top,M
SET224-KR-NP-XS,SET224,SET224,Set,XS
J0207-DR-S,J0207,J0207,Western Dress,S
JNE3504-KR-XS,JNE3504,JNE3504,kurta,XS
JNE3651-TP-N-XL,JNE3651,JNE3651,Top,XL
JNE3735-KR-XS,JNE3735,JNE3735,kurta,XS
JNE3605-KR-M,JNE3605,JNE3605,kurta,M
J0376-SKD-XS,J0376,J0376,Set,XS
JNE3718-KR-XS,JNE3718,JNE3718,kurta,XS
JNE3484-KR-M,JNE3484,JNE3484,kurta,M
JNE3408-KR-XXL,JNE3408,JNE3408,kurta,XXL
J0098-TP-XXXL,J0098,J0098,Top,3XL
NW002-TP-PJ-L,NW002,NW002,Set,L
J0124-TP-XL,J0124,J0124,Top,XL
JNE3480-KR-XL,JNE3480,JNE3480,kurta,XL
JNE3432-KR-XL,JNE3432,JNE3432,kurta,XL
JNE3516-KR-E-XL,JNE3516,JNE3516,kurta,XL
J0243-DR-M,J0243,J0243,Ethnic Dress,M
JNE3835-KR-XXL,JNE3835,JNE3835,kurta,XXL
JNE3288-KR-S,JNE3288,JNE3288,kurta,S
JNE3716-KR-S,JNE3716,JNE3716,kurta,S
SET044-KR-NP-M,SET044,SET044,Set,M
JNE3870-DR-M,JNE3870,JNE3870,Western Dress,M
J0150-KR-XXXL,J0150,J0150,kurta,3XL
SET144-KR-NP-XS,SET144,SET144,Set,XS
J0416-DR-XXL,J0416,J0416,Western Dress,XXL
JNE3627-KR-XL,JNE3627,JNE3627,kurta,XL
JNE1408-GREY-KR-UDF19-XXXL,JNE1408,JNE1408,kurta,3XL
JNE3288-KR-XS,JNE3288,JNE3288,kurta,XS
J0009-SKD-XXXL,J0009,J0009,Set,3XL
JNE3741-KR-S,JNE3741,JNE3741,kurta,S
JNE3435-KR-XS,JNE3435,JNE3435,kurta,XS
SET116-KR-NP-XS,SET116,SET116,Set,XS
J0397-DR-XL,J0397,J0397,Western Dress,XL
JNE3606-KR-L,JNE3606,JNE3606,kurta,L
J0039-SET-S,J0039,J0039,Set,S
SET240-KR-PP-XS,SET240,SET240,Set,XS
JNE3422-KR-S,JNE3422,JNE3422,kurta,S
SET276-KR-PP-XXL,SET276,SET276,Set,XXL
JNE3715-KR-XL,JNE3715,JNE3715,kurta,XL
JNE3487-KR-XL,JNE3487,JNE3487,kurta,XL
J0187-KR-XS,J0187,J0187,kurta,XS
J0002-SKD-L,J0002,J0002,Set,L
JNE3776-KR-XL,JNE3776,JNE3776,kurta,XL
SET243-KR-PP-XL,SET243,SET243,Set,XL
SET290-KR-DPT-XXL,SET290,SET290,Set,XXL
J0013-SKD-S,J0013,J0013,Set,S
NW008-ST-CP-XS,NW008,NW008,Set,XS
J0081-DR-XXL,J0081,J0081,Western Dress,XXL
SET364-KR-NP-M,SET364,SET364,Set,M
SET375-KR-NP-XXXL,SET375,SET375,Set,3XL
J0370-SKD-XXXL,J0370,J0370,Set,3XL
J0110-SKD-M,J0110,J0110,Set,M
JNE3504-KR-XXL,JNE3504,JNE3504,kurta,XXL
MEN5025-KR-XL,MEN5025,MEN5025,kurta,XL
JNE3619-KR-XL,JNE3619,JNE3619,kurta,XL
JNE3344-KR-L,JNE3344,JNE3344,kurta,L
JNE3689-TU-XXXL,JNE3689,JNE3689,Top,3XL
J0354-KR-M,J0354,J0354,kurta,M
JNE3689-TU-S,JNE3689,JNE3689,Top,S
SET249-KR-NP-M,SET249,SET249,Set,M
JNE3671-TU-XS,JNE3671,JNE3671,Top,XS
NW012-TP-PJ-S,NW012,NW012,Set,S
SET240-KR-PP-XL,SET240,SET240,Set,XL
JNE3863-TU-M,JNE3863,JNE3863,Top,M
JNE3459-KR-XS,JNE3459,JNE3459,kurta,XS
MEN5004-KR-M,MEN5004,MEN5004,kurta,M
J0092-SET-M,J0092,J0092,Set,M
JNE3628-KR-XXXL,JNE3628,JNE3628,kurta,3XL
JNE3575-KR-XXXL,JNE3575,JNE3575,kurta,3XL
MEN5005-KR-XXL,MEN5005,MEN5005,kurta,XXL
JNE3736-KR-L,JNE3736,JNE3736,kurta,L
SET186-KR-DH-XS,SET186,SET186,Set,XS
JNE3291-KR-S,JNE3291,JNE3291,kurta,S
JNE3666-TP-XL,JNE3666,JNE3666,Top,XL
JNE3717-KR-XL,JNE3717,JNE3717,kurta,XL
BTM029-NP-XXL,BTM029,BTM029,Bottom,XXL
BTM021-B-XXL,BTM021,BTM021,Bottom,XXL
MEN5015-KR-M,MEN5015,MEN5015,kurta,M
J0351-SET-S,J0351,J0351,Set,S
J0134-SET-XL,J0134,J0134,Set,XL
SET433-KR-NP-L,SET433,SET433,Set,L
J0124-TP-S,J0124,J0124,Top,S
SET310-KR-NP-L,SET310,SET310,Set,L
JNE3727-KR-L,JNE3727,JNE3727,kurta,L
J0415-DR-XXL,J0415,J0415,Western Dress,XXL
J0396-DR-XXL,J0396,J0396,Western Dress,XXL
JNE1977-KR-237-XXL,JNE1977,JNE1977,kurta,XXL
J0034-SET-XXXL,J0034,J0034,Set,3XL
JNE3400-KR-S,JNE3400,JNE3400,kurta,S
SET265-KR-NP-XXXL,SET265,SET265,Set,3XL
JNE2049-KR-351-S,JNE2049,JNE2049,kurta,S
BTM040-PP-S,BTM040,BTM040,Bottom,S
J0402-DR-XXL,J0402,J0402,Western Dress,XXL
SET356-KR-NP-S,SET356,SET356,Set,S
SET197-KR-NP-XXXL,SET197,SET197,Set,3XL
JNE3710-DR-XS,JNE3710,JNE3710,Western Dress,XS
J0209-DR-XXXL,J0209,J0209,Ethnic Dress,3XL
JNE3804-KR-S,JNE3804,JNE3804,kurta,S
BTM002-B-M,BTM002,BTM002,Bottom,M
JNE3714-KR-S,JNE3714,JNE3714,kurta,S
SET289-KR-NP-XXXL,SET289,SET289,Set,3XL
SET349-KR-NP-XXL,SET349,SET349,Set,XXL
JNE3805-KR-XXL,JNE3805,JNE3805,kurta,XXL
SET377-KR-NP-XXL,SET377,SET377,Set,XXL
J0106-KR-XXXL,J0106,J0106,Western Dress,3XL
SET334-KR-NP-XL,SET334,SET334,Set,XL
SET287-KR-NP-S,SET287,SET287,Set,S
JNE3573-KR-XS,JNE3573,JNE3573,kurta,XS
J0148-SET-XXL,J0148,J0148,Set,XXL
JNE2009-KR-310-M,JNE2009,JNE2009,kurta,M
JNE3702-KR-M,JNE3702,JNE3702,kurta,M
NW014-ST-SR-L,NW014,NW014,Set,L
JNE3881-DR-L,JNE3881,JNE3881,Western Dress,L
SET240-KR-PP-XXL,SET240,SET240,Set,XXL
JNE3683-TU-XS,JNE3683,JNE3683,Top,XS
JNE3488-KR-XXL,JNE3488,JNE3488,kurta,XXL
SET343-KR-NP-XS,SET343,SET343,Set,XS
JNE3480-KR-XXL,JNE3480,JNE3480,kurta,XXL
JNE3638-KR-XXXL,JNE3638,JNE3638,kurta,3XL
JNE3739-KR-XXXL,JNE3739,JNE3739,kurta,3XL
SET280-KR-PP-M,SET280,SET280,Set,M
JNE3759-KR-M,JNE3759,JNE3759,kurta,M
JNE3763-KR-XL,JNE3763,JNE3763,kurta,XL
JNE3836-KR-XXL,JNE3836,JNE3836,kurta,XXL
JNE3688-TU-XS,JNE3688,JNE3688,Top,XS
SET228-KR-PP-A-XS,SET228,SET228,Set,XS
JNE3735-KR-XXXL,JNE3735,JNE3735,kurta,3XL
SET198-KR-NP-A-M,SET198,SET198,Set,M
BTM036-PP-XXL,BTM036,BTM036,Bottom,XXL
SET197-KR-NP-M,SET197,SET197,Set,M
J0079-SKD-XXXL,J0079,J0079,Set,3XL
JNE3633-KR-XS,JNE3633,JNE3633,kurta,XS
JNE3638-KR-XS,JNE3638,JNE3638,kurta,XS
SET131-KR-NP-XL,SET131,SET131,Set,XL
JNE2266-KR-490-A-XL,JNE2266,JNE2266,kurta,XL
JNE3404-KR-M,JNE3404,JNE3404,kurta,M
BTM002-B-XXL,BTM002,BTM002,Bottom,XXL
J0176-TP-M,J0176,J0176,Top,M
JNE3756-KR-XL,JNE3756,JNE3756,kurta,XL
J0178-TP-XXXL,J0178,J0178,Top,3XL
J0245-SKD-S,J0245,J0245,Set,S
JNE3837-KR-XL,JNE3837,JNE3837,kurta,XL
JNE3701-KR-XXXL,JNE3701,JNE3701,kurta,3XL
SET325-KR-NP-XS,SET325,SET325,Set,XS
J0233-SKD-XXXL,J0233,J0233,Set,3XL
SET358-KR-NP-XS,SET358,SET358,Set,XS
J0345-SET-L,J0345,J0345,Set,L
JNE3556-KR-XXL,JNE3556,JNE3556,kurta,XXL
JNE3368-KR-XS,JNE3368,JNE3368,kurta,XS
JNE3804-KR-XS,JNE3804,JNE3804,kurta,XS
J0079-SKD-S,J0079,J0079,Set,S
JNE3720-KR-XL,JNE3720,JNE3720,kurta,XL
SET252-KR-PP-M,SET252,SET252,Set,M
J0179-KR-XL,J0179,J0179,kurta,XL
J0083-KR-M,J0083,J0083,kurta,M
SET037-KR-NP-XXL,SET037,SET037,Set,XXL
JNE3489-KR-XXL,JNE3489,JNE3489,kurta,XXL
J0157-DR-XXL,J0157,J0157,Western Dress,XXL
J0217-BL-XL,J0217,J0217,Blouse,XL
J0217-BL-L,J0217,J0217,Blouse,L
JNE3625-DR-S,JNE3625,JNE3625,Western Dress,S
J0081-DR-XS,J0081,J0081,Western Dress,XS
JNE3807-KR-XXL,JNE3807,JNE3807,kurta,XXL
J0015-DR-XS,J0015,J0015,Ethnic Dress,XS
J0328-KR-S,J0328,J0328,kurta,S
J0102-SKD-XL,J0102,J0102,Set,XL
J0211-DR-S,J0211,J0211,Ethnic Dress,S
SET383-KR-NP-XXXL,SET383,SET383,Set,3XL
JNE3687-TU-XL,JNE3687,JNE3687,Top,XL
SET392-KR-NP-XS,SET392,SET392,Set,XS
JNE3689-TU-XS,JNE3689,JNE3689,Top,XS
MEN5010-KR-XL,MEN5010,MEN5010,kurta,XL
J0101-DR-A-XXXL,J0101,J0101,Ethnic Dress,3XL
SET075-KR-DH-S,SET075,SET075,Set,S
J0179-KR-S,J0179,J0179,kurta,S
JNE3616-KR-XL,JNE3616,JNE3616,kurta,XL
J0236-SKD-XS,J0236,J0236,Set,XS
SET320-KR-NP-M,SET320,SET320,Set,M
SET342-KR-NP-N-XXXL,SET342,SET342,Set,3XL
J0397-DR-M,J0397,J0397,Western Dress,M
JNE3806-KR-M,JNE3806,JNE3806,kurta,M
JNE3391-KR-M,JNE3391,JNE3391,kurta,M
SET352-KR-NP-XL,SET352,SET352,Set,XL
SET393-KR-NP-XL,SET393,SET393,Set,XL
JNE3421-KR-N-S,JNE3421,JNE3421,kurta,S
JNE3673-TU-XL,JNE3673,JNE3673,Top,XL
SET158-KR-PP-XXXL,SET158,SET158,Set,3XL
SET229-KR-PP-XXXL,SET229,SET229,Set,3XL
NW031-TP-PJ-XXXL,NW031,NW031,Set,3XL
SET402-KR-NP-L,SET402,SET402,Set,L
JNE3675-TU-M,JNE3675,JNE3675,Top,M
SET390-KR-NP-XL,SET390,SET390,Set,XL
JNE3648-TP-N-XS,JNE3648,JNE3648,Top,XS
J0155-KR-XS,J0155,J0155,kurta,XS
J0337-TP-XXL,J0337,J0337,Top,XXL
NW039-TP-SR-XXL,NW039,NW039,Set,XXL
J0034-SET-XXL,J0034,J0034,Set,XXL
J0024-KR-XXXL,J0024,J0024,kurta,3XL
J0240-SKD-XL,J0240,J0240,Set,XL
J0240-SKD-XXL,J0240,J0240,Set,XXL
JNE3432-KR-XXXL,JNE3432,JNE3432,kurta,3XL
NW034-TP-PJ-M,NW034,NW034,Set,M
JNE3672-TU-L,JNE3672,JNE3672,Top,L
J0041-SET-L,J0041,J0041,Set,L
J0235-SKD-XS,J0235,J0235,Set,XS
JNE3671-TU-XXL,JNE3671,JNE3671,Top,XXL
SET310-KR-NP-XL,SET310,SET310,Set,XL
J0157-DR-XS,J0157,J0157,Western Dress,XS
JNE3256-KR-XXL,JNE3256,JNE3256,kurta,XXL
MEN5011-KR-L,MEN5011,MEN5011,kurta,L
JNE3730-KR-XS,JNE3730,JNE3730,kurta,XS
SET392-KR-NP-XXL,SET392,SET392,Set,XXL
J0130-SET-XXXL,J0130,J0130,Set,3XL
JNE3506-KR-L,JNE3506,JNE3506,kurta,L
J0233-SKD-S,J0233,J0233,Set,S
J0139-KR-XS,J0139,J0139,kurta,XS
JNE3365-KR-1052-A-XS,JNE3365,JNE3365,kurta,XS
SET375-KR-NP-S,SET375,SET375,Set,S
JNE3464-KR-L,JNE3464,JNE3464,kurta,L
JNE3576-KR-XXL,JNE3576,JNE3576,kurta,XXL
JNE3638-KR-XXL,JNE3638,JNE3638,kurta,XXL
JNE3474-KR-E-XXL,JNE3474,JNE3474,kurta,XXL
JNE3568-KR-XXXL,JNE3568,JNE3568,kurta,3XL
SET239-KR-NP-XL,SET239,SET239,Set,XL
JNE1951-KR-155-XS,JNE1951,JNE1951,kurta,XS
BL102-M,BL102,BL102,Blouse,M
JNE3690-TU-XXL,JNE3690,JNE3690,Top,XXL
SET378-KR-NP-S,SET378,SET378,Set,S
J0135-SET-L,J0135,J0135,Set,L
JNE3429-KR-S,JNE3429,JNE3429,kurta,S
J0204-TP-XXXL,J0204,J0204,Top,3XL
JNE3720-KR-XXXL,JNE3720,JNE3720,kurta,3XL
SET253-KR-NP-L,SET253,SET253,Set,L
SET278-KR-NP-XS,SET278,SET278,Set,XS
SET366-KR-NP-L,SET366,SET366,Set,L
JNE3543-KR-XXL,JNE3543,JNE3543,kurta,XXL
JNE3869-DR-M,JNE3869,JNE3869,Western Dress,M
JNE2205-KR-467-A-XS,JNE2205,JNE2205,kurta,XS
JNE3688-TU-XXL,JNE3688,JNE3688,Top,XXL
J0131-KR-XXXL,J0131,J0131,kurta,3XL
J0137-SET-L,J0137,J0137,Set,L
J0108-SKD-L,J0108,J0108,Set,L
JNE3534-KR-L,JNE3534,JNE3534,kurta,L
BTM031-NP-L,BTM031,BTM031,Bottom,L
JNE3449-KR-L,JNE3449,JNE3449,kurta,L
J0242-SKD-XS,J0242,J0242,Set,XS
BTM003-B-XXXL,BTM003,BTM003,Bottom,3XL
SET247-KR-SHA-L,SET247,SET247,Set,L
J0241-SKD-XL,J0241,J0241,Set,XL
SET278-KR-NP-XL,SET278,SET278,Set,XL
JNE3549-KR-XL,JNE3549,JNE3549,kurta,XL
JNE3482-KR-L,JNE3482,JNE3482,kurta,L
JNE3642-TP-S,JNE3642,JNE3642,Top,S
J0174-TP-XL,J0174,J0174,Top,XL
J0173-DR-XS,J0173,J0173,Western Dress,XS
JNE3068-KR-A-L,JNE3068,JNE3068,kurta,L
SET249-KR-NP-XXL,SET249,SET249,Set,XXL
BL100-XL,BL100,BL100,Blouse,XL
JNE3790-KR-XXXL,JNE3790,JNE3790,kurta,3XL
JNE3471-KR-XXXL,JNE3471,JNE3471,kurta,3XL
SET332-KR-PP-XS,SET332,SET332,Set,XS
JNE3835-KR-XL,JNE3835,JNE3835,kurta,XL
SET184-KR-PP-XS,SET184,SET184,Set,XS
JNE3564-KR-L,JNE3564,JNE3564,kurta,L
JNE3459-KR-L,JNE3459,JNE3459,kurta,L
SET330-KR-PP-M,SET330,SET330,Set,M
JNE3553-KR-XL,JNE3553,JNE3553,kurta,XL
NW001-TP-PJ-XL,NW001,NW001,Set,XL
J0302-DR-XXL,J0302,J0302,Western Dress,XXL
SET267-KR-NP-XXXL,SET267,SET267,Set,3XL
J0295-DR-XXXL,J0295,J0295,Western Dress,3XL
J0161-DR-XXXL,J0161,J0161,Western Dress,3XL
SET397-KR-NP-L,SET397,SET397,Set,L
SET316-KR-DPT-XS,SET316,SET316,Set,XS
JNE3642-TP-XS,JNE3642,JNE3642,Top,XS
JNE3779-KR-XL,JNE3779,JNE3779,kurta,XL
JNE3834-KR-M,JNE3834,JNE3834,kurta,M
SET154-KR-NP-XXL,SET154,SET154,Set,XXL
SET400-KR-NP-XXL,SET400,SET400,Set,XXL
SET286-KR-NP-XXL,SET286,SET286,Set,XXL
MEN5031-KR-L,MEN5031,MEN5031,kurta,L
SET388-KR-NP-M,SET388,SET388,Set,M
JNE3635-KR-M,JNE3635,JNE3635,kurta,M
SET365-KR-NP-L,SET365,SET365,Set,L
JNE3652-TP-N-XS,JNE3652,JNE3652,Top,XS
J0173-DR-S,J0173,J0173,Western Dress,S
JNE3608-KR-XS,JNE3608,JNE3608,kurta,XS
J0219-BL-S,J0219,J0219,Blouse,S
JNE3629-KR-XXL,JNE3629,JNE3629,kurta,XXL
JNE3530-KR-XXL,JNE3530,JNE3530,kurta,XXL
SAR138,SAR138,SAR138,Saree,Free
J0113-TP-XXXL,J0113,J0113,Top,3XL
JNE3787-KR-XS,JNE3787,JNE3787,kurta,XS
JNE3686-TU-XL,JNE3686,JNE3686,Top,XL
SET288-KR-NP-S,SET288,SET288,Set,S
JNE3554-KR-S,JNE3554,JNE3554,kurta,S
JNE3789-KR-XXXL,JNE3789,JNE3789,kurta,3XL
JNE3607-KR-XXL,JNE3607,JNE3607,kurta,XXL
JNE3738-KR-XS,JNE3738,JNE3738,kurta,XS
SET383-KR-NP-XXL,SET383,SET383,Set,XXL
JNE3479-KR-XS,JNE3479,JNE3479,kurta,XS
JNE3706-DR-XXL,JNE3706,JNE3706,Western Dress,XXL
J0342-TP-XL,J0342,J0342,Top,XL
JNE3774-KR-S,JNE3774,JNE3774,kurta,S
NW014-ST-SR-M,NW014,NW014,Set,M
JNE3775-KR-L,JNE3775,JNE3775,kurta,L
JNE3612-KR-XXL,JNE3612,JNE3612,kurta,XXL
JNE3623-KR-S,JNE3623,JNE3623,kurta,S
JNE3777-KR-XL,JNE3777,JNE3777,kurta,XL
JNE3725-KR-XXL,JNE3725,JNE3725,kurta,XXL
J0164-DR-XXL,J0164,J0164,Ethnic Dress,XXL
J0347-SET-XL,J0347,J0347,Set,XL
J0201-TP-XS,J0201,J0201,Top,XS
JNE3703-KR-XS,JNE3703,JNE3703,kurta,XS
SET329-KR-NP-XXL,SET329,SET329,Set,XXL
J0231-SKD-XXXL,J0231,J0231,Set,3XL
J0037-KR-XXXL,J0037,J0037,kurta,3XL
SET182-KR-DH-S,SET182,SET182,Set,S
J0249-SKD-L,J0249,J0249,Set,L
JNE3542-KR-L,JNE3542,JNE3542,kurta,L
JNE3757-KR-XS,JNE3757,JNE3757,kurta,XS
SET319-KR-NP-XS,SET319,SET319,Set,XS
JNE3670-TU-M,JNE3670,JNE3670,Top,M
SET186-KR-DH-S,SET186,SET186,Set,S
JNE3773-KR-S,JNE3773,JNE3773,kurta,S
J0231-SKD-M,J0231,J0231,Set,M
MEN5004-KR-XXL,MEN5004,MEN5004,kurta,XXL
J0234-SKD-XXL,J0234,J0234,Set,XXL
JNE3776-KR-S,JNE3776,JNE3776,kurta,S
JNE3428-KR-XS,JNE3428,JNE3428,kurta,XS
JNE3745-KR-L,JNE3745,JNE3745,kurta,L
J0299-KR-M,J0299,J0299,kurta,M
JNE3577-KR-XL,JNE3577,JNE3577,kurta,XL
JNE3638-KR-L,JNE3638,JNE3638,kurta,L
SET246-KR-PP-XXL,SET246,SET246,Set,XXL
MEN5016-KR-XXXL,MEN5016,MEN5016,kurta,3XL
JNE3796-KR-L,JNE3796,JNE3796,kurta,L
J0201-TP-XXL,J0201,J0201,Top,XXL
JNE3636-KR-XXXL,JNE3636,JNE3636,kurta,3XL
J0028-KR-L,J0028,J0028,kurta,L
JNE3291-KR-XS,JNE3291,JNE3291,kurta,XS
J0337-TP-L,J0337,J0337,Top,L
JNE3733-KR-L,JNE3733,JNE3733,kurta,L
JNE3773-KR-XXXL,JNE3773,JNE3773,kurta,3XL
SET347-KR-NP-XXL,SET347,SET347,Set,XXL
SET392-KR-NP-M,SET392,SET392,Set,M
J0396-DR-XS,J0396,J0396,Western Dress,XS
JNE2251-KR-537-M,JNE2251,JNE2251,kurta,M
JNE3729-KR-XL,JNE3729,JNE3729,kurta,XL
SET397-KR-NP-XS,SET397,SET397,Set,XS
J0020-SET-XS,J0020,J0020,Set,XS
SET249-KR-NP-S,SET249,SET249,Set,S
JNE3427-KR-L,JNE3427,JNE3427,kurta,L
SET433-KR-NP-S,SET433,SET433,Set,S
MEN5002-KR-S,MEN5002,MEN5002,kurta,S
JNE3880-DR-XXXL,JNE3880,JNE3880,Western Dress,3XL
J0415-DR-XXXL,J0415,J0415,Western Dress,3XL
JNE2132-KR-398-S,JNE2132,JNE2132,kurta,S
SET339-KR-NP-L,SET339,SET339,Set,L
J0376-SKD-M,J0376,J0376,Set,M
JNE2132-KR-398-M,JNE2132,JNE2132,kurta,M
SET049-KR-NP-S,SET049,SET049,Set,S
SET325-KR-NP-S,SET325,SET325,Set,S
SET375-KR-NP-L,SET375,SET375,Set,L
JNE3644-TP-N-S,JNE3644,JNE3644,Top,S
SET226-KR-PP-XL,SET226,SET226,Set,XL
JNE3735-KR-S,JNE3735,JNE3735,kurta,S
J0008-SKD-XXXL,J0008,J0008,Set,3XL
MEN5010-KR-M,MEN5010,MEN5010,kurta,M
J0117-TP-XS,J0117,J0117,Top,XS
JNE3443-KR-XS,JNE3443,JNE3443,kurta,XS
J0048-TP-S,J0048,J0048,Top,S
JNE3894-TP-XXL,JNE3894,JNE3894,Top,XXL
J0333-DR-XXL,J0333,J0333,Western Dress,XXL
JNE3565-KR-M,JNE3565,JNE3565,kurta,M
JNE3651-TP-N-XXL,JNE3651,JNE3651,Top,XXL
MEN5024-KR-S,MEN5024,MEN5024,kurta,S
SET241-KR-PP-S,SET241,SET241,Set,S
J0033-KR-XXXL,J0033,J0033,kurta,3XL
SET262-KR-NP-L,SET262,SET262,Set,L
SET241-KR-PP-M,SET241,SET241,Set,M
NW039-TP-SR-M,NW039,NW039,Set,M
JNE3633-KR-XL,JNE3633,JNE3633,kurta,XL
JNE3790-KR-XXL,JNE3790,JNE3790,kurta,XXL
JNE3571-KR-XS,JNE3571,JNE3571,kurta,XS
J0162-SKD-XL,J0162,J0162,Set,XL
SET304-KR-DPT-M,SET304,SET304,Set,M
JNE3717-KR-L,JNE3717,JNE3717,kurta,L
J0414-DR-L,J0414,J0414,Western Dress,L
JNE3449-KR-XL,JNE3449,JNE3449,kurta,XL
J0414-DR-XL,J0414,J0414,Western Dress,XL
JNE3559-KR-XXL,JNE3559,JNE3559,kurta,XXL
JNE3348-KR-XS,JNE3348,JNE3348,kurta,XS
J0089-TP-XL,J0089,J0089,Top,XL
J0189-TP-XXL,J0189,J0189,Top,XXL
JNE3451-KR-XXL,JNE3451,JNE3451,kurta,XXL
MEN5017-KR-L,MEN5017,MEN5017,kurta,L
BL102-S,BL102,BL102,Blouse,S
JNE2101-KR-210-S,JNE2101,JNE2101,kurta,S
J0402-DR-M,J0402,J0402,Western Dress,M
JNE3429-KR-M,JNE3429,JNE3429,kurta,M
J0184-KR-XXL,J0184,J0184,kurta,XXL
JNE3660-TP-N-XXL,JNE3660,JNE3660,Top,XXL
SET270-KR-PP-S,SET270,SET270,Set,S
JNE3457-KR-S,JNE3457,JNE3457,kurta,S
JNE3606-KR-XS,JNE3606,JNE3606,kurta,XS
SET128-KR-DH-XL,SET128,SET128,Set,XL
SET305-KR-DPT-XXL,SET305,SET305,Set,XXL
J0092-SET-XL,J0092,J0092,Set,XL
SET378-KR-NP-XXXL,SET378,SET378,Set,3XL
NW014-ST-SR-XXL,NW014,NW014,Set,XXL
JNE3800-KR-S,JNE3800,JNE3800,Western Dress,S
J0299-KR-XS,J0299,J0299,kurta,XS
J0348-SET-XS,J0348,J0348,Set,XS
JNE3715-KR-XS,JNE3715,JNE3715,kurta,XS
JNE3440-KR-N-XXL,JNE3440,JNE3440,kurta,XXL
JNE3794-KR-L,JNE3794,JNE3794,kurta,L
JNE1998-KR-311-XL,JNE1998,JNE1998,kurta,XL
NW029-ST-SR-XL,NW029,NW029,Set,XL
JNE3800-KR-A-S,JNE3800,JNE3800,Western Dress,S
JNE3701-KR-XL,JNE3701,JNE3701,kurta,XL
JNE3334-KR-XL,JNE3334,JNE3334,kurta,XL
JNE3810-KR-XS,JNE3810,JNE3810,kurta,XS
JNE3617-KR-S,JNE3617,JNE3617,kurta,S
MEN5019-KR-M,MEN5019,MEN5019,kurta,M
BTM038-PP-L,BTM038,BTM038,Bottom,L
JNE3703-KR-L,JNE3703,JNE3703,kurta,L
JNE3773-KR-L,JNE3773,JNE3773,kurta,L
JNE3476-KR-L,JNE3476,JNE3476,kurta,L
JNE3818-KR-L,JNE3818,JNE3818,kurta,L
JNE3404-KR-L,JNE3404,JNE3404,kurta,L
JNE3856-KR-XXXL,JNE3856,JNE3856,kurta,3XL
SET257-KR-PP-XS,SET257,SET257,Set,XS
SET413-KR-NP-XXL,SET413,SET413,Set,XXL
SET100-KR-PP-XS,SET100,SET100,Set,XS
J0215-BL-XXL,J0215,J0215,Blouse,XXL
JNE3748-KR-XXXL,JNE3748,JNE3748,kurta,3XL
J0080-TP-L,J0080,J0080,Top,L
J0328-KR-XS,J0328,J0328,kurta,XS
SET131-KR-NP-A-XL,SET131,SET131,Set,XL
JNE3780-KR-XXL,JNE3780,JNE3780,kurta,XXL
JNE3764-KR-S,JNE3764,JNE3764,kurta,S
JNE3636-KR-S,JNE3636,JNE3636,kurta,S
SET098-KR-PP-XXXL,SET098,SET098,Set,3XL
NW008-ST-CP-S,NW008,NW008,Set,S
SET094-KR-NP-XXXL,SET094,SET094,Set,3XL
J0336-TP-S,J0336,J0336,Top,S
SET313-KR-NP-M,SET313,SET313,Set,M
SET258-KR-PP-XL,SET258,SET258,Set,XL
J0132-KR-XS,J0132,J0132,kurta,XS
JNE3735-KR-L,JNE3735,JNE3735,kurta,L
SET278-KR-NP-XXL,SET278,SET278,Set,XXL
JNE3255-KR-XL,JNE3255,JNE3255,kurta,XL
JNE3796-KR-S,JNE3796,JNE3796,kurta,S
JNE3261-KR-XS,JNE3261,JNE3261,kurta,XS
BL099-S,BL099,BL099,Blouse,S
BL100-S,BL100,BL100,Blouse,S
J0382-SKD-XXL,J0382,J0382,Set,XXL
SET330-KR-PP-XXXL,SET330,SET330,Set,3XL
JNE3607-KR-XS,JNE3607,JNE3607,kurta,XS
JNE3798-KR-A-L,JNE3798,JNE3798,Western Dress,L
JNE3431-KR-XS,JNE3431,JNE3431,kurta,XS
SET413-KR-NP-M,SET413,SET413,Set,M
SET226-KR-PP-M,SET226,SET226,Set,M
JNE3336-KR-XS,JNE3336,JNE3336,kurta,XS
J0077-SKD-M,J0077,J0077,Set,M
MEN5003-KR-XXL,MEN5003,MEN5003,kurta,XXL
JNE3482-KR-M,JNE3482,JNE3482,kurta,M
J0139-KR-XL,J0139,J0139,kurta,XL
JNE1906-KR-031-XXL,JNE1906,JNE1906,kurta,XXL
SET195-KR-NP-A-L,SET195,SET195,Set,L
JNE3454-KR-XS,JNE3454,JNE3454,kurta,XS
J0153-DR-S,J0153,J0153,Western Dress,S
JNE3797-KR-S,JNE3797,JNE3797,Western Dress,S
JNE3609-KR-S,JNE3609,JNE3609,kurta,S
J0213-TP-XL,J0213,J0213,Top,XL
JNE3435-KR-XL,JNE3435,JNE3435,kurta,XL
JNE2291-KR-602-XXXL,JNE2291,JNE2291,kurta,3XL
JNE3749-KR-XXL,JNE3749,JNE3749,kurta,XXL
SET384-KR-NP-M,SET384,SET384,Set,M
JNE3749-KR-S,JNE3749,JNE3749,kurta,S
SET272-KR-PP-XL,SET272,SET272,Set,XL
SET339-KR-NP-XS,SET339,SET339,Set,XS
JNE3615-KR-M,JNE3615,JNE3615,kurta,M
JNE3427-KR-M,JNE3427,JNE3427,kurta,M
SET400-KR-NP-S,SET400,SET400,Set,S
JNE3775-KR-XXL,JNE3775,JNE3775,kurta,XXL
SET384-KR-NP-S,SET384,SET384,Set,S
JNE3861-DR-S,JNE3861,JNE3861,Western Dress,S
JNE3709-DR-S,JNE3709,JNE3709,Western Dress,S
SET280-KR-PP-XL,SET280,SET280,Set,XL
J0081-DR-S,J0081,J0081,Western Dress,S
SET238-KR-PP-XL,SET238,SET238,Set,XL
BTM045-PP-XXL,BTM045,BTM045,Bottom,XXL
SET230-KR-PP-XL,SET230,SET230,Set,XL
J0232-SKD-XXL,J0232,J0232,Set,XXL
SET273-KR-NP-XS,SET273,SET273,Set,XS
SET132-KR-NP-XS,SET132,SET132,Set,XS
J0376-SKD-XXL,J0376,J0376,Set,XXL
J0157-DR-XL,J0157,J0157,Western Dress,XL
CH213-BROWN-M,CH213,CH213,Bottom,M
J0377-SKD-L,J0377,J0377,Set,L
JNE3708-TU-M,JNE3708,JNE3708,Top,M
BTM042-PP-L,BTM042,BTM042,Bottom,L
SET205-KR-DPT-A-XXXL,SET205,SET205,Set,3XL
JNE3484-KR-XXL,JNE3484,JNE3484,kurta,XXL
BTM027-NP-XXXL,BTM027,BTM027,Bottom,3XL
J0113-TP-S,J0113,J0113,Top,S
JNE3820-KR-XS,JNE3820,JNE3820,kurta,XS
JNE1525-KR-UDF19-A-XS,JNE1525,JNE1525,kurta,XS
JNE3611-KR-L,JNE3611,JNE3611,kurta,L
NW005-ST-PJ-M,NW005,NW005,Set,M
SET295-KR-NP-XXL,SET295,SET295,Set,XXL
NW012-TP-PJ-XXXL,NW012,NW012,Set,3XL
J0175-KR-XXL,J0175,J0175,kurta,XXL
SET193-KR-NP-A-M,SET193,SET193,Set,M
J0162-SKD-XXL,J0162,J0162,Set,XXL
SET205-KR-DPT-A-S,SET205,SET205,Set,S
J0090-TP-XXXL,J0090,J0090,Top,3XL
JNE3714-KR-M,JNE3714,JNE3714,kurta,M
SET341-KR-NP-XL,SET341,SET341,Set,XL
JNE3726-KR-XL,JNE3726,JNE3726,kurta,XL
J0310-TP-XXL,J0310,J0310,Top,XXL
SET209-KR-PP-S,SET209,SET209,Set,S
SET395-KR-NP-XXL,SET395,SET395,Set,XXL
J0228-SKD-XL,J0228,J0228,Set,XL
J0025-DR-S,J0025,J0025,Western Dress,S
J0111-TP-XL,J0111,J0111,Top,XL
SET273-KR-NP-XL,SET273,SET273,Set,XL
J0209-DR-L,J0209,J0209,Ethnic Dress,L
J0283-SET-XL,J0283,J0283,Set,XL
JNE3641-TP-N-S,JNE3641,JNE3641,Top,S
J0250-SKD-XXL,J0250,J0250,Set,XXL
SET220-KR-PP-L,SET220,SET220,Set,L
JNE3835-KR-XXXL,JNE3835,JNE3835,kurta,3XL
JNE3836-KR-XXXL,JNE3836,JNE3836,kurta,3XL
SET307-KR-DPT-M,SET307,SET307,Set,M
JNE3313-KR-A-XS,JNE3313,JNE3313,kurta,XS
JNE3160-KR-G-M,JNE3160,JNE3160,kurta,M
SET396-KR-PP-M,SET396,SET396,Set,M
JNE2113-KR-381-S,JNE2113,JNE2113,kurta,S
JNE3638-KR-S,JNE3638,JNE3638,kurta,S
JNE3294-KR-XL,JNE3294,JNE3294,kurta,XL
SET385-KR-NP-XXL,SET385,SET385,Set,XXL
JNE3807-KR-XXXL,JNE3807,JNE3807,kurta,3XL
SET220-KR-PP-XXL,SET220,SET220,Set,XXL
SET227-KR-PP-A-XXL,SET227,SET227,Set,XXL
J0231-SKD-S,J0231,J0231,Set,S
J0012-SKD-XS,J0012,J0012,Set,XS
J0148-SET-XS,J0148,J0148,Set,XS
J0345-SET-XXXL,J0345,J0345,Set,3XL
JNE3458-KR-XL,JNE3458,JNE3458,kurta,XL
SET258-KR-PP-XS,SET258,SET258,Set,XS
JNE3455-KR-XXXL,JNE3455,JNE3455,kurta,3XL
SET295-KR-NP-XS,SET295,SET295,Set,XS
SET282-KR-PP-XS,SET282,SET282,Set,XS
JNE2291-KR-602-XL,JNE2291,JNE2291,kurta,XL
J0090-TP-XL,J0090,J0090,Top,XL
SET185-KR-NP-XXXL,SET185,SET185,Set,3XL
J0212-DR-L,J0212,J0212,Ethnic Dress,L
J0108-SKD-XS,J0108,J0108,Set,XS
JNE2032-KR-205-XL,JNE2032,JNE2032,kurta,XL
SET364-KR-NP-S,SET364,SET364,Set,S
JNE3548-KR-XXL,JNE3548,JNE3548,kurta,XXL
NW029-ST-SR-M,NW029,NW029,Set,M
SET156-KR-NP-XXL,SET156,SET156,Set,XXL
SET116-KR-NP-XXL,SET116,SET116,Set,XXL
JNE3546-KR-XXXL,JNE3546,JNE3546,kurta,3XL
SET227-KR-PP-A-M,SET227,SET227,Set,M
JNE3880-DR-S,JNE3880,JNE3880,Western Dress,S
JNE3458-KR-L,JNE3458,JNE3458,kurta,L
JNE2100-KR-144-M,JNE2100,JNE2100,kurta,M
SET385-KR-NP-S,SET385,SET385,Set,S
JNE3445-KR-XXL,JNE3445,JNE3445,kurta,XXL
JNE3764-KR-XXXL,JNE3764,JNE3764,kurta,3XL
J0047-TP-XL,J0047,J0047,Top,XL
J0329-KR-XS,J0329,J0329,kurta,XS
JNE3288-KR-XL,JNE3288,JNE3288,kurta,XL
SET316-KR-DPT-XL,SET316,SET316,Set,XL
SET337-KR-NP-M,SET337,SET337,Set,M
SET281-KR-PP-L,SET281,SET281,Set,L
MEN5019-KR-XL,MEN5019,MEN5019,kurta,XL
JNE3369-KR-XXL,JNE3369,JNE3369,kurta,XXL
SET316-KR-DPT-L,SET316,SET316,Set,L
J0165-TP-L,J0165,J0165,Top,L
J0244-SKD-XXXL,J0244,J0244,Set,3XL
SET048-KR-NP-XXXL,SET048,SET048,Set,3XL
JNE3425-KR-L,JNE3425,JNE3425,kurta,L
J0161-DR-XS,J0161,J0161,Western Dress,XS
JNE3553-KR-XXXL,JNE3553,JNE3553,kurta,3XL
J0085-TP-S,J0085,J0085,Top,S
SET355-KR-PP-XS,SET355,SET355,Set,XS
JNE3610-KR-XXL,JNE3610,JNE3610,kurta,XXL
JNE3833-KR-L,JNE3833,JNE3833,kurta,L
SET360-KR-NP-XXXL,SET360,SET360,Set,3XL
JNE3793-KR-XL,JNE3793,JNE3793,kurta,XL
SET188-KR-NP-XXXL,SET188,SET188,Set,3XL
SET413-KR-NP-XL,SET413,SET413,Set,XL
NW015-TP-PJ-XS,NW015,NW015,Set,XS
BL024-74RED,BL024,BL024,Blouse,Free
J0155-KR-XXXL,J0155,J0155,kurta,3XL
SET322-KR-SHA-XXXL,SET322,SET322,Set,3XL
J0133-KR-XS,J0133,J0133,kurta,XS
J0010-LCD-XXXL,J0010,J0010,Set,3XL
JNE3741-KR-M,JNE3741,JNE3741,kurta,M
SET329-KR-NP-XS,SET329,SET329,Set,XS
SET246-KR-PP-XS,SET246,SET246,Set,XS
SET369-KR-NP-XXXL,SET369,SET369,Set,3XL
JNE3767-KR-XS,JNE3767,JNE3767,kurta,XS
SET197-KR-NP-XS,SET197,SET197,Set,XS
MEN5027-KR-XXL,MEN5027,MEN5027,kurta,XXL
JNE3619-KR-S,JNE3619,JNE3619,kurta,S
J0009-SKD-M,J0009,J0009,Set,M
JNE3745-KR-XXXL,JNE3745,JNE3745,kurta,3XL
SET282-KR-PP-S,SET282,SET282,Set,S
BTM029-NP-S,BTM029,BTM029,Bottom,S
J0157-DR-M,J0157,J0157,Western Dress,M
SET320-KR-NP-L,SET320,SET320,Set,L
JNE3425-KR-XL,JNE3425,JNE3425,kurta,XL
J0204-TP-S,J0204,J0204,Top,S
J0204-TP-XXL,J0204,J0204,Top,XXL
JNE3686-TU-L,JNE3686,JNE3686,Top,L
SET273-KR-NP-XXL,SET273,SET273,Set,XXL
JNE3834-KR-XXL,JNE3834,JNE3834,kurta,XXL
JNE3729-KR-XXXL,JNE3729,JNE3729,kurta,3XL
J0194-DR-XXXL,J0194,J0194,Western Dress,3XL
SET339-KR-NP-XXXL,SET339,SET339,Set,3XL
JNE3523-KR-XS,JNE3523,JNE3523,kurta,XS
J0029-KR-XS,J0029,J0029,kurta,XS
J0051-KR-S,J0051,J0051,kurta,S
J0210-DR-XXXL,J0210,J0210,Ethnic Dress,3XL
J0088-TP-L,J0088,J0088,Top,L
JNE3688-TU-L,JNE3688,JNE3688,Top,L
JNE3635-KR-XXL,JNE3635,JNE3635,kurta,XXL
JNE3608-KR-S,JNE3608,JNE3608,kurta,S
JNE3752-KR-XL,JNE3752,JNE3752,kurta,XL
JNE3671-TU-M,JNE3671,JNE3671,Top,M
NW004-TP-PJ-XL,NW004,NW004,Set,XL
SET156-KR-NP-XXXL,SET156,SET156,Set,3XL
SET217-KR-PP-M,SET217,SET217,Set,M
J0210-DR-L,J0210,J0210,Ethnic Dress,L
BL101-S,BL101,BL101,Blouse,S
BTM047-PP-S,BTM047,BTM047,Bottom,S
J0124-TP-XXXL,J0124,J0124,Top,3XL
NW007-ST-CP-L,NW007,NW007,Set,L
BL035-161GOLD,BL035,BL035,Blouse,Free
JNE1906-KR-031-XXXL,JNE1906,JNE1906,kurta,3XL
J0371-SKD-XS,J0371,J0371,Set,XS
NW022-TP-PJ-XS,NW022,NW022,Set,XS
JNE3575-KR-XL,JNE3575,JNE3575,kurta,XL
JNE3421-KR-N-XL,JNE3421,JNE3421,kurta,XL
SET287-KR-NP-XL,SET287,SET287,Set,XL
SET355-KR-PP-S,SET355,SET355,Set,S
J0049-TP-XS,J0049,J0049,Top,XS
J0088-TP-XS,J0088,J0088,Top,XS
JNE3763-KR-XS,JNE3763,JNE3763,kurta,XS
SET220-KR-PP-XXXL,SET220,SET220,Set,3XL
SET326-KR-PP-XXL,SET326,SET326,Set,XXL
JNE3807-KR-M,JNE3807,JNE3807,kurta,M
BL110-XS,BL110,BL110,Blouse,XS
J0372-SKD-XXXL,J0372,J0372,Set,3XL
J0299-KR-S,J0299,J0299,kurta,S
J0088-TP-M,J0088,J0088,Top,M
J0153-DR-L,J0153,J0153,Western Dress,L
J0399-DR-XXL,J0399,J0399,Western Dress,XXL
JNE3732-KR-L,JNE3732,JNE3732,kurta,L
SET179-KR-PP-XXXL,SET179,SET179,Set,3XL
SET210-KR-PP-XL,SET210,SET210,Set,XL
J0009-SKD-XL,J0009,J0009,Set,XL
JNE3430-KR-XXL,JNE3430,JNE3430,kurta,XXL
BL019-71PINK-B,BL019,BL019,Blouse,Free
SAR070,SAR070,SAR070,Saree,Free
JNE3738-KR-M,JNE3738,JNE3738,kurta,M
JNE3473-KR-M,JNE3473,JNE3473,kurta,M
JNE3742-KR-M,JNE3742,JNE3742,kurta,M
JNE3757-KR-M,JNE3757,JNE3757,kurta,M
JNE3689-TU-L,JNE3689,JNE3689,Top,L
BL089-XXL,BL089,BL089,Blouse,XXL
J0167-KR-M,J0167,J0167,kurta,M
JNE2291-KR-602-XXL,JNE2291,JNE2291,kurta,XXL
JNE2131-KR-A-L,JNE2131,JNE2131,kurta,L
JNE3735-KR-M,JNE3735,JNE3735,kurta,M
SET303-KR-NP-M,SET303,SET303,Set,M
JNE3776-KR-XXL,JNE3776,JNE3776,kurta,XXL
JNE3740-KR-S,JNE3740,JNE3740,kurta,S
JNE3548-KR-XL,JNE3548,JNE3548,kurta,XL
JNE3421-KR-L,JNE3421,JNE3421,kurta,L
JNE2291-KR-602-M,JNE2291,JNE2291,kurta,M
JNE3565-KR-XS,JNE3565,JNE3565,kurta,XS
SET058-KR-NP-S,SET058,SET058,Set,S
JNE3467-KR-XS,JNE3467,JNE3467,kurta,XS
J0006-SET-XXL,J0006,J0006,Ethnic Dress,XXL
JNE1234-MULTI-KR-032-XL,JNE1234,JNE1234,kurta,XL
SET272-KR-PP-XXL,SET272,SET272,Set,XXL
JNE3670-TU-XXL,JNE3670,JNE3670,Top,XXL
SET265-KR-NP-XXL,SET265,SET265,Set,XXL
J0380-SKD-XXL,J0380,J0380,Set,XXL
JNE3606-KR-XL,JNE3606,JNE3606,kurta,XL
NW001-TP-PJ-XXXL,NW001,NW001,Set,3XL
SET396-KR-PP-XXL,SET396,SET396,Set,XXL
J0196-TP-L,J0196,J0196,Top,L
JNE3742-KR-XXXL,JNE3742,JNE3742,kurta,3XL
SET186-KR-DH-L,SET186,SET186,Set,L
NW004-TP-PJ-M,NW004,NW004,Set,M
NW020-ST-SR-XL,NW020,NW020,Set,XL
SET378-KR-NP-XXL,SET378,SET378,Set,XXL
SET165-KR-PP-S,SET165,SET165,Set,S
SET342-KR-NP-N-M,SET342,SET342,Set,M
J0202-TP-S,J0202,J0202,Top,S
J0078-SET-L,J0078,J0078,Set,L
JNE3742-KR-XL,JNE3742,JNE3742,kurta,XL
JNE3510-KR-XS,JNE3510,JNE3510,kurta,XS
MEN5010-KR-XXXL,MEN5010,MEN5010,kurta,3XL
JNE3609-KR-XS,JNE3609,JNE3609,kurta,XS
SET276-KR-PP-M,SET276,SET276,Set,M
J0234-SKD-S,J0234,J0234,Set,S
J0021-TP-L,J0021,J0021,Top,L
NW034-TP-PJ-XS,NW034,NW034,Set,XS
JNE3488-KR-XS,JNE3488,JNE3488,kurta,XS
JNE3516-KR-E-S,JNE3516,JNE3516,kurta,S
J0348-SET-M,J0348,J0348,Set,M
JNE3835-KR-XS,JNE3835,JNE3835,kurta,XS
JNE3401-KR-L,JNE3401,JNE3401,kurta,L
SET073-KR-SHA-XL,SET073,SET073,Set,XL
JNE3807-KR-L,JNE3807,JNE3807,kurta,L
JNE3676-TU-L,JNE3676,JNE3676,Top,L
JNE3672-TU-M,JNE3672,JNE3672,Top,M
SET053-KR-NP-S,SET053,SET053,Set,S
SET290-KR-DPT-L,SET290,SET290,Set,L
BL104-XXL,BL104,BL104,Blouse,XXL
J0034-SET-M,J0034,J0034,Set,M
JNE3412-KR-XS,JNE3412,JNE3412,kurta,XS
JNE3680-TU-XXL,JNE3680,JNE3680,Top,XXL
J0151-KR-XXL,J0151,J0151,kurta,XXL
SET094-KR-NP-S,SET094,SET094,Set,S
MEN5027-KR-S,MEN5027,MEN5027,kurta,S
J0243-DR-S,J0243,J0243,Ethnic Dress,S
J0285-SKD-L,J0285,J0285,Set,L
SET365-KR-NP-S,SET365,SET365,Set,S
JNE3766-KR-L,JNE3766,JNE3766,kurta,L
SET217-KR-PP-XXL,SET217,SET217,Set,XXL
J0372-SKD-XXL,J0372,J0372,Set,XXL
J0148-SET-XXXL,J0148,J0148,Set,3XL
JNE3394-KR-A-XS,JNE3394,JNE3394,kurta,XS
J0043-SET-XS,J0043,J0043,Set,XS
J0369-SKD-M,J0369,J0369,Set,M
J0306-DR-XXL,J0306,J0306,Western Dress,XXL
JNE3651-TP-N-L,JNE3651,JNE3651,Top,L
J0240-SKD-XXXL,J0240,J0240,Set,3XL
J0158-DR-M,J0158,J0158,Western Dress,M
SET310-KR-NP-M,SET310,SET310,Set,M
SET380-KR-NP-XL,SET380,SET380,Set,XL
JNE3761-KR-S,JNE3761,JNE3761,kurta,S
JNE3614-KR-XS,JNE3614,JNE3614,kurta,XS
SET344-KR-NP-L,SET344,SET344,Set,L
JNE3674-TU-L,JNE3674,JNE3674,Top,L
JNE3782-KR-XXL,JNE3782,JNE3782,kurta,XXL
SET143-KR-PP-XS,SET143,SET143,Set,XS
JNE3798-KR-XXXL,JNE3798,JNE3798,Western Dress,3XL
JNE3798-KR-XS,JNE3798,JNE3798,Western Dress,XS
NW031-TP-PJ-L,NW031,NW031,Set,L
JNE3440-KR-N-S,JNE3440,JNE3440,kurta,S
SET224-KR-NP-XXL,SET224,SET224,Set,XXL
JNE3421-KR-M,JNE3421,JNE3421,kurta,M
SET300-KR-NP-M,SET300,SET300,Set,M
JNE2032-KR-205-S,JNE2032,JNE2032,kurta,S
J0245-SKD-M,J0245,J0245,Set,M
J0369-SKD-S,J0369,J0369,Set,S
JNE3803-KR-M,JNE3803,JNE3803,kurta,M
JNE2014-KR-178-XS,JNE2014,JNE2014,kurta,XS
BL109-XS,BL109,BL109,Blouse,XS
JNE3698-KR-L,JNE3698,JNE3698,kurta,L
J0092-SET-L,J0092,J0092,Set,L
AN208-MUSTARD-XXL,AN208,AN208,Bottom,XXL
JNE3817-KR-S,JNE3817,JNE3817,kurta,S
JNE2100-KR-144-XL,JNE2100,JNE2100,kurta,XL
J0210-DR-XS,J0210,J0210,Ethnic Dress,XS
J0144-SET-S,J0144,J0144,Set,S
J0235-SKD-S,J0235,J0235,Set,S
JNE3800-KR-A-XS,JNE3800,JNE3800,Western Dress,XS
J0250-SKD-L,J0250,J0250,Set,L
JNE3614-KR-XXXL,JNE3614,JNE3614,kurta,3XL
SET094-KR-NP-M,SET094,SET094,Set,M
JNE3719-KR-XXL,JNE3719,JNE3719,kurta,XXL
SET044-KR-NP-XL,SET044,SET044,Set,XL
NW016-ST-SR-XL,NW016,NW016,Set,XL
JNE3866-KR-M,JNE3866,JNE3866,kurta,M
JNE3622-KR-XL,JNE3622,JNE3622,kurta,XL
JNE3675-TU-XXL,JNE3675,JNE3675,Top,XXL
MEN5025-KR-L,MEN5025,MEN5025,kurta,L
J0203-TP-XXL,J0203,J0203,Top,XXL
JNE3635-KR-XS,JNE3635,JNE3635,kurta,XS
J0147-SET-XXL,J0147,J0147,Set,XXL
J0135-SET-M,J0135,J0135,Set,M
SET395-KR-NP-XS,SET395,SET395,Set,XS
JNE3798-KR-S,JNE3798,JNE3798,Western Dress,S
JNE3579-KR-XXL,JNE3579,JNE3579,kurta,XXL
JNE3606-KR-XXXL,JNE3606,JNE3606,kurta,3XL
SET131-KR-NP-A-XXXL,SET131,SET131,Set,3XL
SET195-KR-NP-A-S,SET195,SET195,Set,S
J0249-SKD-XL,J0249,J0249,Set,XL
SET267-KR-NP-L,SET267,SET267,Set,L
J0381-SKD-L,J0381,J0381,Set,L
J0086-DR-XXXL,J0086,J0086,Ethnic Dress,3XL
SET044-KR-NP-L,SET044,SET044,Set,L
J0281-SKD-XXL,J0281,J0281,Set,XXL
JNE3466-KR-XL,JNE3466,JNE3466,kurta,XL
SET158-KR-PP-L,SET158,SET158,Set,L
JNE3360-KR-S,JNE3360,JNE3360,kurta,S
JNE3603-KR-S,JNE3603,JNE3603,kurta,S
J0307-TP-S,J0307,J0307,Top,S
J0165-TP-XXL,J0165,J0165,Top,XXL
JNE3261-KR-XXXL,JNE3261,JNE3261,kurta,3XL
NW013-ST-SR-M,NW013,NW013,Set,M
SET279-LC-M,SET279,SET279,Set,M
SET288-KR-NP-L,SET288,SET288,Set,L
SET192-KR-NP-XS,SET192,SET192,Set,XS
JNE3621-KR-M,JNE3621,JNE3621,kurta,M
NW015-TP-PJ-S,NW015,NW015,Set,S
J0234-SKD-M,J0234,J0234,Set,M
SET344-KR-NP-XS,SET344,SET344,Set,XS
J0181-TP-L,J0181,J0181,Top,L
JNE3459-KR-XXL,JNE3459,JNE3459,kurta,XXL
SET326-KR-PP-M,SET326,SET326,Set,M
SET257-KR-PP-S,SET257,SET257,Set,S
SET285-KR-SHA-S,SET285,SET285,Set,S
SET267-KR-NP-M,SET267,SET267,Set,M
JNE3787-KR-M,JNE3787,JNE3787,kurta,M
NW024-TP-PJ-XXL,NW024,NW024,Set,XXL
JNE3432-KR-L,JNE3432,JNE3432,kurta,L
SAR042,SAR042,SAR042,Saree,Free
J0106-KR-XL,J0106,J0106,Western Dress,XL
SET197-KR-NP-S,SET197,SET197,Set,S
JNE3730-KR-L,JNE3730,JNE3730,kurta,L
JNE3578-KR-S,JNE3578,JNE3578,kurta,S
BTM041-PP-XXXL,BTM041,BTM041,Bottom,3XL
SAR140,SAR140,SAR140,Saree,Free
JNE1975-KR-309-XS,JNE1975,JNE1975,kurta,XS
JNE3742-KR-L,JNE3742,JNE3742,kurta,L
J0334-TP-XXL,J0334,J0334,Top,XXL
J0013-SKD-M,J0013,J0013,Set,M
JNE3556-KR-M,JNE3556,JNE3556,kurta,M
JNE3557-KR-M,JNE3557,JNE3557,kurta,M
JNE3607-KR-XXXL,JNE3607,JNE3607,kurta,3XL
SET188-KR-NP-L,SET188,SET188,Set,L
BL006-54BLACK-B,BL006,BL006,Blouse,Free
J0114-TP-M,J0114,J0114,Top,M
SET185-KR-NP-XL,SET185,SET185,Set,XL
MEN5014-KR-M,MEN5014,MEN5014,kurta,M
JNE1408-GREY-KR-UDF19-S,JNE1408,JNE1408,kurta,S
JNE3408-KR-M,JNE3408,JNE3408,kurta,M
SET192-KR-NP-XXL,SET192,SET192,Set,XXL
SET192-KR-NP-L,SET192,SET192,Set,L
JNE3557-KR-XL,JNE3557,JNE3557,kurta,XL
SET250-KR-SHA-L,SET250,SET250,Set,L
SET277-KR-NP-XL,SET277,SET277,Set,XL
SET271-KR-NP-S,SET271,SET271,Set,S
JNE3506-KR-M,JNE3506,JNE3506,kurta,M
JNE1233-BLUE-KR-031-XL,JNE1233,JNE1233,kurta,XL
NW030-TP-PJ-XXXL,NW030,NW030,Set,3XL
SET380-KR-NP-XXL,SET380,SET380,Set,XXL
SET131-KR-NP-L,SET131,SET131,Set,L
JNE3856-KR-XXL,JNE3856,JNE3856,kurta,XXL
SET323-KR-NP-XL,SET323,SET323,Set,XL
SET196-KR-NP-L,SET196,SET196,Set,L
JNE3714-KR-XL,JNE3714,JNE3714,kurta,XL
J0165-TP-XL,J0165,J0165,Top,XL
SET014-KR-PP-A-XXXL,SET014,SET014,Set,3XL
JNE3732-KR-XXXL,JNE3732,JNE3732,kurta,3XL
J0215-BL-XL,J0215,J0215,Blouse,XL
J0207-DR-XXL,J0207,J0207,Western Dress,XXL
JNE3391-KR-XL,JNE3391,JNE3391,kurta,XL
MEN5024-KR-XL,MEN5024,MEN5024,kurta,XL
SET318-KR-SHA-XXXL,SET318,SET318,Set,3XL
SET317-KR-PP-XXXL,SET317,SET317,Set,3XL
SET254-KR-NP-S,SET254,SET254,Set,S
MEN5008-KR-S,MEN5008,MEN5008,kurta,S
J0094-KR-S,J0094,J0094,kurta,S
J0414-DR-S,J0414,J0414,Western Dress,S
NW035-ST-CP-XS,NW035,NW035,Set,XS
JNE3742-KR-S,JNE3742,JNE3742,kurta,S
J0122-TP-S,J0122,J0122,Top,S
JNE3732-KR-S,JNE3732,JNE3732,kurta,S
JNE3443-KR-S,JNE3443,JNE3443,kurta,S
JNE1234-MULTI-KR-032-S,JNE1234,JNE1234,kurta,S
J0307-TP-XXL,J0307,J0307,Top,XXL
JNE3666-TP-L,JNE3666,JNE3666,Top,L
JNE3412-KR-XXXL,JNE3412,JNE3412,kurta,3XL
BTM038-PP-S,BTM038,BTM038,Bottom,S
SET280-KR-PP-XXL,SET280,SET280,Set,XXL
J0105-KR-XL,J0105,J0105,Western Dress,XL
SET400-KR-NP-M,SET400,SET400,Set,M
SET075-KR-DH-XS,SET075,SET075,Set,XS
SET277-KR-NP-S,SET277,SET277,Set,S
SET142-KR-PP-L,SET142,SET142,Set,L
JNE3421-KR-XL,JNE3421,JNE3421,kurta,XL
JNE3366-KR-1053-S,JNE3366,JNE3366,kurta,S
JNE3669-TU-XXL,JNE3669,JNE3669,Top,XXL
J0413-DR-XXL,J0413,J0413,Western Dress,XXL
JNE3474-KR-E-XL,JNE3474,JNE3474,kurta,XL
J0208-DR-XXXL,J0208,J0208,Western Dress,3XL
J0081-DR-XXXL,J0081,J0081,Western Dress,3XL
JNE3775-KR-M,JNE3775,JNE3775,kurta,M
BTM039-PP-M,BTM039,BTM039,Bottom,M
J0336-TP-L,J0336,J0336,Top,L
J0090-TP-L,J0090,J0090,Top,L
BTM032-NP-XS,BTM032,BTM032,Bottom,XS
J0211-DR-L,J0211,J0211,Ethnic Dress,L
JNE1977-KR-237-XL,JNE1977,JNE1977,kurta,XL
J0172-TP-XXXL,J0172,J0172,Top,3XL
BTM035-NP-XS,BTM035,BTM035,Bottom,XS
NW002-TP-PJ-XL,NW002,NW002,Set,XL
JNE1951-KR-155-M,JNE1951,JNE1951,kurta,M
SET218-KR-NP-XL,SET218,SET218,Set,XL
SET360-KR-NP-S,SET360,SET360,Set,S
JNE3788-KR-XXXL,JNE3788,JNE3788,kurta,3XL
SET279-LC-XL,SET279,SET279,Set,XL
JNE3762-KR-XXXL,JNE3762,JNE3762,kurta,3XL
J0023-TP-S,J0023,J0023,Top,S
JNE3400-KR-L,JNE3400,JNE3400,kurta,L
BL104-S,BL104,BL104,Blouse,S
J0109-SKD-XXL,J0109,J0109,Set,XXL
J0332-DR-XS,J0332,J0332,Western Dress,XS
NW005-ST-PJ-S,NW005,NW005,Set,S
SET262-KR-NP-XL,SET262,SET262,Set,XL
JNE3687-TU-L,JNE3687,JNE3687,Top,L
J0324-CD-L,J0324,J0324,Top,L
BTM039-PP-S,BTM039,BTM039,Bottom,S
JNE3364-KR-1051-A-M,JNE3364,JNE3364,kurta,M
JNE3666-TP-XXL,JNE3666,JNE3666,Top,XXL
JNE3740-KR-M,JNE3740,JNE3740,kurta,M
BTM039-PP-XXXL,BTM039,BTM039,Bottom,3XL
JNE3671-TU-L,JNE3671,JNE3671,Top,L
JNE3531-KR-L,JNE3531,JNE3531,kurta,L
NW008-ST-CP-XL,NW008,NW008,Set,XL
JNE3359-KR-L,JNE3359,JNE3359,kurta,L
NW001-TP-PJ-S,NW001,NW001,Set,S
SET087-KR-PP-XL,SET087,SET087,Set,XL
JNE3638-KR-XL,JNE3638,JNE3638,kurta,XL
SET402-KR-NP-S,SET402,SET402,Set,S
SET223-KR-NP-XXL,SET223,SET223,Set,XXL
J0164-DR-M,J0164,J0164,Ethnic Dress,M
JNE3783-KR-XL,JNE3783,JNE3783,kurta,XL
J0285-SKD-XXL,J0285,J0285,Set,XXL
JNE3383-KR-A-XXXL,JNE3383,JNE3383,kurta,3XL
JNE1998-KR-311-XS,JNE1998,JNE1998,kurta,XS
SET158-KR-PP-M,SET158,SET158,Set,M
NW008-ST-CP-XXL,NW008,NW008,Set,XXL
NW005-ST-PJ-XXL,NW005,NW005,Set,XXL
JNE3518-KR-XXXL,JNE3518,JNE3518,kurta,3XL
JNE2305-KR-533-XS,JNE2305,JNE2305,kurta,XS
NW003-TP-PJ-XL,NW003,NW003,Set,XL
BL093-S,BL093,BL093,Blouse,S
J0203-TP-XL,J0203,J0203,Top,XL
BL110-S,BL110,BL110,Blouse,S
JNE3489-KR-M,JNE3489,JNE3489,kurta,M
JNE3622-KR-M,JNE3622,JNE3622,kurta,M
SET302-KR-PP-L,SET302,SET302,Set,L
SET053-KR-NP-L,SET053,SET053,Set,L
J0195-TP-XL,J0195,J0195,Top,XL
JNE3294-KR-XS,JNE3294,JNE3294,kurta,XS
SET315-KR-PP-XXXL,SET315,SET315,Set,3XL
JNE3810-KR-XXL,JNE3810,JNE3810,kurta,XXL
JNE3623-KR-L,JNE3623,JNE3623,kurta,L
JNE3684-TU-L,JNE3684,JNE3684,Top,L
J0113-TP-L,J0113,J0113,Top,L
JNE2032-KR-205-M,JNE2032,JNE2032,kurta,M
JNE3680-TU-S,JNE3680,JNE3680,Top,S
JNE3476-KR-XS,JNE3476,JNE3476,kurta,XS
JNE3637-KR-L,JNE3637,JNE3637,kurta,L
JNE3732-KR-XXL,JNE3732,JNE3732,kurta,XXL
JNE3443-KR-XXXL,JNE3443,JNE3443,kurta,3XL
SET196-KR-NP-XXL,SET196,SET196,Set,XXL
BL111-L,BL111,BL111,Blouse,L
BL110-L,BL110,BL110,Blouse,L
JNE3454-KR-XL,JNE3454,JNE3454,kurta,XL
J0306-DR-S,J0306,J0306,Western Dress,S
J0109-SKD-XXXL,J0109,J0109,Set,3XL
SET252-KR-PP-XXXL,SET252,SET252,Set,3XL
JNE3671-TU-S,JNE3671,JNE3671,Top,S
CH203-MAROON-L,CH203,CH203,Bottom,L
SET408-KR-NP-L,SET408,SET408,Set,L
JNE3466-KR-XXXL,JNE3466,JNE3466,kurta,3XL
J0197-TP-XXL,J0197,J0197,Top,XXL
JNE3744-TU-XXL,JNE3744,JNE3744,Top,XXL
SET198-KR-NP-A-XS,SET198,SET198,Set,XS
MEN5019-KR-S,MEN5019,MEN5019,kurta,S
J0396-DR-M,J0396,J0396,Western Dress,M
JNE3613-KR-XS,JNE3613,JNE3613,kurta,XS
BL111-S,BL111,BL111,Blouse,S
J0134-SET-XXL,J0134,J0134,Set,XXL
J0242-SKD-XXL,J0242,J0242,Set,XXL
SET055-KR-NP-L,SET055,SET055,Set,L
NW039-TP-SR-XL,NW039,NW039,Set,XL
J0196-TP-XL,J0196,J0196,Top,XL
J0215-BL-L,J0215,J0215,Blouse,L
J0070-KR-XXL,J0070,J0070,kurta,XXL
SET302-KR-PP-XS,SET302,SET302,Set,XS
JNE3785-KR-XL,JNE3785,JNE3785,kurta,XL
JNE3793-KR-L,JNE3793,JNE3793,kurta,L
J0332-DR-XL,J0332,J0332,Western Dress,XL
JNE3655-TP-L,JNE3655,JNE3655,Top,L
JNE3639-TP-N-XS,JNE3639,JNE3639,Top,XS
JNE3702-KR-S,JNE3702,JNE3702,kurta,S
JNE3792-KR-S,JNE3792,JNE3792,kurta,S
SET251-KR-PP-XS,SET251,SET251,Set,XS
JNE3834-KR-XS,JNE3834,JNE3834,kurta,XS
SET248-KR-NP-L,SET248,SET248,Set,L
JNE3715-KR-L,JNE3715,JNE3715,kurta,L
JNE2265-KR-501-L,JNE2265,JNE2265,kurta,L
JNE3470-KR-L,JNE3470,JNE3470,kurta,L
JNE3680-TU-M,JNE3680,JNE3680,Top,M
SET313-KR-NP-XL,SET313,SET313,Set,XL
SET155-KR-PP-S,SET155,SET155,Set,S
JNE3460-KR-M,JNE3460,JNE3460,kurta,M
JNE3501-KR-L,JNE3501,JNE3501,kurta,L
JNE3412-KR-L,JNE3412,JNE3412,kurta,L
JNE3483-KR-L,JNE3483,JNE3483,kurta,L
SET340-KR-NP-XXL,SET340,SET340,Set,XXL
J0373-KR-XXL,J0373,J0373,kurta,XXL
SET131-KR-NP-M,SET131,SET131,Set,M
J0210-DR-M,J0210,J0210,Ethnic Dress,M
JNE3622-KR-L,JNE3622,JNE3622,kurta,L
J0211-DR-XXXL,J0211,J0211,Ethnic Dress,3XL
J0176-TP-XXL,J0176,J0176,Top,XXL
BTM026-NP-XS,BTM026,BTM026,Bottom,XS
J0189-TP-XL,J0189,J0189,Top,XL
MEN5011-KR-S,MEN5011,MEN5011,kurta,S
SAR048,SAR048,SAR048,Saree,Free
J0130-SET-XS,J0130,J0130,Set,XS
SET182-KR-DH-XL,SET182,SET182,Set,XL
JNE3756-KR-L,JNE3756,JNE3756,kurta,L
NW037-TP-SR-S,NW037,NW037,Set,S
JNE2170-KR-436-M,JNE2170,JNE2170,kurta,M
BTM045-PP-XL,BTM045,BTM045,Bottom,XL
J0371-SKD-XXL,J0371,J0371,Set,XXL
J0243-DR-L,J0243,J0243,Ethnic Dress,L
J0254-SKD-L,J0254,J0254,Set,L
JNE2170-KR-436-XXXL,JNE2170,JNE2170,kurta,3XL
JNE3822-KR-XS,JNE3822,JNE3822,kurta,XS
JNE3759-KR-S,JNE3759,JNE3759,kurta,S
J0240-SKD-L,J0240,J0240,Set,L
JNE3771-KR-XXXL,JNE3771,JNE3771,kurta,3XL
JNE3782-KR-XS,JNE3782,JNE3782,kurta,XS
SET199-KR-NP-XXL,SET199,SET199,Set,XXL
BTM026-NP-M,BTM026,BTM026,Bottom,M
J0331-KR-XL,J0331,J0331,kurta,XL
JNE3400-KR-M,JNE3400,JNE3400,kurta,M
J0239-SKD-L,J0239,J0239,Set,L
JNE3726-KR-M,JNE3726,JNE3726,kurta,M
JNE3438-KR-S,JNE3438,JNE3438,kurta,S
SET308-KR-PP-M,SET308,SET308,Set,M
JNE3622-KR-XXL,JNE3622,JNE3622,kurta,XXL
BL026-74BEIGE,BL026,BL026,Blouse,Free
J0249-SKD-XXL,J0249,J0249,Set,XXL
SET253-KR-NP-XS,SET253,SET253,Set,XS
J0075-KR-S,J0075,J0075,kurta,S
SET179-KR-PP-S,SET179,SET179,Set,S
SET310-KR-NP-XS,SET310,SET310,Set,XS
JNE3270-KR-XS,JNE3270,JNE3270,kurta,XS
SET209-KR-PP-M,SET209,SET209,Set,M
J0158-DR-XS,J0158,J0158,Western Dress,XS
J0306-DR-XXXL,J0306,J0306,Western Dress,3XL
SET062-KR-SP-XXXL,SET062,SET062,Set,3XL
MEN5021-KR-S,MEN5021,MEN5021,kurta,S
SET204-KR-DPT-XS,SET204,SET204,Set,XS
JNE3522-KR-S,JNE3522,JNE3522,kurta,S
BL113-L,BL113,BL113,Blouse,L
J0195-TP-XXL,J0195,J0195,Top,XXL
MEN5026-KR-L,MEN5026,MEN5026,kurta,L
SET233-KR-PP-S,SET233,SET233,Set,S
JNE3642-TP-XXL,JNE3642,JNE3642,Top,XXL
JNE3607-KR-S,JNE3607,JNE3607,kurta,S
J0345-SET-XL,J0345,J0345,Set,XL
J0416-DR-M,J0416,J0416,Western Dress,M
J0023-TP-L,J0023,J0023,Top,L
J0416-DR-L,J0416,J0416,Western Dress,L
JNE3428-KR-S,JNE3428,JNE3428,kurta,S
SET277-KR-NP-M,SET277,SET277,Set,M
JNE3740-KR-L,JNE3740,JNE3740,kurta,L
J0109-SKD-XL,J0109,J0109,Set,XL
JNE2100-KR-144-L,JNE2100,JNE2100,kurta,L
J0134-SET-S,J0134,J0134,Set,S
SET390-KR-NP-L,SET390,SET390,Set,L
MEN5002-KR-XXXL,MEN5002,MEN5002,kurta,3XL
J0009-SKD-L,J0009,J0009,Set,L
JNE3549-KR-M,JNE3549,JNE3549,kurta,M
JNE3383-KR-A-M,JNE3383,JNE3383,kurta,M
SET384-KR-NP-L,SET384,SET384,Set,L
J0251-SKD-M,J0251,J0251,Set,M
JNE3447-KR-S,JNE3447,JNE3447,kurta,S
J0088-TP-S,J0088,J0088,Top,S
J0283-SET-XS,J0283,J0283,Set,XS
J0343-DR-XS,J0343,J0343,Western Dress,XS
J0340-TP-XXL,J0340,J0340,Top,XXL
JNE3675-TU-XS,JNE3675,JNE3675,Top,XS
JNE3607-KR-XL,JNE3607,JNE3607,kurta,XL
SET369-KR-NP-XS,SET369,SET369,Set,XS
JNE3630-KR-M,JNE3630,JNE3630,kurta,M
JNE3452-KR-XL,JNE3452,JNE3452,kurta,XL
J0014-LCD-XS,J0014,J0014,Set,XS
JNE3412-KR-M,JNE3412,JNE3412,kurta,M
JNE3793-KR-XXXL,JNE3793,JNE3793,kurta,3XL
J0306-DR-XL,J0306,J0306,Western Dress,XL
NW012-TP-PJ-L,NW012,NW012,Set,L
J0101-DR-L,J0101,J0101,Ethnic Dress,L
J0213-TP-XS,J0213,J0213,Top,XS
SET285-KR-SHA-M,SET285,SET285,Set,M
J0144-SET-XXL,J0144,J0144,Set,XXL
J0143-SET-A-XS,J0143,J0143,Set,XS
J0208-DR-XL,J0208,J0208,Western Dress,XL
SET075-KR-DH-XXXL,SET075,SET075,Set,3XL
JNE3791-DR-XXXL,JNE3791,JNE3791,Ethnic Dress,3XL
SET342-KR-NP-N-L,SET342,SET342,Set,L
SET307-KR-DPT-L,SET307,SET307,Set,L
JNE3542-KR-M,JNE3542,JNE3542,kurta,M
J0306-DR-L,J0306,J0306,Western Dress,L
SET350-KR-NP-M,SET350,SET350,Set,M
J0189-TP-L,J0189,J0189,Top,L
JNE3573-KR-S,JNE3573,JNE3573,kurta,S
JNE3742-KR-XXL,JNE3742,JNE3742,kurta,XXL
SET183-KR-DH-L,SET183,SET183,Set,L
SET396-KR-PP-S,SET396,SET396,Set,S
JNE1977-KR-237-XS,JNE1977,JNE1977,kurta,XS
JNE3811-KR-M,JNE3811,JNE3811,kurta,M
J0197-TP-M,J0197,J0197,Top,M
J0176-TP-XL,J0176,J0176,Top,XL
JNE3471-KR-M,JNE3471,JNE3471,kurta,M
JNE3617-KR-L,JNE3617,JNE3617,kurta,L
BL022-71BEIGE,BL022,BL022,Blouse,Free
SET043-KR-NP-XL,SET043,SET043,Set,XL
JNE3383-KR-A-XS,JNE3383,JNE3383,kurta,XS
JNE3613-KR-XXXL,JNE3613,JNE3613,kurta,3XL
SET218-KR-NP-XXXL,SET218,SET218,Set,3XL
BL099-XS,BL099,BL099,Blouse,XS
J0220-BL-XXL,J0220,J0220,Blouse,XXL
NW004-TP-PJ-XXL,NW004,NW004,Set,XXL
SET351-KR-NP-M,SET351,SET351,Set,M
J0380-SKD-M,J0380,J0380,Set,M
JNE3817-KR-L,JNE3817,JNE3817,kurta,L
JNE3878-KR-XL,JNE3878,JNE3878,kurta,XL
JNE3820-KR-S,JNE3820,JNE3820,kurta,S
J0119-TP-S,J0119,J0119,Top,S
JNE3471-KR-S,JNE3471,JNE3471,kurta,S
JNE3454-KR-L,JNE3454,JNE3454,kurta,L
BL113-XXL,BL113,BL113,Blouse,XXL
J0337-TP-XS,J0337,J0337,Top,XS
J0297-TP-XS,J0297,J0297,Top,XS
JNE3435-KR-S,JNE3435,JNE3435,kurta,S
JNE3348-KR-XXL,JNE3348,JNE3348,kurta,XXL
JNE3225-KR-XS,JNE3225,JNE3225,kurta,XS
J0214-TP-XXXL,J0214,J0214,Top,3XL
JNE3577-KR-M,JNE3577,JNE3577,kurta,M
JNE3447-KR-XS,JNE3447,JNE3447,kurta,XS
SET055-KR-NP-M,SET055,SET055,Set,M
JNE3776-KR-M,JNE3776,JNE3776,kurta,M
SET329-KR-NP-XL,SET329,SET329,Set,XL
JNE3704-KR-XXXL,JNE3704,JNE3704,kurta,3XL
JNE3617-KR-XXL,JNE3617,JNE3617,kurta,XXL
JNE3619-KR-XXL,JNE3619,JNE3619,kurta,XXL
JNE3757-KR-L,JNE3757,JNE3757,kurta,L
J0370-SKD-S,J0370,J0370,Set,S
JNE3799-KR-XXXL,JNE3799,JNE3799,kurta,3XL
JNE3566-KR-M,JNE3566,JNE3566,kurta,M
J0168-DR-S,J0168,J0168,Ethnic Dress,S
JNE3503-KR-XXXL,JNE3503,JNE3503,kurta,3XL
JNE1233-BLUE-KR-031-L,JNE1233,JNE1233,kurta,L
SET346-KR-PP-XL,SET346,SET346,Set,XL
JNE2032-KR-205-XXL,JNE2032,JNE2032,kurta,XXL
JNE3564-KR-M,JNE3564,JNE3564,kurta,M
J0082-TP-XL,J0082,J0082,Top,XL
J0348-SET-L,J0348,J0348,Set,L
J0048-TP-XL,J0048,J0048,Top,XL
JNE1975-KR-309-XXL,JNE1975,JNE1975,kurta,XXL
JNE1234-MULTI-KR-032-XS,JNE1234,JNE1234,kurta,XS
JNE1975-KR-309-S,JNE1975,JNE1975,kurta,S
J0252-SKD-XL,J0252,J0252,Set,XL
J0091-TP-XXXL,J0091,J0091,Top,3XL
JNE3256-KR-M,JNE3256,JNE3256,kurta,M
JNE2266-KR-490-A-XS,JNE2266,JNE2266,kurta,XS
J0104-KR-XXL,J0104,J0104,kurta,XXL
JNE3691-TU-XXL,JNE3691,JNE3691,Top,XXL
MEN5007-KR-XXXL,MEN5007,MEN5007,kurta,3XL
J0152-DR-L,J0152,J0152,Western Dress,L
SET258-KR-PP-S,SET258,SET258,Set,S
J0242-SKD-L,J0242,J0242,Set,L
JNE3765-KR-XS,JNE3765,JNE3765,kurta,XS
SET250-KR-SHA-XXL,SET250,SET250,Set,XXL
JNE3810-KR-L,JNE3810,JNE3810,kurta,L
BL103-L,BL103,BL103,Blouse,L
JNE3482-KR-XXL,JNE3482,JNE3482,kurta,XXL
MEN5018-KR-M,MEN5018,MEN5018,kurta,M
J0164-DR-S,J0164,J0164,Ethnic Dress,S
JNE3559-KR-XXXL,JNE3559,JNE3559,kurta,3XL
JNE3427-KR-XXL,JNE3427,JNE3427,kurta,XXL
JNE3879-DR-M,JNE3879,JNE3879,Western Dress,M
BTM033-NP-XS,BTM033,BTM033,Bottom,XS
JNE3686-TU-M,JNE3686,JNE3686,Top,M
SET271-KR-NP-XXL,SET271,SET271,Set,XXL
JNE3429-KR-L,JNE3429,JNE3429,kurta,L
SET253-KR-NP-S,SET253,SET253,Set,S
J0196-TP-M,J0196,J0196,Top,M
BTM008-XXL,BTM008,BTM008,Bottom,XXL
JNE2209-KR-498-A-XL,JNE2209,JNE2209,kurta,XL
JNE3774-KR-XS,JNE3774,JNE3774,kurta,XS
J0158-DR-XL,J0158,J0158,Western Dress,XL
JNE3571-KR-M,JNE3571,JNE3571,kurta,M
J0041-SET-XS,J0041,J0041,Set,XS
J0093-DR-L,J0093,J0093,Ethnic Dress,L
BTM030-NP-S,BTM030,BTM030,Bottom,S
JNE3311-KR-M,JNE3311,JNE3311,kurta,M
SET246-KR-PP-S,SET246,SET246,Set,S
NW031-TP-PJ-S,NW031,NW031,Set,S
SET302-KR-PP-XXL,SET302,SET302,Set,XXL
J0231-SKD-XXL,J0231,J0231,Set,XXL
JNE3816-KR-XL,JNE3816,JNE3816,kurta,XL
SET401-KR-NP-L,SET401,SET401,Set,L
JNE3256-KR-S,JNE3256,JNE3256,kurta,S
BL004-50CHIKU-B,BL004,BL004,Blouse,Free
BL101-XS,BL101,BL101,Blouse,XS
BL102-XS,BL102,BL102,Blouse,XS
JNE3030-KR-L,JNE3030,JNE3030,kurta,L
JNE3629-KR-XL,JNE3629,JNE3629,kurta,XL
J0247-SKD-XXXL,J0247,J0247,Set,3XL
JNE3640-TP-N-XL,JNE3640,JNE3640,Top,XL
JNE3252-KR-XL,JNE3252,JNE3252,kurta,XL
JNE3484-KR-L,JNE3484,JNE3484,kurta,L
JNE3712-TP-N-S,JNE3712,JNE3712,Top,S
J0204-TP-XL,J0204,J0204,Top,XL
JNE3369-KR-L,JNE3369,JNE3369,kurta,L
JNE1233-BLUE-KR-031-XXXL,JNE1233,JNE1233,kurta,3XL
BL006-54BLACK,BL006,BL006,Blouse,Free
J0147-SET-XS,J0147,J0147,Set,XS
J0130-SET-M,J0130,J0130,Set,M
BTM030-NP-XS,BTM030,BTM030,Bottom,XS
SET130-KR-NP-XXXL,SET130,SET130,Set,3XL
JNE3823-KR-M,JNE3823,JNE3823,kurta,M
JNE3758-KR-L,JNE3758,JNE3758,kurta,L
JNE3435-KR-M,JNE3435,JNE3435,kurta,M
SET014-KR-PP-L,SET014,SET014,Set,L
JNE3506-KR-S,JNE3506,JNE3506,kurta,S
J0081-DR-L,J0081,J0081,Western Dress,L
JNE3720-KR-XS,JNE3720,JNE3720,kurta,XS
JNE3383-KR-A-XL,JNE3383,JNE3383,kurta,XL
JNE3807-KR-XS,JNE3807,JNE3807,kurta,XS
JNE3778-KR-L,JNE3778,JNE3778,kurta,L
SET083-KR-PP-XXXL,SET083,SET083,Set,3XL
JNE3678-TU-M,JNE3678,JNE3678,Top,M
SET252-KR-PP-S,SET252,SET252,Set,S
JNE3558-KR-S,JNE3558,JNE3558,kurta,S
J0005-DR-XXXL,J0005,J0005,Western Dress,3XL
JNE1525-KR-UDF19BLACK-XXXL,JNE1525,JNE1525,kurta,3XL
JNE3575-KR-XXL,JNE3575,JNE3575,kurta,XXL
J0096-KR-M,J0096,J0096,kurta,M
JNE3428-KR-M,JNE3428,JNE3428,kurta,M
JNE3760-KR-L,JNE3760,JNE3760,kurta,L
JNE3673-TU-S,JNE3673,JNE3673,Top,S
JNE3633-KR-XXXL,JNE3633,JNE3633,kurta,3XL
JNE3459-KR-XL,JNE3459,JNE3459,kurta,XL
JNE2171-KR-437-L,JNE2171,JNE2171,kurta,L
J0033-KR-XXL,J0033,J0033,kurta,XXL
SET043-KR-NP-L,SET043,SET043,Set,L
JNE2171-KR-437-XXL,JNE2171,JNE2171,kurta,XXL
JNE3432-KR-XXL,JNE3432,JNE3432,kurta,XXL
JNE3822-KR-S,JNE3822,JNE3822,kurta,S
J0304-TP-XS,J0304,J0304,Top,XS
BTM037-PP-XS,BTM037,BTM037,Bottom,XS
BTM048-PP-XS,BTM048,BTM048,Bottom,XS
J0375-SKD-XXL,J0375,J0375,Set,XXL
JNE2032-KR-205-L,JNE2032,JNE2032,kurta,L
JNE3431-KR-XXXL,JNE3431,JNE3431,kurta,3XL
JNE3878-KR-XXXL,JNE3878,JNE3878,kurta,3XL
JNE3376-KR-XXXL,JNE3376,JNE3376,kurta,3XL
JNE3425-KR-XXXL,JNE3425,JNE3425,kurta,3XL
J0087-TP-XL,J0087,J0087,Top,XL
JNE3065-KR-XL,JNE3065,JNE3065,kurta,XL
BTM026-NP-S,BTM026,BTM026,Bottom,S
JNE3270-KR-S,JNE3270,JNE3270,kurta,S
SET386-KR-NP-XXXL,SET386,SET386,Set,3XL
JNE3673-TU-M,JNE3673,JNE3673,Top,M
JNE3313-KR-A-XXXL,JNE3313,JNE3313,kurta,3XL
SET044-KR-NP-XXL,SET044,SET044,Set,XXL
JNE3451-KR-XXXL,JNE3451,JNE3451,kurta,3XL
SET357-KR-NP-XL,SET357,SET357,Set,XL
J0091-TP-XL,J0091,J0091,Top,XL
JNE3403-KR-L,JNE3403,JNE3403,kurta,L
JNE2251-KR-537-XS,JNE2251,JNE2251,kurta,XS
JNE2305-KR-533-S,JNE2305,JNE2305,kurta,S
BTM041-PP-S,BTM041,BTM041,Bottom,S
JNE3160-KR-S,JNE3160,JNE3160,kurta,S
SET201-KR-NP-A-XS,SET201,SET201,Set,XS
SET350-KR-NP-S,SET350,SET350,Set,S
JNE1906-KR-031-M,JNE1906,JNE1906,kurta,M
JNE3816-KR-M,JNE3816,JNE3816,kurta,M
JNE3539-KR-M,JNE3539,JNE3539,kurta,M
JNE3363-KR-1032-M,JNE3363,JNE3363,kurta,M
JNE3144-KR-S,JNE3144,JNE3144,kurta,S
J0334-TP-XS,J0334,J0334,Top,XS
JNE3466-KR-XS,JNE3466,JNE3466,kurta,XS
JNE3404-KR-XXXL,JNE3404,JNE3404,kurta,3XL
NW027-TP-PJ-XXL,NW027,NW027,Set,XXL
NW015-TP-PJ-XXL,NW015,NW015,Set,XXL
JNE3806-KR-XXXL,JNE3806,JNE3806,kurta,3XL
J0369-SKD-XXL,J0369,J0369,Set,XXL
JNE3611-KR-XS,JNE3611,JNE3611,kurta,XS
SET051-KR-NP-XXXL,SET051,SET051,Set,3XL
J0072-KR-XL,J0072,J0072,kurta,XL
JNE3501-KR-XXXL,JNE3501,JNE3501,kurta,3XL
SET062-KR-SP-M,SET062,SET062,Set,M
J0001-DR-XXL,J0001,J0001,Ethnic Dress,XXL
SET200-KR-NP-A-XXL,SET200,SET200,Set,XXL
SET343-KR-NP-L,SET343,SET343,Set,L
J0185-DR-XS,J0185,J0185,Ethnic Dress,XS
JNE3458-KR-M,JNE3458,JNE3458,kurta,M
NW003-TP-PJ-XXL,NW003,NW003,Set,XXL
SET277-KR-NP-XS,SET277,SET277,Set,XS
J0070-KR-M,J0070,J0070,kurta,M
JNE3803-KR-XS,JNE3803,JNE3803,kurta,XS
J0096-KR-L,J0096,J0096,kurta,L
JNE3530-KR-XS,JNE3530,JNE3530,kurta,XS
MEN5011-KR-XXL,MEN5011,MEN5011,kurta,XXL
J0328-KR-XXXL,J0328,J0328,kurta,3XL
J0007-SKD-XXL,J0007,J0007,Set,XXL
J0310-TP-XS,J0310,J0310,Top,XS
SAR041,SAR041,SAR041,Saree,Free
JNE3562-KR-L,JNE3562,JNE3562,kurta,L
JNE3516-KR-E-L,JNE3516,JNE3516,kurta,L
JNE3636-KR-L,JNE3636,JNE3636,kurta,L
JNE3788-KR-M,JNE3788,JNE3788,kurta,M
JNE3413-KR-L,JNE3413,JNE3413,kurta,L
JNE3439-KR-XS,JNE3439,JNE3439,kurta,XS
JNE3371-KR-XS,JNE3371,JNE3371,kurta,XS
JNE3459-KR-S,JNE3459,JNE3459,kurta,S
SET326-KR-PP-XXXL,SET326,SET326,Set,3XL
JNE3504-KR-M,JNE3504,JNE3504,kurta,M
SET320-KR-NP-S,SET320,SET320,Set,S
J0331-KR-M,J0331,J0331,kurta,M
J0369-SKD-XL,J0369,J0369,Set,XL
SET221-KR-NP-L,SET221,SET221,Set,L
JNE3707-DR-M,JNE3707,JNE3707,Western Dress,M
SET247-KR-SHA-XS,SET247,SET247,Set,XS
JNE3528-KR-M,JNE3528,JNE3528,kurta,M
JNE3660-TP-N-M,JNE3660,JNE3660,Top,M
JNE3719-KR-L,JNE3719,JNE3719,kurta,L
JNE3480-KR-L,JNE3480,JNE3480,kurta,L
SET289-KR-NP-XS,SET289,SET289,Set,XS
MEN5007-KR-L,MEN5007,MEN5007,kurta,L
J0250-SKD-XXXL,J0250,J0250,Set,3XL
SET038-KR-PP-XS,SET038,SET038,Set,XS
JNE3745-KR-M,JNE3745,JNE3745,kurta,M
J0134-SET-XS,J0134,J0134,Set,XS
JNE3675-TU-XL,JNE3675,JNE3675,Top,XL
JNE3442-KR-XXL,JNE3442,JNE3442,kurta,XXL
JNE3530-KR-S,JNE3530,JNE3530,kurta,S
JNE3565-KR-S,JNE3565,JNE3565,kurta,S
JNE3270-KR-XXL,JNE3270,JNE3270,kurta,XXL
J0239-SKD-XL,J0239,J0239,Set,XL
JNE3486-KR-XS,JNE3486,JNE3486,kurta,XS
JNE3640-TP-N-XS,JNE3640,JNE3640,Top,XS
SET230-KR-PP-XS,SET230,SET230,Set,XS
SET400-KR-NP-XS,SET400,SET400,Set,XS
SET209-KR-PP-XL,SET209,SET209,Set,XL
SET378-KR-NP-L,SET378,SET378,Set,L
SET435-KR-NP-M,SET435,SET435,Set,M
NW035-ST-CP-M,NW035,NW035,Set,M
JNE3365-KR-1052-A-XXL,JNE3365,JNE3365,kurta,XXL
JNE3760-KR-M,JNE3760,JNE3760,kurta,M
J0205-TP-XS,J0205,J0205,Top,XS
CH204-PURPLE-L,CH204,CH204,Bottom,L
CH213-BROWN-L,CH213,CH213,Bottom,L
JNE3366-KR-1053-XL,JNE3366,JNE3366,kurta,XL
SET156-KR-NP-XL,SET156,SET156,Set,XL
JNE3376-KR-XL,JNE3376,JNE3376,kurta,XL
JNE3471-KR-XS,JNE3471,JNE3471,kurta,XS
J0213-TP-S,J0213,J0213,Top,S
SET326-KR-PP-S,SET326,SET326,Set,S
J0160-TP-XXL,J0160,J0160,Top,XXL
JNE3612-KR-M,JNE3612,JNE3612,kurta,M
NW012-TP-PJ-M,NW012,NW012,Set,M
SET048-KR-NP-M,SET048,SET048,Set,M
JNE2171-KR-437-XXXL,JNE2171,JNE2171,kurta,3XL
J0143-SET-A-XXXL,J0143,J0143,Set,3XL
SET087-KR-PP-S,SET087,SET087,Set,S
JNE3412-KR-XL,JNE3412,JNE3412,kurta,XL
JNE3655-TP-XL,JNE3655,JNE3655,Top,XL
SET276-KR-PP-S,SET276,SET276,Set,S
JNE3700-KR-XXXL,JNE3700,JNE3700,kurta,3XL
J0011-LCD-XXL,J0011,J0011,Set,XXL
JNE2307-KR-572-XXL,JNE2307,JNE2307,kurta,XXL
JNE3454-KR-S,JNE3454,JNE3454,kurta,S
BL103-XS,BL103,BL103,Blouse,XS
J0354-KR-XXL,J0354,J0354,kurta,XXL
JNE1977-KR-237-L,JNE1977,JNE1977,kurta,L
NW008-ST-CP-M,NW008,NW008,Set,M
J0147-SET-M,J0147,J0147,Set,M
JNE3160-KR-XXXL,JNE3160,JNE3160,kurta,3XL
JNE2291-KR-602-L,JNE2291,JNE2291,kurta,L
NW020-ST-SR-S,NW020,NW020,Set,S
J0342-TP-XS,J0342,J0342,Top,XS
SET154-KR-NP-XXXL,SET154,SET154,Set,3XL
JNE3778-KR-XL,JNE3778,JNE3778,kurta,XL
JNE3030-KR-XS,JNE3030,JNE3030,kurta,XS
SET062-KR-SP-S,SET062,SET062,Set,S
SET321-KR-DPT-S,SET321,SET321,Set,S
JNE3813-KR-XS,JNE3813,JNE3813,kurta,XS
JNE3617-KR-XS,JNE3617,JNE3617,kurta,XS
JNE3819-KR-M,JNE3819,JNE3819,kurta,M
J0092-SET-XXXL,J0092,J0092,Set,3XL
J0239-SKD-S,J0239,J0239,Set,S
JNE3452-KR-XS,JNE3452,JNE3452,kurta,XS
SET306-KR-PP-XXL,SET306,SET306,Set,XXL
J0201-TP-XL,J0201,J0201,Top,XL
NW029-ST-SR-S,NW029,NW029,Set,S
CH202-ORANGE-L,CH202,CH202,Bottom,L
J0180-DR-XXL,J0180,J0180,Western Dress,XXL
SET293-KR-NP-L,SET293,SET293,Set,L
SET300-KR-NP-XXXL,SET300,SET300,Set,3XL
JNE3522-KR-XS,JNE3522,JNE3522,kurta,XS
SET230-KR-PP-L,SET230,SET230,Set,L
JNE3756-KR-XXL,JNE3756,JNE3756,kurta,XXL
JNE3643-TP-N-XL,JNE3643,JNE3643,Top,XL
BTM021-B-L,BTM021,BTM021,Bottom,L
BTM002-B-L,BTM002,BTM002,Bottom,L
JNE3562-KR-M,JNE3562,JNE3562,kurta,M
JNE3323-KR-A-XS,JNE3323,JNE3323,kurta,XS
BL101-XXL,BL101,BL101,Blouse,XXL
MEN5006-KR-S,MEN5006,MEN5006,kurta,S
JNE3441-KR-S,JNE3441,JNE3441,kurta,S
SET058-KR-NP-XXL,SET058,SET058,Set,XXL
JNE2132-KR-398-XS,JNE2132,JNE2132,kurta,XS
JNE3500-KR-M,JNE3500,JNE3500,kurta,M
JNE3749-KR-XL,JNE3749,JNE3749,kurta,XL
NW007-ST-CP-XXL,NW007,NW007,Set,XXL
SET403-KR-NP-XL,SET403,SET403,Set,XL
JNE3400-KR-XS,JNE3400,JNE3400,kurta,XS
JNE3610-KR-XXXL,JNE3610,JNE3610,kurta,3XL
JNE3714-KR-XS,JNE3714,JNE3714,kurta,XS
JNE3778-KR-XS,JNE3778,JNE3778,kurta,XS
JNE3581-KR-L,JNE3581,JNE3581,kurta,L
JNE3364-KR-1051-A-XS,JNE3364,JNE3364,kurta,XS
JNE3864-TU-L,JNE3864,JNE3864,Top,L
SET156-KR-NP-L,SET156,SET156,Set,L
J0106-KR-S,J0106,J0106,Western Dress,S
JNE3656-TP-N-M,JNE3656,JNE3656,Top,M
JNE3763-KR-XXXL,JNE3763,JNE3763,kurta,3XL
JNE3714-KR-XXL,JNE3714,JNE3714,kurta,XXL
J0025-DR-XXL,J0025,J0025,Western Dress,XXL
J0195-TP-XXXL,J0195,J0195,Top,3XL
SET132-KR-NP-M,SET132,SET132,Set,M
J0117-TP-XXXL,J0117,J0117,Top,3XL
JNE3614-KR-XXL,JNE3614,JNE3614,kurta,XXL
JNE3549-KR-XXXL,JNE3549,JNE3549,kurta,3XL
JNE2291-KR-602-S,JNE2291,JNE2291,kurta,S
J0062-DR-XS,J0062,J0062,Western Dress,XS
J0072-KR-XXXL,J0072,J0072,kurta,3XL
JNE3348-KR-M,JNE3348,JNE3348,kurta,M
JNE3615-KR-XL,JNE3615,JNE3615,kurta,XL
SET194-KR-NP-XXL,SET194,SET194,Set,XXL
J0120-TP-XL,J0120,J0120,Top,XL
JNE3523-KR-XL,JNE3523,JNE3523,kurta,XL
J0248-KR-DPT-XS,J0248,J0248,Set,XS
SET196-KR-NP-XL,SET196,SET196,Set,XL
J0184-KR-A-L,J0184,J0184,kurta,L
SET004-KR-SP-A-XXXL,SET004,SET004,Set,3XL
JNE3255-KR-XS,JNE3255,JNE3255,kurta,XS
NW005-ST-PJ-XS,NW005,NW005,Set,XS
JNE3554-KR-L,JNE3554,JNE3554,kurta,L
SET232-KR-PP-L,SET232,SET232,Set,L
JNE3395-KR-S,JNE3395,JNE3395,kurta,S
NW013-ST-SR-XXL,NW013,NW013,Set,XXL
MEN5020-KR-S,MEN5020,MEN5020,kurta,S
SET131-KR-NP-A-L,SET131,SET131,Set,L
SET351-KR-NP-XL,SET351,SET351,Set,XL
JNE3668-TP-N-XL,JNE3668,JNE3668,Top,XL
J0298-DR-XS,J0298,J0298,Western Dress,XS
NW022-TP-PJ-XXL,NW022,NW022,Set,XXL
SET145-KR-NP-XL,SET145,SET145,Set,XL
J0333-DR-M,J0333,J0333,Western Dress,M
J0205-TP-S,J0205,J0205,Top,S
BTM047-PP-XXL,BTM047,BTM047,Bottom,XXL
J0095-SET-S,J0095,J0095,Set,S
J0172-TP-XL,J0172,J0172,Top,XL
J0214-TP-M,J0214,J0214,Top,M
J0143-SET-A-S,J0143,J0143,Set,S
JNE3416-KR-XXL,JNE3416,JNE3416,kurta,XXL
JNE3833-KR-M,JNE3833,JNE3833,kurta,M
JNE3712-TP-N-XS,JNE3712,JNE3712,Top,XS
SET401-KR-NP-XXXL,SET401,SET401,Set,3XL
SET138-KR-PP-XS,SET138,SET138,Set,XS
J0277-SKD-XS,J0277,J0277,Set,XS
JNE2321-KR-576-L,JNE2321,JNE2321,kurta,L
JNE3771-KR-M,JNE3771,JNE3771,kurta,M
JNE3273-KR-XL,JNE3273,JNE3273,kurta,XL
SET219-KR-PP-S,SET219,SET219,Set,S
J0131-KR-XS,J0131,J0131,kurta,XS
JNE3438-KR-XL,JNE3438,JNE3438,kurta,XL
J0202-TP-XL,J0202,J0202,Top,XL
J0340-TP-XL,J0340,J0340,Top,XL
SET250-KR-SHA-XS,SET250,SET250,Set,XS
JNE3528-KR-XXXL,JNE3528,JNE3528,kurta,3XL
J0238-LCD-XXXL,J0238,J0238,Set,3XL
J0087-TP-S,J0087,J0087,Top,S
J0110-SKD-S,J0110,J0110,Set,S
JNE1234-MULTI-KR-032-XXL,JNE1234,JNE1234,kurta,XXL
JNE3420-KR-L,JNE3420,JNE3420,kurta,L
JNE3474-KR-E-S,JNE3474,JNE3474,kurta,S
JNE09186-BLUE-SR-JP7104RMV-K,JNE09186,JNE09186,Saree,Free
SAR092,SAR092,SAR092,Saree,Free
SAR110,SAR110,SAR110,Saree,Free
JNE3507-KR-XXL,JNE3507,JNE3507,kurta,XXL
NW032-ST-CP-M,NW032,NW032,Set,M
J0233-SKD-XS,J0233,J0233,Set,XS
JNE3501-KR-XS,JNE3501,JNE3501,kurta,XS
SET196-KR-NP-XXXL,SET196,SET196,Set,3XL
JNE3270-KR-XL,JNE3270,JNE3270,kurta,XL
JNE1525-KR-UDF19BLACK-M,JNE1525,JNE1525,kurta,M
JNE3735-KR-XL,JNE3735,JNE3735,kurta,XL
JNE2265-KR-501-XXL,JNE2265,JNE2265,kurta,XXL
J0214-TP-L,J0214,J0214,Top,L
JNE3457-KR-XL,JNE3457,JNE3457,kurta,XL
NW038-ST-SR-XXL,NW038,NW038,Set,XXL
J0376-SKD-XXXL,J0376,J0376,Set,3XL
BL036-176GOLD,BL036,BL036,Blouse,Free
JNE3515-KR-XS,JNE3515,JNE3515,kurta,XS
SET335-KR-NP-M,SET335,SET335,Set,M
JNE3881-DR-XL,JNE3881,JNE3881,Western Dress,XL
JNE3602-KR-XXL,JNE3602,JNE3602,kurta,XXL
SET230-KR-PP-XXXL,SET230,SET230,Set,3XL
JNE3454-KR-XXXL,JNE3454,JNE3454,kurta,3XL
JNE3825-KR-S,JNE3825,JNE3825,kurta,S
JNE3887-KR-XXXL,JNE3887,JNE3887,kurta,3XL
SET138-KR-PP-XXXL,SET138,SET138,Set,3XL
JNE3816-KR-L,JNE3816,JNE3816,kurta,L
J0178-TP-XS,J0178,J0178,Top,XS
SET395-KR-NP-XXXL,SET395,SET395,Set,3XL
JNE3655-TP-XXL,JNE3655,JNE3655,Top,XXL
MEN5029-KR-L,MEN5029,MEN5029,kurta,L
J0092-SET-XS,J0092,J0092,Set,XS
JNE3524-KR-M,JNE3524,JNE3524,kurta,M
SET187-KR-DH-L,SET187,SET187,Set,L
SET069-KR-NP-XS,SET069,SET069,Set,XS
BTM021-B-XS,BTM021,BTM021,Bottom,XS
SET200-KR-NP-A-XL,SET200,SET200,Set,XL
SET350-KR-NP-XXL,SET350,SET350,Set,XXL
J0184-KR-XS,J0184,J0184,kurta,XS
JNE1525-KR-UDF19-A-M,JNE1525,JNE1525,kurta,M
JNE2265-KR-501-M,JNE2265,JNE2265,kurta,M
JNE3431-KR-S,JNE3431,JNE3431,kurta,S
J0077-SKD-S,J0077,J0077,Set,S
SET332-KR-PP-M,SET332,SET332,Set,M
JNE3480-KR-S,JNE3480,JNE3480,kurta,S
J0348-SET-XL,J0348,J0348,Set,XL
AN202-ORANGE-XXL,AN202,AN202,Bottom,XXL
J0011-LCD-XS,J0011,J0011,Set,XS
NW012-TP-PJ-XXL,NW012,NW012,Set,XXL
J0375-SKD-S,J0375,J0375,Set,S
J0131-KR-XXL,J0131,J0131,kurta,XXL
JNE3800-KR-A-L,JNE3800,JNE3800,Western Dress,L
SET193-KR-NP-A-XL,SET193,SET193,Set,XL
MEN5030-KR-XL,MEN5030,MEN5030,kurta,XL
JNE3436-KR-XS,JNE3436,JNE3436,kurta,XS
J0112-TP-L,J0112,J0112,Top,L
J0186-SET-L,J0186,J0186,Set,L
JNE3451-KR-XL,JNE3451,JNE3451,kurta,XL
J0296-DR-S,J0296,J0296,Western Dress,S
SET147-KR-NP-S,SET147,SET147,Set,S
JNE3613-KR-M,JNE3613,JNE3613,kurta,M
JNE3836-KR-XL,JNE3836,JNE3836,kurta,XL
JNE3400-KR-XXL,JNE3400,JNE3400,kurta,XXL
JNE3880-DR-L,JNE3880,JNE3880,Western Dress,L
JNE3617-KR-XXXL,JNE3617,JNE3617,kurta,3XL
JNE3767-KR-L,JNE3767,JNE3767,kurta,L
SET318-KR-SHA-L,SET318,SET318,Set,L
JNE3501-KR-M,JNE3501,JNE3501,kurta,M
BTM002-B-XXXL,BTM002,BTM002,Bottom,3XL
J0135-SET-XXXL,J0135,J0135,Set,3XL
SAR071,SAR071,SAR071,Saree,Free
SET038-KR-PP-L,SET038,SET038,Set,L
SET403-KR-NP-S,SET403,SET403,Set,S
NW005-ST-PJ-L,NW005,NW005,Set,L
SET245-KR-NP-XL,SET245,SET245,Set,XL
JNE3256-KR-L,JNE3256,JNE3256,kurta,L
JNE3408-KR-L,JNE3408,JNE3408,kurta,L
SET392-KR-NP-S,SET392,SET392,Set,S
BL073-85BLACK,BL073,BL073,Blouse,Free
MEN5003-KR-XL,MEN5003,MEN5003,kurta,XL
JNE3563-KR-S,JNE3563,JNE3563,kurta,S
SET062-KR-SP-L,SET062,SET062,Set,L
SET037-KR-NP-XXXL,SET037,SET037,Set,3XL
SET243-KR-PP-S,SET243,SET243,Set,S
J0201-TP-M,J0201,J0201,Top,M
SET364-KR-NP-XS,SET364,SET364,Set,XS
JNE3756-KR-M,JNE3756,JNE3756,kurta,M
JNE3743-TP-L,JNE3743,JNE3743,Top,L
PJNE2171-KR-N-4XL,PJNE2171,PJNE2171,kurta,4XL
BTM031-NP-XS,BTM031,BTM031,Bottom,XS
J0211-DR-XL,J0211,J0211,Ethnic Dress,XL
JNE3759-KR-XXL,JNE3759,JNE3759,kurta,XXL
NW008-ST-CP-XXXL,NW008,NW008,Set,3XL
J0214-TP-XXL,J0214,J0214,Top,XXL
JNE3670-TU-S,JNE3670,JNE3670,Top,S
JNE3557-KR-S,JNE3557,JNE3557,kurta,S
J0310-TP-M,J0310,J0310,Top,M
SET240-KR-PP-L,SET240,SET240,Set,L
SET236-KR-PP-XS,SET236,SET236,Set,XS
JNE1525-KR-UDF19-A-XXL,JNE1525,JNE1525,kurta,XXL
J0093-DR-XS,J0093,J0093,Ethnic Dress,XS
J0129-SET-XS,J0129,J0129,Set,XS
J0205-TP-M,J0205,J0205,Top,M
J0116-TP-S,J0116,J0116,Top,S
JNE2170-KR-436-XS,JNE2170,JNE2170,kurta,XS
SET153-KR-NP-XS,SET153,SET153,Set,XS
JNE3549-KR-S,JNE3549,JNE3549,kurta,S
JNE3366-KR-1053-A-L,JNE3366,JNE3366,kurta,L
SET014-KR-PP-XXXL,SET014,SET014,Set,3XL
J0151-KR-S,J0151,J0151,kurta,S
J0291-JS-XS,J0291,J0291,Set,XS
JNE3674-TU-XL,JNE3674,JNE3674,Top,XL
SET286-KR-NP-S,SET286,SET286,Set,S
SET334-KR-NP-M,SET334,SET334,Set,M
JNE3758-KR-M,JNE3758,JNE3758,kurta,M
JNE3351-KR-XL,JNE3351,JNE3351,kurta,XL
JNE3719-KR-M,JNE3719,JNE3719,kurta,M
J0150-KR-S,J0150,J0150,kurta,S
JNE3659-TP-N-XS,JNE3659,JNE3659,Top,XS
SET242-KR-PP-S,SET242,SET242,Set,S
SET014-KR-PP-XS,SET014,SET014,Set,XS
JNE3574-KR-XXL,JNE3574,JNE3574,kurta,XXL
J0001-DR-XXXL,J0001,J0001,Ethnic Dress,3XL
MEN5003-KR-M,MEN5003,MEN5003,kurta,M
JNE3489-KR-L,JNE3489,JNE3489,kurta,L
BTM003-M,BTM003,BTM003,Bottom,M
JNE3524-KR-L,JNE3524,JNE3524,kurta,L
SET044-KR-NP-XXXL,SET044,SET044,Set,3XL
JNE3719-KR-S,JNE3719,JNE3719,kurta,S
J0090-TP-XXL,J0090,J0090,Top,XXL
BTM002-B-XL,BTM002,BTM002,Bottom,XL
SET396-KR-PP-XXXL,SET396,SET396,Set,3XL
J0164-DR-L,J0164,J0164,Ethnic Dress,L
J0381-SKD-M,J0381,J0381,Set,M
JNE3516-KR-E-M,JNE3516,JNE3516,kurta,M
NW009-ST-CP-L,NW009,NW009,Set,L
SET243-KR-PP-M,SET243,SET243,Set,M
J0096-KR-XXXL,J0096,J0096,kurta,3XL
JNE3896-KR-XXXL,JNE3896,JNE3896,kurta,3XL
JNE3825-KR-XS,JNE3825,JNE3825,kurta,XS
SET239-KR-NP-XS,SET239,SET239,Set,XS
JNE3760-KR-XXXL,JNE3760,JNE3760,kurta,3XL
J0297-TP-L,J0297,J0297,Top,L
JNE3431-KR-L,JNE3431,JNE3431,kurta,L
JNE3700-KR-L,JNE3700,JNE3700,kurta,L
J0370-SKD-XS,J0370,J0370,Set,XS
NW036-ST-SR-M,NW036,NW036,Set,M
SET321-KR-DPT-XL,SET321,SET321,Set,XL
J0381-SKD-XS,J0381,J0381,Set,XS
JNE3806-KR-XS,JNE3806,JNE3806,kurta,XS
J0351-SET-XS,J0351,J0351,Set,XS
SET249-KR-NP-XL,SET249,SET249,Set,XL
JNE3065-KR-S,JNE3065,JNE3065,kurta,S
SET221-KR-NP-XXXL,SET221,SET221,Set,3XL
SET357-KR-NP-S,SET357,SET357,Set,S
JNE3708-TU-XXXL,JNE3708,JNE3708,Top,3XL
SET073-KR-SHA-XXXL,SET073,SET073,Set,3XL
JNE3730-KR-M,JNE3730,JNE3730,kurta,M
J0214-TP-XL,J0214,J0214,Top,XL
J0210-DR-XXL,J0210,J0210,Ethnic Dress,XXL
SET267-KR-NP-S,SET267,SET267,Set,S
NW002-TP-PJ-S,NW002,NW002,Set,S
NW012-TP-PJ-XS,NW012,NW012,Set,XS
J0334-TP-XXXL,J0334,J0334,Top,3XL
SET322-KR-SHA-XS,SET322,SET322,Set,XS
JNE3473-KR-XS,JNE3473,JNE3473,kurta,XS
SET072-KR-SHA-S,SET072,SET072,Set,S
JNE3253-KR-M,JNE3253,JNE3253,kurta,M
SET342-KR-NP-N-XXL,SET342,SET342,Set,XXL
JNE3365-KR-1052-A-XL,JNE3365,JNE3365,kurta,XL
JNE3531-KR-XXXL,JNE3531,JNE3531,kurta,3XL
J0181-TP-S,J0181,J0181,Top,S
SET038-KR-PP-XXL,SET038,SET038,Set,XXL
JNE3225-KR-XXXL,JNE3225,JNE3225,kurta,3XL
JNE2009-KR-310-XL,JNE2009,JNE2009,kurta,XL
SET240-KR-PP-XXXL,SET240,SET240,Set,3XL
J0212-DR-XXL,J0212,J0212,Ethnic Dress,XXL
BL098-XS,BL098,BL098,Blouse,XS
J0019-SET-S,J0019,J0019,Set,S
J0205-TP-XL,J0205,J0205,Top,XL
SET228-KR-PP-A-S,SET228,SET228,Set,S
JNE0722-K,JNE0722,JNE0722,Saree,Free
J0087-TP-XXL,J0087,J0087,Top,XXL
SET156-KR-NP-M,SET156,SET156,Set,M
MEN5026-KR-S,MEN5026,MEN5026,kurta,S
SET204-KR-DPT-XXL,SET204,SET204,Set,XXL
SET111-KR-SP-XXL,SET111,SET111,Set,XXL
JNE3766-KR-XXXL,JNE3766,JNE3766,kurta,3XL
J0015-DR-S,J0015,J0015,Ethnic Dress,S
NW006-ST-SR-S,NW006,NW006,Set,S
J0053-KR-XS,J0053,J0053,kurta,XS
JNE3407-KR-XXL,JNE3407,JNE3407,kurta,XXL
JNE3751-KR-M,JNE3751,JNE3751,kurta,M
JNE3544-KR-M,JNE3544,JNE3544,kurta,M
J0376-SKD-XL,J0376,J0376,Set,XL
JNE3879-DR-XL,JNE3879,JNE3879,Western Dress,XL
JNE3404-KR-S,JNE3404,JNE3404,kurta,S
SET297-KR-NP-XXL,SET297,SET297,Set,XXL
JNE3782-KR-L,JNE3782,JNE3782,kurta,L
SET339-KR-NP-M,SET339,SET339,Set,M
JNE3866-KR-L,JNE3866,JNE3866,kurta,L
JNE3866-KR-XL,JNE3866,JNE3866,kurta,XL
J0228-SKD-XXL,J0228,J0228,Set,XXL
JNE3394-KR-XXL,JNE3394,JNE3394,kurta,XXL
SET229-KR-PP-XS,SET229,SET229,Set,XS
JNE3489-KR-XL,JNE3489,JNE3489,kurta,XL
J0297-TP-M,J0297,J0297,Top,M
SET085-KR-PT-XS,SET085,SET085,Set,XS
SET339-KR-NP-XL,SET339,SET339,Set,XL
J0049-TP-XXL,J0049,J0049,Top,XXL
JNE3452-KR-XXL,JNE3452,JNE3452,kurta,XXL
J0131-KR-L,J0131,J0131,kurta,L
JNE3612-KR-XXXL,JNE3612,JNE3612,kurta,3XL
J0378-SKD-XL,J0378,J0378,Set,XL
SET378-KR-NP-M,SET378,SET378,Set,M
J0347-SET-XXL,J0347,J0347,Set,XXL
J0282-SET-XXXL,J0282,J0282,Set,3XL
BL025-74BLACK-B,BL025,BL025,Blouse,Free
SET143-KR-PP-M,SET143,SET143,Set,M
JNE3810-KR-XXXL,JNE3810,JNE3810,kurta,3XL
SET271-KR-NP-XS,SET271,SET271,Set,XS
JNE3313-KR-S,JNE3313,JNE3313,kurta,S
JNE2291-KR-602-XS,JNE2291,JNE2291,kurta,XS
J0187-KR-S,J0187,J0187,kurta,S
SET404-KR-NP-XS,SET404,SET404,Set,XS
JNE3894-TP-XL,JNE3894,JNE3894,Top,XL
JNE3806-KR-XL,JNE3806,JNE3806,kurta,XL
SET305-KR-DPT-S,SET305,SET305,Set,S
JNE3501-KR-S,JNE3501,JNE3501,kurta,S
J0251-SKD-S,J0251,J0251,Set,S
J0247-SKD-M,J0247,J0247,Set,M
JNE3531-KR-XS,JNE3531,JNE3531,kurta,XS
JNE3818-KR-XS,JNE3818,JNE3818,kurta,XS
JNE3783-KR-XXL,JNE3783,JNE3783,kurta,XXL
JNE3438-KR-XXL,JNE3438,JNE3438,kurta,XXL
JNE3674-TU-M,JNE3674,JNE3674,Top,M
JNE3673-TU-XXXL,JNE3673,JNE3673,Top,3XL
BTM031-NP-XXL,BTM031,BTM031,Bottom,XXL
SET132-KR-NP-XL,SET132,SET132,Set,XL
J0297-TP-XL,J0297,J0297,Top,XL
BTM029-NP-XXXL,BTM029,BTM029,Bottom,3XL
J0248-KR-DPT-XXL,J0248,J0248,Set,XXL
JNE3776-KR-XXXL,JNE3776,JNE3776,kurta,3XL
NW037-TP-SR-XL,NW037,NW037,Set,XL
J0291-JS-XL,J0291,J0291,Set,XL
SET193-KR-NP-A-S,SET193,SET193,Set,S
JNE3838-KR-XS,JNE3838,JNE3838,kurta,XS
SET221-KR-NP-S,SET221,SET221,Set,S
SET196-KR-NP-S,SET196,SET196,Set,S
JNE3576-KR-XL,JNE3576,JNE3576,kurta,XL
SET193-KR-NP-A-XXL,SET193,SET193,Set,XXL
J0079-SKD-L,J0079,J0079,Set,L
J0083-KR-XXL,J0083,J0083,kurta,XXL
SET205-KR-DPT-A-XS,SET205,SET205,Set,XS
J0377-SKD-S,J0377,J0377,Set,S
JNE3565-KR-XXL,JNE3565,JNE3565,kurta,XXL
J0002-SKD-XS,J0002,J0002,Set,XS
BL090-M,BL090,BL090,Blouse,M
JNE3658-TP-XXL,JNE3658,JNE3658,Top,XXL
BL021-71BLACK-B,BL021,BL021,Blouse,Free
SET172-KR-PP-B-S,SET172,SET172,Set,S
MEN5016-KR-M,MEN5016,MEN5016,kurta,M
JNE3717-KR-XXL,JNE3717,JNE3717,kurta,XXL
JNE3265-KR-S,JNE3265,JNE3265,kurta,S
JNE3334-KR-S,JNE3334,JNE3334,kurta,S
NW003-TP-PJ-S,NW003,NW003,Set,S
SET353-KR-NP-S,SET353,SET353,Set,S
J0283-SET-S,J0283,J0283,Set,S
NW003-TP-PJ-XS,NW003,NW003,Set,XS
JNE3601-KR-XL,JNE3601,JNE3601,kurta,XL
JNE3800-KR-A-M,JNE3800,JNE3800,Western Dress,M
JNE3425-KR-XXL,JNE3425,JNE3425,kurta,XXL
JNE3756-KR-XXXL,JNE3756,JNE3756,kurta,3XL
JNE3323-KR-A-L,JNE3323,JNE3323,kurta,L
J0179-KR-XS,J0179,J0179,kurta,XS
JNE3376-KR-XS,JNE3376,JNE3376,kurta,XS
JNE3726-KR-XS,JNE3726,JNE3726,kurta,XS
MEN5029-KR-S,MEN5029,MEN5029,kurta,S
JNE3369-KR-XS,JNE3369,JNE3369,kurta,XS
JNE3434-KR-S,JNE3434,JNE3434,kurta,S
J0297-TP-XXL,J0297,J0297,Top,XXL
SAR166,SAR166,SAR166,Saree,Free
J0132-KR-L,J0132,J0132,kurta,L
CH205-YELLOW-S,CH205,CH205,Bottom,S
JNE3740-KR-XS,JNE3740,JNE3740,kurta,XS
JNE3487-KR-S,JNE3487,JNE3487,kurta,S
JNE3786-KR-XS,JNE3786,JNE3786,kurta,XS
SET244-KR-NP-XXL,SET244,SET244,Set,XXL
SET303-KR-NP-L,SET303,SET303,Set,L
JNE3879-DR-XS,JNE3879,JNE3879,Western Dress,XS
SET388-KR-NP-XXL,SET388,SET388,Set,XXL
JNE3760-KR-XXL,JNE3760,JNE3760,kurta,XXL
SET326-KR-PP-L,SET326,SET326,Set,L
MEN5031-KR-XL,MEN5031,MEN5031,kurta,XL
MEN5021-KR-XXXL,MEN5021,MEN5021,kurta,3XL
J0236-SKD-M,J0236,J0236,Set,M
JNE3743-TP-XL,JNE3743,JNE3743,Top,XL
JNE3670-TU-L,JNE3670,JNE3670,Top,L
JNE3606-KR-M,JNE3606,JNE3606,kurta,M
SET131-KR-NP-A-M,SET131,SET131,Set,M
JNE3383-KR-A-S,JNE3383,JNE3383,kurta,S
JNE3691-TU-XXXL,JNE3691,JNE3691,Top,3XL
JNE3473-KR-L,JNE3473,JNE3473,kurta,L
JNE3457-KR-M,JNE3457,JNE3457,kurta,M
JNE3837-KR-XXL,JNE3837,JNE3837,kurta,XXL
JNE3687-TU-XXL,JNE3687,JNE3687,Top,XXL
JNE3802-KR-XXL,JNE3802,JNE3802,kurta,XXL
BTM044-PP-XS,BTM044,BTM044,Bottom,XS
BTM040-PP-XS,BTM040,BTM040,Bottom,XS
BTM043-PP-XS,BTM043,BTM043,Bottom,XS
SET289-KR-NP-L,SET289,SET289,Set,L
JNE3422-KR-M,JNE3422,JNE3422,kurta,M
J0089-TP-XS,J0089,J0089,Top,XS
J0087-TP-XS,J0087,J0087,Top,XS
JNE3707-DR-L,JNE3707,JNE3707,Western Dress,L
JNE3649-TP-N-XS,JNE3649,JNE3649,Top,XS
SET281-KR-PP-S,SET281,SET281,Set,S
J0230-SKD-XXXL,J0230,J0230,Set,3XL
MEN5006-KR-M,MEN5006,MEN5006,kurta,M
J0110-SKD-XL,J0110,J0110,Set,XL
J0332-DR-L,J0332,J0332,Western Dress,L
SET318-KR-SHA-XL,SET318,SET318,Set,XL
JNE3565-KR-L,JNE3565,JNE3565,kurta,L
JNE3225-KR-XL,JNE3225,JNE3225,kurta,XL
JNE3441-KR-L,JNE3441,JNE3441,kurta,L
JNE3467-KR-XXXL,JNE3467,JNE3467,kurta,3XL
JNE3458-KR-XXXL,JNE3458,JNE3458,kurta,3XL
JNE3400-KR-XXXL,JNE3400,JNE3400,kurta,3XL
JNE3402-KR-L,JNE3402,JNE3402,kurta,L
SET308-KR-PP-S,SET308,SET308,Set,S
BL090-XXL,BL090,BL090,Blouse,XXL
J0249-SKD-XXXL,J0249,J0249,Set,3XL
J0400-DR-XXL,J0400,J0400,Western Dress,XXL
JNE1525-KR-UDF19BLACK-XS,JNE1525,JNE1525,kurta,XS
JNE3431-KR-M,JNE3431,JNE3431,kurta,M
JNE3467-KR-M,JNE3467,JNE3467,kurta,M
SET053-KR-NP-XXXL,SET053,SET053,Set,3XL
JNE3753-KR-L,JNE3753,JNE3753,kurta,L
NW006-ST-SR-L,NW006,NW006,Set,L
SET357-KR-NP-XS,SET357,SET357,Set,XS
NW038-TP-SR-L,NW038,NW038,Set,L
JNE3613-KR-S,JNE3613,JNE3613,kurta,S
JNE3491-KR-XS,JNE3491,JNE3491,kurta,XS
J0284-SKD-M,J0284,J0284,Set,M
SET218-KR-NP-S,SET218,SET218,Set,S
JNE3571-KR-XXL,JNE3571,JNE3571,kurta,XXL
JNE3838-KR-S,JNE3838,JNE3838,kurta,S
J0083-KR-S,J0083,J0083,kurta,S
J0247-SKD-XXL,J0247,J0247,Set,XXL
SET158-KR-PP-XXL,SET158,SET158,Set,XXL
SET281-KR-PP-M,SET281,SET281,Set,M
SET289-KR-NP-M,SET289,SET289,Set,M
JNE3270-KR-XXXL,JNE3270,JNE3270,kurta,3XL
JNE3655-TP-XS,JNE3655,JNE3655,Top,XS
JNE3396-KR-M,JNE3396,JNE3396,kurta,M
J0249-SKD-S,J0249,J0249,Set,S
J0306-DR-XS,J0306,J0306,Western Dress,XS
JNE3894-TP-XXXL,JNE3894,JNE3894,Top,3XL
BL003-50BLACK-B,BL003,BL003,Blouse,Free
JNE3528-KR-XS,JNE3528,JNE3528,kurta,XS
SET318-KR-SHA-S,SET318,SET318,Set,S
JNE3738-KR-L,JNE3738,JNE3738,kurta,L
SET341-KR-NP-S,SET341,SET341,Set,S
J0140-SET-XL,J0140,J0140,Set,XL
J0305-DR-S,J0305,J0305,Western Dress,S
BL074-85RED,BL074,BL074,Blouse,Free
J0184-KR-S,J0184,J0184,kurta,S
JNE3733-KR-M,JNE3733,JNE3733,kurta,M
BL029-78BLACK-B,BL029,BL029,Blouse,Free
J0397-DR-L,J0397,J0397,Western Dress,L
J0243-DR-XXL,J0243,J0243,Ethnic Dress,XXL
J0188-KR-XS,J0188,J0188,kurta,XS
SAR062,SAR062,SAR062,Saree,Free
J0413-DR-M,J0413,J0413,Western Dress,M
BTM042-PP-XXXL,BTM042,BTM042,Bottom,3XL
J0135-SET-XL,J0135,J0135,Set,XL
J0153-DR-XL,J0153,J0153,Western Dress,XL
J0232-SKD-L,J0232,J0232,Set,L
SET273-KR-NP-L,SET273,SET273,Set,L
SET340-KR-NP-XXXL,SET340,SET340,Set,3XL
SET144-KR-NP-L,SET144,SET144,Set,L
CH208-MUSTARD-L,CH208,CH208,Bottom,L
JNE3042-KR-XXL,JNE3042,JNE3042,kurta,XXL
JNE3694-KR-S,JNE3694,JNE3694,kurta,S
SET226-KR-PP-XXL,SET226,SET226,Set,XXL
J0036-TP-XS,J0036,J0036,Top,XS
J0397-DR-XXXL,J0397,J0397,Western Dress,3XL
SET172-KR-PP-B-XL,SET172,SET172,Set,XL
SET333-KR-DPT-XXXL,SET333,SET333,Set,3XL
SET094-KR-NP-L,SET094,SET094,Set,L
J0175-KR-XXXL,J0175,J0175,kurta,3XL
SET276-KR-PP-XL,SET276,SET276,Set,XL
J0251-SKD-XL,J0251,J0251,Set,XL
MEN5013-KR-XXL,MEN5013,MEN5013,kurta,XXL
SET316-KR-DPT-XXL,SET316,SET316,Set,XXL
J0400-DR-L,J0400,J0400,Western Dress,L
SET350-KR-NP-XS,SET350,SET350,Set,XS
SET369-KR-NP-S,SET369,SET369,Set,S
J0083-KR-XXXL,J0083,J0083,kurta,3XL
JNE3566-KR-L,JNE3566,JNE3566,kurta,L
NW039-TP-SR-XXXL,NW039,NW039,Set,3XL
NW035-ST-CP-XXL,NW035,NW035,Set,XXL
JNE3398-KR-S,JNE3398,JNE3398,kurta,S
SET144-KR-NP-XL,SET144,SET144,Set,XL
JNE3751-KR-L,JNE3751,JNE3751,kurta,L
NW027-TP-PJ-M,NW027,NW027,Set,M
JNE3501-KR-XL,JNE3501,JNE3501,kurta,XL
SET238-KR-PP-M,SET238,SET238,Set,M
JNE3535-KR-XXXL,JNE3535,JNE3535,kurta,3XL
JNE3452-KR-M,JNE3452,JNE3452,kurta,M
JNE3555-KR-XL,JNE3555,JNE3555,kurta,XL
JNE1525-KR-UDF19-A-XXXL,JNE1525,JNE1525,kurta,3XL
SET073-KR-SHA-XS,SET073,SET073,Set,XS
J0020-SET-XXXL,J0020,J0020,Set,3XL
JNE3864-TU-XXXL,JNE3864,JNE3864,Top,3XL
JNE3602-KR-XL,JNE3602,JNE3602,kurta,XL
JNE3819-KR-XXL,JNE3819,JNE3819,kurta,XXL
J0120-TP-XXXL,J0120,J0120,Top,3XL
J0111-TP-XXL,J0111,J0111,Top,XXL
JNE3727-KR-XL,JNE3727,JNE3727,kurta,XL
J0352-KR-M,J0352,J0352,kurta,M
JNE3506-KR-XL,JNE3506,JNE3506,kurta,XL
J0220-BL-S,J0220,J0220,Blouse,S
MEN5028-KR-M,MEN5028,MEN5028,kurta,M
JNE3436-KR-S,JNE3436,JNE3436,kurta,S
BL029-78BLACK,BL029,BL029,Blouse,Free
MEN5026-KR-XXL,MEN5026,MEN5026,kurta,XXL
JNE3614-KR-S,JNE3614,JNE3614,kurta,S
J0340-TP-XXXL,J0340,J0340,Top,3XL
JNE3833-KR-XXL,JNE3833,JNE3833,kurta,XXL
SET409-KR-NP-M,SET409,SET409,Set,M
MEN5005-KR-L,MEN5005,MEN5005,kurta,L
MEN5007-KR-S,MEN5007,MEN5007,kurta,S
NW022-TP-PJ-L,NW022,NW022,Set,L
J0126-SKD-XS,J0126,J0126,Set,XS
JNE3619-KR-M,JNE3619,JNE3619,kurta,M
JNE3256-KR-XS,JNE3256,JNE3256,kurta,XS
JNE3623-KR-XS,JNE3623,JNE3623,kurta,XS
JNE3366-KR-1053-XS,JNE3366,JNE3366,kurta,XS
SET244-KR-NP-L,SET244,SET244,Set,L
JNE3766-KR-XL,JNE3766,JNE3766,kurta,XL
SET171-KR-NP-XXL,SET171,SET171,Set,XXL
J0291-JS-M,J0291,J0291,Set,M
SET364-KR-NP-XL,SET364,SET364,Set,XL
JNE3422-KR-L,JNE3422,JNE3422,kurta,L
SET144-KR-NP-S,SET144,SET144,Set,S
SET306-KR-PP-L,SET306,SET306,Set,L
JNE3562-KR-S,JNE3562,JNE3562,kurta,S
J0094-KR-XS,J0094,J0094,kurta,XS
JNE3323-KR-A-XL,JNE3323,JNE3323,kurta,XL
J0140-SET-S,J0140,J0140,Set,S
SET116-KR-NP-S,SET116,SET116,Set,S
JNE3445-KR-S,JNE3445,JNE3445,kurta,S
J0172-TP-M,J0172,J0172,Top,M
J0102-SKD-XXL,J0102,J0102,Set,XXL
JNE3700-KR-S,JNE3700,JNE3700,kurta,S
SET044-KR-NP-S,SET044,SET044,Set,S
JNE2251-KR-537-XL,JNE2251,JNE2251,kurta,XL
SET392-KR-NP-XL,SET392,SET392,Set,XL
JNE1408-GREY-KR-UDF19-XL,JNE1408,JNE1408,kurta,XL
J0149-KR-S,J0149,J0149,kurta,S
J0300-TP-XXL,J0300,J0300,Top,XXL
JNE3778-KR-M,JNE3778,JNE3778,kurta,M
JNE3573-KR-XXL,JNE3573,JNE3573,kurta,XXL
J0244-SKD-XS,J0244,J0244,Set,XS
SET408-KR-NP-XL,SET408,SET408,Set,XL
J0118-TP-XS,J0118,J0118,Top,XS
JNE3863-TU-XS,JNE3863,JNE3863,Top,XS
J0159-DR-XXXL,J0159,J0159,Western Dress,3XL
SET239-KR-NP-S,SET239,SET239,Set,S
SET346-KR-PP-XS,SET346,SET346,Set,XS
SET263-KR-NP-XS,SET263,SET263,Set,XS
SET402-KR-NP-XS,SET402,SET402,Set,XS
J0380-SKD-S,J0380,J0380,Set,S
JNE3813-KR-XXXL,JNE3813,JNE3813,kurta,3XL
SET285-KR-SHA-XL,SET285,SET285,Set,XL
SET055-KR-NP-XXL,SET055,SET055,Set,XXL
JNE3774-KR-M,JNE3774,JNE3774,kurta,M
BTM002-L,BTM002,BTM002,Bottom,L
JNE3556-KR-S,JNE3556,JNE3556,kurta,S
J0224-SKD-XXL,J0224,J0224,Set,XXL
J0204-TP-XS,J0204,J0204,Top,XS
JNE3726-KR-XXL,JNE3726,JNE3726,kurta,XXL
JNE3427-KR-XL,JNE3427,JNE3427,kurta,XL
BTM030-NP-XXXL,BTM030,BTM030,Bottom,3XL
CH209-BIEGE-XL,CH209,CH209,Bottom,XL
JNE3834-KR-S,JNE3834,JNE3834,kurta,S
J0209-DR-XL,J0209,J0209,Ethnic Dress,XL
SET034-KR-NP-XL,SET034,SET034,Set,XL
JNE3860-DR-XXL,JNE3860,JNE3860,Western Dress,XXL
JNE3407-KR-XS,JNE3407,JNE3407,kurta,XS
SET323-KR-NP-XS,SET323,SET323,Set,XS
BL060-75RED,BL060,BL060,Blouse,Free
JNE3782-KR-M,JNE3782,JNE3782,kurta,M
JNE3608-KR-XL,JNE3608,JNE3608,kurta,XL
J0077-SKD-XXL,J0077,J0077,Set,XXL
JNE1977-KR-237-XXXL,JNE1977,JNE1977,kurta,3XL
J0103-SKD-XXXL,J0103,J0103,Set,3XL
J0400-DR-S,J0400,J0400,Western Dress,S
J0112-TP-XXXL,J0112,J0112,Top,3XL
JNE3550-KR-S,JNE3550,JNE3550,kurta,S
JNE3725-KR-S,JNE3725,JNE3725,kurta,S
SET338-KR-NP-L,SET338,SET338,Set,L
J0307-TP-XL,J0307,J0307,Top,XL
MEN5028-KR-S,MEN5028,MEN5028,kurta,S
NW035-ST-CP-S,NW035,NW035,Set,S
SET274-KR-PP-M,SET274,SET274,Set,M
SET205-KR-DPT-A-M,SET205,SET205,Set,M
SET144-KR-NP-M,SET144,SET144,Set,M
SET228-KR-PP-A-L,SET228,SET228,Set,L
JNE3447-KR-L,JNE3447,JNE3447,kurta,L
J0163-SKD-XS,J0163,J0163,Set,XS
BTM045-PP-XXXL,BTM045,BTM045,Bottom,3XL
JNE3789-KR-M,JNE3789,JNE3789,kurta,M
J0290-CD-XXL,J0290,J0290,Top,XXL
NW033-ST-CP-XXL,NW033,NW033,Set,XXL
JNE3787-KR-XL,JNE3787,JNE3787,kurta,XL
JNE3637-KR-XXL,JNE3637,JNE3637,kurta,XXL
JNE3574-KR-XS,JNE3574,JNE3574,kurta,XS
JNE3622-KR-S,JNE3622,JNE3622,kurta,S
NW028-TP-PJ-XL,NW028,NW028,Set,XL
JNE3466-KR-L,JNE3466,JNE3466,kurta,L
SET250-KR-SHA-S,SET250,SET250,Set,S
JNE3630-KR-L,JNE3630,JNE3630,kurta,L
JNE3704-KR-XXL,JNE3704,JNE3704,kurta,XXL
JNE3311-KR-L,JNE3311,JNE3311,kurta,L
JNE3339-KR-XS,JNE3339,JNE3339,kurta,XS
JNE3451-KR-M,JNE3451,JNE3451,kurta,M
JNE3555-KR-M,JNE3555,JNE3555,kurta,M
SET062-KR-SP-XL,SET062,SET062,Set,XL
NW002-TP-PJ-XS,NW002,NW002,Set,XS
SET332-KR-PP-XXL,SET332,SET332,Set,XXL
JNE3394-KR-L,JNE3394,JNE3394,kurta,L
SET340-KR-NP-XL,SET340,SET340,Set,XL
JNE3407-KR-M,JNE3407,JNE3407,kurta,M
JNE3654-TP-XXL,JNE3654,JNE3654,Top,XXL
JNE3524-KR-S,JNE3524,JNE3524,kurta,S
SET158-KR-PP-S,SET158,SET158,Set,S
J0070-KR-XS,J0070,J0070,kurta,XS
NW004-TP-PJ-L,NW004,NW004,Set,L
SET220-KR-PP-XS,SET220,SET220,Set,XS
JNE3730-KR-S,JNE3730,JNE3730,kurta,S
SET227-KR-PP-A-S,SET227,SET227,Set,S
SET116-KR-NP-M,SET116,SET116,Set,M
JNE3803-KR-XL,JNE3803,JNE3803,kurta,XL
JNE0850-N,JNE0850,JNE0850,Saree,Free
JNE09209-MULTI-SR-JP8101RMV,JNE09209,JNE09209,Saree,Free
SAR163,SAR163,SAR163,Saree,Free
SAR165,SAR165,SAR165,Saree,Free
SAR181,SAR181,SAR181,Saree,Free
SAR136,SAR136,SAR136,Saree,Free
SAR112,SAR112,SAR112,Saree,Free
JNE09186-BLUE-SR-JP7104RMV,JNE09186,JNE09186,Saree,Free
SAR091,SAR091,SAR091,Saree,Free
SAR098,SAR098,SAR098,Saree,Free
SAR100,SAR100,SAR100,Saree,Free
JNE3713-TP-N-S,JNE3713,JNE3713,Top,S
SET014-KR-PP-A-L,SET014,SET014,Set,L
NW022-TP-PJ-M,NW022,NW022,Set,M
SET225-KR-NP-XXXL,SET225,SET225,Set,3XL
SET135-KR-PP-XS,SET135,SET135,Set,XS
JNE3662-TP-XXL,JNE3662,JNE3662,Top,XXL
BL087-M,BL087,BL087,Blouse,M
SET135-KR-PP-XXXL,SET135,SET135,Set,3XL
J0049-TP-S,J0049,J0049,Top,S
SET340-KR-NP-L,SET340,SET340,Set,L
JNE3487-KR-XS,JNE3487,JNE3487,kurta,XS
JNE3348-KR-S,JNE3348,JNE3348,kurta,S
SET131-KR-NP-XXXL,SET131,SET131,Set,3XL
JNE3608-KR-XXL,JNE3608,JNE3608,kurta,XXL
SET395-KR-NP-L,SET395,SET395,Set,L
JNE3741-KR-XL,JNE3741,JNE3741,kurta,XL
SET306-KR-PP-M,SET306,SET306,Set,M
J0305-DR-M,J0305,J0305,Western Dress,M
BTM005-L,BTM005,BTM005,Bottom,L
JNE3803-KR-L,JNE3803,JNE3803,kurta,L
JNE3665-TP-XL,JNE3665,JNE3665,Top,XL
JNE3707-DR-XS,JNE3707,JNE3707,Western Dress,XS
JNE3728-KR-XXL,JNE3728,JNE3728,kurta,XXL
SET361-KR-NP-M,SET361,SET361,Set,M
J0181-TP-XXL,J0181,J0181,Top,XXL
JNE3769-KR-M,JNE3769,JNE3769,kurta,M
J0380-SKD-L,J0380,J0380,Set,L
JNE3477-KR-S,JNE3477,JNE3477,kurta,S
J0231-SKD-L,J0231,J0231,Set,L
J0207-DR-XXXL,J0207,J0207,Western Dress,3XL
BTM042-PP-XS,BTM042,BTM042,Bottom,XS
BTM047-PP-XS,BTM047,BTM047,Bottom,XS
JNE3534-KR-S,JNE3534,JNE3534,kurta,S
J0299-KR-L,J0299,J0299,kurta,L
JNE3542-KR-XS,JNE3542,JNE3542,kurta,XS
JNE3524-KR-XXL,JNE3524,JNE3524,kurta,XXL
JNE2266-KR-490-A-M,JNE2266,JNE2266,kurta,M
JNE3491-KR-XXL,JNE3491,JNE3491,kurta,XXL
JNE3787-KR-L,JNE3787,JNE3787,kurta,L
SET266-KR-NP-XL,SET266,SET266,Set,XL
JNE3408-KR-S,JNE3408,JNE3408,kurta,S
J0131-KR-S,J0131,J0131,kurta,S
SET325-KR-NP-XL,SET325,SET325,Set,XL
J0132-KR-XXXL,J0132,J0132,kurta,3XL
J0043-SET-XL,J0043,J0043,Set,XL
JNE1951-KR-155-XXXL,JNE1951,JNE1951,kurta,3XL
JNE3543-KR-L,JNE3543,JNE3543,kurta,L
JNE3756-KR-S,JNE3756,JNE3756,kurta,S
SET038-KR-PP-XL,SET038,SET038,Set,XL
JNE3394-KR-A-M,JNE3394,JNE3394,kurta,M
SET270-KR-PP-XL,SET270,SET270,Set,XL
SET404-KR-NP-M,SET404,SET404,Set,M
JNE2132-KR-398-XXL,JNE2132,JNE2132,kurta,XXL
JNE3576-KR-M,JNE3576,JNE3576,kurta,M
JNE1408-KR-UDF19-A-S,JNE1408,JNE1408,kurta,S
JNE1408-KR-UDF19-A-M,JNE1408,JNE1408,kurta,M
JNE3701-KR-XS,JNE3701,JNE3701,kurta,XS
SET130-KR-NP-L,SET130,SET130,Set,L
JNE3364-KR-1051-XXL,JNE3364,JNE3364,kurta,XXL
NW001-TP-PJ-M,NW001,NW001,Set,M
SET267-KR-NP-XS,SET267,SET267,Set,XS
JNE1906-KR-031-S,JNE1906,JNE1906,kurta,S
J0213-TP-XXXL,J0213,J0213,Top,3XL
J0395-DR-XL,J0395,J0395,Western Dress,XL
JNE3491-KR-L,JNE3491,JNE3491,kurta,L
JNE3668-TP-N-L,JNE3668,JNE3668,Top,L
JNE3454-KR-M,JNE3454,JNE3454,kurta,M
AN208-MUSTARD-S,AN208,AN208,Bottom,S
JNE3796-KR-XXL,JNE3796,JNE3796,kurta,XXL
J0243-DR-XS,J0243,J0243,Ethnic Dress,XS
NW037-TP-SR-M,NW037,NW037,Set,M
SET401-KR-NP-S,SET401,SET401,Set,S
SET038-KR-PP-XXXL,SET038,SET038,Set,3XL
JNE3623-KR-M,JNE3623,JNE3623,kurta,M
JNE3491-KR-M,JNE3491,JNE3491,kurta,M
BL007-61PINK-B,BL007,BL007,Blouse,Free
JNE3412-KR-S,JNE3412,JNE3412,kurta,S
J0190-TP-S,J0190,J0190,Top,S
SET100-KR-PP-XXL,SET100,SET100,Set,XXL
JNE3813-KR-XL,JNE3813,JNE3813,kurta,XL
JNE3434-KR-M,JNE3434,JNE3434,kurta,M
SET390-KR-NP-M,SET390,SET390,Set,M
J0185-DR-XXL,J0185,J0185,Ethnic Dress,XXL
JNE3603-KR-M,JNE3603,JNE3603,kurta,M
J0007-SKD-XS,J0007,J0007,Set,XS
JNE2049-KR-351-XXL,JNE2049,JNE2049,kurta,XXL
J0159-DR-XXL,J0159,J0159,Western Dress,XXL
J0048-TP-XXL,J0048,J0048,Top,XXL
JNE3647-TP-N-XS,JNE3647,JNE3647,Top,XS
JNE3770-KR-L,JNE3770,JNE3770,kurta,L
JNE2199-KR-411-A-S,JNE2199,JNE2199,kurta,S
JNE3160-KR-XS,JNE3160,JNE3160,kurta,XS
SET154-KR-NP-XS,SET154,SET154,Set,XS
SET187-KR-DH-S,SET187,SET187,Set,S
SET330-KR-PP-XS,SET330,SET330,Set,XS
JNE2251-KR-537-XXL,JNE2251,JNE2251,kurta,XXL
JNE3458-KR-XXL,JNE3458,JNE3458,kurta,XXL
J0077-SKD-L,J0077,J0077,Set,L
SET266-KR-NP-XXL,SET266,SET266,Set,XXL
SET204-KR-DPT-XL,SET204,SET204,Set,XL
JNE3611-KR-M,JNE3611,JNE3611,kurta,M
JNE3643-TP-N-L,JNE3643,JNE3643,Top,L
MEN5030-KR-XXXL,MEN5030,MEN5030,kurta,3XL
J0292-TP-XL,J0292,J0292,Top,XL
JNE3636-KR-XXL,JNE3636,JNE3636,kurta,XXL
J0117-TP-XL,J0117,J0117,Top,XL
JNE3778-KR-S,JNE3778,JNE3778,kurta,S
JNE3904-DR-XXL,JNE3904,JNE3904,Western Dress,XXL
SET303-KR-NP-S,SET303,SET303,Set,S
SET185-KR-NP-M,SET185,SET185,Set,M
SET249-KR-NP-XXXL,SET249,SET249,Set,3XL
JNE3481-KR-S,JNE3481,JNE3481,kurta,S
J0379-SKD-XXL,J0379,J0379,Set,XXL
J0381-SKD-S,J0381,J0381,Set,S
J0243-DR-XXXL,J0243,J0243,Ethnic Dress,3XL
J0219-BL-XXL,J0219,J0219,Blouse,XXL
J0170-TP-A-XL,J0170,J0170,Top,XL
SET388-KR-NP-XS,SET388,SET388,Set,XS
BL055-164GOLD-A,BL055,BL055,Blouse,Free
BL041-65RED-A,BL041,BL041,Blouse,Free
NW003-TP-PJ-M,NW003,NW003,Set,M
SET252-KR-PP-L,SET252,SET252,Set,L
SET318-KR-SHA-M,SET318,SET318,Set,M
JNE3518-KR-S,JNE3518,JNE3518,kurta,S
NW008-ST-CP-L,NW008,NW008,Set,L
JNE3610-KR-S,JNE3610,JNE3610,kurta,S
SET158-KR-PP-XS,SET158,SET158,Set,XS
J0165-TP-M,J0165,J0165,Top,M
SET130-KR-NP-XXL,SET130,SET130,Set,XXL
J0171-DR-M,J0171,J0171,Western Dress,M
JNE3693-KR-M,JNE3693,JNE3693,kurta,M
SET048-KR-NP-XS,SET048,SET048,Set,XS
JNE3366-KR-1053-A-XXL,JNE3366,JNE3366,kurta,XXL
JNE3446-KR-XS,JNE3446,JNE3446,kurta,XS
JNE3160-KR-L,JNE3160,JNE3160,kurta,L
SET257-KR-PP-XXXL,SET257,SET257,Set,3XL
JNE3225-KR-L,JNE3225,JNE3225,kurta,L
JNE3665-TP-XS,JNE3665,JNE3665,Top,XS
SET252-KR-PP-XS,SET252,SET252,Set,XS
SET248-KR-NP-XXXL,SET248,SET248,Set,3XL
J0329-KR-M,J0329,J0329,kurta,M
SET253-KR-NP-M,SET253,SET253,Set,M
SET053-KR-NP-M,SET053,SET053,Set,M
SET401-KR-NP-XL,SET401,SET401,Set,XL
SET433-KR-NP-XS,SET433,SET433,Set,XS
SET128-KR-DH-XXXL,SET128,SET128,Set,3XL
JNE3621-KR-L,JNE3621,JNE3621,kurta,L
JNE3605-KR-L,JNE3605,JNE3605,kurta,L
SET187-KR-DH-XXXL,SET187,SET187,Set,3XL
JNE3744-TU-XS,JNE3744,JNE3744,Top,XS
JNE1525-KR-UDF19BLACK-XL,JNE1525,JNE1525,kurta,XL
SET313-KR-NP-XXL,SET313,SET313,Set,XXL
J0379-SKD-L,J0379,J0379,Set,L
SET194-KR-NP-L,SET194,SET194,Set,L
JNE3672-TU-XXXL,JNE3672,JNE3672,Top,3XL
JNE3404-KR-XS,JNE3404,JNE3404,kurta,XS
JNE3621-KR-S,JNE3621,JNE3621,kurta,S
JNE3364-KR-1051-A-S,JNE3364,JNE3364,kurta,S
SET154-KR-NP-M,SET154,SET154,Set,M
JNE3758-KR-XL,JNE3758,JNE3758,kurta,XL
JNE3476-KR-XXL,JNE3476,JNE3476,kurta,XXL
SET193-KR-NP-A-XS,SET193,SET193,Set,XS
J0154-DR-S,J0154,J0154,Western Dress,S
JNE3693-KR-S,JNE3693,JNE3693,kurta,S
JNE2266-KR-490-A-L,JNE2266,JNE2266,kurta,L
JNE2049-KR-351-XS,JNE2049,JNE2049,kurta,XS
SET383-KR-NP-XS,SET383,SET383,Set,XS
J0078-SET-S,J0078,J0078,Set,S
J0161-DR-XL,J0161,J0161,Western Dress,XL
BL017-63BLACK-B,BL017,BL017,Blouse,Free
JNE1408-KR-UDF19-A-XXXL,JNE1408,JNE1408,kurta,3XL
SET349-KR-NP-L,SET349,SET349,Set,L
JNE3391-KR-XS,JNE3391,JNE3391,kurta,XS
JNE1525-KR-UDF19BLACK-L,JNE1525,JNE1525,kurta,L
JNE3657-TP-XS,JNE3657,JNE3657,Top,XS
JNE3386-KR-XS,JNE3386,JNE3386,kurta,XS
SAR108,SAR108,SAR108,Saree,Free
NW016-ST-SR-L,NW016,NW016,Set,L
J0228-SKD-XXXL,J0228,J0228,Set,3XL
JNE2101-KR-210-XL,JNE2101,JNE2101,kurta,XL
MEN5012-KR-XL,MEN5012,MEN5012,kurta,XL
JNE1233-BLUE-KR-031-S,JNE1233,JNE1233,kurta,S
J0378-SKD-S,J0378,J0378,Set,S
JNE3643-TP-N-XXL,JNE3643,JNE3643,Top,XXL
JNE3856-KR-XS,JNE3856,JNE3856,kurta,XS
J0089-TP-XXXL,J0089,J0089,Top,3XL
JNE3819-KR-XXXL,JNE3819,JNE3819,kurta,3XL
JNE3160-KR-G-XS,JNE3160,JNE3160,kurta,XS
JNE3607-KR-L,JNE3607,JNE3607,kurta,L
J0152-DR-S,J0152,J0152,Western Dress,S
SET179-KR-PP-XS,SET179,SET179,Set,XS
NW036-ST-SR-XXXL,NW036,NW036,Set,3XL
J0090-TP-XS,J0090,J0090,Top,XS
JNE1906-KR-031-XS,JNE1906,JNE1906,kurta,XS
J0345-SET-XXL,J0345,J0345,Set,XXL
JNE3610-KR-XS,JNE3610,JNE3610,kurta,XS
SET188-KR-NP-M,SET188,SET188,Set,M
JNE2100-KR-144-XS,JNE2100,JNE2100,kurta,XS
BL056-185GOLD,BL056,BL056,Blouse,Free
JNE1233-BLUE-KR-031-M,JNE1233,JNE1233,kurta,M
SET250-KR-SHA-M,SET250,SET250,Set,M
SET165-KR-PP-XXXL,SET165,SET165,Set,3XL
JNE3796-KR-XXXL,JNE3796,JNE3796,kurta,3XL
JNE3822-KR-XXXL,JNE3822,JNE3822,kurta,3XL
JNE3470-KR-M,JNE3470,JNE3470,kurta,M
JNE3653-TP-N-XL,JNE3653,JNE3653,Top,XL
JNE2270-KR-487-A-XS,JNE2270,JNE2270,kurta,XS
JNE2199-KR-411-A-XS,JNE2199,JNE2199,kurta,XS
SET043-KR-NP-M,SET043,SET043,Set,M
SET264-KR-NP-XS,SET264,SET264,Set,XS
JNE3623-KR-XXXL,JNE3623,JNE3623,kurta,3XL
SET355-KR-PP-XXXL,SET355,SET355,Set,3XL
JNE3684-TU-XS,JNE3684,JNE3684,Top,XS
JNE3624-KR-L,JNE3624,JNE3624,kurta,L
J0176-TP-L,J0176,J0176,Top,L
JNE3313-KR-XL,JNE3313,JNE3313,kurta,XL
J0278-SET-XXL,J0278,J0278,Set,XXL
J0178-TP-XL,J0178,J0178,Top,XL
JNE3566-KR-XXL,JNE3566,JNE3566,kurta,XXL
NW014-ST-SR-XXXL,NW014,NW014,Set,3XL
JNE3758-KR-XXXL,JNE3758,JNE3758,kurta,3XL
JNE2170-KR-436-XXL,JNE2170,JNE2170,kurta,XXL
J0154-DR-XXXL,J0154,J0154,Western Dress,3XL
J0310-TP-S,J0310,J0310,Top,S
JNE3768-KR-XXL,JNE3768,JNE3768,kurta,XXL
JNE3709-DR-XS,JNE3709,JNE3709,Western Dress,XS
JNE3610-KR-XL,JNE3610,JNE3610,kurta,XL
SET252-KR-PP-XL,SET252,SET252,Set,XL
JNE3804-KR-XXL,JNE3804,JNE3804,kurta,XXL
SET277-KR-NP-XXXL,SET277,SET277,Set,3XL
JNE3438-KR-L,JNE3438,JNE3438,kurta,L
SET413-KR-NP-XS,SET413,SET413,Set,XS
SET073-KR-SHA-XXL,SET073,SET073,Set,XXL
J0224-SKD-XS,J0224,J0224,Set,XS
SET258-KR-PP-M,SET258,SET258,Set,M
SET248-KR-NP-XL,SET248,SET248,Set,XL
JNE3887-KR-L,JNE3887,JNE3887,kurta,L
JNE2302-KR-595-G-M,JNE2302,JNE2302,kurta,M
JNE3628-KR-L,JNE3628,JNE3628,kurta,L
MEN5001-KR-XXL,MEN5001,MEN5001,kurta,XXL
JNE3700-KR-XS,JNE3700,JNE3700,kurta,XS
J0134-SET-M,J0134,J0134,Set,M
JNE3797-KR-A-XXL,JNE3797,JNE3797,Western Dress,XXL
JNE3797-KR-A-XL,JNE3797,JNE3797,Western Dress,XL
JNE3834-KR-L,JNE3834,JNE3834,kurta,L
JNE3482-KR-XS,JNE3482,JNE3482,kurta,XS
J0330-KR-XS,J0330,J0330,kurta,XS
J0282-SET-S,J0282,J0282,Set,S
JNE3605-KR-XS,JNE3605,JNE3605,kurta,XS
BTM048-PP-M,BTM048,BTM048,Bottom,M
J0011-LCD-XXXL,J0011,J0011,Set,3XL
JNE3656-TP-N-L,JNE3656,JNE3656,Top,L
JNE3763-KR-XXL,JNE3763,JNE3763,kurta,XXL
JNE3256-KR-XL,JNE3256,JNE3256,kurta,XL
J0330-KR-XXL,J0330,J0330,kurta,XXL
JNE1906-KR-031-XL,JNE1906,JNE1906,kurta,XL
J0010-LCD-XS,J0010,J0010,Set,XS
NW033-ST-CP-S,NW033,NW033,Set,S
JNE3881-DR-XXL,JNE3881,JNE3881,Western Dress,XXL
J0310-TP-L,J0310,J0310,Top,L
SET318-KR-SHA-XS,SET318,SET318,Set,XS
SET369-KR-NP-L,SET369,SET369,Set,L
J0352-KR-L,J0352,J0352,kurta,L
J0291-JS-XXXL,J0291,J0291,Set,3XL
BL087-XXL,BL087,BL087,Blouse,XXL
JNE3255-KR-L,JNE3255,JNE3255,kurta,L
JNE3563-KR-XL,JNE3563,JNE3563,kurta,XL
J0399-DR-S,J0399,J0399,Western Dress,S
JNE3365-KR-1052-M,JNE3365,JNE3365,kurta,M
JNE3627-KR-M,JNE3627,JNE3627,kurta,M
J0022-KR-XS,J0022,J0022,kurta,XS
JNE3732-KR-XS,JNE3732,JNE3732,kurta,XS
JNE3732-KR-M,JNE3732,JNE3732,kurta,M
JNE3253-KR-XL,JNE3253,JNE3253,kurta,XL
JNE3451-KR-S,JNE3451,JNE3451,kurta,S
SET394-KR-NP-L,SET394,SET394,Set,L
JNE3608-KR-M,JNE3608,JNE3608,kurta,M
JNE3375-KR-S,JNE3375,JNE3375,kurta,S
SET198-KR-NP-A-XXL,SET198,SET198,Set,XXL
J0127-SKD-XXXL,J0127,J0127,Set,3XL
NW020-ST-SR-XS,NW020,NW020,Set,XS
JNE3435-KR-L,JNE3435,JNE3435,kurta,L
JNE3642-TP-XL,JNE3642,JNE3642,Top,XL
SET195-KR-NP-A-XS,SET195,SET195,Set,XS
SET087-KR-PP-XXXL,SET087,SET087,Set,3XL
J0228-SKD-XS,J0228,J0228,Set,XS
JNE3421-KR-S,JNE3421,JNE3421,kurta,S
J0009-SKD-XS,J0009,J0009,Set,XS
SET246-KR-PP-L,SET246,SET246,Set,L
J0252-SKD-XXXL,J0252,J0252,Set,3XL
JNE1233-BLUE-KR-031-XS,JNE1233,JNE1233,kurta,XS
JNE3401-KR-XL,JNE3401,JNE3401,kurta,XL
SET172-KR-PP-B-XS,SET172,SET172,Set,XS
J0001-DR-S,J0001,J0001,Ethnic Dress,S
J0103-SKD-S,J0103,J0103,Set,S
J0089-TP-S,J0089,J0089,Top,S
JNE3270-KR-M,JNE3270,JNE3270,kurta,M
J0212-DR-S,J0212,J0212,Ethnic Dress,S
JNE2153-KR-278-A-XXXL,JNE2153,JNE2153,kurta,3XL
JNE3736-KR-XXXL,JNE3736,JNE3736,kurta,3XL
SET116-KR-NP-XXXL,SET116,SET116,Set,3XL
JNE3753-KR-XXXL,JNE3753,JNE3753,kurta,3XL
JNE3726-KR-XXXL,JNE3726,JNE3726,kurta,3XL
SET055-KR-NP-XL,SET055,SET055,Set,XL
JNE3559-KR-XL,JNE3559,JNE3559,kurta,XL
JNE3709-DR-XL,JNE3709,JNE3709,Western Dress,XL
JNE3751-KR-S,JNE3751,JNE3751,kurta,S
JNE3879-DR-XXL,JNE3879,JNE3879,Western Dress,XXL
JNE2205-KR-467-A-XL,JNE2205,JNE2205,kurta,XL
JNE3548-KR-XXXL,JNE3548,JNE3548,kurta,3XL
JNE3676-TU-XXXL,JNE3676,JNE3676,Top,3XL
SET244-KR-NP-XXXL,SET244,SET244,Set,3XL
JNE3865-TP-M,JNE3865,JNE3865,Top,M
J0377-SKD-XXL,J0377,J0377,Set,XXL
J0088-TP-XXL,J0088,J0088,Top,XXL
J0300-TP-XL,J0300,J0300,Top,XL
J0379-SKD-M,J0379,J0379,Set,M
SET392-KR-NP-L,SET392,SET392,Set,L
J0004-SKD-S,J0004,J0004,Set,S
JNE3389-KR-A-XXXL,JNE3389,JNE3389,kurta,3XL
SET130-KR-NP-S,SET130,SET130,Set,S
JNE3483-KR-XXXL,JNE3483,JNE3483,kurta,3XL
SET210-KR-PP-XXXL,SET210,SET210,Set,3XL
BL100-M,BL100,BL100,Blouse,M
SET394-KR-NP-XS,SET394,SET394,Set,XS
J0237-SKD-XXL,J0237,J0237,Set,XXL
JNE3364-KR-1051-XL,JNE3364,JNE3364,kurta,XL
JNE3567-KR-XXXL,JNE3567,JNE3567,kurta,3XL
BL020-71RED-B,BL020,BL020,Blouse,Free
J0142-KR-M,J0142,J0142,kurta,M
JNE3750-KR-L,JNE3750,JNE3750,kurta,L
JNE3431-KR-XL,JNE3431,JNE3431,kurta,XL
SET131-KR-NP-XS,SET131,SET131,Set,XS
J0010-LCD-XXL,J0010,J0010,Set,XXL
SET245-KR-NP-M,SET245,SET245,Set,M
BL008-61RED-B,BL008,BL008,Blouse,Free
SET188-KR-NP-S,SET188,SET188,Set,S
J0145-SET-XXL,J0145,J0145,Set,XXL
SET302-KR-PP-S,SET302,SET302,Set,S
JNE2270-KR-487-A-S,JNE2270,JNE2270,kurta,S
BTM040-PP-XXL,BTM040,BTM040,Bottom,XXL
J0203-TP-L,J0203,J0203,Top,L
J0396-DR-S,J0396,J0396,Western Dress,S
J0166-DR-XL,J0166,J0166,Western Dress,XL
JNE3817-KR-M,JNE3817,JNE3817,kurta,M
JNE2170-KR-436-XL,JNE2170,JNE2170,kurta,XL
JNE2265-KR-501-XS,JNE2265,JNE2265,kurta,XS
SET138-KR-PP-L,SET138,SET138,Set,L
JNE3408-KR-XS,JNE3408,JNE3408,kurta,XS
PJ0096-KR-N-4XL,PJ0096,PJ0096,kurta,4XL
SET249-KR-NP-XS,SET249,SET249,Set,XS
J0105-KR-XS,J0105,J0105,Western Dress,XS
JNE3770-KR-S,JNE3770,JNE3770,kurta,S
SET225-KR-NP-M,SET225,SET225,Set,M
J0290-CD-L,J0290,J0290,Top,L
JNE3790-KR-M,JNE3790,JNE3790,kurta,M
SET321-KR-DPT-XXXL,SET321,SET321,Set,3XL
J0308-DR-XS,J0308,J0308,Western Dress,XS
SET203-KR-DPT-XXL,SET203,SET203,Set,XXL
J0237-SKD-M,J0237,J0237,Set,M
JNE3678-TU-XL,JNE3678,JNE3678,Top,XL
MEN5001-KR-XXXL,MEN5001,MEN5001,kurta,3XL
JNE3860-DR-XXXL,JNE3860,JNE3860,Western Dress,3XL
J0328-KR-XL,J0328,J0328,kurta,XL
JNE3610-KR-L,JNE3610,JNE3610,kurta,L
J0232-SKD-XS,J0232,J0232,Set,XS
JNE3762-KR-XXL,JNE3762,JNE3762,kurta,XXL
J0184-KR-XXXL,J0184,J0184,kurta,3XL
J0400-DR-XXXL,J0400,J0400,Western Dress,3XL
JNE3687-TU-XS,JNE3687,JNE3687,Top,XS
SET055-KR-NP-XS,SET055,SET055,Set,XS
JNE3890-TP-XXL,JNE3890,JNE3890,Top,XXL
JNE3602-KR-M,JNE3602,JNE3602,kurta,M
JNE3813-KR-M,JNE3813,JNE3813,kurta,M
BTM036-PP-M,BTM036,BTM036,Bottom,M
SET247-KR-SHA-S,SET247,SET247,Set,S
JNE3797-KR-A-M,JNE3797,JNE3797,Western Dress,M
J0209-DR-S,J0209,J0209,Ethnic Dress,S
JNE3838-KR-M,JNE3838,JNE3838,kurta,M
J0133-KR-A-XL,J0133,J0133,kurta,XL
JNE3311-KR-XXL,JNE3311,JNE3311,kurta,XXL
JNE3528-KR-L,JNE3528,JNE3528,kurta,L
JNE1234-MULTI-KR-032-XXXL,JNE1234,JNE1234,kurta,3XL
J0333-DR-S,J0333,J0333,Western Dress,S
JNE3743-TP-XXL,JNE3743,JNE3743,Top,XXL
JNE3501-KR-XXL,JNE3501,JNE3501,kurta,XXL
JNE3620-KR-XXXL,JNE3620,JNE3620,kurta,3XL
SET241-KR-PP-XS,SET241,SET241,Set,XS
JNE3535-KR-L,JNE3535,JNE3535,kurta,L
J0134-SET-L,J0134,J0134,Set,L
SET330-KR-PP-XL,SET330,SET330,Set,XL
J0398-DR-S,J0398,J0398,Western Dress,S
J0140-SET-XXL,J0140,J0140,Set,XXL
JNE3658-TP-XS,JNE3658,JNE3658,Top,XS
JNE3733-KR-XL,JNE3733,JNE3733,kurta,XL
SET250-KR-SHA-XL,SET250,SET250,Set,XL
JNE3555-KR-S,JNE3555,JNE3555,kurta,S
J0379-SKD-XXXL,J0379,J0379,Set,3XL
MEN5012-KR-M,MEN5012,MEN5012,kurta,M
JNE3744-TU-L,JNE3744,JNE3744,Top,L
JNE3894-TP-S,JNE3894,JNE3894,Top,S
J0042-DR-L,J0042,J0042,Western Dress,L
JNE3779-KR-M,JNE3779,JNE3779,kurta,M
J0159-DR-S,J0159,J0159,Western Dress,S
JNE3273-KR-L,JNE3273,JNE3273,kurta,L
JNE3252-KR-M,JNE3252,JNE3252,kurta,M
J0195-TP-L,J0195,J0195,Top,L
J0399-DR-XL,J0399,J0399,Western Dress,XL
JNE3821-KR-S,JNE3821,JNE3821,kurta,S
SET346-KR-PP-L,SET346,SET346,Set,L
JNE3578-KR-XL,JNE3578,JNE3578,kurta,XL
J0175-KR-XL,J0175,J0175,kurta,XL
JNE3672-TU-XL,JNE3672,JNE3672,Top,XL
SET308-KR-PP-XXL,SET308,SET308,Set,XXL
JNE3880-DR-XL,JNE3880,JNE3880,Western Dress,XL
SET338-KR-NP-M,SET338,SET338,Set,M
SET330-KR-PP-L,SET330,SET330,Set,L
J0094-KR-XXXL,J0094,J0094,kurta,3XL
J0159-DR-L,J0159,J0159,Western Dress,L
J0083-KR-XL,J0083,J0083,kurta,XL
JNE3445-KR-M,JNE3445,JNE3445,kurta,M
J0252-SKD-M,J0252,J0252,Set,M
J0249-SKD-XS,J0249,J0249,Set,XS
BL113-S,BL113,BL113,Blouse,S
JNE3348-KR-XXXL,JNE3348,JNE3348,kurta,3XL
JNE3707-DR-XL,JNE3707,JNE3707,Western Dress,XL
J0126-SKD-S,J0126,J0126,Set,S
JNE3676-TU-S,JNE3676,JNE3676,Top,S
JNE3279-KR-A-S,JNE3279,JNE3279,kurta,S
SET353-KR-NP-XXXL,SET353,SET353,Set,3XL
MEN5026-KR-XXXL,MEN5026,MEN5026,kurta,3XL
J0038-DR-XS,J0038,J0038,Ethnic Dress,XS
JNE3571-KR-S,JNE3571,JNE3571,kurta,S
SET156-KR-NP-XS,SET156,SET156,Set,XS
J0078-SET-XXL,J0078,J0078,Set,XXL
J0078-SET-M,J0078,J0078,Set,M
JNE3708-TU-L,JNE3708,JNE3708,Top,L
SET257-KR-PP-XXL,SET257,SET257,Set,XXL
J0123-TP-XS,J0123,J0123,Top,XS
SET248-KR-NP-XS,SET248,SET248,Set,XS
SET165-KR-PP-XL,SET165,SET165,Set,XL
NW028-TP-PJ-M,NW028,NW028,Set,M
SET043-KR-NP-XXL,SET043,SET043,Set,XXL
SET048-KR-NP-XXL,SET048,SET048,Set,XXL
JNE3760-KR-S,JNE3760,JNE3760,kurta,S
JNE3396-KR-XS,JNE3396,JNE3396,kurta,XS
JNE3472-KR-XS,JNE3472,JNE3472,kurta,XS
SET376-KR-NP-XXL,SET376,SET376,Set,XXL
SET221-KR-NP-XXL,SET221,SET221,Set,XXL
JNE3311-KR-XL,JNE3311,JNE3311,kurta,XL
JNE3689-TU-XL,JNE3689,JNE3689,Top,XL
SET300-KR-NP-XL,SET300,SET300,Set,XL
J0208-DR-M,J0208,J0208,Western Dress,M
MEN5016-KR-S,MEN5016,MEN5016,kurta,S
J0093-DR-S,J0093,J0093,Ethnic Dress,S
J0248-KR-DPT-S,J0248,J0248,Set,S
MEN5031-KR-M,MEN5031,MEN5031,kurta,M
JNE3736-KR-M,JNE3736,JNE3736,kurta,M
J0087-TP-XXXL,J0087,J0087,Top,3XL
SET147-KR-NP-XXXL,SET147,SET147,Set,3XL
JNE3658-TP-XL,JNE3658,JNE3658,Top,XL
J0105-KR-XXL,J0105,J0105,Western Dress,XXL
SET165-KR-PP-L,SET165,SET165,Set,L
J0395-DR-S,J0395,J0395,Western Dress,S
JNE3704-KR-XL,JNE3704,JNE3704,kurta,XL
J0042-DR-S,J0042,J0042,Western Dress,S
J0337-TP-XXXL,J0337,J0337,Top,3XL
J0205-TP-L,J0205,J0205,Top,L
SET004-KR-SP-XXXL,SET004,SET004,Set,3XL
J0076-SET-S,J0076,J0076,Set,S
J0020-SET-XXL,J0020,J0020,Set,XXL
BTM040-PP-XXXL,BTM040,BTM040,Bottom,3XL
J0186-SET-XL,J0186,J0186,Set,XL
JNE3581-KR-XXL,JNE3581,JNE3581,kurta,XXL
J0281-SKD-L,J0281,J0281,Set,L
JNE3823-KR-XXL,JNE3823,JNE3823,kurta,XXL
JNE3563-KR-M,JNE3563,JNE3563,kurta,M
SET409-KR-NP-L,SET409,SET409,Set,L
J0087-TP-L,J0087,J0087,Top,L
J0007-SKD-XXXL,J0007,J0007,Set,3XL
SET144-KR-NP-XXL,SET144,SET144,Set,XXL
JNE3473-KR-XXL,JNE3473,JNE3473,kurta,XXL
MEN5030-KR-XXL,MEN5030,MEN5030,kurta,XXL
J0010-LCD-XL,J0010,J0010,Set,XL
J0194-DR-XXL,J0194,J0194,Western Dress,XXL
JNE3783-KR-S,JNE3783,JNE3783,kurta,S
SET365-KR-NP-XXXL,SET365,SET365,Set,3XL
BL113-M,BL113,BL113,Blouse,M
J0207-DR-XS,J0207,J0207,Western Dress,XS
J0292-TP-S,J0292,J0292,Top,S
NW009-ST-CP-S,NW009,NW009,Set,S
BTM043-PP-S,BTM043,BTM043,Bottom,S
JNE3458-KR-S,JNE3458,JNE3458,kurta,S
JNE3506-KR-XXXL,JNE3506,JNE3506,kurta,3XL
J0251-SKD-L,J0251,J0251,Set,L
JNE3819-KR-XL,JNE3819,JNE3819,kurta,XL
JNE3542-KR-XL,JNE3542,JNE3542,kurta,XL
BL107-S,BL107,BL107,Blouse,S
SET320-KR-NP-XL,SET320,SET320,Set,XL
J0130-SET-L,J0130,J0130,Set,L
JNE3700-KR-XXL,JNE3700,JNE3700,kurta,XXL
JNE3792-KR-XXXL,JNE3792,JNE3792,kurta,3XL
SET433-KR-NP-XXXL,SET433,SET433,Set,3XL
JNE3715-KR-XXXL,JNE3715,JNE3715,kurta,3XL
JNE3435-KR-XXL,JNE3435,JNE3435,kurta,XXL
J0298-DR-S,J0298,J0298,Western Dress,S
J0220-BL-L,J0220,J0220,Blouse,L
JNE3426-KR-XS,JNE3426,JNE3426,kurta,XS
JNE2009-KR-310-XXL,JNE2009,JNE2009,kurta,XXL
SET369-KR-NP-M,SET369,SET369,Set,M
SET305-KR-DPT-L,SET305,SET305,Set,L
SET121-KR-NP-XXXL,SET121,SET121,Set,3XL
BTM033-NP-XXXL,BTM033,BTM033,Bottom,3XL
SET004-KR-SP-XL,SET004,SET004,Set,XL
NW032-ST-CP-XXXL,NW032,NW032,Set,3XL
SET330-KR-PP-XXL,SET330,SET330,Set,XXL
J0027-SET-XS,J0027,J0027,Set,XS
JNE3811-KR-XXXL,JNE3811,JNE3811,kurta,3XL
SET132-KR-NP-XXXL,SET132,SET132,Set,3XL
J0153-DR-XXL,J0153,J0153,Western Dress,XXL
SET186-KR-DH-XXXL,SET186,SET186,Set,3XL
J0140-SET-M,J0140,J0140,Set,M
NW014-ST-SR-XL,NW014,NW014,Set,XL
JNE3709-DR-XXL,JNE3709,JNE3709,Western Dress,XXL
JNE3452-KR-XXXL,JNE3452,JNE3452,kurta,3XL
JNE3780-KR-XXXL,JNE3780,JNE3780,kurta,3XL
JNE3656-TP-N-XXL,JNE3656,JNE3656,Top,XXL
JNE3559-KR-XS,JNE3559,JNE3559,kurta,XS
J0199-SET-XXL,J0199,J0199,Set,XXL
SET327-KR-DPT-XXL,SET327,SET327,Set,XXL
J0126-SKD-M,J0126,J0126,Set,M
J0040-SET-XXXL,J0040,J0040,Set,3XL
JNE3701-KR-L,JNE3701,JNE3701,kurta,L
JNE3816-KR-S,JNE3816,JNE3816,kurta,S
SET266-KR-NP-XS,SET266,SET266,Set,XS
JNE3806-KR-S,JNE3806,JNE3806,kurta,S
JNE3778-KR-XXXL,JNE3778,JNE3778,kurta,3XL
JNE3579-KR-XL,JNE3579,JNE3579,kurta,XL
JNE3616-KR-L,JNE3616,JNE3616,kurta,L
JNE3803-KR-XXL,JNE3803,JNE3803,kurta,XXL
JNE3834-KR-XL,JNE3834,JNE3834,kurta,XL
J0239-SKD-M,J0239,J0239,Set,M
J0375-SKD-XXXL,J0375,J0375,Set,3XL
J0130-SET-XL,J0130,J0130,Set,XL
J0025-DR-XL,J0025,J0025,Western Dress,XL
JNE3770-KR-XXXL,JNE3770,JNE3770,kurta,3XL
J0121-TP-L,J0121,J0121,Top,L
PJ0096-KR-N-6XL,PJ0096,PJ0096,kurta,6XL
J0203-TP-S,J0203,J0203,Top,S
SET365-KR-NP-XL,SET365,SET365,Set,XL
J0100-DR-XXXL,J0100,J0100,Western Dress,3XL
SET321-KR-DPT-M,SET321,SET321,Set,M
JNE3225-KR-XXL,JNE3225,JNE3225,kurta,XXL
J0380-SKD-XL,J0380,J0380,Set,XL
BL086-XXL,BL086,BL086,Blouse,XXL
J0139-KR-M,J0139,J0139,kurta,M
JNE3821-KR-XL,JNE3821,JNE3821,kurta,XL
BL086-XL,BL086,BL086,Blouse,XL
J0379-SKD-XL,J0379,J0379,Set,XL
J0149-KR-XS,J0149,J0149,kurta,XS
JNE3743-TP-XS,JNE3743,JNE3743,Top,XS
SET075-KR-DH-XXL,SET075,SET075,Set,XXL
SET139-KR-PP-S,SET139,SET139,Set,S
J0083-KR-L,J0083,J0083,kurta,L
MEN5018-KR-XXL,MEN5018,MEN5018,kurta,XXL
JNE3475-KR-K-XS,JNE3475,JNE3475,kurta,XS
J0329-KR-XL,J0329,J0329,kurta,XL
J0237-SKD-XL,J0237,J0237,Set,XL
SET085-KR-PT-S,SET085,SET085,Set,S
SET192-KR-NP-S,SET192,SET192,Set,S
SET203-KR-DPT-XS,SET203,SET203,Set,XS
JNE3480-KR-XS,JNE3480,JNE3480,kurta,XS
J0171-DR-L,J0171,J0171,Western Dress,L
J0145-SET-XS,J0145,J0145,Set,XS
J0101-DR-XXL,J0101,J0101,Ethnic Dress,XXL
SET308-KR-PP-L,SET308,SET308,Set,L
JNE3472-KR-S,JNE3472,JNE3472,kurta,S
JNE3817-KR-XL,JNE3817,JNE3817,kurta,XL
JNE3680-TU-XS,JNE3680,JNE3680,Top,XS
JNE3792-KR-XXL,JNE3792,JNE3792,kurta,XXL
BTM043-PP-XXL,BTM043,BTM043,Bottom,XXL
JNE3656-TP-N-S,JNE3656,JNE3656,Top,S
J0150-KR-L,J0150,J0150,kurta,L
J0033-KR-L,J0033,J0033,kurta,L
JNE3797-KR-A-L,JNE3797,JNE3797,Western Dress,L
SET078-KR-NP-XS,SET078,SET078,Set,XS
JNE3717-KR-M,JNE3717,JNE3717,kurta,M
JNE3860-DR-M,JNE3860,JNE3860,Western Dress,M
JNE3688-TU-M,JNE3688,JNE3688,Top,M
NW029-ST-SR-L,NW029,NW029,Set,L
J0001-DR-M,J0001,J0001,Ethnic Dress,M
JNE2266-KR-490-A-XXL,JNE2266,JNE2266,kurta,XXL
BL096-S,BL096,BL096,Blouse,S
J0281-SKD-M,J0281,J0281,Set,M
JNE3667-TP-XL,JNE3667,JNE3667,Top,XL
JNE3774-KR-XL,JNE3774,JNE3774,kurta,XL
BTM039-PP-XXL,BTM039,BTM039,Bottom,XXL
SET205-KR-DPT-A-XXL,SET205,SET205,Set,XXL
JNE3389-KR-A-M,JNE3389,JNE3389,kurta,M
JNE3786-KR-L,JNE3786,JNE3786,kurta,L
SET332-KR-PP-XXXL,SET332,SET332,Set,3XL
SAR024,SAR024,SAR024,Saree,Free
J0370-SKD-XL,J0370,J0370,Set,XL
BL109-XXL,BL109,BL109,Blouse,XXL
JNE3768-KR-M,JNE3768,JNE3768,kurta,M
JNE3425-KR-S,JNE3425,JNE3425,kurta,S
J0120-TP-S,J0120,J0120,Top,S
JNE3389-KR-A-L,JNE3389,JNE3389,kurta,L
JNE3667-TP-XXL,JNE3667,JNE3667,Top,XXL
JNE3578-KR-XXL,JNE3578,JNE3578,kurta,XXL
JNE3470-KR-XL,JNE3470,JNE3470,kurta,XL
JNE3895-TP-XXL,JNE3895,JNE3895,Top,XXL
JNE3443-KR-L,JNE3443,JNE3443,kurta,L
J0211-DR-XS,J0211,J0211,Ethnic Dress,XS
JNE3733-KR-XXL,JNE3733,JNE3733,kurta,XXL
SET024-KR-SP-A-M,SET024,SET024,kurta,M
JNE2113-KR-381-M,JNE2113,JNE2113,kurta,M
J0073-KR-XXXL,J0073,J0073,kurta,3XL
JNE3676-TU-XL,JNE3676,JNE3676,Top,XL
J0195-TP-M,J0195,J0195,Top,M
MEN5003-KR-S,MEN5003,MEN5003,kurta,S
JNE3821-KR-M,JNE3821,JNE3821,kurta,M
J0305-DR-XXL,J0305,J0305,Western Dress,XXL
J0395-DR-XXL,J0395,J0395,Western Dress,XXL
J0369-SKD-XXXL,J0369,J0369,Set,3XL
SET141-KR-NP-S,SET141,SET141,Set,S
JNE3648-TP-N-S,JNE3648,JNE3648,Top,S
AN213-BROWN-S,AN213,AN213,Bottom,S
JNE3753-KR-M,JNE3753,JNE3753,kurta,M
J0164-DR-XXXL,J0164,J0164,Ethnic Dress,3XL
J0300-TP-L,J0300,J0300,Top,L
SET206-KR-PP-S,SET206,SET206,Set,S
JNE3684-TU-S,JNE3684,JNE3684,Top,S
J0332-DR-XXXL,J0332,J0332,Western Dress,3XL
J0353-KR-S,J0353,J0353,kurta,S
JNE3667-TP-L,JNE3667,JNE3667,Top,L
BTM036-PP-S,BTM036,BTM036,Bottom,S
SET257-KR-PP-M,SET257,SET257,Set,M
J0114-TP-S,J0114,J0114,Top,S
NW033-ST-CP-XS,NW033,NW033,Set,XS
JNE3835-KR-M,JNE3835,JNE3835,kurta,M
JNE3777-KR-M,JNE3777,JNE3777,kurta,M
SET243-KR-PP-XXXL,SET243,SET243,Set,3XL
JNE3628-KR-XL,JNE3628,JNE3628,kurta,XL
J0238-LCD-XL,J0238,J0238,Set,XL
J0216-BL-XXL,J0216,J0216,Blouse,XXL
J0152-DR-XS,J0152,J0152,Western Dress,XS
JNE3376-KR-S,JNE3376,JNE3376,kurta,S
JNE3528-KR-XL,JNE3528,JNE3528,kurta,XL
JNE2251-KR-537-C-XXL,JNE2251,JNE2251,kurta,XXL
J0304-TP-XXXL,J0304,J0304,Top,3XL
SET132-KR-NP-XXL,SET132,SET132,Set,XXL
JNE3745-KR-XL,JNE3745,JNE3745,kurta,XL
J0371-SKD-S,J0371,J0371,Set,S
J0297-TP-XXXL,J0297,J0297,Top,3XL
AN202-ORANGE-S,AN202,AN202,Bottom,S
JNE3836-KR-S,JNE3836,JNE3836,kurta,S
SET100-KR-PP-XXXL,SET100,SET100,Set,3XL
J0086-DR-XL,J0086,J0086,Ethnic Dress,XL
J0072-KR-XXL,J0072,J0072,kurta,XXL
J0102-SKD-L,J0102,J0102,Set,L
SET253-KR-NP-XL,SET253,SET253,Set,XL
J0074-TP-S,J0074,J0074,Top,S
J0242-SKD-S,J0242,J0242,Set,S
J0005-DR-M,J0005,J0005,Western Dress,M
JNE2049-KR-351-XXXL1,JNE2049,JNE2049,kurta,3XL
J0005-DR-XS,J0005,J0005,Western Dress,XS
JNE3616-KR-XXXL,JNE3616,JNE3616,kurta,3XL
J0077-SKD-XXXL,J0077,J0077,Set,3XL
J0195-TP-S,J0195,J0195,Top,S
SET254-KR-NP-XL,SET254,SET254,Set,XL
JNE3856-KR-S,JNE3856,JNE3856,kurta,S
J0034-SET-XL,J0034,J0034,Set,XL
J0084-TP-S,J0084,J0084,Top,S
NW027-TP-PJ-XS,NW027,NW027,Set,XS
J0282-SET-XXL,J0282,J0282,Set,XXL
J0157-DR-L,J0157,J0157,Western Dress,L
J0085-TP-XXXL,J0085,J0085,Top,3XL
JNE3602-KR-S,JNE3602,JNE3602,kurta,S
J0023-TP-XL,J0023,J0023,Top,XL
SAR096,SAR096,SAR096,Saree,Free
SET266-KR-NP-XXXL,SET266,SET266,Set,3XL
JNE3518-KR-XS,JNE3518,JNE3518,kurta,XS
JNE3503-KR-XXL,JNE3503,JNE3503,kurta,XXL
SET218-KR-NP-M,SET218,SET218,Set,M
J0304-TP-XL,J0304,J0304,Top,XL
J0029-KR-S,J0029,J0029,kurta,S
J0038-DR-XXXL,J0038,J0038,Ethnic Dress,3XL
J0105-KR-XXXL,J0105,J0105,Western Dress,3XL
NW035-ST-CP-XXXL,NW035,NW035,Set,3XL
SET346-KR-PP-XXL,SET346,SET346,Set,XXL
J0138-KR-XS,J0138,J0138,kurta,XS
J0129-SET-S,J0129,J0129,Set,S
J0167-KR-XXL,J0167,J0167,kurta,XXL
J0329-KR-S,J0329,J0329,kurta,S
SET257-KR-PP-XL,SET257,SET257,Set,XL
J0123-TP-XL,J0123,J0123,Top,XL
J0398-DR-XXL,J0398,J0398,Western Dress,XXL
SET334-KR-NP-XS,SET334,SET334,Set,XS
J0011-LCD-XL,J0011,J0011,Set,XL
J0175-KR-M,J0175,J0175,kurta,M
J0038-DR-S,J0038,J0038,Ethnic Dress,S
J0016-DR-XS,J0016,J0016,Western Dress,XS
AN208-MUSTARD-M,AN208,AN208,Bottom,M
JNE3449-KR-XS,JNE3449,JNE3449,kurta,XS
J0226-SKD-XXXL,J0226,J0226,Set,3XL
MEN5014-KR-S,MEN5014,MEN5014,kurta,S
J0197-TP-XL,J0197,J0197,Top,XL
JNE3689-TU-M,JNE3689,JNE3689,Top,M
SET326-KR-PP-XS,SET326,SET326,Set,XS
JNE3396-KR-S,JNE3396,JNE3396,kurta,S
JNE3729-KR-S,JNE3729,JNE3729,kurta,S
J0111-TP-XS,J0111,J0111,Top,XS
SET297-KR-NP-XXXL,SET297,SET297,Set,3XL
BTM041-PP-XS,BTM041,BTM041,Bottom,XS
J0245-SKD-XL,J0245,J0245,Set,XL
SET244-KR-NP-XL,SET244,SET244,Set,XL
J0026-KR-XS,J0026,J0026,kurta,XS
NW022-TP-PJ-XXXL,NW022,NW022,Set,3XL
JNE3750-KR-S,JNE3750,JNE3750,kurta,S
JNE3030-KR-XL,JNE3030,JNE3030,kurta,XL
JNE3766-KR-S,JNE3766,JNE3766,kurta,S
NW027-TP-PJ-XL,NW027,NW027,Set,XL
JNE3702-KR-XS,JNE3702,JNE3702,kurta,XS
JNE3670-TU-XXXL,JNE3670,JNE3670,Top,3XL
SET048-KR-NP-XL,SET048,SET048,Set,XL
SET186-KR-DH-XL,SET186,SET186,Set,XL
JNE3564-KR-XL,JNE3564,JNE3564,kurta,XL
JNE3856-KR-L,JNE3856,JNE3856,kurta,L
J0155-KR-XL,J0155,J0155,kurta,XL
JNE3666-TP-S,JNE3666,JNE3666,Top,S
J0134-SET-XXXL,J0134,J0134,Set,3XL
JNE3669-TU-XL,JNE3669,JNE3669,Top,XL
JNE3796-KR-M,JNE3796,JNE3796,kurta,M
BTM041-PP-XXL,BTM041,BTM041,Bottom,XXL
J0091-TP-M,J0091,J0091,Top,M
SET242-KR-PP-M,SET242,SET242,Set,M
NW013-ST-SR-XS,NW013,NW013,Set,XS
JNE3838-KR-XXL,JNE3838,JNE3838,kurta,XXL
J0140-SET-L,J0140,J0140,Set,L
JNE3816-KR-XXL,JNE3816,JNE3816,kurta,XXL
NW027-TP-PJ-XXXL,NW027,NW027,Set,3XL
JNE3666-TP-XS,JNE3666,JNE3666,Top,XS
J0159-DR-M,J0159,J0159,Western Dress,M
NW024-TP-PJ-XXXL,NW024,NW024,Set,3XL
SET307-KR-DPT-XS,SET307,SET307,Set,XS
JNE3856-KR-XL,JNE3856,JNE3856,kurta,XL
JNE3616-KR-XXL,JNE3616,JNE3616,kurta,XXL
J0280-SKD-XXXL,J0280,J0280,Set,3XL
JNE2262-KR-569-S,JNE2262,JNE2262,kurta,S
J0189-TP-S,J0189,J0189,Top,S
SET274-KR-PP-XXXL,SET274,SET274,Set,3XL
JNE3836-KR-XS,JNE3836,JNE3836,kurta,XS
NW038-ST-SR-XL,NW038,NW038,Set,XL
JNE3838-KR-XXXL,JNE3838,JNE3838,kurta,3XL
SET192-KR-NP-M,SET192,SET192,Set,M
J0057-DR-XS,J0057,J0057,Ethnic Dress,XS
J0300-TP-S,J0300,J0300,Top,S
SET408-KR-NP-XS,SET408,SET408,Set,XS
JNE3539-KR-XS,JNE3539,JNE3539,kurta,XS
SET351-KR-NP-XS,SET351,SET351,Set,XS
SET251-KR-PP-XL,SET251,SET251,Set,XL
JNE3420-KR-XXL,JNE3420,JNE3420,kurta,XXL
JNE3676-TU-XXL,JNE3676,JNE3676,Top,XXL
JNE3833-KR-XL,JNE3833,JNE3833,kurta,XL
JNE3550-KR-XS,JNE3550,JNE3550,kurta,XS
SET401-KR-NP-XXL,SET401,SET401,Set,XXL
NW028-TP-PJ-L,NW028,NW028,Set,L
MEN5030-KR-S,MEN5030,MEN5030,kurta,S
J0133-KR-XXL,J0133,J0133,kurta,XXL
SET307-KR-DPT-XL,SET307,SET307,Set,XL
J0240-SKD-M,J0240,J0240,Set,M
JNE3676-TU-M,JNE3676,JNE3676,Top,M
JNE3683-TU-S,JNE3683,JNE3683,Top,S
BTM026-NP-L,BTM026,BTM026,Bottom,L
SET353-KR-NP-XS,SET353,SET353,Set,XS
J0229-SKD-XXL,J0229,J0229,Set,XXL
J0378-SKD-XXXL,J0378,J0378,Set,3XL
J0284-SKD-XS,J0284,J0284,Set,XS
SET138-KR-PP-S,SET138,SET138,Set,S
SET336-KR-NP-XS,SET336,SET336,Set,XS
JNE3807-KR-XL,JNE3807,JNE3807,kurta,XL
SET402-KR-NP-XL,SET402,SET402,Set,XL
JNE3763-KR-S,JNE3763,JNE3763,kurta,S
SAR051,SAR051,SAR051,Saree,Free
J0100-DR-XS,J0100,J0100,Western Dress,XS
JNE2032-KR-205-XS,JNE2032,JNE2032,kurta,XS
SAR023,SAR023,SAR023,Saree,Free
SET340-KR-NP-XS,SET340,SET340,Set,XS
BTM042-PP-XL,BTM042,BTM042,Bottom,XL
J0375-SKD-M,J0375,J0375,Set,M
NW024-TP-PJ-M,NW024,NW024,Set,M
SET055-KR-NP-XXXL,SET055,SET055,Set,3XL
BL113-XL,BL113,BL113,Blouse,XL
SET210-KR-PP-M,SET210,SET210,Set,M
JNE3683-TU-XL,JNE3683,JNE3683,Top,XL
J0304-TP-XXL,J0304,J0304,Top,XXL
JNE3783-KR-M,JNE3783,JNE3783,kurta,M
JNE3470-KR-S,JNE3470,JNE3470,kurta,S
JNE3445-KR-L,JNE3445,JNE3445,kurta,L
J0240-SKD-XS,J0240,J0240,Set,XS
JNE3798-KR-A-XL,JNE3798,JNE3798,Western Dress,XL
MEN5010-KR-XXL,MEN5010,MEN5010,kurta,XXL
JNE3276-KR-XXL,JNE3276,JNE3276,kurta,XXL
JNE3797-KR-A-XS,JNE3797,JNE3797,Western Dress,XS
JNE3644-TP-N-XXL,JNE3644,JNE3644,Top,XXL
J0233-SKD-XXL,J0233,J0233,Set,XXL
SET128-KR-DH-XS,SET128,SET128,Set,XS
JNE3790-KR-S,JNE3790,JNE3790,kurta,S
JNE3870-DR-XS,JNE3870,JNE3870,Western Dress,XS
J0110-SKD-XXL,J0110,J0110,Set,XXL
JNE3446-KR-XXXL,JNE3446,JNE3446,kurta,3XL
J0080-TP-XXL,J0080,J0080,Top,XXL
JNE3698-KR-S,JNE3698,JNE3698,kurta,S
JNE3640-TP-N-S,JNE3640,JNE3640,Top,S
SET128-KR-DH-S,SET128,SET128,Set,S
J0350-SET-L,J0350,J0350,Set,L
J0091-TP-L,J0091,J0091,Top,L
JNE2049-KR-351-XL,JNE2049,JNE2049,kurta,XL
JNE3581-KR-XL,JNE3581,JNE3581,kurta,XL
J0348-SET-XXL,J0348,J0348,Set,XXL
J0153-DR-XS,J0153,J0153,Western Dress,XS
JNE3538-KR-XS,JNE3538,JNE3538,kurta,XS
JNE3622-KR-XS,JNE3622,JNE3622,kurta,XS
JNE2266-KR-490-A-S,JNE2266,JNE2266,kurta,S
JNE3458-KR-XS,JNE3458,JNE3458,kurta,XS
JNE3769-KR-XL,JNE3769,JNE3769,kurta,XL
J0001-DR-XS,J0001,J0001,Ethnic Dress,XS
J0336-TP-XS,J0336,J0336,Top,XS
JNE3661-TP-XS,JNE3661,JNE3661,Top,XS
JNE3445-KR-XL,JNE3445,JNE3445,kurta,XL
J0085-TP-XS,J0085,J0085,Top,XS
JNE3748-KR-XS,JNE3748,JNE3748,kurta,XS
AN201-RED-M,AN201,AN201,Bottom,M
SET195-KR-NP-A-XL,SET195,SET195,Set,XL
J0014-LCD-XXXL,J0014,J0014,Set,3XL
J0375-SKD-L,J0375,J0375,Set,L
J0163-SKD-L,J0163,J0163,Set,L
JNE3725-KR-XL,JNE3725,JNE3725,kurta,XL
SET179-KR-PP-XXL,SET179,SET179,Set,XXL
NW016-ST-SR-XXL,NW016,NW016,Set,XXL
AN208-MUSTARD-XL,AN208,AN208,Bottom,XL
SAR034,SAR034,SAR034,Saree,Free
JNE3763-KR-M,JNE3763,JNE3763,kurta,M
SET004-KR-SP-A-XL,SET004,SET004,Set,XL
SET317-KR-PP-S,SET317,SET317,Set,S
JNE3446-KR-XL,JNE3446,JNE3446,kurta,XL
J0294-TP-XXL,J0294,J0294,Top,XXL
JNE3688-TU-XXXL,JNE3688,JNE3688,Top,3XL
SET097-KR-PP-XL,SET097,SET097,Set,XL
JNE3661-TP-XXL,JNE3661,JNE3661,Top,XXL
SET253-KR-NP-XXL,SET253,SET253,Set,XXL
JNE3774-KR-XXL,JNE3774,JNE3774,kurta,XXL
J0319-KR-L,J0319,J0319,kurta,L
SET004-KR-SP-M,SET004,SET004,Set,M
SET390-KR-NP-XXL,SET390,SET390,Set,XXL
JNE3471-KR-XXL,JNE3471,JNE3471,kurta,XXL
JNE3717-KR-S,JNE3717,JNE3717,kurta,S
SET325-KR-NP-XXL,SET325,SET325,Set,XXL
BL102-L,BL102,BL102,Blouse,L
JNE3758-KR-XS,JNE3758,JNE3758,kurta,XS
J0120-TP-XXL,J0120,J0120,Top,XXL
SET390-KR-NP-XS,SET390,SET390,Set,XS
SET300-KR-NP-S,SET300,SET300,Set,S
AN206-GREEN-M,AN206,AN206,Bottom,M
JNE3724-KR-XS,JNE3724,JNE3724,kurta,XS
J0198-TP-XXL,J0198,J0198,Top,XXL
JNE3856-KR-M,JNE3856,JNE3856,kurta,M
J0112-TP-XS,J0112,J0112,Top,XS
JNE2009-KR-310-L,JNE2009,JNE2009,kurta,L
J0122-TP-L,J0122,J0122,Top,L
JNE3323-KR-A-XXXL,JNE3323,JNE3323,kurta,3XL
SET303-KR-NP-XXXL,SET303,SET303,Set,3XL
JNE3539-KR-XXL,JNE3539,JNE3539,kurta,XXL
JNE3757-KR-XXXL,JNE3757,JNE3757,kurta,3XL
J0199-SET-XL,J0199,J0199,Set,XL
J0278-SET-XL,J0278,J0278,Set,XL
SET186-KR-DH-XXL,SET186,SET186,Set,XXL
JNE3766-KR-XXL,JNE3766,JNE3766,kurta,XXL
SET306-KR-PP-XXXL,SET306,SET306,Set,3XL
SET254-KR-NP-XXXL,SET254,SET254,Set,3XL
BL113-XS,BL113,BL113,Blouse,XS
J0176-TP-S,J0176,J0176,Top,S
BL104-XL,BL104,BL104,Blouse,XL
J0187-KR-XL,J0187,J0187,kurta,XL
SET185-KR-NP-XXL,SET185,SET185,Set,XXL
JNE3574-KR-S,JNE3574,JNE3574,kurta,S
MEN5001-KR-S,MEN5001,MEN5001,kurta,S
JNE3885-KR-L,JNE3885,JNE3885,kurta,L
JNE3615-KR-XS,JNE3615,JNE3615,kurta,XS
J0112-TP-M,J0112,J0112,Top,M
J0085-TP-XL,J0085,J0085,Top,XL
JNE3452-KR-S,JNE3452,JNE3452,kurta,S
JNE3797-KR-A-S,JNE3797,JNE3797,Western Dress,S
BL015-63PINK,BL015,BL015,Blouse,Free
SET343-KR-NP-XXXL,SET343,SET343,Set,3XL
JNE3743-TP-S,JNE3743,JNE3743,Top,S
JNE3615-KR-XXXL,JNE3615,JNE3615,kurta,3XL
SAR107,SAR107,SAR107,Saree,Free
BTM044-PP-XXXL,BTM044,BTM044,Bottom,3XL
BTM047-PP-XXXL,BTM047,BTM047,Bottom,3XL
JNE3800-KR-A-XXXL,JNE3800,JNE3800,Western Dress,3XL
NW032-ST-CP-L,NW032,NW032,Set,L
SET275-KR-NP-L,SET275,SET275,Set,L
BL079-87RED,BL079,BL079,Blouse,Free
CH204-PURPLE-S,CH204,CH204,Bottom,S
JNE3663-TP-M,JNE3663,JNE3663,Top,M
BTM040-PP-XL,BTM040,BTM040,Bottom,XL
SET204-KR-DPT-L,SET204,SET204,Set,L
JNE3796-KR-XL,JNE3796,JNE3796,kurta,XL
JNE3541-KR-S,JNE3541,JNE3541,kurta,S
NW013-ST-SR-XL,NW013,NW013,Set,XL
NW009-ST-CP-XL,NW009,NW009,Set,XL
J0147-SET-L,J0147,J0147,Set,L
JNE3548-KR-M,JNE3548,JNE3548,kurta,M
JNE3403-KR-M,JNE3403,JNE3403,kurta,M
JNE3276-KR-XXXL,JNE3276,JNE3276,kurta,3XL
J0371-SKD-XXXL,J0371,J0371,Set,3XL
JNE3515-KR-S,JNE3515,JNE3515,kurta,S
JNE3434-KR-L,JNE3434,JNE3434,kurta,L
J0232-SKD-S,J0232,J0232,Set,S
J0245-SKD-XXXL,J0245,J0245,Set,3XL
JNE3820-KR-M,JNE3820,JNE3820,kurta,M
JNE3544-KR-S,JNE3544,JNE3544,kurta,S
JNE3726-KR-S,JNE3726,JNE3726,kurta,S
J0238-LCD-L,J0238,J0238,Set,L
J0151-KR-XS,J0151,J0151,kurta,XS
JNE3530-KR-XXXL,JNE3530,JNE3530,kurta,3XL
JNE3606-KR-S,JNE3606,JNE3606,kurta,S
SET394-KR-NP-XXL,SET394,SET394,Set,XXL
SET147-KR-NP-XXL,SET147,SET147,Set,XXL
JNE3752-KR-S,JNE3752,JNE3752,kurta,S
JNE3820-KR-XL,JNE3820,JNE3820,kurta,XL
SET097-KR-PP-L,SET097,SET097,Set,L
JNE3434-KR-XXL,JNE3434,JNE3434,kurta,XXL
JNE3531-KR-XL,JNE3531,JNE3531,kurta,XL
JNE3744-TU-M,JNE3744,JNE3744,Top,M
J0103-SKD-XXL,J0103,J0103,Set,XXL
J0027-SET-S,J0027,J0027,Set,S
JNE3516-KR-E-XXL,JNE3516,JNE3516,kurta,XXL
J0033-KR-XS,J0033,J0033,kurta,XS
SET188-KR-NP-XL,SET188,SET188,Set,XL
JNE3618-KR-XXXL,JNE3618,JNE3618,kurta,3XL
SET165-KR-PP-XS,SET165,SET165,Set,XS
JNE3680-TU-XL,JNE3680,JNE3680,Top,XL
JNE3789-KR-XL,JNE3789,JNE3789,kurta,XL
JNE3719-KR-XS,JNE3719,JNE3719,kurta,XS
JNE3693-KR-XXL,JNE3693,JNE3693,kurta,XXL
JNE3273-KR-M,JNE3273,JNE3273,kurta,M
SET097-KR-PP-XXL,SET097,SET097,Set,XXL
SET097-KR-PP-XXXL,SET097,SET097,Set,3XL
J0122-TP-XS,J0122,J0122,Top,XS
JNE3679-TU-S,JNE3679,JNE3679,Top,S
PJNE3404-KR-N-4XL,PJNE3404,PJNE3404,kurta,4XL
JNE3752-KR-XXL,JNE3752,JNE3752,kurta,XXL
PJNE3440-KR-N-6XL,PJNE3440,PJNE3440,kurta,6XL
JNE3635-KR-XXXL,JNE3635,JNE3635,kurta,3XL
PJNE2014-KR-N-6XL,PJNE2014,PJNE2014,kurta,6XL
PJNE3568-KR-N-4XL,PJNE3568,PJNE3568,kurta,4XL
JNE3475-KR-K-L,JNE3475,JNE3475,kurta,L
J0199-SET-XS,J0199,J0199,Set,XS
BL107-XL,BL107,BL107,Blouse,XL
JNE3539-KR-XXXL,JNE3539,JNE3539,kurta,3XL
JNE3738-KR-XXL,JNE3738,JNE3738,kurta,XXL
BTM039-PP-XS,BTM039,BTM039,Bottom,XS
PJNE3364-KR-5XL,PJNE3364,PJNE3364,kurta,5XL
PJNE3364-KR-6XL,PJNE3364,PJNE3364,kurta,6XL
PJNE3568-KR-N-5XL,PJNE3568,PJNE3568,kurta,5XL
AN202-ORANGE-M,AN202,AN202,Bottom,M
JNE3722-KR-XS,JNE3722,JNE3722,kurta,XS
PJNE3423-KR-N-4XL,PJNE3423,PJNE3423,kurta,4XL
JNE3466-KR-S,JNE3466,JNE3466,kurta,S
MEN5012-KR-S,MEN5012,MEN5012,kurta,S
PJNE2199-KR-N-5XL,PJNE2199,PJNE2199,kurta,5XL
SET153-KR-NP-XXL,SET153,SET153,Set,XXL
JNE3800-KR-A-XXL,JNE3800,JNE3800,Western Dress,XXL
JNE3823-KR-XL,JNE3823,JNE3823,kurta,XL
PJNE2014-KR-N-4XL,PJNE2014,PJNE2014,kurta,4XL
AN209-BIEGE-XL,AN209,AN209,Bottom,XL
J0162-SKD-XS,J0162,J0162,Set,XS
SET376-KR-NP-L,SET376,SET376,Set,L
J0178-TP-XXL,J0178,J0178,Top,XXL
SET004-KR-SP-A-M,SET004,SET004,Set,M
PSET268-KR-NP-6XL,PSET268,PSET268,Set,6XL
JNE3629-KR-S,JNE3629,JNE3629,kurta,S
JNE3415-KR-XL,JNE3415,JNE3415,kurta,XL
MEN5027-KR-XXXL,MEN5027,MEN5027,kurta,3XL
PJNE2100-KR-N-4XL,PJNE2100,PJNE2100,kurta,4XL
J0183-TP-XS,J0183,J0183,Top,XS
JNE3727-KR-M,JNE3727,JNE3727,kurta,M
SET327-KR-DPT-XS,SET327,SET327,Set,XS
SET053-KR-NP-XL,SET053,SET053,Set,XL
PJNE1906-KR-N-5XL,PJNE1906,PJNE1906,kurta,5XL
PJNE3440-KR-N-4XL,PJNE3440,PJNE3440,kurta,4XL
PJNE2014-KR-N-5XL,PJNE2014,PJNE2014,kurta,5XL
SET232-KR-PP-M,SET232,SET232,Set,M
SET004-KR-SP-A-XXL,SET004,SET004,Set,XXL
PJNE3373-KR-N-5XL,PJNE3373,PJNE3373,kurta,5XL
PSET264-KR-NP-4XL,PSET264,PSET264,Set,4XL
PJNE3368-KR-4XL,PJNE3368,PJNE3368,kurta,4XL
JNE3769-KR-XXXL,JNE3769,JNE3769,kurta,3XL
SET034-KR-NP-XXXL,SET034,SET034,Set,3XL
SET210-KR-PP-S,SET210,SET210,Set,S
JNE3833-KR-S,JNE3833,JNE3833,kurta,S
SET138-KR-PP-XL,SET138,SET138,Set,XL
J0226-SKD-XS,J0226,J0226,Set,XS
JNE3630-KR-XL,JNE3630,JNE3630,kurta,XL
JNE3686-TU-XXL,JNE3686,JNE3686,Top,XXL
JNE3732-KR-XL,JNE3732,JNE3732,kurta,XL
JNE3789-KR-XXL,JNE3789,JNE3789,kurta,XXL
JNE3657-TP-XXL,JNE3657,JNE3657,Top,XXL
SET297-KR-NP-L,SET297,SET297,Set,L
SET091-KR-NP-S,SET091,SET091,Set,S
J0028-KR-S,J0028,J0028,kurta,S
J0103-SKD-XS,J0103,J0103,Set,XS
JNE3531-KR-M,JNE3531,JNE3531,kurta,M
MEN5028-KR-XXXL,MEN5028,MEN5028,kurta,3XL
SET346-KR-PP-S,SET346,SET346,Set,S
JNE3878-KR-XXL,JNE3878,JNE3878,kurta,XXL
PSET264-KR-NP-6XL,PSET264,PSET264,Set,6XL
MEN5012-KR-XXXL,MEN5012,MEN5012,kurta,3XL
J0141-KR-XXL,J0141,J0141,kurta,XXL
JNE3813-KR-S,JNE3813,JNE3813,kurta,S
PJNE3404-KR-N-6XL,PJNE3404,PJNE3404,kurta,6XL
PJNE3607-KR-4XL,PJNE3607,PJNE3607,kurta,4XL
SET034-KR-NP-XXL,SET034,SET034,Set,XXL
JNE3466-KR-XXL,JNE3466,JNE3466,kurta,XXL
PSET043-KR-NP-6XL,PSET043,PSET043,Set,6XL
J0001-DR-XL,J0001,J0001,Ethnic Dress,XL
J0001-DR-L,J0001,J0001,Ethnic Dress,L
JNE3706-DR-XS,JNE3706,JNE3706,Western Dress,XS
PJNE3399-KR-N-5XL,PJNE3399,PJNE3399,kurta,5XL
MEN5013-KR-XXXL,MEN5013,MEN5013,kurta,3XL
BTM042-PP-M,BTM042,BTM042,Bottom,M
J0355-KR-XXL,J0355,J0355,kurta,XXL
SET242-KR-PP-XS,SET242,SET242,Set,XS
JNE3676-TU-XS,JNE3676,JNE3676,Top,XS
JNE3563-KR-XXL,JNE3563,JNE3563,kurta,XXL
JNE3401-KR-XXL,JNE3401,JNE3401,kurta,XXL
JNE3457-KR-L,JNE3457,JNE3457,kurta,L
PJNE3423-KR-N-5XL,PJNE3423,PJNE3423,kurta,5XL
J0131-KR-XL,J0131,J0131,kurta,XL
J0033-KR-M,J0033,J0033,kurta,M
SET321-KR-DPT-L,SET321,SET321,Set,L
J0077-SKD-XL,J0077,J0077,Set,XL
BTM043-PP-XL,BTM043,BTM043,Bottom,XL
JNE3364-KR-1051-XXXL,JNE3364,JNE3364,kurta,3XL
J0085-TP-M,J0085,J0085,Top,M
J0299-KR-XL,J0299,J0299,kurta,XL
J0044-TP-XS,J0044,J0044,Top,XS
SET305-KR-DPT-XXXL,SET305,SET305,Set,3XL
JNE3545-KR-M,JNE3545,JNE3545,kurta,M
JNE3654-TP-S,JNE3654,JNE3654,Top,S
JNE3766-KR-XS,JNE3766,JNE3766,kurta,XS
J0184-KR-M,J0184,J0184,kurta,M
BTM033-NP-XXL,BTM033,BTM033,Bottom,XXL
SET037-KR-NP-S,SET037,SET037,Set,S
SET334-KR-NP-XXXL,SET334,SET334,Set,3XL
SET153-KR-NP-XXXL,SET153,SET153,Set,3XL
JNE3504-KR-S,JNE3504,JNE3504,kurta,S
JNE3885-KR-XXL,JNE3885,JNE3885,kurta,XXL
JNE3625-DR-XXXL,JNE3625,JNE3625,Western Dress,3XL
PJNE3405-KR-N-6XL,PJNE3405,PJNE3405,kurta,6XL
JNE3279-KR-A-XXL,JNE3279,JNE3279,kurta,XXL
JNE3515-KR-L,JNE3515,JNE3515,kurta,L
J0058-DR-XS,J0058,J0058,Ethnic Dress,XS
J0214-TP-S,J0214,J0214,Top,S
PJNE3568-KR-N-6XL,PJNE3568,PJNE3568,kurta,6XL
JNE3313-KR-A-M,JNE3313,JNE3313,kurta,M
PJNE3423-KR-N-6XL,PJNE3423,PJNE3423,kurta,6XL
SET245-KR-NP-XS,SET245,SET245,Set,XS
JNE3767-KR-M,JNE3767,JNE3767,kurta,M
J0074-TP-XL,J0074,J0074,Top,XL
PJNE2270-KR-N-4XL,PJNE2270,PJNE2270,kurta,4XL
PJNE3405-KR-N-4XL,PJNE3405,PJNE3405,kurta,4XL
JNE3574-KR-XL,JNE3574,JNE3574,kurta,XL
J0202-TP-XXXL,J0202,J0202,Top,3XL
J0370-SKD-XXL,J0370,J0370,Set,XXL
J0329-KR-XXL,J0329,J0329,kurta,XXL
J0161-DR-XXL,J0161,J0161,Western Dress,XXL
AN205-YELLOW-S,AN205,AN205,Bottom,S
SET204-KR-DPT-S,SET204,SET204,Set,S
JNE3686-TU-XS,JNE3686,JNE3686,Top,XS
PSET043-KR-NP-4XL,PSET043,PSET043,Set,4XL
JNE3428-KR-XL,JNE3428,JNE3428,kurta,XL
J0351-SET-M,J0351,J0351,Set,M
JNE3539-KR-XL,JNE3539,JNE3539,kurta,XL
J0133-KR-A-M,J0133,J0133,kurta,M
PJNE3363-KR-N-5XL,PJNE3363,PJNE3363,kurta,5XL
J0355-KR-XL,J0355,J0355,kurta,XL
JNE3323-KR-S,JNE3323,JNE3323,kurta,S
JNE3474-KR-E-L,JNE3474,JNE3474,kurta,L
J0347-SET-XS,J0347,J0347,Set,XS
SET194-KR-NP-S,SET194,SET194,Set,S
JNE3823-KR-XS,JNE3823,JNE3823,kurta,XS
SET131-KR-NP-A-S,SET131,SET131,Set,S
J0375-SKD-XL,J0375,J0375,Set,XL
PJNE3363-KR-N-4XL,PJNE3363,PJNE3363,kurta,4XL
J0181-TP-XL,J0181,J0181,Top,XL
BL110-M,BL110,BL110,Blouse,M
J0034-SET-XS,J0034,J0034,Set,XS
J0136-KR-XS,J0136,J0136,kurta,XS
JNE3680-TU-A-L,JNE3680,JNE3680,Top,L
J0044-TP-S,J0044,J0044,Top,S
SET172-KR-PP-B-XXXL,SET172,SET172,Set,3XL
JNE2101-KR-210-L,JNE2101,JNE2101,kurta,L
PSET058-KR-NP-4XL,PSET058,PSET058,Set,4XL
J0229-SKD-S,J0229,J0229,Set,S
JNE3741-KR-XS,JNE3741,JNE3741,kurta,XS
JNE3769-KR-S,JNE3769,JNE3769,kurta,S
JNE3798-KR-A-M,JNE3798,JNE3798,Western Dress,M
SET130-KR-NP-XL,SET130,SET130,Set,XL
JNE3323-KR-L,JNE3323,JNE3323,kurta,L
JNE3668-TP-N-XXL,JNE3668,JNE3668,Top,XXL
SET058-KR-NP-XXXL,SET058,SET058,Set,3XL
J0346-SET-S,J0346,J0346,Set,S
J0228-SKD-L,J0228,J0228,Set,L
J0033-KR-XL,J0033,J0033,kurta,XL
J0166-DR-M,J0166,J0166,Western Dress,M
JNE3252-KR-XXXL,JNE3252,JNE3252,kurta,3XL
BL104-XS,BL104,BL104,Blouse,XS
J0242-SKD-M,J0242,J0242,Set,M
J0062-DR-XXL,J0062,J0062,Western Dress,XXL
JNE2086-KR-389-S,JNE2086,JNE2086,kurta,S
SET112-KR-SP-XS,SET112,SET112,Set,XS
SET306-KR-PP-XL,SET306,SET306,Set,XL
JNE3669-TU-XXXL,JNE3669,JNE3669,Top,3XL
JNE3608-KR-XXXL,JNE3608,JNE3608,kurta,3XL
J0178-TP-L,J0178,J0178,Top,L
JNE3389-KR-A-XXL,JNE3389,JNE3389,kurta,XXL
SET270-KR-PP-L,SET270,SET270,Set,L
J0138-KR-M,J0138,J0138,kurta,M
J0077-SKD-XS,J0077,J0077,Set,XS
JNE3785-KR-XS,JNE3785,JNE3785,kurta,XS
JNE3429-KR-XXL,JNE3429,JNE3429,kurta,XXL
SET193-KR-NP-A-XXXL,SET193,SET193,Set,3XL
J0093-DR-M,J0093,J0093,Ethnic Dress,M
SET136-KR-PP-L,SET136,SET136,Set,L
J0147-SET-XXXL,J0147,J0147,Set,3XL
JNE3441-KR-E-M,JNE3441,JNE3441,kurta,M
J0112-TP-XL,J0112,J0112,Top,XL
JNE3571-KR-XL,JNE3571,JNE3571,kurta,XL
J0171-DR-XL,J0171,J0171,Western Dress,XL
J0075-KR-M,J0075,J0075,kurta,M
NW004-TP-PJ-S,NW004,NW004,Set,S
PSET268-KR-NP-5XL,PSET268,PSET268,Set,5XL
PJNE1906-KR-N-4XL,PJNE1906,PJNE1906,kurta,4XL
JNE3817-KR-XXXL,JNE3817,JNE3817,kurta,3XL
JNE3895-TP-L,JNE3895,JNE3895,Top,L
SET413-KR-NP-XXXL,SET413,SET413,Set,3XL
BL050-83RED-A,BL050,BL050,Blouse,Free
JNE3491-KR-XXXL,JNE3491,JNE3491,kurta,3XL
J0073-KR-XL,J0073,J0073,kurta,XL
J0180-DR-XXXL,J0180,J0180,Western Dress,3XL
J0104-KR-XL,J0104,J0104,kurta,XL
BTM037-PP-XL,BTM037,BTM037,Bottom,XL
SET147-KR-NP-M,SET147,SET147,Set,M
JNE3821-KR-XXL,JNE3821,JNE3821,kurta,XXL
SET037-KR-NP-L,SET037,SET037,Set,L
J0254-SKD-S,J0254,J0254,Set,S
J0172-TP-XS,J0172,J0172,Top,XS
JNE3547-KR-L,JNE3547,JNE3547,kurta,L
JNE3791-DR-M,JNE3791,JNE3791,Ethnic Dress,M
JNE3823-KR-S,JNE3823,JNE3823,kurta,S
PSET268-KR-NP-4XL,PSET268,PSET268,Set,4XL
JNE3820-KR-L,JNE3820,JNE3820,kurta,L
J0154-DR-M,J0154,J0154,Western Dress,M
PJNE3364-KR-4XL,PJNE3364,PJNE3364,kurta,4XL
SET395-KR-NP-S,SET395,SET395,Set,S
SAR109,SAR109,SAR109,Saree,Free
J0161-DR-L,J0161,J0161,Western Dress,L
JNE3547-KR-XXL,JNE3547,JNE3547,kurta,XXL
JNE3577-KR-XXL,JNE3577,JNE3577,kurta,XXL
JNE3323-KR-M,JNE3323,JNE3323,kurta,M
SAR026,SAR026,SAR026,Saree,Free
JNE3391-KR-L,JNE3391,JNE3391,kurta,L
JNE3438-KR-XXXL,JNE3438,JNE3438,kurta,3XL
JNE3651-TP-N-XS,JNE3651,JNE3651,Top,XS
J0205-TP-XXXL,J0205,J0205,Top,3XL
JNE3531-KR-XXL,JNE3531,JNE3531,kurta,XXL
JNE3622-KR-XXXL,JNE3622,JNE3622,kurta,3XL
SET336-KR-NP-L,SET336,SET336,Set,L
JNE09187-PINK-SR-JP7104RNV,JNE09187,JNE09187,Saree,Free
JNE3323-KR-XXXL,JNE3323,JNE3323,kurta,3XL
JNE3042-KR-XL,JNE3042,JNE3042,kurta,XL
JNE3624-KR-XL,JNE3624,JNE3624,kurta,XL
J0235-SKD-M,J0235,J0235,Set,M
PJNE1906-KR-N-6XL,PJNE1906,PJNE1906,kurta,6XL
JNE3436-KR-XL,JNE3436,JNE3436,kurta,XL
PSET043-KR-NP-5XL,PSET043,PSET043,Set,5XL
JNE2132-KR-398-XL,JNE2132,JNE2132,kurta,XL
SET258-KR-PP-XXXL,SET258,SET258,Set,3XL
SET195-KR-NP-A-XXL,SET195,SET195,Set,XXL
J0161-DR-M,J0161,J0161,Western Dress,M
SET179-KR-PP-L,SET179,SET179,Set,L
J0294-TP-XL,J0294,J0294,Top,XL
PJNE2270-KR-N-5XL,PJNE2270,PJNE2270,kurta,5XL
PSET264-KR-NP-5XL,PSET264,PSET264,Set,5XL
J0248-KR-DPT-M,J0248,J0248,Set,M
SET097-KR-PP-XS,SET097,SET097,Set,XS
MEN5014-KR-L,MEN5014,MEN5014,kurta,L
J0137-SET-XS,J0137,J0137,Set,XS
SET043-KR-NP-XS,SET043,SET043,Set,XS
SET245-KR-NP-XXL,SET245,SET245,Set,XXL
JNE3323-KR-A-S,JNE3323,JNE3323,kurta,S
SAR132,SAR132,SAR132,Saree,Free
BL099-L,BL099,BL099,Blouse,L
J0140-SET-XXXL,J0140,J0140,Set,3XL
J0133-KR-XXXL,J0133,J0133,kurta,3XL
SET055-KR-NP-S,SET055,SET055,Set,S
JNE3323-KR-XS,JNE3323,JNE3323,kurta,XS
JNE3570-KR-XS,JNE3570,JNE3570,kurta,XS
SET321-KR-DPT-XXL,SET321,SET321,Set,XXL
SAR049,SAR049,SAR049,Saree,Free
J0179-KR-XXXL,J0179,J0179,kurta,3XL
SET300-KR-NP-XS,SET300,SET300,Set,XS
SET326-KR-PP-XL,SET326,SET326,Set,XL
JNE3684-TU-XL,JNE3684,JNE3684,Top,XL
PJNE3404-KR-N-5XL,PJNE3404,PJNE3404,kurta,5XL
SET100-KR-PP-M,SET100,SET100,Set,M
SET336-KR-NP-S,SET336,SET336,Set,S
J0142-KR-L,J0142,J0142,kurta,L
J0160-TP-L,J0160,J0160,Top,L
PJNE3291-KR-5XL,PJNE3291,PJNE3291,kurta,5XL
SET236-KR-PP-XXL,SET236,SET236,Set,XXL
J0143-SET-A-L,J0143,J0143,Set,L
J0091-TP-XXL,J0091,J0091,Top,XXL
JNE3816-KR-XXXL,JNE3816,JNE3816,kurta,3XL
SET327-KR-DPT-XL,SET327,SET327,Set,XL
JNE3666-TP-M,JNE3666,JNE3666,Top,M
NW023-ST-SR-XL,NW023,NW023,Set,XL
JNE3728-KR-M,JNE3728,JNE3728,kurta,M
SET037-KR-NP-M,SET037,SET037,Set,M
J0347-SET-L,J0347,J0347,Set,L
JNE3265-KR-M,JNE3265,JNE3265,kurta,M
JNE2251-KR-537-C-L,JNE2251,JNE2251,kurta,L
SET236-KR-PP-S,SET236,SET236,Set,S
SET327-KR-DPT-S,SET327,SET327,Set,S
MEN5018-KR-XXXL,MEN5018,MEN5018,kurta,3XL
J0112-TP-S,J0112,J0112,Top,S
SET132-KR-NP-L,SET132,SET132,Set,L
JNE3887-KR-XS,JNE3887,JNE3887,kurta,XS
SET179-KR-PP-XL,SET179,SET179,Set,XL
PJNE3373-KR-N-4XL,PJNE3373,PJNE3373,kurta,4XL
J0183-TP-M,J0183,J0183,Top,M
SET390-KR-NP-XXXL,SET390,SET390,Set,3XL
J0154-DR-L,J0154,J0154,Western Dress,L
JNE3577-KR-S,JNE3577,JNE3577,kurta,S
PJNE3252-KR-N-4XL,PJNE3252,PJNE3252,kurta,4XL
JNE2086-KR-389-XXXL,JNE2086,JNE2086,kurta,3XL
SET402-KR-NP-XXL,SET402,SET402,Set,XXL
JNE3539-KR-S,JNE3539,JNE3539,kurta,S
J0165-TP-S,J0165,J0165,Top,S
J0151-KR-L,J0151,J0151,kurta,L
JNE3738-KR-S,JNE3738,JNE3738,kurta,S
JNE3438-KR-XS,JNE3438,JNE3438,kurta,XS
JNE3429-KR-XS,JNE3429,JNE3429,kurta,XS
J0192-TP-XXL,J0192,J0192,Top,XXL
SET062-KR-SP-XS,SET062,SET062,Set,XS
J0305-DR-L,J0305,J0305,Western Dress,L
SET313-KR-NP-XXXL,SET313,SET313,Set,3XL
JNE3644-TP-N-XS,JNE3644,JNE3644,Top,XS
SAR029,SAR029,SAR029,Saree,Free
SET271-KR-NP-M,SET271,SET271,Set,M
JNE3348-KR-XL,JNE3348,JNE3348,kurta,XL
J0232-SKD-XXXL,J0232,J0232,Set,3XL
JNE3524-KR-XXXL,JNE3524,JNE3524,kurta,3XL
SET250-KR-SHA-XXXL,SET250,SET250,Set,3XL
JNE3779-KR-S,JNE3779,JNE3779,kurta,S
JNE3415-KR-M,JNE3415,JNE3415,kurta,M
SET274-KR-PP-L,SET274,SET274,Set,L
JNE3481-KR-XL,JNE3481,JNE3481,kurta,XL
JNE3674-TU-XS,JNE3674,JNE3674,Top,XS
J0155-KR-L,J0155,J0155,kurta,L
JNE3813-KR-L,JNE3813,JNE3813,kurta,L
J0023-TP-XS,J0023,J0023,Top,XS
J0160-TP-S,J0160,J0160,Top,S
JNE3684-TU-XXXL,JNE3684,JNE3684,Top,3XL
J0120-TP-L,J0120,J0120,Top,L
SET043-KR-NP-XXXL,SET043,SET043,Set,3XL
PSET058-KR-NP-5XL,PSET058,PSET058,Set,5XL
J0354-KR-XL,J0354,J0354,kurta,XL
JNE3879-DR-L,JNE3879,JNE3879,Western Dress,L
SET376-KR-NP-S,SET376,SET376,Set,S
JNE3729-KR-XS,JNE3729,JNE3729,kurta,XS
NW022-TP-PJ-S,NW022,NW022,Set,S
JNE3764-KR-XS,JNE3764,JNE3764,kurta,XS
J0302-DR-XXXL,J0302,J0302,Western Dress,3XL
J0299-KR-XXL,J0299,J0299,kurta,XXL
SET336-KR-NP-M,SET336,SET336,Set,M
BTM029-NP-L,BTM029,BTM029,Bottom,L
JNE3686-TU-XXXL,JNE3686,JNE3686,Top,3XL
JNE3684-TU-M,JNE3684,JNE3684,Top,M
JNE3532-KR-XXL,JNE3532,JNE3532,kurta,XXL
J0155-KR-S,J0155,J0155,kurta,S
JNE3647-TP-N-XXL,JNE3647,JNE3647,Top,XXL
J0345-SET-M,J0345,J0345,Set,M
BL023-74PINK-B,BL023,BL023,Blouse,Free
JNE3564-KR-S,JNE3564,JNE3564,kurta,S
SET364-KR-NP-XXXL,SET364,SET364,Set,3XL
SET240-KR-PP-S,SET240,SET240,Set,S
SET251-KR-PP-L,SET251,SET251,Set,L
JNE1408-KR-UDF19-A-XL,JNE1408,JNE1408,kurta,XL
SET321-KR-DPT-XS,SET321,SET321,Set,XS
SET130-KR-NP-XS,SET130,SET130,Set,XS
JNE3528-KR-XXL,JNE3528,JNE3528,kurta,XXL
JNE3721-KR-XXXL,JNE3721,JNE3721,kurta,3XL
SET271-KR-NP-XXXL,SET271,SET271,Set,3XL
J0137-SET-XXL,J0137,J0137,Set,XXL
J0328-KR-M,J0328,J0328,kurta,M
JNE3447-KR-M,JNE3447,JNE3447,kurta,M
BTM047-PP-L,BTM047,BTM047,Bottom,L
SET351-KR-NP-S,SET351,SET351,Set,S
SET376-KR-NP-M,SET376,SET376,Set,M
JNE3065-KR-L,JNE3065,JNE3065,kurta,L
BL009-61BLACK,BL009,BL009,Blouse,Free
SET245-KR-NP-L,SET245,SET245,Set,L
SET182-KR-DH-K-M,SET182,SET182,Set,M
JNE3472-KR-XXXL,JNE3472,JNE3472,kurta,3XL
SET373-KR-PP-S,SET373,SET373,Set,S
J0098-TP-L,J0098,J0098,Top,L
JNE3878-KR-M,JNE3878,JNE3878,kurta,M
JNE3904-DR-XXXL,JNE3904,JNE3904,Western Dress,3XL
SET154-KR-NP-S,SET154,SET154,Set,S
J0390-TP-XXXL,J0390,J0390,Top,3XL
JNE3687-TU-XXXL,JNE3687,JNE3687,Top,3XL
JNE3346-KR-XXL,JNE3346,JNE3346,kurta,XXL
J0175-KR-S,J0175,J0175,kurta,S
JNE3756-KR-XS,JNE3756,JNE3756,kurta,XS
JNE3252-KR-XXL,JNE3252,JNE3252,kurta,XXL
SET436-KR-NP-XS,SET436,SET436,Set,XS
JNE3440-KR-XL,JNE3440,JNE3440,kurta,XL
SET335-KR-NP-L,SET335,SET335,Set,L
JNE3905-DR-XXXL,JNE3905,JNE3905,Western Dress,3XL
JNE3753-KR-S,JNE3753,JNE3753,kurta,S
SET341-KR-NP-M,SET341,SET341,Set,M
SET415-KR-NP-XS,SET415,SET415,Set,XS
JNE3456-KR-S,JNE3456,JNE3456,kurta,S
JNE3265-KR-L,JNE3265,JNE3265,kurta,L
J0398-DR-XS,J0398,J0398,Western Dress,XS
JNE3862-TU-L,JNE3862,JNE3862,Top,L
SET357-KR-NP-M,SET357,SET357,Set,M
JNE3905-DR-S,JNE3905,JNE3905,Western Dress,S
JNE3904-DR-L,JNE3904,JNE3904,Western Dress,L
JNE3905-DR-M,JNE3905,JNE3905,Western Dress,M
JNE3671-TU-XL,JNE3671,JNE3671,Top,XL
JNE3601-KR-L,JNE3601,JNE3601,kurta,L
JNE3535-KR-XL,JNE3535,JNE3535,kurta,XL
SET318-KR-SHA-XXL,SET318,SET318,Set,XXL
SET357-KR-NP-L,SET357,SET357,Set,L
JNE3837-KR-XXXL,JNE3837,JNE3837,kurta,3XL
JNE3791-DR-L,JNE3791,JNE3791,Ethnic Dress,L
J0389-TP-XXL,J0389,J0389,Top,XXL
JNE3905-DR-XXL,JNE3905,JNE3905,Western Dress,XXL
J0413-DR-S,J0413,J0413,Western Dress,S
JNE3875-KR-L,JNE3875,JNE3875,kurta,L
SET152-KR-NP-S,SET152,SET152,Set,S
SET139-KR-PP-XXXL,SET139,SET139,Set,3XL
SET403-KR-NP-L,SET403,SET403,Set,L
J0182-SET-S,J0182,J0182,Set,S
JNE3928-KR-XS,JNE3928,JNE3928,kurta,XS
JNE3395-KR-XXXL,JNE3395,JNE3395,kurta,3XL
SET404-KR-NP-XL,SET404,SET404,Set,XL
SET435-KR-NP-XS,SET435,SET435,Set,XS
J0225-SKD-XL,J0225,J0225,Set,XL
JNE3885-KR-XS,JNE3885,JNE3885,kurta,XS
JNE3739-KR-S,JNE3739,JNE3739,kurta,S
SET414-KR-NP-XL,SET414,SET414,Set,XL
JNE3753-KR-XS,JNE3753,JNE3753,kurta,XS
JNE3860-DR-XL,JNE3860,JNE3860,Western Dress,XL
NW036-ST-SR-S,NW036,NW036,Set,S
J0177-KR-S,J0177,J0177,kurta,S
JNE3485-KR-XS,JNE3485,JNE3485,kurta,XS
J0390-TP-XS,J0390,J0390,Top,XS
JNE3665-TP-M,JNE3665,JNE3665,Top,M
SET436-KR-NP-L,SET436,SET436,Set,L
JNE3674-TU-S,JNE3674,JNE3674,Top,S
SET433-KR-NP-M,SET433,SET433,Set,M
JNE3871-KR-S,JNE3871,JNE3871,kurta,S
PJNE3291-KR-4XL,PJNE3291,PJNE3291,kurta,4XL
J0418-TP-XS,J0418,J0418,Top,XS
JNE3800-KR-A-XL,JNE3800,JNE3800,Western Dress,XL
JNE3904-DR-M,JNE3904,JNE3904,Western Dress,M
SET299-KR-PP-S,SET299,SET299,Set,S
J0386-KR-XL,J0386,J0386,kurta,XL
JNE3928-KR-L,JNE3928,JNE3928,kurta,L
SET218-KR-NP-L,SET218,SET218,Set,L
J0314-KR-S,J0314,J0314,kurta,S
JNE3928-KR-XL,JNE3928,JNE3928,kurta,XL
J0385-KR-S,J0385,J0385,kurta,S
PJNE2270-KR-N-6XL,PJNE2270,PJNE2270,kurta,6XL
J0126-SKD-XL,J0126,J0126,Set,XL
J0402-DR-S,J0402,J0402,Western Dress,S
J0106-KR-XS,J0106,J0106,Western Dress,XS
J0127-SKD-XL,J0127,J0127,Set,XL
J0226-SKD-XXL,J0226,J0226,Set,XXL
PJNE3421-KR-N-4XL,PJNE3421,PJNE3421,kurta,4XL
JNE3445-KR-XXXL,JNE3445,JNE3445,kurta,3XL
SET198-KR-NP-A-S,SET198,SET198,Set,S
JNE3389-KR-XL,JNE3389,JNE3389,kurta,XL
SET327-KR-DPT-XXXL,SET327,SET327,Set,3XL
SET254-KR-NP-L,SET254,SET254,Set,L
J0164-DR-XS,J0164,J0164,Ethnic Dress,XS
SET274-KR-PP-XS,SET274,SET274,Set,XS
JNE3821-KR-XS,JNE3821,JNE3821,kurta,XS
J0416-DR-XS,J0416,J0416,Western Dress,XS
JNE3779-KR-XXXL,JNE3779,JNE3779,kurta,3XL
BTM008-B-L,BTM008,BTM008,Bottom,L
J0397-DR-S,J0397,J0397,Western Dress,S
J0415-DR-XL,J0415,J0415,Western Dress,XL
J0207-DR-L,J0207,J0207,Western Dress,L
JNE3905-DR-XS,JNE3905,JNE3905,Western Dress,XS
JNE3792-KR-XL,JNE3792,JNE3792,kurta,XL
SET053-KR-NP-XS,SET053,SET053,Set,XS
J0413-DR-XL,J0413,J0413,Western Dress,XL
PJNE3421-KR-N-6XL,PJNE3421,PJNE3421,kurta,6XL
SET404-KR-NP-L,SET404,SET404,Set,L
SET317-KR-PP-XS,SET317,SET317,Set,XS
JNE3363-KR-1032-L,JNE3363,JNE3363,kurta,L
J0021-TP-XXL,J0021,J0021,Top,XXL
J0307-TP-L,J0307,J0307,Top,L
JNE3892-TP-L,JNE3892,JNE3892,Top,L
JNE3904-DR-XL,JNE3904,JNE3904,Western Dress,XL
SET340-KR-NP-S,SET340,SET340,Set,S
JNE3887-KR-S,JNE3887,JNE3887,kurta,S
J0413-DR-XS,J0413,J0413,Western Dress,XS
JNE3780-KR-XL,JNE3780,JNE3780,kurta,XL
J0400-DR-XL,J0400,J0400,Western Dress,XL
J0229-SKD-XL,J0229,J0229,Set,XL
J0196-TP-S,J0196,J0196,Top,S
JNE3261-KR-XL,JNE3261,JNE3261,kurta,XL
JNE3553-KR-XXL,JNE3553,JNE3553,kurta,XXL
SET130-KR-NP-M,SET130,SET130,Set,M
SET272-KR-PP-L,SET272,SET272,Set,L
J0072-KR-S,J0072,J0072,kurta,S
AN213-BROWN-L,AN213,AN213,Bottom,L
JNE2300-KR-594-A-S,JNE2300,JNE2300,kurta,S
SET285-KR-SHA-XXXL,SET285,SET285,Set,3XL
JNE3701-KR-S,JNE3701,JNE3701,kurta,S
JNE3739-KR-M,JNE3739,JNE3739,kurta,M
JNE2131-KR-A-S,JNE2131,JNE2131,kurta,S
J0082-TP-XS,J0082,J0082,Top,XS
NW031-TP-PJ-XS,NW031,NW031,Set,XS
JNE3548-KR-XS,JNE3548,JNE3548,kurta,XS
JNE3630-KR-XS,JNE3630,JNE3630,kurta,XS
JNE3628-KR-XS,JNE3628,JNE3628,kurta,XS
JNE3928-KR-S,JNE3928,JNE3928,kurta,S
JNE3771-KR-L,JNE3771,JNE3771,kurta,L
JNE3891-TP-XXXL,JNE3891,JNE3891,Top,3XL
J0103-SKD-A-M,J0103,J0103,Set,M
J0252-SKD-XXL,J0252,J0252,Set,XXL
NW036-ST-SR-XS,NW036,NW036,Set,XS
AN210-NAVY-M,AN210,AN210,Bottom,M
SET415-KR-NP-XXXL,SET415,SET415,Set,3XL
JNE3888-KR-XXXL,JNE3888,JNE3888,kurta,3XL
AN213-BROWN-M,AN213,AN213,Bottom,M
JNE3885-KR-XL,JNE3885,JNE3885,kurta,XL
JNE3767-KR-XXXL,JNE3767,JNE3767,kurta,3XL
JNE3255-KR-XXXL,JNE3255,JNE3255,kurta,3XL
SET335-KR-NP-XXXL,SET335,SET335,Set,3XL
JNE3451-KR-XS,JNE3451,JNE3451,kurta,XS
J0415-DR-XS,J0415,J0415,Western Dress,XS
J0375-SKD-XS,J0375,J0375,Set,XS
JNE3865-TP-XS,JNE3865,JNE3865,Top,XS
JNE3771-KR-S,JNE3771,JNE3771,kurta,S
SET403-KR-NP-XXXL,SET403,SET403,Set,3XL
J0233-SKD-XL,J0233,J0233,Set,XL
SET373-KR-PP-XL,SET373,SET373,Set,XL
JNE3888-KR-S,JNE3888,JNE3888,kurta,S
SET433-KR-NP-XXL,SET433,SET433,Set,XXL
SET357-KR-NP-XXL,SET357,SET357,Set,XXL
SET129-KR-NP-XL,SET129,SET129,Set,XL
JNE3928-KR-M,JNE3928,JNE3928,kurta,M
JNE3734-KR-XL,JNE3734,JNE3734,kurta,XL
J0391-TP-L,J0391,J0391,Top,L
J0390-TP-L,J0390,J0390,Top,L
SET376-KR-NP-XL,SET376,SET376,Set,XL
J0106-KR-XXL,J0106,J0106,Western Dress,XXL
SET410-KR-NP-XS,SET410,SET410,Set,XS
PJNE3252-KR-N-5XL,PJNE3252,PJNE3252,kurta,5XL
SET409-KR-NP-S,SET409,SET409,Set,S
J0391-TP-XL,J0391,J0391,Top,XL
J0388-TP-M,J0388,J0388,Top,M
SET373-KR-PP-XXL,SET373,SET373,Set,XXL
SAR061,SAR061,SAR061,Saree,Free
JNE3394-KR-A-S,JNE3394,JNE3394,kurta,S
JNE3601-KR-XS,JNE3601,JNE3601,kurta,XS
JNE3745-KR-XS,JNE3745,JNE3745,kurta,XS
J0073-KR-L,J0073,J0073,kurta,L
J0385-KR-XS,J0385,J0385,kurta,XS
J0385-KR-XL,J0385,J0385,kurta,XL
SET403-KR-NP-M,SET403,SET403,Set,M
J0145-SET-M,J0145,J0145,Set,M
SET346-KR-PP-M,SET346,SET346,Set,M
AN204-PURPLE-L,AN204,AN204,Bottom,L
JNE3767-KR-XL,JNE3767,JNE3767,kurta,XL
JNE3866-KR-XXXL,JNE3866,JNE3866,kurta,3XL
JNE3279-KR-A-XXXL,JNE3279,JNE3279,kurta,3XL
JNE2294-KR-A-XL,JNE2294,JNE2294,kurta,XL
SET310-KR-NP-XXXL,SET310,SET310,Set,3XL
JNE3893-TP-L,JNE3893,JNE3893,Top,L
J0163-SKD-XL,J0163,J0163,Set,XL
SET218-KR-NP-XS,SET218,SET218,Set,XS
J0123-TP-XXXL,J0123,J0123,Top,3XL
BL098-XL,BL098,BL098,Blouse,XL
JNE3898-KR-XXXL,JNE3898,JNE3898,kurta,3XL
JNE3888-KR-XXL,JNE3888,JNE3888,kurta,XXL
JNE3576-KR-XXXL,JNE3576,JNE3576,kurta,3XL
J0372-SKD-XS,J0372,J0372,Set,XS
PJNE3291-KR-6XL,PJNE3291,PJNE3291,kurta,6XL
JNE3734-KR-XXXL,JNE3734,JNE3734,kurta,3XL
SET154-KR-NP-L,SET154,SET154,Set,L
SET357-KR-NP-XXXL,SET357,SET357,Set,3XL
JNE3403-KR-S,JNE3403,JNE3403,kurta,S
JNE3788-KR-XL,JNE3788,JNE3788,kurta,XL
SET373-KR-PP-XXXL,SET373,SET373,Set,3XL
SET404-KR-NP-S,SET404,SET404,Set,S
SET338-KR-NP-XL,SET338,SET338,Set,XL
JNE3768-KR-XXXL,JNE3768,JNE3768,kurta,3XL
SET338-KR-NP-S,SET338,SET338,Set,S
JNE3369-KR-XXXL,JNE3369,JNE3369,kurta,3XL
J0014-LCD-XXL,J0014,J0014,Set,XXL
SET202-KR-NP-M,SET202,SET202,Set,M
SET414-KR-NP-XXL,SET414,SET414,Set,XXL
JNE3878-KR-S,JNE3878,JNE3878,kurta,S
JNE3573-KR-XXXL,JNE3573,JNE3573,kurta,3XL
JNE3720-KR-S,JNE3720,JNE3720,kurta,S
J0193-SET-XXXL,J0193,J0193,Set,3XL
PJNE3445-KR-N-6XL,PJNE3445,PJNE3445,kurta,6XL
J0241-SKD-XS,J0241,J0241,Set,XS
BTM021-B-XXXL,BTM021,BTM021,Bottom,3XL
JNE3571-KR-L,JNE3571,JNE3571,kurta,L
JNE3467-KR-XXL,JNE3467,JNE3467,kurta,XXL
JNE3791-DR-S,JNE3791,JNE3791,Ethnic Dress,S
JNE3898-KR-M,JNE3898,JNE3898,kurta,M
JNE3788-KR-XXL,JNE3788,JNE3788,kurta,XXL
JNE3700-KR-M,JNE3700,JNE3700,kurta,M
JNE3415-KR-S,JNE3415,JNE3415,kurta,S
JNE3416-KR-M,JNE3416,JNE3416,kurta,M
SET435-KR-NP-XL,SET435,SET435,Set,XL
JNE3875-KR-M,JNE3875,JNE3875,kurta,M
SET200-KR-NP-A-L,SET200,SET200,Set,L
JNE3893-TP-XXL,JNE3893,JNE3893,Top,XXL
JNE3739-KR-XS,JNE3739,JNE3739,kurta,XS
SET025-KR-SP-A-XS,SET025,SET025,Set,XS
JNE2086-KR-389-M,JNE2086,JNE2086,kurta,M
SET058-KR-NP-XS,SET058,SET058,Set,XS
J0330-KR-XXXL,J0330,J0330,kurta,3XL
JNE3296-KR-XXL,JNE3296,JNE3296,kurta,XXL
JNE3811-KR-L,JNE3811,JNE3811,kurta,L
J0381-SKD-XXL,J0381,J0381,Set,XXL
J0391-TP-XXXL,J0391,J0391,Top,3XL
SET182-KR-DH-XXL,SET182,SET182,Set,XXL
JNE3905-DR-XL,JNE3905,JNE3905,Western Dress,XL
J0389-TP-S,J0389,J0389,Top,S
J0112-TP-XXL,J0112,J0112,Top,XXL
JNE3346-KR-M,JNE3346,JNE3346,kurta,M
JNE3765-KR-L,JNE3765,JNE3765,kurta,L
J0413-DR-L,J0413,J0413,Western Dress,L
J0116-TP-XXL,J0116,J0116,Top,XXL
JNE3701-KR-M,JNE3701,JNE3701,kurta,M
J0290-CD-XL,J0290,J0290,Top,XL
JNE3727-KR-S,JNE3727,JNE3727,kurta,S
J0162-SKD-M,J0162,J0162,Set,M
SET251-KR-PP-XXXL,SET251,SET251,Set,3XL
JNE3475-KR-K-XXL,JNE3475,JNE3475,kurta,XXL
JNE3803-KR-XXXL,JNE3803,JNE3803,kurta,3XL
JNE3296-KR-S,JNE3296,JNE3296,kurta,S
SET352-KR-NP-S,SET352,SET352,Set,S
J0282-SET-M,J0282,J0282,Set,M
BTM043-PP-XXXL,BTM043,BTM043,Bottom,3XL
J0228-SKD-M,J0228,J0228,Set,M
SET147-KR-NP-XS,SET147,SET147,Set,XS
JNE3875-KR-XL,JNE3875,JNE3875,kurta,XL
JNE3500-KR-XL,JNE3500,JNE3500,kurta,XL
JNE3577-KR-XXXL,JNE3577,JNE3577,kurta,3XL
JNE3485-KR-L,JNE3485,JNE3485,kurta,L
JNE3733-KR-S,JNE3733,JNE3733,kurta,S
JNE3727-KR-XS,JNE3727,JNE3727,kurta,XS
NW015-TP-PJ-XL,NW015,NW015,Set,XL
SET121-KR-NP-L,SET121,SET121,Set,L
JNE3485-KR-XL,JNE3485,JNE3485,kurta,XL
J0145-SET-L,J0145,J0145,Set,L
SET078-KR-NP-S,SET078,SET078,Set,S
JNE3928-KR-XXL,JNE3928,JNE3928,kurta,XXL
JNE3537-KR-S,JNE3537,JNE3537,kurta,S
JNE3394-KR-M,JNE3394,JNE3394,kurta,M
JNE3453-KR-M,JNE3453,JNE3453,kurta,M
JNE3313-KR-XXXL,JNE3313,JNE3313,kurta,3XL
JNE3485-KR-XXXL,JNE3485,JNE3485,kurta,3XL
SET262-KR-NP-M,SET262,SET262,Set,M
JNE3887-KR-M,JNE3887,JNE3887,kurta,M
J0414-DR-XS,J0414,J0414,Western Dress,XS
JNE3885-KR-XXXL,JNE3885,JNE3885,kurta,3XL
JNE3899-KR-S,JNE3899,JNE3899,kurta,S
J0165-TP-XS,J0165,J0165,Top,XS
J0398-DR-L,J0398,J0398,Western Dress,L
JNE3526-KR-XS,JNE3526,JNE3526,kurta,XS
MEN5016-KR-XXL,MEN5016,MEN5016,kurta,XXL
SET204-KR-DPT-M,SET204,SET204,Set,M
JNE3601-KR-M,JNE3601,JNE3601,kurta,M
SET436-KR-NP-XL,SET436,SET436,Set,XL
SET352-KR-NP-M,SET352,SET352,Set,M
JNE3389-KR-A-XS,JNE3389,JNE3389,kurta,XS
SET307-KR-DPT-XXL,SET307,SET307,Set,XXL
NW001-TP-PJ-XS,NW001,NW001,Set,XS
BTM041-PP-XL,BTM041,BTM041,Bottom,XL
JNE3748-KR-L,JNE3748,JNE3748,kurta,L
SET352-KR-NP-XXXL,SET352,SET352,Set,3XL
JNE3904-DR-XS,JNE3904,JNE3904,Western Dress,XS
JNE3475-KR-K-XL,JNE3475,JNE3475,kurta,XL
SAR154,SAR154,SAR154,Saree,Free
JNE3651-TP-N-S,JNE3651,JNE3651,Top,S
JNE3637-KR-XXXL,JNE3637,JNE3637,kurta,3XL
AN211-BLACK-L,AN211,AN211,Bottom,L
J0142-KR-XS,J0142,J0142,kurta,XS
J0419-TP-M,J0419,J0419,Top,M
J0278-SET-S,J0278,J0278,Set,S
SET116-KR-NP-L,SET116,SET116,Set,L
J0388-TP-XS,J0388,J0388,Top,XS
J0166-DR-S,J0166,J0166,Western Dress,S
SET301-KR-PP-M,SET301,SET301,Set,M
NW034-TP-PJ-S,NW034,NW034,Set,S
J0390-TP-M,J0390,J0390,Top,M
J0048-TP-XS,J0048,J0048,Top,XS
JNE3279-KR-A-XS,JNE3279,JNE3279,kurta,XS
J0390-TP-S,J0390,J0390,Top,S
SET232-KR-PP-XXL,SET232,SET232,Set,XXL
J0319-KR-XXL,J0319,J0319,kurta,XXL
SET034-KR-NP-S,SET034,SET034,Set,S
JNE3642-TP-L,JNE3642,JNE3642,Top,L
JNE3674-TU-XXXL,JNE3674,JNE3674,Top,3XL
J0103-SKD-L,J0103,J0103,Set,L
JNE3371-KR-XXL,JNE3371,JNE3371,kurta,XXL
SET435-KR-NP-L,SET435,SET435,Set,L
JNE3894-TP-L,JNE3894,JNE3894,Top,L
JNE3880-DR-XXL,JNE3880,JNE3880,Western Dress,XXL
JNE3637-KR-XS,JNE3637,JNE3637,kurta,XS
J0136-KR-XXXL,J0136,J0136,kurta,3XL
J0152-DR-XL,J0152,J0152,Western Dress,XL
BTM008-L,BTM008,BTM008,Bottom,L
NW016-ST-SR-XS,NW016,NW016,Set,XS
SET302-KR-PP-XL,SET302,SET302,Set,XL
SET221-KR-NP-XL,SET221,SET221,Set,XL
J0385-KR-XXL,J0385,J0385,kurta,XXL
JNE3475-KR-K-M,JNE3475,JNE3475,kurta,M
J0323-CD-XXL,J0323,J0323,Top,XXL
SET158-KR-PP-XL,SET158,SET158,Set,XL
BTM029-NP-XS,BTM029,BTM029,Bottom,XS
J0105-KR-S,J0105,J0105,Western Dress,S
J0102-SKD-XS,J0102,J0102,Set,XS
JNE3255-KR-XXL,JNE3255,JNE3255,kurta,XXL
SET335-KR-NP-S,SET335,SET335,Set,S
BL109-XL,BL109,BL109,Blouse,XL
BTM035-NP-XXXL,BTM035,BTM035,Bottom,3XL
SET152-KR-NP-XS,SET152,SET152,Set,XS
JNE3565-KR-XL,JNE3565,JNE3565,kurta,XL
SET436-KR-NP-M,SET436,SET436,Set,M
JNE3872-KR-XL,JNE3872,JNE3872,kurta,XL
AN213-BROWN-XL,AN213,AN213,Bottom,XL
J0386-KR-M,J0386,J0386,kurta,M
JNE3892-TP-M,JNE3892,JNE3892,Top,M
BTM046-PP-M,BTM046,BTM046,Bottom,M
JNE3453-KR-XL,JNE3453,JNE3453,kurta,XL
SET394-KR-NP-XL,SET394,SET394,Set,XL
J0353-KR-M,J0353,J0353,kurta,M
SAR174,SAR174,SAR174,Saree,Free
SET003-KR-NP-A-S,SET003,SET003,Set,S
SET415-KR-NP-L,SET415,SET415,Set,L
SET335-KR-NP-XS,SET335,SET335,Set,XS
SET276-KR-PP-L,SET276,SET276,Set,L
PJNE3421-KR-N-5XL,PJNE3421,PJNE3421,kurta,5XL
JNE3426-KR-S,JNE3426,JNE3426,kurta,S
BL024-74RED-B,BL024,BL024,Blouse,Free
JNE3281-KR-XL,JNE3281,JNE3281,kurta,XL
J0419-TP-L,J0419,J0419,Top,L
SET306-KR-PP-XS,SET306,SET306,Set,XS
JNE3359-KR-S,JNE3359,JNE3359,kurta,S
JNE3720-KR-L,JNE3720,JNE3720,kurta,L
SET262-KR-NP-XXL,SET262,SET262,Set,XXL
JNE3752-KR-XS,JNE3752,JNE3752,kurta,XS
JNE3790-KR-XS,JNE3790,JNE3790,kurta,XS
J0150-KR-XS,J0150,J0150,kurta,XS
JNE3630-KR-XXL,JNE3630,JNE3630,kurta,XXL
JNE3456-KR-XS,JNE3456,JNE3456,kurta,XS
JNE3823-KR-L,JNE3823,JNE3823,kurta,L
SET198-KR-NP-A-L,SET198,SET198,Set,L
SET415-KR-NP-M,SET415,SET415,Set,M
JNE3892-TP-XL,JNE3892,JNE3892,Top,XL
MEN5030-KR-L,MEN5030,MEN5030,kurta,L
NW024-TP-PJ-L,NW024,NW024,Set,L
J0192-TP-S,J0192,J0192,Top,S
J0190-TP-XS,J0190,J0190,Top,XS
JNE3788-KR-L,JNE3788,JNE3788,kurta,L
J0279-SET-S,J0279,J0279,Set,S
SET014-KR-PP-S,SET014,SET014,Set,S
SET128-KR-DH-XXL,SET128,SET128,Set,XXL
JNE3896-KR-XXL,JNE3896,JNE3896,kurta,XXL
J0072-KR-XS,J0072,J0072,kurta,XS
SET401-KR-NP-XS,SET401,SET401,Set,XS
J0391-TP-XXL,J0391,J0391,Top,XXL
J0389-TP-XS,J0389,J0389,Top,XS
J0251-SKD-XXXL,J0251,J0251,Set,3XL
JNE3460-KR-XL,JNE3460,JNE3460,kurta,XL
SET224-KR-NP-XXXL,SET224,SET224,Set,3XL
JNE2205-KR-467-A-L,JNE2205,JNE2205,kurta,L
SET376-KR-NP-XXXL,SET376,SET376,Set,3XL
J0103-SKD-XL,J0103,J0103,Set,XL
JNE3630-KR-S,JNE3630,JNE3630,kurta,S
JNE3578-KR-XS,JNE3578,JNE3578,kurta,XS
JNE3888-KR-XS,JNE3888,JNE3888,kurta,XS
J0374-KR-XXL,J0374,J0374,kurta,XXL
JNE3631-DR-XS,JNE3631,JNE3631,Western Dress,XS
JNE3355-KR-XL,JNE3355,JNE3355,kurta,XL
J0389-TP-XXXL,J0389,J0389,Top,3XL
JNE3893-TP-M,JNE3893,JNE3893,Top,M
BL100-XXL,BL100,BL100,Blouse,XXL
SET435-KR-NP-XXXL,SET435,SET435,Set,3XL
J0241-SKD-XXL,J0241,J0241,Set,XXL
JNE3798-KR-A-S,JNE3798,JNE3798,Western Dress,S
SET202-KR-NP-XL,SET202,SET202,Set,XL
JNE3670-TU-XL,JNE3670,JNE3670,Top,XL
AN207-PINK-L,AN207,AN207,Bottom,L
JNE3780-KR-L,JNE3780,JNE3780,kurta,L
BL098-S,BL098,BL098,Blouse,S
JNE3862-TU-S,JNE3862,JNE3862,Top,S
JNE3157-KR-M,JNE3157,JNE3157,kurta,M
J0091-TP-XS,J0091,J0091,Top,XS
SET156-KR-NP-S,SET156,SET156,Set,S
J0177-KR-XS,J0177,J0177,kurta,XS
J0250-SKD-M,J0250,J0250,Set,M
JNE3257-KR-S,JNE3257,JNE3257,kurta,S
J0331-KR-XXL,J0331,J0331,kurta,XXL
JNE3860-DR-XS,JNE3860,JNE3860,Western Dress,XS
SET159-KR-NP-XXL,SET159,SET159,Set,XXL
SET313-KR-NP-L,SET313,SET313,Set,L
JNE3788-KR-S,JNE3788,JNE3788,kurta,S
SET301-KR-PP-S,SET301,SET301,Set,S
SET390-KR-NP-S,SET390,SET390,Set,S
SET226-KR-PP-S,SET226,SET226,Set,S
J0397-DR-XXL,J0397,J0397,Western Dress,XXL
J0151-KR-A-M,J0151,J0151,kurta,M
SET404-KR-NP-XXL,SET404,SET404,Set,XXL
JNE3791-DR-XXL,JNE3791,JNE3791,Ethnic Dress,XXL
J0049-TP-XL,J0049,J0049,Top,XL
J0418-TP-L,J0418,J0418,Top,L
SET087-KR-PP-L,SET087,SET087,Set,L
J0386-KR-L,J0386,J0386,kurta,L
BTM026-NP-XXXL,BTM026,BTM026,Bottom,3XL
JNE3888-KR-L,JNE3888,JNE3888,kurta,L
J0019-SET-XS,J0019,J0019,Set,XS
J0175-KR-L,J0175,J0175,kurta,L
JNE3895-TP-XL,JNE3895,JNE3895,Top,XL
J0323-CD-L,J0323,J0323,Top,L
JNE3296-KR-XL,JNE3296,JNE3296,kurta,XL
J0282-SET-XL,J0282,J0282,Set,XL
SET004-KR-SP-XXL,SET004,SET004,Set,XXL
JNE3875-KR-XXXL,JNE3875,JNE3875,kurta,3XL
JNE3771-KR-XXL,JNE3771,JNE3771,kurta,XXL
J0189-TP-XS,J0189,J0189,Top,XS
J0231-SKD-XS,J0231,J0231,Set,XS
J0354-KR-S,J0354,J0354,kurta,S
JNE3727-KR-XXXL,JNE3727,JNE3727,kurta,3XL
J0168-DR-L,J0168,J0168,Ethnic Dress,L
JNE3485-KR-XXL,JNE3485,JNE3485,kurta,XXL
J0241-SKD-S,J0241,J0241,Set,S
J0417-TP-XL,J0417,J0417,Top,XL
J0389-TP-XL,J0389,J0389,Top,XL
J0388-TP-XL,J0388,J0388,Top,XL
J0390-TP-XL,J0390,J0390,Top,XL
J0392-TP-XL,J0392,J0392,Top,XL
SET172-KR-PP-B-XXL,SET172,SET172,Set,XXL
SET202-KR-NP-XXXL,SET202,SET202,Set,3XL
JNE3627-KR-XXXL,JNE3627,JNE3627,kurta,3XL
J0330-KR-L,J0330,J0330,kurta,L
SET036-KR-NP-XXXL,SET036,SET036,Set,3XL
JNE3313-KR-A-XL,JNE3313,JNE3313,kurta,XL
SET352-KR-NP-XXL,SET352,SET352,Set,XXL
J0172-TP-L,J0172,J0172,Top,L
JNE3798-KR-A-XXL,JNE3798,JNE3798,Western Dress,XXL
J0389-TP-L,J0389,J0389,Top,L
J0371-SKD-XL,J0371,J0371,Set,XL
JNE3779-KR-L,JNE3779,JNE3779,kurta,L
SET435-KR-NP-XXL,SET435,SET435,Set,XXL
BTM004-XXXL,BTM004,BTM004,Bottom,3XL
J0379-SKD-XS,J0379,J0379,Set,XS
SET280-KR-PP-XXXL,SET280,SET280,Set,3XL
JNE3261-KR-L,JNE3261,JNE3261,kurta,L
NW038-ST-SR-L,NW038,NW038,Set,L
JNE3890-TP-S,JNE3890,JNE3890,Top,S
SET395-KR-NP-XL,SET395,SET395,Set,XL
SET196-KR-NP-XS,SET196,SET196,Set,XS
SET436-KR-NP-XXL,SET436,SET436,Set,XXL
JNE3904-DR-S,JNE3904,JNE3904,Western Dress,S
JNE3748-KR-M,JNE3748,JNE3748,kurta,M
J0331-KR-L,J0331,J0331,kurta,L
BTM045-PP-M,BTM045,BTM045,Bottom,M
SET238-KR-PP-S,SET238,SET238,Set,S
SET280-KR-PP-L,SET280,SET280,Set,L
JNE3798-KR-A-XXXL,JNE3798,JNE3798,Western Dress,3XL
JNE3734-KR-XXL,JNE3734,JNE3734,kurta,XXL
J0074-TP-XXL,J0074,J0074,Top,XXL
BTM044-PP-XXL,BTM044,BTM044,Bottom,XXL
BTM008-B-XXL,BTM008,BTM008,Bottom,XXL
J0418-TP-M,J0418,J0418,Top,M
SET034-KR-NP-XS,SET034,SET034,Set,XS
BTM037-PP-XXL,BTM037,BTM037,Bottom,XXL
SET200-KR-NP-A-M,SET200,SET200,Set,M
NW015-TP-PJ-L,NW015,NW015,Set,L
J0282-SET-L,J0282,J0282,Set,L
J0388-TP-S,J0388,J0388,Top,S
J0138-KR-XXL,J0138,J0138,kurta,XXL
JNE3363-KR-1032-S,JNE3363,JNE3363,kurta,S
SET201-KR-NP-A-M,SET201,SET201,Set,M
JNE3557-KR-XXL,JNE3557,JNE3557,kurta,XXL
AN208-MUSTARD-L,AN208,AN208,Bottom,L
J0082-TP-S,J0082,J0082,Top,S
JNE3770-KR-XXL,JNE3770,JNE3770,kurta,XXL
J0089-TP-M,J0089,J0089,Top,M
J0241-SKD-XXXL,J0241,J0241,Set,3XL
JNE3881-DR-XS,JNE3881,JNE3881,Western Dress,XS
J0229-SKD-L,J0229,J0229,Set,L
JNE3862-TU-XL,JNE3862,JNE3862,Top,XL
AN211-BLACK-XXL,AN211,AN211,Bottom,XXL
AN203-MAROON-XXL,AN203,AN203,Bottom,XXL
AN207-PINK-XXL,AN207,AN207,Bottom,XXL
J0151-KR-A-XXXL,J0151,J0151,kurta,3XL
SET199-KR-NP-M,SET199,SET199,Set,M
JNE3625-DR-M,JNE3625,JNE3625,Western Dress,M
JNE3601-KR-S,JNE3601,JNE3601,kurta,S
JNE3791-DR-XL,JNE3791,JNE3791,Ethnic Dress,XL
SET403-KR-NP-XXL,SET403,SET403,Set,XXL
JNE3928-KR-XXXL,JNE3928,JNE3928,kurta,3XL
JNE3902-KR-XXXL,JNE3902,JNE3902,kurta,3XL
JNE3430-KR-XS,JNE3430,JNE3430,kurta,XS
JNE3416-KR-XS,JNE3416,JNE3416,kurta,XS
J0225-SKD-M,J0225,J0225,Set,M
BL075-85CHIKU,BL075,BL075,Blouse,Free
J0142-KR-S,J0142,J0142,kurta,S
NW038-ST-SR-XS,NW038,NW038,Set,XS
J0151-KR-A-XL,J0151,J0151,kurta,XL
J0174-TP-XS,J0174,J0174,Top,XS
JNE3734-KR-XS,JNE3734,JNE3734,kurta,XS
SET257-KR-PP-L,SET257,SET257,Set,L
NW038-ST-SR-XXXL,NW038,NW038,Set,3XL
NW038-ST-SR-M,NW038,NW038,Set,M
J0377-SKD-XS,J0377,J0377,Set,XS
JNE3786-KR-XL,JNE3786,JNE3786,kurta,XL
CH208-MUSTARD-M,CH208,CH208,Bottom,M
JNE3447-KR-XL,JNE3447,JNE3447,kurta,XL
JNE3679-TU-M,JNE3679,JNE3679,Top,M
J0049-TP-L,J0049,J0049,Top,L
J0024-KR-XXL,J0024,J0024,kurta,XXL
JNE3453-KR-L,JNE3453,JNE3453,kurta,L
JNE3526-KR-XL,JNE3526,JNE3526,kurta,XL
JNE2049-KR-351-M,JNE2049,JNE2049,kurta,M
JNE3252-KR-XS,JNE3252,JNE3252,kurta,XS
SET372-KR-PP-M,SET372,SET372,Set,M
BTM032-NP-M,BTM032,BTM032,Bottom,M
SET435-KR-NP-S,SET435,SET435,Set,S
JNE3780-KR-XS,JNE3780,JNE3780,kurta,XS
JNE3602-KR-XS,JNE3602,JNE3602,kurta,XS
J0225-SKD-XS,J0225,J0225,Set,XS
J0127-SKD-XXL,J0127,J0127,Set,XXL
NW032-ST-CP-XS,NW032,NW032,Set,XS
JNE3902-KR-L,JNE3902,JNE3902,kurta,L
JNE3662-TP-M,JNE3662,JNE3662,Top,M
JNE3456-KR-XL,JNE3456,JNE3456,kurta,XL
JNE3820-KR-XXL,JNE3820,JNE3820,kurta,XXL
JNE3895-TP-XXXL,JNE3895,JNE3895,Top,3XL
J0124-TP-XS,J0124,J0124,Top,XS
BTM038-PP-XXL,BTM038,BTM038,Bottom,XXL
BL091-XL,BL091,BL091,Blouse,XL
JNE3770-KR-XS,JNE3770,JNE3770,kurta,XS
JNE3390-KR-S,JNE3390,JNE3390,kurta,S
JNE3625-DR-XXL,JNE3625,JNE3625,Western Dress,XXL
JNE3631-DR-XL,JNE3631,JNE3631,Western Dress,XL
SET372-KR-PP-XL,SET372,SET372,Set,XL
JNE3749-KR-M,JNE3749,JNE3749,kurta,M
J0138-KR-S,J0138,J0138,kurta,S
J0190-TP-M,J0190,J0190,Top,M
JNE3601-KR-XXL,JNE3601,JNE3601,kurta,XXL
JNE3388-KR-L,JNE3388,JNE3388,kurta,L
JNE3792-KR-L,JNE3792,JNE3792,kurta,L
J0226-SKD-L,J0226,J0226,Set,L
J0370-SKD-L,J0370,J0370,Set,L
J0049-TP-M,J0049,J0049,Top,M
J0123-TP-M,J0123,J0123,Top,M
JNE3802-KR-XXXL,JNE3802,JNE3802,kurta,3XL
JNE3257-KR-M,JNE3257,JNE3257,kurta,M
J0178-TP-M,J0178,J0178,Top,M
SET248-KR-NP-XXL,SET248,SET248,Set,XXL
JNE3649-TP-N-XXL,JNE3649,JNE3649,Top,XXL
JNE3792-KR-M,JNE3792,JNE3792,kurta,M
PJNE3607-KR-6XL,PJNE3607,PJNE3607,kurta,6XL
NW004-TP-PJ-XS,NW004,NW004,Set,XS
MEN5005-KR-XL,MEN5005,MEN5005,kurta,XL
J0078-SET-XL,J0078,J0078,Set,XL
J0176-TP-XS,J0176,J0176,Top,XS
JNE3665-TP-L,JNE3665,JNE3665,Top,L
J0350-SET-M,J0350,J0350,Set,M
SET308-KR-PP-XS,SET308,SET308,Set,XS
SET199-KR-NP-XL,SET199,SET199,Set,XL
SET244-KR-NP-XS,SET244,SET244,Set,XS
J0224-SKD-XXXL,J0224,J0224,Set,3XL
SET315-KR-PP-M,SET315,SET315,Set,M
JNE2251-KR-537-C-XXXL,JNE2251,JNE2251,kurta,3XL
SAR076,SAR076,SAR076,Saree,Free
JNE3748-KR-XL,JNE3748,JNE3748,kurta,XL
J0183-TP-XL,J0183,J0183,Top,XL
NW035-ST-CP-L,NW035,NW035,Set,L
JNE3672-TU-XS,JNE3672,JNE3672,Top,XS
JNE3544-KR-XS,JNE3544,JNE3544,kurta,XS
J0419-TP-S,J0419,J0419,Top,S
JNE3889-KR-M,JNE3889,JNE3889,kurta,M
J0159-DR-XS,J0159,J0159,Western Dress,XS
J0296-DR-M,J0296,J0296,Western Dress,M
SET199-KR-NP-XXXL,SET199,SET199,Set,3XL
J0120-TP-M,J0120,J0120,Top,M
SET083-KR-PP-XXL,SET083,SET083,Set,XXL
J0062-DR-L,J0062,J0062,Western Dress,L
SET410-KR-NP-XXXL,SET410,SET410,Set,3XL
JNE3520-KR-XS,JNE3520,JNE3520,kurta,XS
JNE3395-KR-M,JNE3395,JNE3395,kurta,M
J0185-DR-M,J0185,J0185,Ethnic Dress,M
JNE3887-KR-XXL,JNE3887,JNE3887,kurta,XXL
SET087-KR-PP-XXL,SET087,SET087,Set,XXL
J0293-DR-M,J0293,J0293,Western Dress,M
JNE3881-DR-S,JNE3881,JNE3881,Western Dress,S
JNE3517-KR-XXL,JNE3517,JNE3517,kurta,XXL
JNE3780-KR-S,JNE3780,JNE3780,kurta,S
JNE3701-KR-XXL,JNE3701,JNE3701,kurta,XXL
BL090-S,BL090,BL090,Blouse,S
SET372-KR-PP-XXXL,SET372,SET372,Set,3XL
JNE3686-TU-S,JNE3686,JNE3686,Top,S
JNE3625-DR-L,JNE3625,JNE3625,Western Dress,L
PJNE3363-KR-N-6XL,PJNE3363,PJNE3363,kurta,6XL
NW028-TP-PJ-XS,NW028,NW028,Set,XS
J0197-TP-XS,J0197,J0197,Top,XS
JNE3734-KR-L,JNE3734,JNE3734,kurta,L
NW009-ST-CP-M,NW009,NW009,Set,M
JNE3695-KR-XL,JNE3695,JNE3695,kurta,XL
JNE3313-KR-A-L,JNE3313,JNE3313,kurta,L
J0127-SKD-L,J0127,J0127,Set,L
JNE3641-TP-N-XXL,JNE3641,JNE3641,Top,XXL
J0201-TP-S,J0201,J0201,Top,S
NW015-TP-PJ-XXXL,NW015,NW015,Set,3XL
J0293-DR-XL,J0293,J0293,Western Dress,XL
J0223-SKD-XXXL,J0223,J0223,Set,3XL
JNE3416-KR-S,JNE3416,JNE3416,kurta,S
NW006-ST-SR-XL,NW006,NW006,Set,XL
JNE3323-KR-A-M,JNE3323,JNE3323,kurta,M
JNE3729-KR-XXL,JNE3729,JNE3729,kurta,XXL
SET240-KR-PP-M,SET240,SET240,Set,M
SET100-KR-PP-L,SET100,SET100,Set,L
JNE3678-TU-S,JNE3678,JNE3678,Top,S
J0173-DR-XL,J0173,J0173,Western Dress,XL
J0194-DR-L,J0194,J0194,Western Dress,L
JNE3771-KR-XS,JNE3771,JNE3771,kurta,XS
JNE3753-KR-XL,JNE3753,JNE3753,kurta,XL
SET242-KR-PP-XXL,SET242,SET242,Set,XXL
JNE2100-KR-144-XXXL,JNE2100,JNE2100,kurta,3XL
SET199-KR-NP-XS,SET199,SET199,Set,XS
NW009-ST-CP-XS,NW009,NW009,Set,XS
JNE3434-KR-XXXL,JNE3434,JNE3434,kurta,3XL
SET235-KR-PP-S,SET235,SET235,Set,S
JNE3823-KR-XXXL,JNE3823,JNE3823,kurta,3XL
JNE3750-KR-XL,JNE3750,JNE3750,kurta,XL
SET346-KR-PP-XXXL,SET346,SET346,Set,3XL
SET335-KR-NP-XL,SET335,SET335,Set,XL
JNE3898-KR-XL,JNE3898,JNE3898,kurta,XL
SET224-KR-NP-L,SET224,SET224,Set,L
J0323-CD-S,J0323,J0323,Top,S
J0388-TP-L,J0388,J0388,Top,L
JNE3500-KR-L,JNE3500,JNE3500,kurta,L
JNE3893-TP-S,JNE3893,JNE3893,Top,S
JNE3825-KR-XXXL,JNE3825,JNE3825,kurta,3XL
J0040-SET-XS,J0040,J0040,Set,XS
SET230-KR-PP-XXL,SET230,SET230,Set,XXL
SET238-KR-PP-XXL,SET238,SET238,Set,XXL
JNE3631-DR-M,JNE3631,JNE3631,Western Dress,M
JNE3526-KR-XXL,JNE3526,JNE3526,kurta,XXL
JNE3577-KR-L,JNE3577,JNE3577,kurta,L
SET143-KR-PP-XXL,SET143,SET143,Set,XXL
CH208-MUSTARD-S,CH208,CH208,Bottom,S
JNE3734-KR-S,JNE3734,JNE3734,kurta,S
SET223-KR-NP-XS,SET223,SET223,Set,XS
JNE3821-KR-XXXL,JNE3821,JNE3821,kurta,3XL
BTM044-PP-XL,BTM044,BTM044,Bottom,XL
BTM046-PP-XL,BTM046,BTM046,Bottom,XL
BTM039-PP-XL,BTM039,BTM039,Bottom,XL
JNE3821-KR-L,JNE3821,JNE3821,kurta,L
JNE3886-KR-XXXL,JNE3886,JNE3886,kurta,3XL
SET014-KR-PP-A-S,SET014,SET014,Set,S
J0374-KR-L,J0374,J0374,kurta,L
JNE3563-KR-XXXL,JNE3563,JNE3563,kurta,3XL
J0131-KR-A-M,J0131,J0131,kurta,M
JNE3819-KR-XS,JNE3819,JNE3819,kurta,XS
J0302-DR-XS,J0302,J0302,Western Dress,XS
J0137-SET-XXXL,J0137,J0137,Set,3XL
JNE3768-KR-XS,JNE3768,JNE3768,kurta,XS
SET299-KR-PP-M,SET299,SET299,Set,M
SET272-KR-PP-M,SET272,SET272,Set,M
JNE3413-KR-XXXL,JNE3413,JNE3413,kurta,3XL
J0386-KR-S,J0386,J0386,kurta,S
JNE3879-DR-S,JNE3879,JNE3879,Western Dress,S
J0348-SET-XXXL,J0348,J0348,Set,3XL
SET372-KR-PP-XS,SET372,SET372,Set,XS
JNE3389-KR-S,JNE3389,JNE3389,kurta,S
JNE3798-KR-A-XS,JNE3798,JNE3798,Western Dress,XS
NW028-TP-PJ-XXL,NW028,NW028,Set,XXL
JNE3342-KR-S,JNE3342,JNE3342,kurta,S
SET275-KR-NP-XS,SET275,SET275,Set,XS
SET414-KR-NP-S,SET414,SET414,Set,S
JNE3898-KR-S,JNE3898,JNE3898,kurta,S
J0153-DR-M,J0153,J0153,Western Dress,M
SET335-KR-NP-XXL,SET335,SET335,Set,XXL
AN204-PURPLE-XL,AN204,AN204,Bottom,XL
JNE1408-KR-UDF19-A-L,JNE1408,JNE1408,kurta,L
J0144-SET-XS,J0144,J0144,Set,XS
JNE3500-KR-XXXL,JNE3500,JNE3500,kurta,3XL
JNE3395-KR-XXL,JNE3395,JNE3395,kurta,XXL
NW031-TP-PJ-XL,NW031,NW031,Set,XL
JNE3446-KR-M,JNE3446,JNE3446,kurta,M
J0142-KR-XXXL,J0142,J0142,kurta,3XL
J0188-KR-XXXL,J0188,J0188,kurta,3XL
SET226-KR-PP-XXXL,SET226,SET226,Set,3XL
JNE2251-KR-537-XXXL,JNE2251,JNE2251,kurta,3XL
JNE3574-KR-XXXL,JNE3574,JNE3574,kurta,3XL
J0057-DR-XXXL,J0057,J0057,Ethnic Dress,3XL
JNE3532-KR-S,JNE3532,JNE3532,kurta,S
J0133-KR-A-L,J0133,J0133,kurta,L
SET274-KR-PP-S,SET274,SET274,Set,S
SET100-KR-PP-S,SET100,SET100,Set,S
J0089-TP-L,J0089,J0089,Top,L
J0082-TP-L,J0082,J0082,Top,L
J0184-KR-A-XL,J0184,J0184,kurta,XL
BTM039-PP-L,BTM039,BTM039,Bottom,L
JNE3825-KR-L,JNE3825,JNE3825,kurta,L
JNE3534-KR-M,JNE3534,JNE3534,kurta,M
J0390-TP-XXL,J0390,J0390,Top,XXL
J0345-SET-XS,J0345,J0345,Set,XS
J0418-TP-XXL,J0418,J0418,Top,XXL
J0284-SKD-XL,J0284,J0284,Set,XL
BTM037-PP-M,BTM037,BTM037,Bottom,M
JNE3042-KR-XS,JNE3042,JNE3042,kurta,XS
SET214-KR-DPT-XXXL,SET214,SET214,Set,3XL
JNE3456-KR-M,JNE3456,JNE3456,kurta,M
J0168-DR-M,J0168,J0168,Ethnic Dress,M
JNE3825-KR-XXL,JNE3825,JNE3825,kurta,XXL
J0293-DR-XXL,J0293,J0293,Western Dress,XXL
J0111-TP-M,J0111,J0111,Top,M
SET299-KR-PP-XXL,SET299,SET299,Set,XXL
JNE3395-KR-XL,JNE3395,JNE3395,kurta,XL
PJNE3439-KR-N-5XL,PJNE3439,PJNE3439,kurta,5XL
J0292-TP-L,J0292,J0292,Top,L
J0350-SET-XS,J0350,J0350,Set,XS
J0212-DR-XS,J0212,J0212,Ethnic Dress,XS
J0307-TP-XS,J0307,J0307,Top,XS
J0330-KR-XL,J0330,J0330,kurta,XL
JNE3627-KR-S,JNE3627,JNE3627,kurta,S
JNE3864-TU-S,JNE3864,JNE3864,Top,S
J0190-TP-XXXL,J0190,J0190,Top,3XL
JNE3774-KR-XXXL,JNE3774,JNE3774,kurta,3XL
AN211-BLACK-S,AN211,AN211,Bottom,S
JNE3449-KR-M,JNE3449,JNE3449,kurta,M
J0296-DR-XXL,J0296,J0296,Western Dress,XXL
AN205-YELLOW-XL,AN205,AN205,Bottom,XL
J0302-DR-XL,J0302,J0302,Western Dress,XL
J0173-DR-L,J0173,J0173,Western Dress,L
J0292-TP-XXXL,J0292,J0292,Top,3XL
SET410-KR-NP-L,SET410,SET410,Set,L
BL104-M,BL104,BL104,Blouse,M
JNE3370-KR-L,JNE3370,JNE3370,kurta,L
JNE3875-KR-S,JNE3875,JNE3875,kurta,S
JNE3375-KR-XXXL,JNE3375,JNE3375,kurta,3XL
J0150-KR-M,J0150,J0150,kurta,M
J0116-TP-M,J0116,J0116,Top,M
JNE3284-KR-XXL,JNE3284,JNE3284,kurta,XXL
JNE3273-KR-S,JNE3273,JNE3273,kurta,S
JNE3864-TU-XXL,JNE3864,JNE3864,Top,XXL
JNE1408-KR-UDF19-A-XS,JNE1408,JNE1408,kurta,XS
SET191-KR-PP-M,SET191,SET191,Set,M
JNE3265-KR-XL,JNE3265,JNE3265,kurta,XL
BTM008-B-M,BTM008,BTM008,Bottom,M
J0331-KR-S,J0331,J0331,kurta,S
BTM008-XXXL,BTM008,BTM008,Bottom,3XL
JNE3899-KR-XXL,JNE3899,JNE3899,kurta,XXL
J0235-SKD-L,J0235,J0235,Set,L
SAR032,SAR032,SAR032,Saree,Free
PSET058-KR-NP-6XL,PSET058,PSET058,Set,6XL
BL111-XS,BL111,BL111,Blouse,XS
BL089-XS,BL089,BL089,Blouse,XS
BL098-XXL,BL098,BL098,Blouse,XXL
JNE2251-KR-537-C-S,JNE2251,JNE2251,kurta,S
JNE3765-KR-M,JNE3765,JNE3765,kurta,M
SET299-KR-PP-XL,SET299,SET299,Set,XL
JNE3284-KR-XL,JNE3284,JNE3284,kurta,XL
JNE3313-KR-A-S,JNE3313,JNE3313,kurta,S
MEN5018-KR-S,MEN5018,MEN5018,kurta,S
SET275-KR-NP-XXL,SET275,SET275,Set,XXL
BTM002-XXXL,BTM002,BTM002,Bottom,3XL
J0254-SKD-XXL,J0254,J0254,Set,XXL
CH201-RED-M,CH201,CH201,Bottom,M
J0225-SKD-S,J0225,J0225,Set,S
J0391-TP-M,J0391,J0391,Top,M
JNE2309-KR-598-L,JNE2309,JNE2309,kurta,L
BL016-63RED-B,BL016,BL016,Blouse,Free
JNE3255-KR-M,JNE3255,JNE3255,kurta,M
JNE3284-KR-S,JNE3284,JNE3284,kurta,S
JNE3548-KR-S,JNE3548,JNE3548,kurta,S
JNE3777-KR-XS,JNE3777,JNE3777,kurta,XS
JNE3736-KR-XXL,JNE3736,JNE3736,kurta,XXL
JNE3252-KR-S,JNE3252,JNE3252,kurta,S
JNE3862-TU-XXXL,JNE3862,JNE3862,Top,3XL
JNE3030-KR-M,JNE3030,JNE3030,kurta,M
SAR036,SAR036,SAR036,Saree,Free
SET014-KR-PP-A-XL,SET014,SET014,Set,XL
JNE3477-KR-M,JNE3477,JNE3477,kurta,M
SAR101,SAR101,SAR101,Saree,Free
J0083-KR-XS,J0083,J0083,kurta,XS
JNE3252-KR-L,JNE3252,JNE3252,kurta,L
SET436-KR-NP-S,SET436,SET436,Set,S
J0290-CD-S,J0290,J0290,Top,S
JNE3338-KR-S,JNE3338,JNE3338,kurta,S
JNE3489-KR-S,JNE3489,JNE3489,kurta,S
SET299-KR-PP-XS,SET299,SET299,Set,XS
JNE3725-KR-L,JNE3725,JNE3725,kurta,L
J0374-KR-XXXL,J0374,J0374,kurta,3XL
JNE3866-KR-S,JNE3866,JNE3866,kurta,S
SET185-KR-NP-XS,SET185,SET185,Set,XS
JNE3875-KR-XXL,JNE3875,JNE3875,kurta,XXL
BL096-XL,BL096,BL096,Blouse,XL
SET143-KR-PP-S,SET143,SET143,Set,S
SET236-KR-PP-L,SET236,SET236,Set,L
SET409-KR-NP-XS,SET409,SET409,Set,XS
SET162-KR-PP-XL,SET162,SET162,Set,XL
J0392-TP-L,J0392,J0392,Top,L
JNE3477-KR-XL,JNE3477,JNE3477,kurta,XL
SET131-KR-NP-XXL,SET131,SET131,Set,XXL
JNE3765-KR-S,JNE3765,JNE3765,kurta,S
SET185-KR-NP-L,SET185,SET185,Set,L
JNE3362-KR-XXXL,JNE3362,JNE3362,kurta,3XL
JNE3424-KR-M,JNE3424,JNE3424,kurta,M
JNE3762-KR-M,JNE3762,JNE3762,kurta,M
JNE3578-KR-L,JNE3578,JNE3578,kurta,L
JNE3467-KR-S,JNE3467,JNE3467,kurta,S
J0386-KR-XXL,J0386,J0386,kurta,XXL
JNE3160-KR-M,JNE3160,JNE3160,kurta,M
J0418-TP-S,J0418,J0418,Top,S
SET221-KR-NP-M,SET221,SET221,Set,M
JNE3767-KR-XXL,JNE3767,JNE3767,kurta,XXL
JNE3902-KR-M,JNE3902,JNE3902,kurta,M
JNE1408-KR-UDF19-A-XXL,JNE1408,JNE1408,kurta,XXL
JNE3251-KR-XL,JNE3251,JNE3251,kurta,XL
JNE3251-KR-M,JNE3251,JNE3251,kurta,M
J0102-SKD-S,J0102,J0102,Set,S
J0186-SET-XS,J0186,J0186,Set,XS
NW014-ST-SR-XS,NW014,NW014,Set,XS
NW028-TP-PJ-S,NW028,NW028,Set,S
JNE3313-KR-XXL,JNE3313,JNE3313,kurta,XXL
J0101-DR-S,J0101,J0101,Ethnic Dress,S
J0208-DR-L,J0208,J0208,Western Dress,L
J0042-DR-XL,J0042,J0042,Western Dress,XL
JNE3359-KR-XL,JNE3359,JNE3359,kurta,XL
J0043-SET-S,J0043,J0043,Set,S
JNE2294-KR-A-L,JNE2294,JNE2294,kurta,L
BTM047-PP-M,BTM047,BTM047,Bottom,M
JNE2009-KR-310-S,JNE2009,JNE2009,kurta,S
JNE3443-KR-M,JNE3443,JNE3443,kurta,M
JNE3395-KR-L,JNE3395,JNE3395,kurta,L
J0073-KR-XXL,J0073,J0073,kurta,XXL
JNE3160-KR-XL,JNE3160,JNE3160,kurta,XL
BTM042-PP-S,BTM042,BTM042,Bottom,S
J0238-LCD-XS,J0238,J0238,Set,XS
JNE3860-DR-S,JNE3860,JNE3860,Western Dress,S
J0225-SKD-XXXL,J0225,J0225,Set,3XL
JNE3771-KR-XL,JNE3771,JNE3771,kurta,XL
SET087-KR-PP-XS,SET087,SET087,Set,XS
JNE3284-KR-M,JNE3284,JNE3284,kurta,M
JNE3672-TU-S,JNE3672,JNE3672,Top,S
SET372-KR-PP-S,SET372,SET372,Set,S
J0102-SKD-M,J0102,J0102,Set,M
J0195-TP-XS,J0195,J0195,Top,XS
JNE3893-TP-XS,JNE3893,JNE3893,Top,XS
JNE3792-KR-XS,JNE3792,JNE3792,kurta,XS
JNE3636-KR-XS,JNE3636,JNE3636,kurta,XS
J0386-KR-XS,J0386,J0386,kurta,XS
JNE3886-KR-XXL,JNE3886,JNE3886,kurta,XXL
JNE3251-KR-L,JNE3251,JNE3251,kurta,L
J0024-KR-M,J0024,J0024,kurta,M
JNE3897-KR-XXXL,JNE3897,JNE3897,kurta,3XL
SET062-KR-SP-XXL,SET062,SET062,Set,XXL
SET415-KR-NP-XL,SET415,SET415,Set,XL
JNE3750-KR-XXXL,JNE3750,JNE3750,kurta,3XL
JNE3577-KR-XS,JNE3577,JNE3577,kurta,XS
J0078-SET-XXXL,J0078,J0078,Set,3XL
SET200-KR-NP-A-S,SET200,SET200,Set,S
J0084-TP-XS,J0084,J0084,Top,XS
JNE2294-KR-A-XXL,JNE2294,JNE2294,kurta,XXL
SET094-KR-NP-XXL,SET094,SET094,Set,XXL
JNE2324-KR-575-XXL,JNE2324,JNE2324,kurta,XXL
J0372-SKD-XL,J0372,J0372,Set,XL
SET026-KR-PP-A-XS,SET026,SET026,Set,XS
J0114-TP-XS,J0114,J0114,Top,XS
JNE3734-KR-M,JNE3734,JNE3734,kurta,M
JNE2131-KR-A-XXL,JNE2131,JNE2131,kurta,XXL
SET305-KR-DPT-XL,SET305,SET305,Set,XL
J0279-SET-L,J0279,J0279,Set,L
SET097-KR-PP-S,SET097,SET097,Set,S
J0235-SKD-XL,J0235,J0235,Set,XL
J0162-SKD-S,J0162,J0162,Set,S
JNE3486-KR-XXXL,JNE3486,JNE3486,kurta,3XL
BL109-S,BL109,BL109,Blouse,S
JNE3902-KR-XS,JNE3902,JNE3902,kurta,XS
JNE3899-KR-L,JNE3899,JNE3899,kurta,L
SET210-KR-PP-XS,SET210,SET210,Set,XS
SET214-KR-DPT-XL,SET214,SET214,Set,XL
SET131-KR-NP-A-XS,SET131,SET131,Set,XS
SAR149,SAR149,SAR149,Saree,Free
BL010-61CHIKU-B,BL010,BL010,Blouse,Free
J0252-SKD-L,J0252,J0252,Set,L
JNE3629-KR-XXXL,JNE3629,JNE3629,kurta,3XL
SAR025,SAR025,SAR025,Saree,Free
J0246-SKD-XXXL,J0246,J0246,Set,3XL
JNE2294-KR-A-XS,JNE2294,JNE2294,kurta,XS
SET372-KR-PP-L,SET372,SET372,Set,L
J0378-SKD-XS,J0378,J0378,Set,XS
JNE3888-KR-XL,JNE3888,JNE3888,kurta,XL
SET311-KR-NP-XL,SET311,SET311,Set,XL
SET311-KR-NP-XS,SET311,SET311,Set,XS
SAR039,SAR039,SAR039,Saree,Free
SAR134,SAR134,SAR134,Saree,Free
J0314-KR-XL,J0314,J0314,kurta,XL
SAR046,SAR046,SAR046,Saree,Free
JNE3542-KR-S,JNE3542,JNE3542,kurta,S
J0413-DR-XXXL,J0413,J0413,Western Dress,3XL
SET132-KR-NP-S,SET132,SET132,Set,S
JNE3483-KR-XL,JNE3483,JNE3483,kurta,XL
J0037-KR-XXL,J0037,J0037,kurta,XXL
JNE3359-KR-M,JNE3359,JNE3359,kurta,M
BTM042-PP-XXL,BTM042,BTM042,Bottom,XXL
J0075-KR-XS,J0075,J0075,kurta,XS
JNE2086-KR-389-XS,JNE2086,JNE2086,kurta,XS
JNE1408-GREY-KR-UDF19-M,JNE1408,JNE1408,kurta,M
JNE3313-KR-XS,JNE3313,JNE3313,kurta,XS
SAR053,SAR053,SAR053,Saree,Free
JNE3363-KR-1032-XS,JNE3363,JNE3363,kurta,XS
JNE3556-KR-L,JNE3556,JNE3556,kurta,L
SET091-KR-NP-XXL,SET091,SET091,Set,XXL
JNE3503-KR-S,JNE3503,JNE3503,kurta,S
SET308-KR-PP-XL,SET308,SET308,Set,XL
JNE3770-KR-XL,JNE3770,JNE3770,kurta,XL
SAR056,SAR056,SAR056,Saree,Free
JNE3366-KR-1053-A-XS,JNE3366,JNE3366,kurta,XS
JNE2251-KR-537-S,JNE2251,JNE2251,kurta,S
J0100-DR-S,J0100,J0100,Western Dress,S
NW002-TP-PJ-XXL,NW002,NW002,Set,XXL
SET185-KR-NP-S,SET185,SET185,Set,S
BL107-XS,BL107,BL107,Blouse,XS
NW033-ST-CP-M,NW033,NW033,Set,M
SET083-KR-PP-L,SET083,SET083,Set,L
J0163-SKD-M,J0163,J0163,Set,M
JNE2292-KR-588-L,JNE2292,JNE2292,kurta,L
J0145-SET-S,J0145,J0145,Set,S
NW028-TP-PJ-XXXL,NW028,NW028,Set,3XL
J0085-TP-XXL,J0085,J0085,Top,XXL
JNE3445-KR-XS,JNE3445,JNE3445,kurta,XS
SAR130,SAR130,SAR130,Saree,Free
SAR097,SAR097,SAR097,Saree,Free
J0101-DR-XS,J0101,J0101,Ethnic Dress,XS
JNE3736-KR-XS,JNE3736,JNE3736,kurta,XS
JNE3624-KR-S,JNE3624,JNE3624,kurta,S
J0254-SKD-XL,J0254,J0254,Set,XL
SET131-KR-NP-S,SET131,SET131,Set,S
JNE3768-KR-XL,JNE3768,JNE3768,kurta,XL
AN201-RED-XXL,AN201,AN201,Bottom,XXL
J0109-SKD-M,J0109,J0109,Set,M
SET094-KR-NP-XS,SET094,SET094,Set,XS
SET372-KR-PP-XXL,SET372,SET372,Set,XXL
SET315-KR-PP-L,SET315,SET315,Set,L
JNE3464-KR-XXXL,JNE3464,JNE3464,kurta,3XL
JNE3257-KR-XXL,JNE3257,JNE3257,kurta,XXL
AN209-BIEGE-XXL,AN209,AN209,Bottom,XXL
JNE3765-KR-XXXL,JNE3765,JNE3765,kurta,3XL
J0398-DR-XL,J0398,J0398,Western Dress,XL
BL011-62PINK-B,BL011,BL011,Blouse,Free
JNE3667-TP-S,JNE3667,JNE3667,Top,S
BTM027-NP-XXL,BTM027,BTM027,Bottom,XXL
SET299-KR-PP-L,SET299,SET299,Set,L
JNE3313-KR-M,JNE3313,JNE3313,kurta,M
J0011-LCD-A-L,J0011,J0011,Set,L
JNE3667-TP-XS,JNE3667,JNE3667,Top,XS
BL095-XL,BL095,BL095,Blouse,XL
SET414-KR-NP-L,SET414,SET414,Set,L
J0170-TP-A-M,J0170,J0170,Top,M
BTM005-XXXL,BTM005,BTM005,Bottom,3XL
JNE3369-KR-XL,JNE3369,JNE3369,kurta,XL
J0120-TP-XS,J0120,J0120,Top,XS
SET311-KR-NP-S,SET311,SET311,Set,S
JNE3748-KR-XXL,JNE3748,JNE3748,kurta,XXL
SAR102,SAR102,SAR102,Saree,Free
SET194-KR-NP-XS,SET194,SET194,Set,XS
SET263-KR-NP-XL,SET263,SET263,Set,XL
SET313-KR-NP-S,SET313,SET313,Set,S
BTM036-PP-XL,BTM036,BTM036,Bottom,XL
SET245-KR-NP-XXXL,SET245,SET245,Set,3XL
JNE3364-KR-1051-XS,JNE3364,JNE3364,kurta,XS
NW007-ST-CP-XL,NW007,NW007,Set,XL
JNE3403-KR-XL,JNE3403,JNE3403,kurta,XL
BTM048-PP-XXXL,BTM048,BTM048,Bottom,3XL
JNE3537-KR-XS,JNE3537,JNE3537,kurta,XS
J0170-TP-A-L,J0170,J0170,Top,L
JNE3555-KR-L,JNE3555,JNE3555,kurta,L
BL019-71PINK,BL019,BL019,Blouse,Free
JNE3486-KR-XXL,JNE3486,JNE3486,kurta,XXL
SET444-KR-SH-M,SET444,SET444,Set,M
J0062-DR-M,J0062,J0062,Western Dress,M
SET414-KR-NP-XXXL,SET414,SET414,Set,3XL
SET444-KR-SH-L,SET444,SET444,Set,L
JNE3434-KR-XL,JNE3434,JNE3434,kurta,XL
J0137-SET-XL,J0137,J0137,Set,XL
NW023-ST-SR-L,NW023,NW023,Set,L
SET444-KR-SH-XXL,SET444,SET444,Set,XXL
JNE3811-KR-XL,JNE3811,JNE3811,kurta,XL
SET369-KR-NP-XL,SET369,SET369,Set,XL
JNE3484-KR-XS,JNE3484,JNE3484,kurta,XS
SET444-KR-SH-S,SET444,SET444,Set,S
BL111-M,BL111,BL111,Blouse,M
J0431-DR-S,J0431,J0431,Western Dress,S
JNE3336-KR-S,JNE3336,JNE3336,kurta,S
SET444-KR-SH-XS,SET444,SET444,Set,XS
JNE2086-KR-389-XL,JNE2086,JNE2086,kurta,XL
JNE2113-KR-381-XL,JNE2113,JNE2113,kurta,XL
JNE2132-KR-398-L,JNE2132,JNE2132,kurta,L
JNE3908-KR-M,JNE3908,JNE3908,kurta,M
JNE3924-TU-L,JNE3924,JNE3924,Top,L
JNE3621-KR-A-XXXL,JNE3621,JNE3621,kurta,3XL
JNE3909-KR-L,JNE3909,JNE3909,kurta,L
SET409-KR-NP-XXL,SET409,SET409,Set,XXL
SET444-KR-SH-XXXL,SET444,SET444,Set,3XL
JNE3906-KR-XL,JNE3906,JNE3906,kurta,XL
SET444-KR-SH-XL,SET444,SET444,Set,XL
SET461-KR-NP-XL,SET461,SET461,Set,XL
JNE3510-KR-XXXL,JNE3510,JNE3510,kurta,3XL
JNE3900-KR-A-L,JNE3900,JNE3900,kurta,L
J0431-DR-L,J0431,J0431,Western Dress,L
J0434-DR-XXXL,J0434,J0434,Western Dress,3XL
JNE3656-TP-N-XL,JNE3656,JNE3656,Top,XL
JNE3885-KR-M,JNE3885,JNE3885,kurta,M
JNE3903-KR-XXXL,JNE3903,JNE3903,kurta,3XL
J0434-DR-XXL,J0434,J0434,Western Dress,XXL
JNE3898-KR-L,JNE3898,JNE3898,kurta,L
JNE3346-KR-XL,JNE3346,JNE3346,kurta,XL
J0229-SKD-XXXL,J0229,J0229,Set,3XL
SET432-KR-PP-M,SET432,SET432,Set,M
SET338-KR-NP-XS,SET338,SET338,Set,XS
BTM005-B-L,BTM005,BTM005,Bottom,L
SET409-KR-NP-XL,SET409,SET409,Set,XL
JNE3476-KR-XXXL,JNE3476,JNE3476,kurta,3XL
JNE3900-KR-A-XXL,JNE3900,JNE3900,kurta,XXL
JNE3744-TU-XXXL,JNE3744,JNE3744,Top,3XL
JNE3413-KR-M,JNE3413,JNE3413,kurta,M
AN206-GREEN-S,AN206,AN206,Bottom,S
J0378-SKD-L,J0378,J0378,Set,L
JNE3761-KR-XXXL,JNE3761,JNE3761,kurta,3XL
J0244-SKD-XXL,J0244,J0244,Set,XXL
BTM005-XXL,BTM005,BTM005,Bottom,XXL
J0431-DR-M,J0431,J0431,Western Dress,M
J0294-TP-XXXL,J0294,J0294,Top,3XL
J0072-KR-L,J0072,J0072,kurta,L
JNE3811-KR-XXL,JNE3811,JNE3811,kurta,XXL
J0374-KR-M,J0374,J0374,kurta,M
J0187-KR-XXL,J0187,J0187,kurta,XXL
JNE3910-KR-L,JNE3910,JNE3910,kurta,L
AN212-WHITE-XXL,AN212,AN212,Bottom,XXL
JNE2049-KR-351-L,JNE2049,JNE2049,kurta,L
JNE2145-KR-A-XXXL,JNE2145,JNE2145,kurta,3XL
JNE1951-KR-155-L,JNE1951,JNE1951,kurta,L
SET003-KR-NP-A-XXL,SET003,SET003,Set,XXL
JNE3891-TP-L,JNE3891,JNE3891,Top,L
JNE3902-KR-XXL,JNE3902,JNE3902,kurta,XXL
AN204-PURPLE-M,AN204,AN204,Bottom,M
SET414-KR-NP-XS,SET414,SET414,Set,XS
AN204-PURPLE-XXL,AN204,AN204,Bottom,XXL
JNE3273-KR-XS,JNE3273,JNE3273,kurta,XS
BL087-XS,BL087,BL087,Blouse,XS
SET019-KR-PP-A-S,SET019,SET019,Set,S
JNE3910-KR-XXL,JNE3910,JNE3910,kurta,XXL
JNE3908-KR-XXL,JNE3908,JNE3908,kurta,XXL
JNE3455-KR-XL,JNE3455,JNE3455,kurta,XL
MEN5029-KR-XXXL,MEN5029,MEN5029,kurta,3XL
SET438-KR-NP-M,SET438,SET438,Set,M
J0429-DR-XXXL,J0429,J0429,Western Dress,3XL
JNE3890-TP-XL,JNE3890,JNE3890,Top,XL
SET415-KR-NP-XXL,SET415,SET415,Set,XXL
SET191-KR-PP-XL,SET191,SET191,Set,XL
JNE3474-KR-E-XXXL,JNE3474,JNE3474,kurta,3XL
JNE3902-KR-S,JNE3902,JNE3902,kurta,S
JNE3359-KR-XXL,JNE3359,JNE3359,kurta,XXL
J0085-TP-L,J0085,J0085,Top,L
JNE2294-KR-A-XXXL,JNE2294,JNE2294,kurta,3XL
JNE3561-KR-XXXL,JNE3561,JNE3561,kurta,3XL
SET340-KR-NP-M,SET340,SET340,Set,M
J0418-TP-XL,J0418,J0418,Top,XL
JNE3889-KR-XXL,JNE3889,JNE3889,kurta,XXL
J0431-DR-XXL,J0431,J0431,Western Dress,XXL
J0429-DR-XXL,J0429,J0429,Western Dress,XXL
JNE3927-KR-XL,JNE3927,JNE3927,kurta,XL
J0042-DR-XS,J0042,J0042,Western Dress,XS
JNE3621-KR-A-XL,JNE3621,JNE3621,kurta,XL
SAR060,SAR060,SAR060,Saree,Free
SET431-KR-NP-L,SET431,SET431,Set,L
SET442-KR-NP-XXXL,SET442,SET442,Set,3XL
JNE2293-KR-555-XXL,JNE2293,JNE2293,kurta,XXL
SET437-KR-PP-XXXL,SET437,SET437,Set,3XL
J0431-DR-XXXL,J0431,J0431,Western Dress,3XL
DPT052,DPT052,DPT052,Dupatta,Free
JNE3924-TU-M,JNE3924,JNE3924,Top,M
SET281-KR-PP-A-S,SET281,SET281,Set,S
SET272-KR-PP-A-S,SET272,SET272,Set,S
DPT041,DPT041,DPT041,Dupatta,Free
DPT032,DPT032,DPT032,Dupatta,Free
JNE3364-KR-1051-L,JNE3364,JNE3364,kurta,L
JNE3910-KR-XS,JNE3910,JNE3910,kurta,XS
JNE3903-KR-XXL,JNE3903,JNE3903,kurta,XXL
J0391-TP-S,J0391,J0391,Top,S
JNE2323-KR-574-XS,JNE2323,JNE2323,kurta,XS
J0420-TP-M,J0420,J0420,Top,M
J0314-KR-L,J0314,J0314,kurta,L
J0374-KR-XL,J0374,J0374,kurta,XL
J0429-DR-XS,J0429,J0429,Western Dress,XS
JNE3891-TP-XXL,JNE3891,JNE3891,Top,XXL
JNE3909-KR-M,JNE3909,JNE3909,kurta,M
AN206-GREEN-XL,AN206,AN206,Bottom,XL
AN212-WHITE-XL,AN212,AN212,Bottom,XL
AN201-RED-XL,AN201,AN201,Bottom,XL
J0434-DR-L,J0434,J0434,Western Dress,L
JNE3888-KR-M,JNE3888,JNE3888,kurta,M
JNE3910-KR-S,JNE3910,JNE3910,kurta,S
JNE3906-KR-XXXL,JNE3906,JNE3906,kurta,3XL
SET271-KR-NP-XL,SET271,SET271,Set,XL
JNE3629-KR-XS,JNE3629,JNE3629,kurta,XS
JNE3864-TU-XS,JNE3864,JNE3864,Top,XS
J0429-DR-S,J0429,J0429,Western Dress,S
JNE3890-TP-M,JNE3890,JNE3890,Top,M
JNE3423-KR-A-XL,JNE3423,JNE3423,kurta,XL
J0420-TP-S,J0420,J0420,Top,S
J0419-TP-XS,J0419,J0419,Top,XS
JNE3663-TP-S,JNE3663,JNE3663,Top,S
J0434-DR-XL,J0434,J0434,Western Dress,XL
JNE3893-TP-XL,JNE3893,JNE3893,Top,XL
J0028-KR-XS,J0028,J0028,kurta,XS
J0180-DR-XS,J0180,J0180,Western Dress,XS
AN212-WHITE-L,AN212,AN212,Bottom,L
JNE3886-KR-L,JNE3886,JNE3886,kurta,L
SET415-KR-NP-S,SET415,SET415,Set,S
PJNE3439-KR-N-4XL,PJNE3439,PJNE3439,kurta,4XL
JNE3910-KR-XL,JNE3910,JNE3910,kurta,XL
J0431-DR-XS,J0431,J0431,Western Dress,XS
J0429-DR-XL,J0429,J0429,Western Dress,XL
JNE3336-KR-XL,JNE3336,JNE3336,kurta,XL
SET410-KR-NP-M,SET410,SET410,Set,M
SET409-KR-NP-XXXL,SET409,SET409,Set,3XL
SET251-KR-PP-XXL,SET251,SET251,Set,XXL
BL111-XL,BL111,BL111,Blouse,XL
SET437-KR-PP-XXL,SET437,SET437,Set,XXL
JNE3257-KR-L,JNE3257,JNE3257,kurta,L
SET442-KR-NP-L,SET442,SET442,Set,L
NW006-ST-SR-XS,NW006,NW006,Set,XS
JNE3903-KR-XL,JNE3903,JNE3903,kurta,XL
J0417-TP-S,J0417,J0417,Top,S
JNE3872-KR-XXXL,JNE3872,JNE3872,kurta,3XL
J0136-KR-XL,J0136,J0136,kurta,XL
SET022-KR-SP-A-XXL,SET022,SET022,Set,XXL
J0117-TP-A-XXXL,J0117,J0117,Top,3XL
JNE3908-KR-XS,JNE3908,JNE3908,kurta,XS
JNE3703-KR-XXXL,JNE3703,JNE3703,kurta,3XL
SAR028,SAR028,SAR028,Saree,Free
JNE3897-KR-XL,JNE3897,JNE3897,kurta,XL
J0225-SKD-L,J0225,J0225,Set,L
NW036-ST-SR-L,NW036,NW036,Set,L
JNE3460-KR-L,JNE3460,JNE3460,kurta,L
JNE3908-KR-XL,JNE3908,JNE3908,kurta,XL
AN210-NAVY-XL,AN210,AN210,Bottom,XL
BL107-M,BL107,BL107,Blouse,M
JNE3424-KR-XS,JNE3424,JNE3424,kurta,XS
SET438-KR-NP-XXL,SET438,SET438,Set,XXL
JNE3423-KR-A-L,JNE3423,JNE3423,kurta,L
JNE3383-KR-A-L,JNE3383,JNE3383,kurta,L
J0419-TP-XXXL,J0419,J0419,Top,3XL
BL089-M,BL089,BL089,Blouse,M
BL093-M,BL093,BL093,Blouse,M
SET431-KR-NP-M,SET431,SET431,Set,M
J0242-SKD-XXXL,J0242,J0242,Set,3XL
SET337-KR-NP-XXL,SET337,SET337,Set,XXL
CH208-MUSTARD-XXL,CH208,CH208,Bottom,XXL
SET442-KR-NP-M,SET442,SET442,Set,M
SAR027,SAR027,SAR027,Saree,Free
JNE2171-KR-437-XS,JNE2171,JNE2171,kurta,XS
JNE3906-KR-L,JNE3906,JNE3906,kurta,L
JNE3897-KR-S,JNE3897,JNE3897,kurta,S
SET431-KR-NP-XS,SET431,SET431,Set,XS
JNE3903-KR-XS,JNE3903,JNE3903,kurta,XS
JNE3760-KR-XS,JNE3760,JNE3760,kurta,XS
JNE3895-TP-M,JNE3895,JNE3895,Top,M
SET194-KR-NP-XXXL,SET194,SET194,Set,3XL
JNE3862-TU-XS,JNE3862,JNE3862,Top,XS
JNE3890-TP-L,JNE3890,JNE3890,Top,L
J0102-SKD-XXXL,J0102,J0102,Set,3XL
SET410-KR-NP-XXL,SET410,SET410,Set,XXL
SET281-KR-PP-A-XXXL,SET281,SET281,Set,3XL
JNE3765-KR-XL,JNE3765,JNE3765,kurta,XL
JNE3896-KR-A-L,JNE3896,JNE3896,kurta,L
JNE3420-KR-M,JNE3420,JNE3420,kurta,M
SET438-KR-NP-XL,SET438,SET438,Set,XL
JNE3906-KR-M,JNE3906,JNE3906,kurta,M
JNE3927-KR-XS,JNE3927,JNE3927,kurta,XS
AN205-YELLOW-XXL,AN205,AN205,Bottom,XXL
SET437-KR-PP-M,SET437,SET437,Set,M
SET437-KR-PP-S,SET437,SET437,Set,S
SET437-KR-PP-L,SET437,SET437,Set,L
SET462-KR-NP-S,SET462,SET462,Set,S
JNE3927-KR-M,JNE3927,JNE3927,kurta,M
J0136-KR-M,J0136,J0136,kurta,M
JNE3398-KR-XXXL,JNE3398,JNE3398,kurta,3XL
JNE2006-KR-158-S,JNE2006,JNE2006,kurta,S
JNE3811-KR-S,JNE3811,JNE3811,kurta,S
JNE3547-KR-M,JNE3547,JNE3547,kurta,M
J0037-KR-L,J0037,J0037,kurta,L
JNE3220-KR-XXL,JNE3220,JNE3220,kurta,XXL
JNE3621-KR-A-XXL,JNE3621,JNE3621,kurta,XXL
JNE3903-KR-L,JNE3903,JNE3903,kurta,L
JNE3416-KR-XL,JNE3416,JNE3416,kurta,XL
BTM040-PP-M,BTM040,BTM040,Bottom,M
J0232-SKD-M,J0232,J0232,Set,M
SET226-KR-PP-XS,SET226,SET226,Set,XS
JNE3908-KR-S,JNE3908,JNE3908,kurta,S
JNE3909-KR-XL,JNE3909,JNE3909,kurta,XL
JNE3612-KR-XS,JNE3612,JNE3612,kurta,XS
JNE3878-KR-XS,JNE3878,JNE3878,kurta,XS
J0241-SKD-M,J0241,J0241,Set,M
SET431-KR-NP-S,SET431,SET431,Set,S
JNE3862-TU-XXL,JNE3862,JNE3862,Top,XXL
SET431-KR-NP-XXXL,SET431,SET431,Set,3XL
NW006-ST-SR-M,NW006,NW006,Set,M
J0073-KR-S,J0073,J0073,kurta,S
JNE3924-TU-XS,JNE3924,JNE3924,Top,XS
NW033-ST-CP-L,NW033,NW033,Set,L
JNE3768-KR-L,JNE3768,JNE3768,kurta,L
J0279-SET-XXXL,J0279,J0279,Set,3XL
SET338-KR-NP-XXL,SET338,SET338,Set,XXL
SET461-KR-NP-XXL,SET461,SET461,Set,XXL
J0388-TP-XXL,J0388,J0388,Top,XXL
SET449-KR-NP-S,SET449,SET449,Set,S
J0429-DR-M,J0429,J0429,Western Dress,M
SET445-KR-NP-S,SET445,SET445,Set,S
SET060-KR-NP-XL,SET060,SET060,Set,XL
CH203-MAROON-S,CH203,CH203,Bottom,S
CH213-BROWN-S,CH213,CH213,Bottom,S
JNE3441-KR-B-XS,JNE3441,JNE3441,kurta,XS
JNE3899-KR-A-M,JNE3899,JNE3899,kurta,M
JNE3908-KR-L,JNE3908,JNE3908,kurta,L
SET432-KR-PP-XL,SET432,SET432,Set,XL
JNE3896-KR-A-XL,JNE3896,JNE3896,kurta,XL
JNE3893-TP-XXXL,JNE3893,JNE3893,Top,3XL
JNE3062-KR-M,JNE3062,JNE3062,kurta,M
SET263-KR-NP-S,SET263,SET263,Set,S
J0420-TP-L,J0420,J0420,Top,L
J0434-DR-S,J0434,J0434,Western Dress,S
SET404-KR-NP-XXXL,SET404,SET404,Set,3XL
BL107-XXL,BL107,BL107,Blouse,XXL
PJNE3445-KR-N-5XL,PJNE3445,PJNE3445,kurta,5XL
J0374-KR-XS,J0374,J0374,kurta,XS
J0279-SET-XXL,J0279,J0279,Set,XXL
NW033-ST-CP-XL,NW033,NW033,Set,XL
CH202-ORANGE-XXL,CH202,CH202,Bottom,XXL
SET432-KR-PP-L,SET432,SET432,Set,L
J0303-KR-XS,J0303,J0303,kurta,XS
JNE3450-KR-XL,JNE3450,JNE3450,kurta,XL
J0323-CD-M,J0323,J0323,Top,M
J0170-TP-A-S,J0170,J0170,Top,S
JNE3897-KR-M,JNE3897,JNE3897,kurta,M
SET446-KR-NP-XS,SET446,SET446,Set,XS
JNE3762-KR-XS,JNE3762,JNE3762,kurta,XS
JNE3504-KR-XXXL,JNE3504,JNE3504,kurta,3XL
J0397-DR-XS,J0397,J0397,Western Dress,XS
CH206-GREEN-M,CH206,CH206,Bottom,M
CH205-YELLOW-XL,CH205,CH205,Bottom,XL
JNE3872-KR-L,JNE3872,JNE3872,kurta,L
AN212-WHITE-S,AN212,AN212,Bottom,S
JNE3365-KR-1052-S,JNE3365,JNE3365,kurta,S
JNE3423-KR-A-XXL,JNE3423,JNE3423,kurta,XXL
JNE3899-KR-A-S,JNE3899,JNE3899,kurta,S
SET461-KR-NP-XS,SET461,SET461,Set,XS
SET449-KR-NP-M,SET449,SET449,Set,M
JNE3030-KR-S,JNE3030,JNE3030,kurta,S
BTM048-PP-XXL,BTM048,BTM048,Bottom,XXL
SAR182,SAR182,SAR182,Saree,Free
JNE3628-KR-XXL,JNE3628,JNE3628,kurta,XXL
JNE3617-KR-M,JNE3617,JNE3617,kurta,M
JNE3777-KR-S,JNE3777,JNE3777,kurta,S
JNE3765-KR-XXL,JNE3765,JNE3765,kurta,XXL
JNE3760-KR-XL,JNE3760,JNE3760,kurta,XL
J0101-DR-A-M,J0101,J0101,Ethnic Dress,M
JNE3483-KR-M,JNE3483,JNE3483,kurta,M
SET262-KR-NP-A-XS,SET262,SET262,Set,XS
SET281-KR-PP-A-XS,SET281,SET281,Set,XS
JNE3403-KR-XXL,JNE3403,JNE3403,kurta,XXL
JNE3909-KR-S,JNE3909,JNE3909,kurta,S
JNE3257-KR-XL,JNE3257,JNE3257,kurta,XL
JNE3576-KR-L,JNE3576,JNE3576,kurta,L
JNE3615-KR-XXL,JNE3615,JNE3615,kurta,XXL
JNE3750-KR-XS,JNE3750,JNE3750,kurta,XS
J0380-SKD-XS,J0380,J0380,Set,XS
SET431-KR-NP-XL,SET431,SET431,Set,XL
J0115-TP-XXL,J0115,J0115,Top,XXL
JNE2307-KR-572-XL,JNE2307,JNE2307,kurta,XL
J0330-KR-M,J0330,J0330,kurta,M
J0226-SKD-XL,J0226,J0226,Set,XL
J0165-TP-XXXL,J0165,J0165,Top,3XL
JNE3866-KR-XS,JNE3866,JNE3866,kurta,XS
JNE3910-KR-XXXL,JNE3910,JNE3910,kurta,3XL
JNE3441-KR-B-XXXL,JNE3441,JNE3441,kurta,3XL
JNE3688-TU-S,JNE3688,JNE3688,Top,S
J0145-SET-XXXL,J0145,J0145,Set,3XL
SET410-KR-NP-S,SET410,SET410,Set,S
BTM030-NP-XL,BTM030,BTM030,Bottom,XL
JNE3483-KR-XXL,JNE3483,JNE3483,kurta,XXL
J0163-SKD-XXL,J0163,J0163,Set,XXL
SET014-KR-PP-A-XS,SET014,SET014,Set,XS
AN212-WHITE-M,AN212,AN212,Bottom,M
J0127-SKD-M,J0127,J0127,Set,M
JNE3872-KR-M,JNE3872,JNE3872,kurta,M
J0109-SKD-XS,J0109,J0109,Set,XS
MEN5005-KR-M,MEN5005,MEN5005,kurta,M
CH207-PINK-L,CH207,CH207,Bottom,L
J0431-DR-XL,J0431,J0431,Western Dress,XL
JNE3907-KR-L,JNE3907,JNE3907,kurta,L
SET111-KR-SP-XL,SET111,SET111,Set,XL
SET247-KR-SHA-XXL,SET247,SET247,Set,XXL
J0371-SKD-M,J0371,J0371,Set,M
SET336-KR-NP-XXL,SET336,SET336,Set,XXL
JNE2251-KR-537-C-XS,JNE2251,JNE2251,kurta,XS
JNE3903-KR-M,JNE3903,JNE3903,kurta,M
SET289-KR-NP-XXL,SET289,SET289,Set,XXL
JNE3886-KR-XL,JNE3886,JNE3886,kurta,XL
JNE3892-TP-S,JNE3892,JNE3892,Top,S
J0187-KR-L,J0187,J0187,kurta,L
JNE3896-KR-A-XXXL,JNE3896,JNE3896,kurta,3XL
JNE3900-KR-A-XXXL,JNE3900,JNE3900,kurta,3XL
SET205-KR-DPT-A-XL,SET205,SET205,Set,XL
JNE3621-KR-A-S,JNE3621,JNE3621,kurta,S
MEN5015-KR-S,MEN5015,MEN5015,kurta,S
JNE3834-KR-XXXL,JNE3834,JNE3834,kurta,3XL
BL095-M,BL095,BL095,Blouse,M
J0331-KR-XS,J0331,J0331,kurta,XS
JNE3423-KR-A-S,JNE3423,JNE3423,kurta,S
BTM037-PP-S,BTM037,BTM037,Bottom,S
JNE3571-KR-XXXL,JNE3571,JNE3571,kurta,3XL
AN204-PURPLE-S,AN204,AN204,Bottom,S
JNE3909-KR-XXL,JNE3909,JNE3909,kurta,XXL
J0174-TP-S,J0174,J0174,Top,S
J0019-SET-M,J0019,J0019,Set,M
BTM038-PP-XS,BTM038,BTM038,Bottom,XS
J0091-TP-S,J0091,J0091,Top,S
SET091-KR-NP-XXXL,SET091,SET091,Set,3XL
SET373-KR-PP-L,SET373,SET373,Set,L
JNE2145-KR-A-L,JNE2145,JNE2145,kurta,L
SET234-KR-PP-M,SET234,SET234,Set,M
PJNE3445-KR-N-4XL,PJNE3445,PJNE3445,kurta,4XL
JNE3791-DR-XS,JNE3791,JNE3791,Ethnic Dress,XS
J0057-DR-S,J0057,J0057,Ethnic Dress,S
J0005-DR-B-M,J0005,J0005,Western Dress,M
JNE3485-KR-M,JNE3485,JNE3485,kurta,M
JNE2145-KR-A-XL,JNE2145,JNE2145,kurta,XL
SET358-KR-NP-XL,SET358,SET358,Set,XL
JNE3891-TP-M,JNE3891,JNE3891,Top,M
SET004-KR-SP-A-XS,SET004,SET004,Set,XS
SET410-KR-NP-XL,SET410,SET410,Set,XL
JNE3547-KR-XL,JNE3547,JNE3547,kurta,XL
SET289-KR-NP-S,SET289,SET289,Set,S
JNE3369-KR-S,JNE3369,JNE3369,kurta,S
JNE3424-KR-XXL,JNE3424,JNE3424,kurta,XXL
SET301-KR-PP-L,SET301,SET301,Set,L
JNE3719-KR-XL,JNE3719,JNE3719,kurta,XL
JNE3389-KR-XS,JNE3389,JNE3389,kurta,XS
JNE3491-KR-S,JNE3491,JNE3491,kurta,S
JNE3780-KR-M,JNE3780,JNE3780,kurta,M
JNE3627-KR-XS,JNE3627,JNE3627,kurta,XS
J0417-TP-XS,J0417,J0417,Top,XS
J0074-TP-XS,J0074,J0074,Top,XS
JNE3460-KR-S,JNE3460,JNE3460,kurta,S
J0152-DR-M,J0152,J0152,Western Dress,M
SET432-KR-PP-XXL,SET432,SET432,Set,XXL
BTM003-XXXL,BTM003,BTM003,Bottom,3XL
JNE3517-KR-M,JNE3517,JNE3517,kurta,M
JNE3486-KR-S,JNE3486,JNE3486,kurta,S
AN207-PINK-S,AN207,AN207,Bottom,S
JNE3899-KR-A-XL,JNE3899,JNE3899,kurta,XL
J0279-SET-M,J0279,J0279,Set,M
JNE3890-TP-XXXL,JNE3890,JNE3890,Top,3XL
SET431-KR-NP-XXL,SET431,SET431,Set,XXL
JNE2113-KR-381-L,JNE2113,JNE2113,kurta,L
JNE3644-TP-N-L,JNE3644,JNE3644,Top,L
J0391-TP-XS,J0391,J0391,Top,XS
JNE3770-KR-M,JNE3770,JNE3770,kurta,M
J0246-SKD-XS,J0246,J0246,Set,XS
AN211-BLACK-XL,AN211,AN211,Bottom,XL
JNE3364-KR-1051-M,JNE3364,JNE3364,kurta,M
JNE3460-KR-XXL,JNE3460,JNE3460,kurta,XXL
JNE3886-KR-M,JNE3886,JNE3886,kurta,M
JNE3575-KR-XS,JNE3575,JNE3575,kurta,XS
SAR037,SAR037,SAR037,Saree,Free
J0417-TP-M,J0417,J0417,Top,M
JNE3820-KR-XXXL,JNE3820,JNE3820,kurta,3XL
JNE2131-KR-A-XXXL,JNE2131,JNE2131,kurta,3XL
SET373-KR-PP-M,SET373,SET373,Set,M
J0137-SET-M,J0137,J0137,Set,M
NW036-ST-SR-XXL,NW036,NW036,Set,XXL
SET337-KR-NP-XL,SET337,SET337,Set,XL
JNE3516-KR-E-XS,JNE3516,JNE3516,kurta,XS
J0137-SET-S,J0137,J0137,Set,S
CH209-BIEGE-L,CH209,CH209,Bottom,L
SAR148,SAR148,SAR148,Saree,Free
BL085-S,BL085,BL085,Blouse,S
SET266-KR-NP-S,SET266,SET266,Set,S
JNE2131-KR-A-XL,JNE2131,JNE2131,kurta,XL
SET192-KR-NP-XL,SET192,SET192,Set,XL
JNE3364-KR-1051-S,JNE3364,JNE3364,kurta,S
J0279-SET-XL,J0279,J0279,Set,XL
SAR059,SAR059,SAR059,Saree,Free
JNE3416-KR-L,JNE3416,JNE3416,kurta,L
JNE3432-KR-M,JNE3432,JNE3432,kurta,M
JNE3432-KR-S,JNE3432,JNE3432,kurta,S
JNE3564-KR-XS,JNE3564,JNE3564,kurta,XS
JNE3447-KR-XXXL,JNE3447,JNE3447,kurta,3XL
J0419-TP-XXL,J0419,J0419,Top,XXL
JNE3401-KR-XXXL,JNE3401,JNE3401,kurta,3XL
JNE3872-KR-XXL,JNE3872,JNE3872,kurta,XXL
JNE3464-KR-XXL,JNE3464,JNE3464,kurta,XXL
SET201-KR-NP-A-XL,SET201,SET201,Set,XL
JNE2131-KR-A-M,JNE2131,JNE2131,kurta,M
SAR030,SAR030,SAR030,Saree,Free
JNE3296-KR-M,JNE3296,JNE3296,kurta,M
J0163-SKD-XXXL,J0163,J0163,Set,3XL
BL098-M,BL098,BL098,Blouse,M
J0238-LCD-S,J0238,J0238,Set,S
JNE3907-KR-S,JNE3907,JNE3907,kurta,S
JNE3907-KR-XS,JNE3907,JNE3907,kurta,XS
JNE3370-KR-XXL,JNE3370,JNE3370,kurta,XXL
JNE3663-TP-L,JNE3663,JNE3663,Top,L
JNE3625-DR-XL,JNE3625,JNE3625,Western Dress,XL
SET373-KR-PP-XS,SET373,SET373,Set,XS
J0052-KR-XS,J0052,J0052,kurta,XS
J0172-TP-XXL,J0172,J0172,Top,XXL
JNE3665-TP-XXL,JNE3665,JNE3665,Top,XXL
JNE3789-KR-L,JNE3789,JNE3789,kurta,L
JNE3432-KR-XS,JNE3432,JNE3432,kurta,XS
JNE3516-KR-E-XXXL,JNE3516,JNE3516,kurta,3XL
JNE3694-KR-XXL,JNE3694,JNE3694,kurta,XXL
JNE3535-KR-XS,JNE3535,JNE3535,kurta,XS
SET301-KR-PP-XXL,SET301,SET301,Set,XXL
J0110-SKD-L,J0110,J0110,Set,L
JNE3555-KR-XXXL,JNE3555,JNE3555,kurta,3XL
JNE3743-TP-M,JNE3743,JNE3743,Top,M
SET414-KR-NP-M,SET414,SET414,Set,M
JNE3725-KR-M,JNE3725,JNE3725,kurta,M
JNE3520-KR-XXL,JNE3520,JNE3520,kurta,XXL
JNE3520-KR-M,JNE3520,JNE3520,kurta,M
J0079-SKD-XL,J0079,J0079,Set,XL
JNE3438-KR-M,JNE3438,JNE3438,kurta,M
BL087-S,BL087,BL087,Blouse,S
JNE3417-KR-M,JNE3417,JNE3417,kurta,M
JNE3534-KR-XL,JNE3534,JNE3534,kurta,XL
JNE09210-PINK-SR-JP8101RNV-K,JNE09210,JNE09210,Saree,Free
SAR113,SAR113,SAR113,Saree,Free
NW035-ST-CP-XL,NW035,NW035,Set,XL
SAR159,SAR159,SAR159,Saree,Free
JNE3394-KR-S,JNE3394,JNE3394,kurta,S
J0121-TP-S,J0121,J0121,Top,S
BTM026-NP-XXL,BTM026,BTM026,Bottom,XXL
J0291-JS-L,J0291,J0291,Set,L
J0245-SKD-XS,J0245,J0245,Set,XS
JNE3687-TU-S,JNE3687,JNE3687,Top,S
SET211-KR-DPT-XXL,SET211,SET211,Set,XXL
JNE09209-MULTI-SR-JP8101RMV-K,JNE09209,JNE09209,Saree,Free
J0194-DR-M,J0194,J0194,Western Dress,M
J0039-SET-XS,J0039,J0039,Set,XS
J0319-KR-S,J0319,J0319,kurta,S
J0246-SKD-L,J0246,J0246,Set,L
JNE2294-KR-A-S,JNE2294,JNE2294,kurta,S
JNE3559-KR-M,JNE3559,JNE3559,kurta,M
SET247-KR-SHA-XXXL,SET247,SET247,Set,3XL
JNE3234-KR-M,JNE3234,JNE3234,kurta,M
BL087-L,BL087,BL087,Blouse,L
J0034-SET-S,J0034,J0034,Set,S
SET432-KR-PP-S,SET432,SET432,Set,S
J0109-SKD-S,J0109,J0109,Set,S
NW032-ST-CP-S,NW032,NW032,Set,S
JNE3788-KR-XS,JNE3788,JNE3788,kurta,XS
SET270-KR-PP-M,SET270,SET270,Set,M
BL025-74BLACK,BL025,BL025,Blouse,Free
JNE3892-TP-XS,JNE3892,JNE3892,Top,XS
SET066-KR-PP-M,SET066,SET066,Set,M
JNE2251-KR-537-C-XL,JNE2251,JNE2251,kurta,XL
J0070-KR-S,J0070,J0070,kurta,S
JNE3678-TU-XS,JNE3678,JNE3678,Top,XS
J0116-TP-XS,J0116,J0116,Top,XS
SET232-KR-PP-XS,SET232,SET232,Set,XS
BTM048-PP-L,BTM048,BTM048,Bottom,L
J0196-TP-XS,J0196,J0196,Top,XS
JNE3889-KR-S,JNE3889,JNE3889,kurta,S
JNE3896-KR-XL,JNE3896,JNE3896,kurta,XL
BL103-M,BL103,BL103,Blouse,M
J0286-KR-L,J0286,J0286,kurta,L
J0319-KR-XL,J0319,J0319,kurta,XL
JNE3398-KR-XL,JNE3398,JNE3398,kurta,XL
JNE3370-KR-S,JNE3370,JNE3370,kurta,S
JNE3678-TU-XXL,JNE3678,JNE3678,Top,XXL
SET045-KR-NP-M,SET045,SET045,Set,M
